{
  "type": "FeatureCollection",
  "features": [
    {
      "type": "Feature",
      "properties": {
        "name": "Route Corridor",
        "buffer_km": 18.0,
        "corridor_m": 18000.0
      },
      "geometry": {
        "type": "Polygon",
        "coordinates": [
          [
            [
              -115.76257777533253,
              51.06023624706416
            ],
            [
              -115.80068142589509,
              51.10491833691543
            ],
            [
              -115.81361061947915,
              51.135507708587724
            ],
            [
              -115.81681855630345,
              51.16709622326449
            ],
            [
              -115.81016228824484,
              51.19847138452841
            ],
            [
              -115.79387801289025,
              51.228426438910816
            ],
            [
              -115.75282903034702,
              51.26819626386788
            ],
            [
              -115.71590146359155,
              51.289774072809266
            ],
            [
              -115.67293844830297,
              51.306405223705205
            ],
            [
              -115.62559914890221,
              51.31744465976985
            ],
            [
              -115.57571741974103,
              51.322463535414954
            ],
            [
              -115.50037127815087,
              51.31834173567068
            ],
            [
              -115.45263514499348,
              51.30798181348235
            ],
            [
              -115.40906874812445,
              51.29196658183722
            ],
            [
              -115.35516120252451,
              51.25875176389057
            ],
            [
              -115.30677629218586,
              51.21049275275658
            ],
            [
              -115.22302416615055,
              51.158569386576026
            ],
            [
              -115.18611999023823,
              51.112914583791465
            ],
            [
              -115.14215104885899,
              51.09162671860069
            ],
            [
              -115.09580613131388,
              51.05351852997023
            ],
            [
              -115.07577576885281,
              51.02403753229933
            ],
            [
              -115.06539625503629,
              50.99264079952812
            ],
            [
              -115.06449897682025,
              50.911303244563136
            ],
            [
              -115.07783132108989,
              50.87311553590803
            ],
            [
              -115.06250075955008,
              50.86146753187388
            ],
            [
              -115.01858484977303,
              50.850974357584406
            ],
            [
              -114.96105491018278,
              50.827087353449734
            ],
            [
              -114.92593703290672,
              50.80659564806886
            ],
            [
              -114.89749410064775,
              50.78230770860449
            ],
            [
              -114.87671872142275,
              50.755080091291916
            ],
            [
              -114.86432899771626,
              50.725871598440854
            ],
            [
              -114.8624853469817,
              50.67956137100135
            ],
            [
              -114.82987388716607,
              50.63936912667997
            ],
            [
              -114.78589148142167,
              50.60508452983632
            ],
            [
              -114.72657249746338,
              50.54047588617878
            ],
            [
              -114.67811447561411,
              50.44988464244833
            ],
            [
              -114.66551381604225,
              50.40313283816825
            ],
            [
              -114.67096549394756,
              50.366634882215514
            ],
            [
              -114.66655294998267,
              50.295880436838615
            ],
            [
              -114.6768689477664,
              50.26494159863801
            ],
            [
              -114.71681296166592,
              50.19157018882919
            ],
            [
              -114.67330602905272,
              50.089819649048245
            ],
            [
              -114.67393772638214,
              50.04280796963621
            ],
            [
              -114.69553590148087,
              49.99790129905786
            ],
            [
              -114.7207231902595,
              49.97102279622492
            ],
            [
              -114.75346660973229,
              49.94778551566832
            ],
            [
              -114.8139743285856,
              49.921618104670245
            ],
            [
              -114.88947893785296,
              49.90455529044047
            ],
            [
              -114.89508386281953,
              49.84555048895141
            ],
            [
              -114.89265879114899,
              49.79817325185948
            ],
            [
              -114.90728193231908,
              49.7598569566957
            ],
            [
              -114.85878614065149,
              49.71798187834745
            ],
            [
              -114.77896412664023,
              49.61058087126326
            ],
            [
              -114.76745188049497,
              49.571938637360475
            ],
            [
              -114.7676850571626,
              49.53969599706502
            ],
            [
              -114.77774448280186,
              49.508124967310444
            ],
            [
              -114.79437837884822,
              49.48226278260385
            ],
            [
              -114.78688073217492,
              49.46700516345368
            ],
            [
              -114.7716581808153,
              49.45507365097528
            ],
            [
              -114.70820092702202,
              49.45496677232077
            ],
            [
              -114.65792848349977,
              49.44868669662055
            ],
            [
              -114.61072702394061,
              49.43578856725964
            ],
            [
              -114.56767150681107,
              49.416236119380734
            ],
            [
              -114.4740170937475,
              49.39780283801899
            ],
            [
              -114.42903823994963,
              49.382280863263375
            ],
            [
              -114.37305294628518,
              49.34860568672205
            ],
            [
              -114.28457663270811,
              49.25813286921875
            ],
            [
              -114.25378918169244,
              49.2014716901039
            ],
            [
              -114.24692984581606,
              49.17162266940656
            ],
            [
              -114.24865765604318,
              49.141458042251536
            ],
            [
              -114.27742812458038,
              49.05728486785287
            ],
            [
              -114.24902709612358,
              49.04436971329611
            ],
            [
              -114.21312711096667,
              49.02061779071348
            ],
            [
              -114.15859754165561,
              48.96513402322464
            ],
            [
              -114.1183667607592,
              48.885572380688025
            ],
            [
              -114.10984474832357,
              48.83850556859008
            ],
            [
              -114.12072892565816,
              48.78192559356134
            ],
            [
              -114.14681628006042,
              48.73768734817835
            ],
            [
              -114.19115508122103,
              48.70035513753834
            ],
            [
              -114.22901190927372,
              48.680918287560225
            ],
            [
              -114.26665914856484,
              48.668247020430385
            ],
            [
              -114.23997168745801,
              48.63968120704951
            ],
            [
              -114.21468127839852,
              48.58751288516971
            ],
            [
              -114.1788022999837,
              48.56132824589984
            ],
            [
              -114.11993996781682,
              48.54731782614788
            ],
            [
              -114.04147652326469,
              48.51696728236336
            ],
            [
              -114.00494832507046,
              48.497118164672905
            ],
            [
              -113.97490120803825,
              48.47294798376271
            ],
            [
              -113.95246255715774,
              48.445371140600926
            ],
            [
              -113.93249505353268,
              48.40493410487867
            ],
            [
              -113.92571881340243,
              48.35551559671697
            ],
            [
              -113.91459553288966,
              48.32486462711692
            ],
            [
              -113.82533828131936,
              48.25984560643167
            ],
            [
              -113.78655038834872,
              48.21858716906242
            ],
            [
              -113.76796196893493,
              48.17147803304105
            ],
            [
              -113.76736706611655,
              48.121947361467484
            ],
            [
              -113.77334487158188,
              48.098464533303954
            ],
            [
              -113.73435337798459,
              48.05677908377275
            ],
            [
              -113.70934341545838,
              48.04116760638359
            ],
            [
              -113.68051657466519,
              48.01525915335866
            ],
            [
              -113.65997327640156,
              47.98601727490104
            ],
            [
              -113.63479773465308,
              47.935687997491286
            ],
            [
              -113.61376295888002,
              47.84937415264268
            ],
            [
              -113.6167850752667,
              47.80328537945129
            ],
            [
              -113.6072432190785,
              47.76775231461357
            ],
            [
              -113.607864746985,
              47.732433334458946
            ],
            [
              -113.59282127027369,
              47.7056229474484
            ],
            [
              -113.5759131239419,
              47.65256298434374
            ],
            [
              -113.55104906216594,
              47.61062975430448
            ],
            [
              -113.52527888736292,
              47.59410565704935
            ],
            [
              -113.46903515893693,
              47.57530660829541
            ],
            [
              -113.43159663578375,
              47.55711911426339
            ],
            [
              -113.3616021445378,
              47.49930263202075
            ],
            [
              -113.32833338238669,
              47.45577940930653
            ],
            [
              -113.30292286822264,
              47.43718799435996
            ],
            [
              -113.27859359058627,
              47.41161232124198
            ],
            [
              -113.26177533646444,
              47.3833926773032
            ],
            [
              -113.25331592846248,
              47.35472170458407
            ],
            [
              -113.21436444170786,
              47.29813268757054
            ],
            [
              -113.18502794974827,
              47.284838288867014
            ],
            [
              -113.12296228414964,
              47.2853751742936
            ],
            [
              -113.0571110729823,
              47.27313614882446
            ],
            [
              -112.99913204944882,
              47.248635310982834
            ],
            [
              -112.95539469284724,
              47.21537033140908
            ],
            [
              -112.87786435771085,
              47.21729276197736
            ],
            [
              -112.79285374201699,
              47.208980053287284
            ],
            [
              -112.71383647144184,
              47.18903642221798
            ],
            [
              -112.63482956354392,
              47.15618517725909
            ],
            [
              -112.53826964922222,
              47.091857661459166
            ],
            [
              -112.46842909870627,
              47.03041926983221
            ],
            [
              -112.35241063722891,
              46.99701671068592
            ],
            [
              -112.27281729596919,
              46.9611774818908
            ],
            [
              -112.19613658901007,
              46.915879325614625
            ],
            [
              -112.1706237467851,
              46.89134899124449
            ],
            [
              -112.15220554899084,
              46.86399923672699
            ],
            [
              -112.13611410974076,
              46.81986124539736
            ],
            [
              -112.12405454438661,
              46.76573545302349
            ],
            [
              -112.0852595402556,
              46.7690691728883
            ],
            [
              -112.03950528384097,
              46.7670978995294
            ],
            [
              -111.99518328847431,
              46.75905728339825
            ],
            [
              -111.91900579226261,
              46.73643851812382
            ],
            [
              -111.88315011120602,
              46.7179674853712
            ],
            [
              -111.85305799561836,
              46.695150784864076
            ],
            [
              -111.82981823026124,
              46.668819703731444
            ],
            [
              -111.81426617119807,
              46.63993235561334
            ],
            [
              -111.80695443135306,
              46.60953834172623
            ],
            [
              -111.80813442117325,
              46.57874026110901
            ],
            [
              -111.82303388053946,
              46.532103295724745
            ],
            [
              -111.84293098521881,
              46.50131974680089
            ],
            [
              -111.84022519622678,
              46.47784405507603
            ],
            [
              -111.84476388381344,
              46.44638848341345
            ],
            [
              -111.86782370325062,
              46.401833159156304
            ],
            [
              -111.908478054532,
              46.36378203900525
            ],
            [
              -111.98977514492343,
              46.31965214685468
            ],
            [
              -112.0093516312632,
              46.27861469803047
            ],
            [
              -112.02210300524658,
              46.233110460586516
            ],
            [
              -112.04987775914441,
              46.19141914823957
            ],
            [
              -112.07524190646895,
              46.166822364070576
            ],
            [
              -112.10672830449568,
              46.1459262318647
            ],
            [
              -112.14323740283616,
              46.12945615448819
            ],
            [
              -112.23298779282973,
              46.10464591498532
            ],
            [
              -112.24820194379988,
              46.084473209726355
            ],
            [
              -112.28033231464794,
              46.05610073067521
            ],
            [
              -112.24620700252834,
              45.99723398710177
            ],
            [
              -112.23574307637598,
              45.9240512697516
            ],
            [
              -112.22279057433596,
              45.88753974772611
            ],
            [
              -112.22125711480449,
              45.85674817016845
            ],
            [
              -112.22809818099647,
              45.82631110728654
            ],
            [
              -112.24305286322335,
              45.797329853001166
            ],
            [
              -112.26556875931894,
              45.77085135883419
            ],
            [
              -112.29784795775056,
              45.74604341428338
            ],
            [
              -112.3231134340426,
              45.708371402873155
            ],
            [
              -112.3685093836557,
              45.67221486124556
            ],
            [
              -112.40635798251365,
              45.6540259099103
            ],
            [
              -112.49290806919113,
              45.63169710312071
            ],
            [
              -112.538893708385,
              45.62509242621808
            ],
            [
              -112.58582935172089,
              45.62513546607929
            ],
            [
              -112.65380891002096,
              45.6375850289609
            ],
            [
              -112.6947986135543,
              45.65364406494429
            ],
            [
              -112.73721159055796,
              45.67987401713216
            ],
            [
              -112.78765380990733,
              45.650320837008
            ],
            [
              -112.81765722879506,
              45.63864219978382
            ],
            [
              -112.84608452755153,
              45.60635627361147
            ],
            [
              -112.8581502285618,
              45.57900657532239
            ],
            [
              -112.85276713753841,
              45.55137176447234
            ],
            [
              -112.85945445159544,
              45.504719998564
            ],
            [
              -112.85494393957974,
              45.4794860890691
            ],
            [
              -112.85754107718795,
              45.448074491458236
            ],
            [
              -112.86871674307724,
              45.417609449271545
            ],
            [
              -112.88854504966388,
              45.3870155832834
            ],
            [
              -112.89430227525209,
              45.34542747220876
            ],
            [
              -112.85858702169423,
              45.32628206816084
            ],
            [
              -112.82897766786337,
              45.30269646260198
            ],
            [
              -112.80642837676983,
              45.27550457400466
            ],
            [
              -112.78761426849474,
              45.230246210280605
            ],
            [
              -112.78400932751197,
              45.153184236688155
            ],
            [
              -112.79257692011117,
              45.12193040061238
            ],
            [
              -112.80754630940606,
              45.095585284431465
            ],
            [
              -112.76895559704872,
              45.051579464504684
            ],
            [
              -112.7562062355057,
              45.021896420521344
            ],
            [
              -112.75168678911572,
              44.99103323820181
            ],
            [
              -112.76058912108377,
              44.94501032356463
            ],
            [
              -112.78319087640561,
              44.908027188296664
            ],
            [
              -112.77466341520227,
              44.856022391260964
            ],
            [
              -112.7170605003021,
              44.867591229701716
            ],
            [
              -112.65012636218766,
              44.867163220724805
            ],
            [
              -112.58628369670565,
              44.852872005753696
            ],
            [
              -112.53820396703391,
              44.83022011457108
            ],
            [
              -112.47559937949742,
              44.83172142395492
            ],
            [
              -112.40383403568217,
              44.82689158867056
            ],
            [
              -112.36336719110054,
              44.820570351689334
            ],
            [
              -112.32241334196286,
              44.84011809066116
            ],
            [
              -112.25965605500323,
              44.85548048228341
            ],
            [
              -112.12253009958187,
              44.85725597032071
            ],
            [
              -112.07907948445452,
              44.85081130945842
            ],
            [
              -112.0192714556107,
              44.830238860013644
            ],
            [
              -111.9852012841573,
              44.81001924234612
            ],
            [
              -111.94673279197441,
              44.77270416100644
            ],
            [
              -111.8920702138102,
              44.77429408411027
            ],
            [
              -111.74875676728198,
              44.76221771695639
            ],
            [
              -111.70734553333807,
              44.77311061362183
            ],
            [
              -111.66328246931339,
              44.77808427989749
            ],
            [
              -111.61870316657497,
              44.77681597045907
            ],
            [
              -111.5470853218265,
              44.76528755724316
            ],
            [
              -111.5017543473596,
              44.77615140504629
            ],
            [
              -111.43393429607814,
              44.7793507881274
            ],
            [
              -111.3892991947801,
              44.77341435919893
            ],
            [
              -111.30597255349397,
              44.753076828215434
            ],
            [
              -111.26444901417501,
              44.73701241138858
            ],
            [
              -111.2285101948874,
              44.71516358418294
            ],
            [
              -111.18684989631222,
              44.68284283169949
            ],
            [
              -111.15575611725559,
              44.64460392249877
            ],
            [
              -111.10970691829176,
              44.62339077651937
            ],
            [
              -111.07878731770356,
              44.60077521899112
            ],
            [
              -111.04538284865593,
              44.55991610391398
            ],
            [
              -111.02995979943495,
              44.51389641463064
            ],
            [
              -111.03036561330484,
              44.48228568471419
            ],
            [
              -111.04693382929108,
              44.43647353396877
            ],
            [
              -111.07927884704134,
              44.39791334438242
            ],
            [
              -111.06725452828886,
              44.33934687609144
            ],
            [
              -111.07593344652125,
              44.29096899299356
            ],
            [
              -111.05687978219305,
              44.2491588289542
            ],
            [
              -110.96392495754817,
              44.2826474210434
            ],
            [
              -110.92092482505959,
              44.2915272975983
            ],
            [
              -110.87632386297588,
              44.29411691257594
            ],
            [
              -110.76284608552814,
              44.29153490795983
            ],
            [
              -110.71896935982383,
              44.28308036133504
            ],
            [
              -110.68346862265292,
              44.270542823469555
            ],
            [
              -110.62126067218661,
              44.26713821922847
            ],
            [
              -110.57835081776925,
              44.25744813761632
            ],
            [
              -110.5389916727663,
              44.24181425814716
            ],
            [
              -110.50475818426702,
              44.220863408655276
            ],
            [
              -110.46593451273671,
              44.18135356730893
            ],
            [
              -110.4498988629903,
              44.15116088165845
            ],
            [
              -110.44252084574109,
              44.11927657596471
            ],
            [
              -110.44408062748457,
              44.08697190250636
            ],
            [
              -110.45322096245825,
              44.05869137948376
            ],
            [
              -110.42505036405642,
              44.01795558625467
            ],
            [
              -110.41642016033805,
              44.01210182751699
            ],
            [
              -110.36577101424967,
              44.013404356759985
            ],
            [
              -110.32464553299339,
              44.02151409422359
            ],
            [
              -110.28016335419618,
              44.02450896604381
            ],
            [
              -110.21411156087024,
              44.01697425316434
            ],
            [
              -110.15410264937354,
              43.99570151330593
            ],
            [
              -110.11500227256406,
              43.971384730165006
            ],
            [
              -110.06734365147084,
              43.954144129450114
            ],
            [
              -110.01218112200218,
              43.92234157339946
            ],
            [
              -109.97037753818972,
              43.91062717119604
            ],
            [
              -109.9012444784347,
              43.89823675022079
            ],
            [
              -109.86159746600457,
              43.88232126282252
            ],
            [
              -109.82721870702635,
              43.86094642460591
            ],
            [
              -109.78853976799628,
              43.82062780211435
            ],
            [
              -109.75184316363992,
              43.75087795630193
            ],
            [
              -109.73136949098118,
              43.73234146431563
            ],
            [
              -109.71037048098923,
              43.704051375338516
            ],
            [
              -109.69187398782255,
              43.66036328943774
            ],
            [
              -109.68555175068119,
              43.62971984208385
            ],
            [
              -109.6873790604298,
              43.59876266823923
            ],
            [
              -109.71268845359872,
              43.52251908306554
            ],
            [
              -109.70208355644135,
              43.47334986313528
            ],
            [
              -109.71163006812783,
              43.42647443534498
            ],
            [
              -109.72561104735239,
              43.39441006715852
            ],
            [
              -109.74630899367337,
              43.365829460199336
            ],
            [
              -109.7743510146219,
              43.34080843010951
            ],
            [
              -109.80324988374097,
              43.3232321199441
            ],
            [
              -109.80429030897851,
              43.30693163723133
            ],
            [
              -109.79647467048706,
              43.27969015562774
            ],
            [
              -109.77740348373744,
              43.24660683938331
            ],
            [
              -109.76953700775711,
              43.21632530546585
            ],
            [
              -109.77752994230845,
              43.13417641036708
            ],
            [
              -109.80292285537107,
              43.084602984283414
            ],
            [
              -109.79730596537877,
              43.058770108157454
            ],
            [
              -109.78126074575364,
              43.03178118069866
            ],
            [
              -109.69489833356897,
              42.97720468091503
            ],
            [
              -109.66909150654213,
              42.953060308315806
            ],
            [
              -109.6472590586557,
              42.92002194917125
            ],
            [
              -109.6112694804039,
              42.92049241564943
            ],
            [
              -109.57082056077174,
              42.915621495675694
            ],
            [
              -109.48609539995768,
              42.890467222973584
            ],
            [
              -109.45199015662767,
              42.87179356582491
            ],
            [
              -109.35250240291745,
              42.796364540730764
            ],
            [
              -109.31278926287088,
              42.755848210357804
            ],
            [
              -109.26153763837993,
              42.72761180140404
            ],
            [
              -109.18871610380245,
              42.72044781604972
            ],
            [
              -109.12901620026093,
              42.700623683608065
            ],
            [
              -109.04557344319292,
              42.64496780323012
            ],
            [
              -108.95172777325881,
              42.590107357184536
            ],
            [
              -108.89863513621975,
              42.61926652019249
            ],
            [
              -108.79390214363089,
              42.65076116743471
            ],
            [
              -108.72925310225561,
              42.657342110032104
            ],
            [
              -108.66484974906339,
              42.64956529604977
            ],
            [
              -108.6248992538248,
              42.63669500440455
            ],
            [
              -108.58920269161712,
              42.61823766532012
            ],
            [
              -108.49134930042139,
              42.536577388415246
            ],
            [
              -108.40718149727896,
              42.50284261474315
            ],
            [
              -108.3643156014563,
              42.47048986940963
            ],
            [
              -108.26429878489081,
              42.487901167644665
            ],
            [
              -108.22157806264096,
              42.486926343065285
            ],
            [
              -108.17993574060763,
              42.479810197349806
            ],
            [
              -108.09922589103054,
              42.45285721248649
            ],
            [
              -108.06264985819446,
              42.43314295499207
            ],
            [
              -107.98933443577836,
              42.41108818863177
            ],
            [
              -107.95431299059945,
              42.39403708458605
            ],
            [
              -107.92434599047252,
              42.372338047302016
            ],
            [
              -107.90053475685083,
              42.34679290855837
            ],
            [
              -107.87819361267981,
              42.30335612736882
            ],
            [
              -107.86673221986867,
              42.23540706209078
            ],
            [
              -107.8734297549682,
              42.19072474556085
            ],
            [
              -107.8323441553228,
              42.17339582062066
            ],
            [
              -107.78666670169045,
              42.14002270305144
            ],
            [
              -107.76439130177764,
              42.11286619010417
            ],
            [
              -107.74573641775743,
              42.07158153648306
            ],
            [
              -107.73935532998988,
              42.04230856001308
            ],
            [
              -107.74340929492656,
              41.998004121969885
            ],
            [
              -107.75752149989836,
              41.95167085719772
            ],
            [
              -107.79953718814583,
              41.848757745230984
            ],
            [
              -107.79267834151355,
              41.82093065645056
            ],
            [
              -107.79091813080524,
              41.77191069531762
            ],
            [
              -107.7600121328778,
              41.71337797123256
            ],
            [
              -107.7411605530175,
              41.63563808248079
            ],
            [
              -107.65683170739773,
              41.50304173762785
            ],
            [
              -107.59885868595386,
              41.487301864797836
            ],
            [
              -107.56376819688766,
              41.47016478784766
            ],
            [
              -107.50501356333024,
              41.43115876281334
            ],
            [
              -107.47496475843049,
              41.39622108222305
            ],
            [
              -107.44346055936613,
              41.38610310084404
            ],
            [
              -107.40789974843644,
              41.368153245908466
            ],
            [
              -107.33298353555293,
              41.32213356265038
            ],
            [
              -107.30768370230415,
              41.300255299087254
            ],
            [
              -107.28221756632887,
              41.272285991690794
            ],
            [
              -107.26418981134358,
              41.2418985314761
            ],
            [
              -107.25437718765086,
              41.204254919258794
            ],
            [
              -107.23092397911259,
              41.16180447066566
            ],
            [
              -107.22423324827645,
              41.115380838429104
            ],
            [
              -107.19764800703358,
              41.09033033837489
            ],
            [
              -107.1788881941335,
              41.06305674401533
            ],
            [
              -107.16406965949683,
              41.01483299367578
            ],
            [
              -107.10045600151791,
              41.00577737188699
            ],
            [
              -107.02834329291252,
              40.98322046006982
            ],
            [
              -106.9806768826407,
              40.95417069637471
            ],
            [
              -106.95583869550022,
              40.92959187033494
            ],
            [
              -106.93763922461419,
              40.901874818170825
            ],
            [
              -106.91277550082664,
              40.833302640795715
            ],
            [
              -106.91000518555988,
              40.799818776324855
            ],
            [
              -106.91428050924078,
              40.771481753155996
            ],
            [
              -106.90820429970765,
              40.73937873077385
            ],
            [
              -106.8452035632895,
              40.70082849039004
            ],
            [
              -106.79452538488064,
              40.68630466183
            ],
            [
              -106.74720526654791,
              40.66007986523354
            ],
            [
              -106.68884719955356,
              40.61342121201629
            ],
            [
              -106.63413734403755,
              40.547648940552556
            ],
            [
              -106.61695416694184,
              40.50036246300809
            ],
            [
              -106.61615335447699,
              40.420023350837226
            ],
            [
              -106.60618698141026,
              40.386421016959915
            ],
            [
              -106.5945810059083,
              40.302728928452304
            ],
            [
              -106.56876243783553,
              40.261917495322784
            ],
            [
              -106.51148636801912,
              40.20911428187111
            ],
            [
              -106.46275629794654,
              40.18796733760448
            ],
            [
              -106.42243027350558,
              40.1988259195777
            ],
            [
              -106.36305825310087,
              40.20360087693531
            ],
            [
              -106.3146353018875,
              40.21245164167362
            ],
            [
              -106.27412177205363,
              40.212899399294805
            ],
            [
              -106.23424811246993,
              40.20739373078019
            ],
            [
              -106.14455318167177,
              40.18143261720046
            ],
            [
              -106.10734891258147,
              40.16690624425449
            ],
            [
              -106.07461889514875,
              40.14703739325749
            ],
            [
              -105.99835636911615,
              40.08045966453146
            ],
            [
              -105.9729500698271,
              40.03836117236033
            ],
            [
              -105.93297322930368,
              40.00318105094774
            ],
            [
              -105.91160401017738,
              39.974842007711466
            ],
            [
              -105.87323914833905,
              39.8865317934707
            ],
            [
              -105.86813013306374,
              39.8543330448417
            ],
            [
              -105.87145326076084,
              39.82199573648703
            ],
            [
              -105.88306363030057,
              39.79081724945036
            ],
            [
              -105.90672516428845,
              39.753634786112464
            ],
            [
              -105.87074498942872,
              39.706042627967484
            ],
            [
              -105.85409512068466,
              39.67661016693863
            ],
            [
              -105.84530396486835,
              39.645216702688295
            ],
            [
              -105.84583699243106,
              39.606649565888226
            ],
            [
              -105.83562446523288,
              39.57935004363415
            ],
            [
              -105.8322214248389,
              39.54324705876255
            ],
            [
              -105.78876695555955,
              39.501769027418185
            ],
            [
              -105.7648051462315,
              39.45629908770324
            ],
            [
              -105.74593755459051,
              39.439326839803414
            ],
            [
              -105.67944661566003,
              39.40005007289712
            ],
            [
              -105.6543360409067,
              39.375796459709115
            ],
            [
              -105.62900422082858,
              39.33357596896315
            ],
            [
              -105.62040520555156,
              39.29029731905869
            ],
            [
              -105.57105202268994,
              39.25203544658394
            ],
            [
              -105.54944224492603,
              39.22781765583308
            ],
            [
              -105.50962556925536,
              39.14367708906286
            ],
            [
              -105.50499124575602,
              39.09332546974674
            ],
            [
              -105.51740412126979,
              39.01811535231803
            ],
            [
              -105.53310758253839,
              38.988006732873345
            ],
            [
              -105.57721386819833,
              38.93617657320392
            ],
            [
              -105.56762956244997,
              38.90206830507776
            ],
            [
              -105.56805074432705,
              38.86466246359447
            ],
            [
              -105.56252435204622,
              38.84132614218138
            ],
            [
              -105.56530274180875,
              38.76192855478104
            ],
            [
              -105.58578510127124,
              38.71699149748151
            ],
            [
              -105.62134189437067,
              38.67930209094977
            ],
            [
              -105.63170381190358,
              38.64245173899082
            ],
            [
              -105.66508263395335,
              38.58663304846878
            ],
            [
              -105.69275166911213,
              38.55836729533698
            ],
            [
              -105.77337112977685,
              38.506558228072706
            ],
            [
              -105.81707476726965,
              38.47209051223492
            ],
            [
              -105.836508947957,
              38.44583947474603
            ],
            [
              -105.86314280744817,
              38.42200284075065
            ],
            [
              -105.90863703293398,
              38.39681357812477
            ],
            [
              -105.9665266517006,
              38.321306050204434
            ],
            [
              -105.99454215671521,
              38.29703392419394
            ],
            [
              -106.05277224363013,
              38.26794957716106
            ],
            [
              -106.17035394636366,
              38.23935229650225
            ],
            [
              -106.19363877663784,
              38.22799193322751
            ],
            [
              -106.15928633730337,
              38.18345877338441
            ],
            [
              -106.14806704590538,
              38.15310173411945
            ],
            [
              -106.14453819045085,
              38.12160202411866
            ],
            [
              -106.1538555577121,
              38.07483812897136
            ],
            [
              -106.1934639476164,
              37.99882709999632
            ],
            [
              -106.12491242308894,
              37.96356742011686
            ],
            [
              -106.09719037702783,
              37.94135350585867
            ],
            [
              -106.07538445322622,
              37.91533530104273
            ],
            [
              -106.0603013284149,
              37.88648371116529
            ],
            [
              -106.05249476438762,
              37.85587404508026
            ],
            [
              -106.05496692201818,
              37.809162642712565
            ],
            [
              -106.06596676652859,
              37.77917798420435
            ],
            [
              -106.08400190331626,
              37.75142341360849
            ],
            [
              -106.14478342097328,
              37.69626027662475
            ],
            [
              -106.15297994775851,
              37.642694732402944
            ],
            [
              -106.17566608500397,
              37.597139558944065
            ],
            [
              -106.21440374400935,
              37.55905386532729
            ],
            [
              -106.2590154548799,
              37.534698344873625
            ],
            [
              -106.28692157442579,
              37.49377995126644
            ],
            [
              -106.33251573229545,
              37.45111587632364
            ],
            [
              -106.29765812734598,
              37.41582065602981
            ],
            [
              -106.28155947426801,
              37.387952644812984
            ],
            [
              -106.27234548973301,
              37.3581619316729
            ],
            [
              -106.27268868897588,
              37.30863845939314
            ],
            [
              -106.26475421886673,
              37.279478906000286
            ],
            [
              -106.21984684837392,
              37.25663891673894
            ],
            [
              -106.19214429033063,
              37.233776313609695
            ],
            [
              -106.17058523823536,
              37.20702009423458
            ],
            [
              -106.15599772181508,
              37.177406963119495
            ],
            [
              -106.14893758307103,
              37.146082908324594
            ],
            [
              -106.15295494635596,
              37.09854335717052
            ],
            [
              -106.16520703576869,
              37.068264661744564
            ],
            [
              -106.18620124830582,
              37.03791103406532
            ],
            [
              -106.16806622431727,
              36.993636118760435
            ],
            [
              -106.12196569059293,
              36.96807096096354
            ],
            [
              -106.08497897553669,
              36.93115855093167
            ],
            [
              -106.06846373401204,
              36.90242992326889
            ],
            [
              -106.059228197457,
              36.87167054697448
            ],
            [
              -106.0559778601702,
              36.79120684725129
            ],
            [
              -106.02940677672886,
              36.760292682500214
            ],
            [
              -105.98514298934062,
              36.73832509346737
            ],
            [
              -105.95747496057132,
              36.71612007456704
            ],
            [
              -105.92724134994768,
              36.67582318543113
            ],
            [
              -105.9156991975103,
              36.6457806023723
            ],
            [
              -105.91237147390905,
              36.59877681884306
            ],
            [
              -105.92421046884482,
              36.557043904488275
            ],
            [
              -105.91136035537211,
              36.51964867572833
            ],
            [
              -105.91105876498253,
              36.47159130935303
            ],
            [
              -105.92062379162476,
              36.44043013225017
            ],
            [
              -105.93759799088407,
              36.4114028401487
            ],
            [
              -105.96130876048841,
              36.385646914542
            ],
            [
              -105.98329307742758,
              36.36912727083662
            ],
            [
              -105.98519320023755,
              36.324595879564306
            ],
            [
              -105.97707492433594,
              36.264919820348226
            ],
            [
              -105.98324514948051,
              36.23116479419571
            ],
            [
              -106.0051353910083,
              36.174346680460495
            ],
            [
              -106.0347324972427,
              36.136884942990044
            ],
            [
              -106.06205113590639,
              36.11254491007386
            ],
            [
              -106.09485534418832,
              36.09317944966504
            ],
            [
              -106.15762376936377,
              36.06999345183411
            ],
            [
              -106.17572877412468,
              36.040561957340756
            ],
            [
              -106.19928543630455,
              36.01606944671903
            ],
            [
              -106.2281522647728,
              35.9956750134913
            ],
            [
              -106.26601749162819,
              35.978365173964434
            ],
            [
              -106.28831091624059,
              35.937259056347045
            ],
            [
              -106.31174299390541,
              35.91234534304785
            ],
            [
              -106.35773571227782,
              35.8769190333572
            ],
            [
              -106.39234969527281,
              35.8607704807718
            ],
            [
              -106.43021489526991,
              35.850552928341756
            ],
            [
              -106.50832097229882,
              35.84319044359256
            ],
            [
              -106.56167058570975,
              35.84632233965621
            ],
            [
              -106.59967624609585,
              35.854005767834835
            ],
            [
              -106.67036588433001,
              35.857222474553616
            ],
            [
              -106.69695954887786,
              35.85390521345192
            ],
            [
              -106.74227156701784,
              35.85547192333353
            ],
            [
              -106.783141740107,
              35.84047408056614
            ],
            [
              -106.83224682570501,
              35.8286147753469
            ],
            [
              -106.87862789695208,
              35.820667685307036
            ],
            [
              -106.93874936434821,
              35.81977087646303
            ],
            [
              -106.96270894126208,
              35.81475914615212
            ],
            [
              -106.98865590987792,
              35.796684710697974
            ],
            [
              -107.01597139357408,
              35.74843803362371
            ],
            [
              -107.04167846163743,
              35.723377311463814
            ],
            [
              -107.0649239545408,
              35.707221386072234
            ],
            [
              -107.0804006987492,
              35.68524860541402
            ],
            [
              -107.10544486503419,
              35.66119861583567
            ],
            [
              -107.15245050488785,
              35.633627458600195
            ],
            [
              -107.2071766487258,
              35.61826672546473
            ],
            [
              -107.26499762646864,
              35.616415325890415
            ],
            [
              -107.34946498535678,
              35.630652290528985
            ],
            [
              -107.38469745241115,
              35.64267116622209
            ],
            [
              -107.42103250663003,
              35.66330876692562
            ],
            [
              -107.45147971749262,
              35.668733511785724
            ],
            [
              -107.48736544589812,
              35.68106733360474
            ],
            [
              -107.55498172698884,
              35.71741057525553
            ],
            [
              -107.56122194674778,
              35.68990748593129
            ],
            [
              -107.57643890762887,
              35.65736967110627
            ],
            [
              -107.61026424939496,
              35.61346252415083
            ],
            [
              -107.63724391642593,
              35.586602441207546
            ],
            [
              -107.64039702448832,
              35.479481886862445
            ],
            [
              -107.59617641906267,
              35.4082226145563
            ],
            [
              -107.58529230701596,
              35.377372329187835
            ],
            [
              -107.58204966638678,
              35.3453704675435
            ],
            [
              -107.58656665934053,
              35.31347245524292
            ],
            [
              -107.59865741664797,
              35.28292820564694
            ],
            [
              -107.61784067356237,
              35.2549332878354
            ],
            [
              -107.64555644162614,
              35.22886365777601
            ],
            [
              -107.61241157008983,
              35.193642464760856
            ],
            [
              -107.58166213199635,
              35.13619012710593
            ],
            [
              -107.57193712703017,
              35.090979182514886
            ],
            [
              -107.57802002836047,
              35.0453403814366
            ],
            [
              -107.59065578197614,
              35.016489805231004
            ],
            [
              -107.60805173835891,
              34.99211555926837
            ],
            [
              -107.60824157253447,
              34.96765023588641
            ],
            [
              -107.61497068107478,
              34.93769990135888
            ],
            [
              -107.6483784426985,
              34.86708475082312
            ],
            [
              -107.68263931046965,
              34.827524929899546
            ],
            [
              -107.71763558898978,
              34.777451119852394
            ],
            [
              -107.73348500514912,
              34.7392247397672
            ],
            [
              -107.7775280120588,
              34.68645801959375
            ],
            [
              -107.7879625624677,
              34.663304783833816
            ],
            [
              -107.80592636376328,
              34.638327926249325
            ],
            [
              -107.81598197264384,
              34.589881477613574
            ],
            [
              -107.81597247199365,
              34.51506367555838
            ],
            [
              -107.8298089103523,
              34.43856876136684
            ],
            [
              -107.85522003481795,
              34.39000301732483
            ],
            [
              -107.88061148057322,
              34.358704266820546
            ],
            [
              -107.90971448025445,
              34.33395068794084
            ],
            [
              -107.92531979609005,
              34.300601391543836
            ],
            [
              -107.94127446108467,
              34.279862801382286
            ],
            [
              -107.93888103188041,
              34.197431032913464
            ],
            [
              -107.95591192002192,
              34.15020449168329
            ],
            [
              -107.97645808952764,
              34.12204186454917
            ],
            [
              -108.01153294272304,
              34.09061106383001
            ],
            [
              -108.04356427279028,
              34.071566882064076
            ],
            [
              -108.09503567798313,
              34.05472505443627
            ],
            [
              -108.14372212246955,
              34.00996228112261
            ],
            [
              -108.13889699737398,
              33.960650239266094
            ],
            [
              -108.11520475940752,
              33.86358166019041
            ],
            [
              -108.11597831319838,
              33.829942777567325
            ],
            [
              -108.1294740123395,
              33.78797401192651
            ],
            [
              -108.1162607882074,
              33.74102335385509
            ],
            [
              -108.11688835599294,
              33.70953741434423
            ],
            [
              -108.12360478543175,
              33.68244254495334
            ],
            [
              -108.06422788362913,
              33.667561883007174
            ],
            [
              -108.03237005635135,
              33.65180579181295
            ],
            [
              -108.00468366334434,
              33.63127048245316
            ],
            [
              -107.97313000203584,
              33.59318946677771
            ],
            [
              -107.9567787155305,
              33.55297612034173
            ],
            [
              -107.93786421794377,
              33.52557823480926
            ],
            [
              -107.92574894617643,
              33.49590278348309
            ],
            [
              -107.92102176289318,
              33.468084051923846
            ],
            [
              -107.89390725908687,
              33.42753842167851
            ],
            [
              -107.87466229555825,
              33.376524455899165
            ],
            [
              -107.8698176087583,
              33.345596668945475
            ],
            [
              -107.8727915752064,
              33.310906561167926
            ],
            [
              -107.84646303534743,
              33.27012125937064
            ],
            [
              -107.80848605427828,
              33.18048559798346
            ],
            [
              -107.80459454773997,
              33.14990948723072
            ],
            [
              -107.80923261657423,
              33.113395297514366
            ],
            [
              -107.79921615707815,
              33.06649556396292
            ],
            [
              -107.80176607492218,
              33.034819318660034
            ],
            [
              -107.81249604866268,
              32.998340953941685
            ],
            [
              -107.82741120871343,
              32.9659945908108
            ],
            [
              -107.85013382147532,
              32.93705802930164
            ],
            [
              -107.87514103578827,
              32.91523126853186
            ],
            [
              -107.90600445549765,
              32.872845392932504
            ],
            [
              -107.9334159396611,
              32.85053605397536
            ],
            [
              -107.96548773520583,
              32.83321689961397
            ],
            [
              -108.00096484181027,
              32.821564758952846
            ],
            [
              -108.03760741171814,
              32.81612438271991
            ],
            [
              -108.06333670564123,
              32.76137147690066
            ],
            [
              -108.04199393889792,
              32.725026236475195
            ],
            [
              -108.02486108465108,
              32.68038802340526
            ],
            [
              -108.01996102406822,
              32.63381600129123
            ],
            [
              -108.02555601542669,
              32.60294563564401
            ],
            [
              -108.04670761055141,
              32.55975412278624
            ],
            [
              -108.08150188544609,
              32.52345420711909
            ],
            [
              -108.1251135574563,
              32.497953299005154
            ],
            [
              -108.10200060431345,
              32.4678603942276
            ],
            [
              -108.08909373704643,
              32.43942560554198
            ],
            [
              -108.07836063694343,
              32.35706769178743
            ],
            [
              -108.08754049194225,
              32.309598507914586
            ],
            [
              -108.10598780277925,
              32.271603223097316
            ],
            [
              -108.12546089477054,
              32.24234355160396
            ],
            [
              -108.11758599767306,
              32.21506802189463
            ],
            [
              -108.11576558013566,
              32.182515393579536
            ],
            [
              -108.14926073851282,
              31.992805608213025
            ],
            [
              -108.13622635416758,
              31.937505473893715
            ],
            [
              -108.13842771245402,
              31.8887898433394
            ],
            [
              -108.14933307190758,
              31.857577569138705
            ],
            [
              -108.16731242832081,
              31.828849882653408
            ],
            [
              -108.19163735788221,
              31.80376118811081
            ],
            [
              -108.22845527373461,
              31.778659748657013
            ],
            [
              -108.22143517643612,
              31.740118338749028
            ],
            [
              -108.22769905676616,
              31.693795729499687
            ],
            [
              -108.24909703382434,
              31.650904966544235
            ],
            [
              -108.2807840590131,
              31.612433779185558
            ],
            [
              -108.28965228401087,
              31.56916957236742
            ],
            [
              -108.36012438966324,
              31.421082466093218
            ],
            [
              -108.34514571896398,
              31.379247321148398
            ],
            [
              -108.34147388810943,
              31.328124102278746
            ],
            [
              -108.34644848590497,
              31.296596382091625
            ],
            [
              -108.35848457626939,
              31.266506511747302
            ],
            [
              -108.37711413941201,
              31.23900876613875
            ],
            [
              -108.40161797201178,
              31.215157111682604
            ],
            [
              -108.43105381116207,
              31.195865122512878
            ],
            [
              -108.48194473487473,
              31.177037151166168
            ],
            [
              -108.53699266937451,
              31.17169722778632
            ],
            [
              -108.59147993886032,
              31.180303737069536
            ],
            [
              -108.64073573245284,
              31.202119668930376
            ],
            [
              -108.68053115193109,
              31.23527470642415
            ],
            [
              -108.70007079143882,
              31.26230576340574
            ],
            [
              -108.71475149438501,
              31.29864703564951
            ],
            [
              -108.73124369837747,
              31.322893255637414
            ],
            [
              -108.74395169292703,
              31.35132852671002
            ],
            [
              -108.75091913384583,
              31.39653412682964
            ],
            [
              -108.74489147878987,
              31.45326898313107
            ],
            [
              -108.73833542852222,
              31.48193236202663
            ],
            [
              -108.70392990105123,
              31.558831522308417
            ],
            [
              -108.6898653186283,
              31.608164030122726
            ],
            [
              -108.65689722040732,
              31.657470629981276
            ],
            [
              -108.64851392462604,
              31.704986905025137
            ],
            [
              -108.6175443238641,
              31.7873306870608
            ],
            [
              -108.6244703382264,
              31.832386181724573
            ],
            [
              -108.61536075611434,
              31.880622618102223
            ],
            [
              -108.57646090593116,
              31.94632185783592
            ],
            [
              -108.53922883633423,
              31.98371551743556
            ],
            [
              -108.53291710482546,
              31.996454612484314
            ],
            [
              -108.5222390887022,
              32.062077808570606
            ],
            [
              -108.5544743904256,
              32.0828651333047
            ],
            [
              -108.58917318978308,
              32.12012579220631
            ],
            [
              -108.60457949318024,
              32.14905595518157
            ],
            [
              -108.6146168148072,
              32.1958303072557
            ],
            [
              -108.61220967157611,
              32.227525756088966
            ],
            [
              -108.59516244401672,
              32.27281144036259
            ],
            [
              -108.54072215981314,
              32.34885799847196
            ],
            [
              -108.51460860126542,
              32.37682466435407
            ],
            [
              -108.53837514259219,
              32.39917211461577
            ],
            [
              -108.55759337710533,
              32.426268876411015
            ],
            [
              -108.57026055660414,
              32.456011291301635
            ],
            [
              -108.5758897848697,
              32.48727181275165
            ],
            [
              -108.57072935147643,
              32.53440900504118
            ],
            [
              -108.55235602879152,
              32.59584032893284
            ],
            [
              -108.53568808235634,
              32.631893398348005
            ],
            [
              -108.53459884526613,
              32.656634845003445
            ],
            [
              -108.52702825834977,
              32.68785293380557
            ],
            [
              -108.5025686995508,
              32.73084315416862
            ],
            [
              -108.46864540066049,
              32.7627135141783
            ],
            [
              -108.46238103312854,
              32.80952966545622
            ],
            [
              -108.44877039086573,
              32.8400133764157
            ],
            [
              -108.43179548422799,
              32.86327405711604
            ],
            [
              -108.43628861870559,
              32.89274698773927
            ],
            [
              -108.43374516261613,
              32.92487550783598
            ],
            [
              -108.41602005183647,
              32.97070033588935
            ],
            [
              -108.38308368776768,
              33.01010538508473
            ],
            [
              -108.32920336844961,
              33.05755278599844
            ],
            [
              -108.29443858649428,
              33.08150108803915
            ],
            [
              -108.26480688023734,
              33.118463850078015
            ],
            [
              -108.2231343501607,
              33.15034544166129
            ],
            [
              -108.24900905742376,
              33.197940052026446
            ],
            [
              -108.26383969247507,
              33.26392135644038
            ],
            [
              -108.26500653967588,
              33.301816920653415
            ],
            [
              -108.29250936062436,
              33.35161154491928
            ],
            [
              -108.30243892082079,
              33.38295777676746
            ],
            [
              -108.4275819599491,
              33.40677953211414
            ],
            [
              -108.48092530650753,
              33.43056030437627
            ],
            [
              -108.53172683858054,
              33.47404527750421
            ],
            [
              -108.57451360301114,
              33.49628364445495
            ],
            [
              -108.60012737639018,
              33.51756314465269
            ],
            [
              -108.63664569176468,
              33.56213495958571
            ],
            [
              -108.6518561705369,
              33.59197487414218
            ],
            [
              -108.65967698086988,
              33.62375052293117
            ],
            [
              -108.65978751096861,
              33.6561927576897
            ],
            [
              -108.64555295024483,
              33.70327346862546
            ],
            [
              -108.62700542015546,
              33.73177317941553
            ],
            [
              -108.59801747111496,
              33.7618671657319
            ],
            [
              -108.56998579220489,
              33.78461745044001
            ],
            [
              -108.54415746069336,
              33.79882723339793
            ],
            [
              -108.53536272684526,
              33.8426426671383
            ],
            [
              -108.52305001764083,
              33.868055220471504
            ],
            [
              -108.5346737442522,
              33.947434415991594
            ],
            [
              -108.54683978239709,
              33.98948269546542
            ],
            [
              -108.54650279718398,
              34.023458128729764
            ],
            [
              -108.55738701169012,
              34.07916249090232
            ],
            [
              -108.55387654354762,
              34.11248340512135
            ],
            [
              -108.52706165219792,
              34.1783516483233
            ],
            [
              -108.4651079552059,
              34.250377424848466
            ],
            [
              -108.42364446010865,
              34.28136774371557
            ],
            [
              -108.3780647783978,
              34.2999016387914
            ],
            [
              -108.33724990393118,
              34.331664099443344
            ],
            [
              -108.33654883694012,
              34.36694894477641
            ],
            [
              -108.32161456323304,
              34.41195634042956
            ],
            [
              -108.30327065679246,
              34.43917930404061
            ],
            [
              -108.27758728560671,
              34.46399743682337
            ],
            [
              -108.2552299989752,
              34.505733764907
            ],
            [
              -108.23183767679028,
              34.530768785561996
            ],
            [
              -108.20679145636286,
              34.549856348527555
            ],
            [
              -108.20608871558737,
              34.628074480528454
            ],
            [
              -108.18387178821621,
              34.73750254259557
            ],
            [
              -108.1740552732659,
              34.76763323224586
            ],
            [
              -108.1141984245685,
              34.856873698132894
            ],
            [
              -108.10651231973813,
              34.89080966858979
            ],
            [
              -108.07805489900323,
              34.9477175191567
            ],
            [
              -108.05773700074548,
              34.97325262615955
            ],
            [
              -108.01283756940477,
              35.00957033161147
            ],
            [
              -108.01061419936828,
              35.03750287474274
            ],
            [
              -108.04312965706613,
              35.06426614283657
            ],
            [
              -108.062987909674,
              35.08972276547251
            ],
            [
              -108.08760094527194,
              35.13996468757547
            ],
            [
              -108.09567447902117,
              35.18647426837716
            ],
            [
              -108.0871704003372,
              35.23293233224876
            ],
            [
              -108.07257414494046,
              35.26193875815944
            ],
            [
              -108.03398415263975,
              35.311028285340775
            ],
            [
              -108.02949161492457,
              35.337553202715945
            ],
            [
              -108.01694715717645,
              35.36936221804657
            ],
            [
              -108.03009745180167,
              35.39656162310312
            ],
            [
              -108.03729114976232,
              35.42873568770319
            ],
            [
              -108.03624540836493,
              35.50887201022876
            ],
            [
              -108.04247884893567,
              35.54623705783306
            ],
            [
              -108.03452172615668,
              35.59473774530284
            ],
            [
              -108.03254382403836,
              35.68330006428381
            ],
            [
              -108.02122911843013,
              35.714804824263325
            ],
            [
              -108.00235467764631,
              35.743802342326646
            ],
            [
              -107.95647095711561,
              35.78534072685735
            ],
            [
              -107.95160306271494,
              35.83913735100049
            ],
            [
              -107.94077899048604,
              35.871583406130405
            ],
            [
              -107.92195512627882,
              35.9015120211908
            ],
            [
              -107.9033430175746,
              35.920940808337065
            ],
            [
              -107.88306410353414,
              35.97406501970488
            ],
            [
              -107.86540712149169,
              36.00690750302531
            ],
            [
              -107.82149505568063,
              36.057120948730244
            ],
            [
              -107.78263963498937,
              36.089403109795825
            ],
            [
              -107.73429965549072,
              36.11172068823896
            ],
            [
              -107.66478312109018,
              36.12467698054987
            ],
            [
              -107.60635467799321,
              36.12207885026603
            ],
            [
              -107.5513783484426,
              36.10583588127585
            ],
            [
              -107.32459578709978,
              35.983244568093674
            ],
            [
              -107.30505521486158,
              36.00260856199716
            ],
            [
              -107.26957554320335,
              36.028012761698704
            ],
            [
              -107.23819946562739,
              36.0654628835423
            ],
            [
              -107.20910571185615,
              36.08670876362518
            ],
            [
              -107.17545211352709,
              36.10293068979853
            ],
            [
              -107.13743845051088,
              36.11372137949161
            ],
            [
              -107.10047202514892,
              36.1418827863949
            ],
            [
              -107.02656441658509,
              36.17437130148681
            ],
            [
              -106.96881679623628,
              36.183862306155596
            ],
            [
              -106.91661380732184,
              36.18029794882794
            ],
            [
              -106.83976115626493,
              36.20337568835127
            ],
            [
              -106.8006237635772,
              36.20856916100429
            ],
            [
              -106.73281921020838,
              36.20457209626596
            ],
            [
              -106.62659916208445,
              36.18824636012359
            ],
            [
              -106.60683112947851,
              36.228524685649084
            ],
            [
              -106.5709452945689,
              36.265770165132984
            ],
            [
              -106.52328689937501,
              36.293028412152374
            ],
            [
              -106.48399210757862,
              36.30500643334154
            ],
            [
              -106.43765033707807,
              36.34201666683383
            ],
            [
              -106.3967256297231,
              36.35970027551532
            ],
            [
              -106.39963718765443,
              36.40123195329285
            ],
            [
              -106.39546032963764,
              36.431114478023936
            ],
            [
              -106.35004474603204,
              36.52722283348921
            ],
            [
              -106.35380464899883,
              36.5454559825724
            ],
            [
              -106.41963660556172,
              36.62739288383524
            ],
            [
              -106.4324277385515,
              36.6594380849499
            ],
            [
              -106.4505933033215,
              36.68135122220331
            ],
            [
              -106.47355230773681,
              36.72382016690343
            ],
            [
              -106.48270483279433,
              36.76064863756989
            ],
            [
              -106.5171506864053,
              36.79462367023084
            ],
            [
              -106.5509608788983,
              36.85798057611781
            ],
            [
              -106.58620693072973,
              36.89213065446968
            ],
            [
              -106.60388792540405,
              36.92147084168916
            ],
            [
              -106.61390674932318,
              36.95305856105126
            ],
            [
              -106.62189274127948,
              37.00465763474706
            ],
            [
              -106.6206829941726,
              37.03564146684037
            ],
            [
              -106.60929337113635,
              37.07925051060144
            ],
            [
              -106.63013133774481,
              37.11100039446324
            ],
            [
              -106.64249424932336,
              37.152394357672804
            ],
            [
              -106.6607518026527,
              37.18155554082265
            ],
            [
              -106.67310295796278,
              37.216424732042846
            ],
            [
              -106.73537836836005,
              37.23492049132743
            ],
            [
              -106.76744973914799,
              37.25325219965357
            ],
            [
              -106.7944911702418,
              37.27619515915069
            ],
            [
              -106.83864196718805,
              37.33878999729065
            ],
            [
              -106.85190890923643,
              37.38501770771176
            ],
            [
              -106.85113219636345,
              37.416691622828395
            ],
            [
              -106.84263861391192,
              37.44763883714232
            ],
            [
              -106.79821843031924,
              37.518613787922526
            ],
            [
              -106.75884002195903,
              37.55370385297602
            ],
            [
              -106.72193752398883,
              37.57305764823002
            ],
            [
              -106.67328118164089,
              37.63740402841152
            ],
            [
              -106.62092066326889,
              37.68379294000252
            ],
            [
              -106.59721215536767,
              37.72199121102537
            ],
            [
              -106.57036982270907,
              37.74985879077825
            ],
            [
              -106.57778665607616,
              37.794269237415406
            ],
            [
              -106.57388005748003,
              37.82405636712335
            ],
            [
              -106.6108655046688,
              37.86323636199413
            ],
            [
              -106.6272233827127,
              37.89334711574268
            ],
            [
              -106.63560588941469,
              37.92545113059832
            ],
            [
              -106.63218604265356,
              37.97585343081443
            ],
            [
              -106.63532745805588,
              37.99706785858799
            ],
            [
              -106.67781552814974,
              38.003482510513216
            ],
            [
              -106.72269144299518,
              38.01945550525267
            ],
            [
              -106.76658983507032,
              38.026272667026674
            ],
            [
              -106.81329726708071,
              38.04135731227436
            ],
            [
              -106.8639779896766,
              38.066274732149814
            ],
            [
              -106.90346634842679,
              38.10166943631913
            ],
            [
              -106.92186919338715,
              38.129639300775374
            ],
            [
              -106.95150471308175,
              38.20944645539821
            ],
            [
              -106.95427710748014,
              38.25515626390038
            ],
            [
              -106.96559410787582,
              38.29786287013661
            ],
            [
              -106.96525291055796,
              38.3279530496349
            ],
            [
              -106.95784981659303,
              38.35747398139094
            ],
            [
              -106.93610943575969,
              38.40205641699082
            ],
            [
              -106.90395753155512,
              38.44471858982289
            ],
            [
              -106.83649164871645,
              38.49165037584408
            ],
            [
              -106.81650769919762,
              38.51336705447878
            ],
            [
              -106.7843205080682,
              38.536725649164204
            ],
            [
              -106.75126513632385,
              38.56932389902661
            ],
            [
              -106.70149113276408,
              38.596982690980695
            ],
            [
              -106.64356501274519,
              38.6119877564859
            ],
            [
              -106.60291429685736,
              38.614260932442114
            ],
            [
              -106.54286081841975,
              38.6058544239847
            ],
            [
              -106.45437657938594,
              38.581415907134385
            ],
            [
              -106.42453236828692,
              38.56780572224043
            ],
            [
              -106.38959422210424,
              38.567529773804715
            ],
            [
              -106.33663831246876,
              38.55745456052892
            ],
            [
              -106.28636763262506,
              38.56552170737108
            ],
            [
              -106.27257577041266,
              38.57216778336312
            ],
            [
              -106.25143596773563,
              38.60658740435079
            ],
            [
              -106.22604665334892,
              38.63164286647822
            ],
            [
              -106.19485364361758,
              38.65228258225866
            ],
            [
              -106.14906764547514,
              38.67059393558139
            ],
            [
              -106.11190332637476,
              38.72915566512695
            ],
            [
              -106.08484494015222,
              38.75360035785978
            ],
            [
              -106.04110404384085,
              38.7786823488479
            ],
            [
              -106.02305688268343,
              38.813601626336066
            ],
            [
              -105.99338673277684,
              38.84533113771364
            ],
            [
              -106.00238187835306,
              38.87527766915241
            ],
            [
              -106.00621480128267,
              38.95489820963351
            ],
            [
              -105.99745471083075,
              38.991541286373845
            ],
            [
              -105.99973812931732,
              39.03976306246315
            ],
            [
              -105.99118911366129,
              39.0707872271187
            ],
            [
              -105.97607595892708,
              39.0982568792238
            ],
            [
              -106.00578032673,
              39.13707079285932
            ],
            [
              -106.02764547519924,
              39.191933128395064
            ],
            [
              -106.08873546627994,
              39.23643311694157
            ],
            [
              -106.13218633510574,
              39.27400954325692
            ],
            [
              -106.15420430975493,
              39.302224445285376
            ],
            [
              -106.17001203589649,
              39.33982675887517
            ],
            [
              -106.21575088050409,
              39.383609757371204
            ],
            [
              -106.23613120709342,
              39.4118711367497
            ],
            [
              -106.24886708781958,
              39.44271261191466
            ],
            [
              -106.25329530829852,
              39.46647343601543
            ],
            [
              -106.27883737794033,
              39.49816460833388
            ],
            [
              -106.29824207865781,
              39.537479129662714
            ],
            [
              -106.30414969035397,
              39.5844176769937
            ],
            [
              -106.29741966761814,
              39.624808394603804
            ],
            [
              -106.3191010711538,
              39.64867015065407
            ],
            [
              -106.33565542057113,
              39.67707540575055
            ],
            [
              -106.34586592877753,
              39.71627578311409
            ],
            [
              -106.36325731583577,
              39.758564322013264
            ],
            [
              -106.36612303638175,
              39.789916386092216
            ],
            [
              -106.35564609445684,
              39.836252748183554
            ],
            [
              -106.3643860160233,
              39.83345858128067
            ],
            [
              -106.39536317863583,
              39.809266950353916
            ],
            [
              -106.42991136797046,
              39.79159894568522
            ],
            [
              -106.4884228137443,
              39.77569183235885
            ],
            [
              -106.52968561198894,
              39.77274988716132
            ],
            [
              -106.57089638637333,
              39.776106727843555
            ],
            [
              -106.62913942731066,
              39.792603202398396
            ],
            [
              -106.68594950441758,
              39.824162075702276
            ],
            [
              -106.71604337082292,
              39.84590636225764
            ],
            [
              -106.74949761981816,
              39.885922122490996
            ],
            [
              -106.7644915245932,
              39.92344152819547
            ],
            [
              -106.8245107683871,
              39.967055434333766
            ],
            [
              -106.86974618694201,
              40.03451311399191
            ],
            [
              -106.91899588443059,
              40.077216992031595
            ],
            [
              -106.9404204984144,
              40.10551153035915
            ],
            [
              -106.98615180182394,
              40.13620880887788
            ],
            [
              -107.02865357994501,
              40.18404269010678
            ],
            [
              -107.04449551169294,
              40.21249392044008
            ],
            [
              -107.05300309651412,
              40.24273503484093
            ],
            [
              -107.05431472551392,
              40.2928493536311
            ],
            [
              -107.04457155182484,
              40.329759821120696
            ],
            [
              -107.05397485132973,
              40.36964125391704
            ],
            [
              -107.10475909984206,
              40.39383993346178
            ],
            [
              -107.16247272180082,
              40.444324035598605
            ],
            [
              -107.22849085058162,
              40.456379176600485
            ],
            [
              -107.28439880738034,
              40.47586747975975
            ],
            [
              -107.31658558492616,
              40.4953371318216
            ],
            [
              -107.3542386640429,
              40.532450479792516
            ],
            [
              -107.37088035864643,
              40.56111949955482
            ],
            [
              -107.38158014192629,
              40.60734413570917
            ],
            [
              -107.37957735492594,
              40.66699711479758
            ],
            [
              -107.36566247216878,
              40.702384089069575
            ],
            [
              -107.41223938232821,
              40.72058683518706
            ],
            [
              -107.45719663369422,
              40.75219784355781
            ],
            [
              -107.47754539006722,
              40.7752867836591
            ],
            [
              -107.55085804498064,
              40.83705337575033
            ],
            [
              -107.57190977148129,
              40.86308909368464
            ],
            [
              -107.58935491401331,
              40.90247208021398
            ],
            [
              -107.61556611861168,
              40.92260566244818
            ],
            [
              -107.63908293230305,
              40.949397912961395
            ],
            [
              -107.65516692257273,
              40.979184421648476
            ],
            [
              -107.66317440465765,
              41.010792527042234
            ],
            [
              -107.66277795812876,
              41.042976112091544
            ],
            [
              -107.65364252538465,
              41.078344006425226
            ],
            [
              -107.66452635944887,
              41.09323504497096
            ],
            [
              -107.6958621723663,
              41.10188391762079
            ],
            [
              -107.73112609164828,
              41.117503712214344
            ],
            [
              -107.8016108813428,
              41.16631155558786
            ],
            [
              -107.84541542827529,
              41.1748351615726
            ],
            [
              -107.89864747997754,
              41.19696686477382
            ],
            [
              -107.92863991077947,
              41.217629347480134
            ],
            [
              -107.99215386199697,
              41.282125493716904
            ],
            [
              -108.14300684042092,
              41.51545685733408
            ],
            [
              -108.15692355619822,
              41.543343413526216
            ],
            [
              -108.17051120446543,
              41.59716677226496
            ],
            [
              -108.2191466570144,
              41.67766950793162
            ],
            [
              -108.22719131312536,
              41.70726132178327
            ],
            [
              -108.22615607818702,
              41.752743599084674
            ],
            [
              -108.23209394743682,
              41.77709566188711
            ],
            [
              -108.23650420028513,
              41.842222247301564
            ],
            [
              -108.230127787037,
              41.90215442626934
            ],
            [
              -108.21020606732193,
              41.95353088972721
            ],
            [
              -108.2806284456435,
              42.041385979490265
            ],
            [
              -108.32076169640492,
              42.12569398449503
            ],
            [
              -108.37496362533209,
              42.11785563632907
            ],
            [
              -108.41718184007172,
              42.11900100177468
            ],
            [
              -108.45831511071029,
              42.12618308257116
            ],
            [
              -108.52817817483005,
              42.144950506771124
            ],
            [
              -108.6122258901956,
              42.18349618315343
            ],
            [
              -108.67046771881417,
              42.22502156454532
            ],
            [
              -108.71941569030766,
              42.238532204083526
            ],
            [
              -108.75627653760968,
              42.256579849898806
            ],
            [
              -108.80742810909001,
              42.22885385781391
            ],
            [
              -108.86960722282231,
              42.212919531192426
            ],
            [
              -108.93534044669414,
              42.21145863130058
            ],
            [
              -108.99868782529238,
              42.22460368822037
            ],
            [
              -109.10219904441716,
              42.275984342412826
            ],
            [
              -109.1497344175145,
              42.28717131140387
            ],
            [
              -109.18766139150979,
              42.30351918685584
            ],
            [
              -109.25342795898136,
              42.34928521033306
            ],
            [
              -109.30618201834113,
              42.36378478242358
            ],
            [
              -109.34350342905717,
              42.382428013489985
            ],
            [
              -109.40777824029881,
              42.38549453909876
            ],
            [
              -109.44764290563683,
              42.3949157613807
            ],
            [
              -109.48437193229594,
              42.40978268764533
            ],
            [
              -109.53069849866208,
              42.441060466996845
            ],
            [
              -109.5861759068552,
              42.497539181572435
            ],
            [
              -109.61590853668625,
              42.51537613034998
            ],
            [
              -109.64850403580395,
              42.54476965074243
            ],
            [
              -109.6909486890379,
              42.5633371442123
            ],
            [
              -109.72209491718277,
              42.58475709243756
            ],
            [
              -109.79152408496478,
              42.59307867109579
            ],
            [
              -109.84910169254935,
              42.61479440117758
            ],
            [
              -109.90922845930127,
              42.65745035550604
            ],
            [
              -109.98434063374617,
              42.69528312507401
            ],
            [
              -110.01440392511228,
              42.72106245937222
            ],
            [
              -110.03082729278454,
              42.7421437574009
            ],
            [
              -110.10577848166155,
              42.76941369115989
            ],
            [
              -110.1538470886429,
              42.80256289010978
            ],
            [
              -110.17753612129472,
              42.82987113488013
            ],
            [
              -110.19338796544308,
              42.860100456838595
            ],
            [
              -110.2081845986384,
              42.93741223197493
            ],
            [
              -110.22780817439853,
              42.98223375355841
            ],
            [
              -110.24850825860472,
              43.09172397128283
            ],
            [
              -110.22976095024971,
              43.19013110147876
            ],
            [
              -110.24925384219334,
              43.26419299734073
            ],
            [
              -110.27193862845667,
              43.2945617339304
            ],
            [
              -110.2843970901737,
              43.324877840278205
            ],
            [
              -110.29833514307441,
              43.4186669341733
            ],
            [
              -110.29182325704593,
              43.46494260069552
            ],
            [
              -110.27749689001705,
              43.49421061934645
            ],
            [
              -110.23028543614902,
              43.56048653842357
            ],
            [
              -110.17869167378176,
              43.597186628227576
            ],
            [
              -110.17920097197971,
              43.60913044579083
            ],
            [
              -110.27128024522534,
              43.65719982457801
            ],
            [
              -110.3298697241202,
              43.663751091602755
            ],
            [
              -110.38533456415605,
              43.682192239670634
            ],
            [
              -110.41617215015687,
              43.677615309267274
            ],
            [
              -110.49480927064977,
              43.67545968252703
            ],
            [
              -110.56102402829478,
              43.681521581680336
            ],
            [
              -110.60251878052651,
              43.69337159254715
            ],
            [
              -110.64320946395105,
              43.71304153647234
            ],
            [
              -110.68733483946734,
              43.728038205646264
            ],
            [
              -110.72266903864221,
              43.74752050005459
            ],
            [
              -110.81357601840541,
              43.81842547258232
            ],
            [
              -110.8444721937149,
              43.858407333410575
            ],
            [
              -110.85857122327853,
              43.902366331415806
            ],
            [
              -110.88324040424229,
              43.93046986005655
            ],
            [
              -110.93130839207294,
              43.91548812627818
            ],
            [
              -111.01969129650116,
              43.897394307320326
            ],
            [
              -111.2027334433649,
              43.88793240751814
            ],
            [
              -111.30767360329807,
              43.89991392772187
            ],
            [
              -111.34915616059318,
              43.91114413970315
            ],
            [
              -111.3867917195768,
              43.92804239890016
            ],
            [
              -111.41911540434562,
              43.94995246258983
            ],
            [
              -111.45709428976356,
              43.99427415613046
            ],
            [
              -111.49958865288835,
              44.02726761802413
            ],
            [
              -111.5288329542506,
              44.069782335710705
            ],
            [
              -111.53824762479202,
              44.10075025920509
            ],
            [
              -111.53911647664705,
              44.13244661159827
            ],
            [
              -111.53139266596281,
              44.163657386165376
            ],
            [
              -111.5091738667539,
              44.20096285458613
            ],
            [
              -111.53464326673334,
              44.26531163825656
            ],
            [
              -111.53449806254191,
              44.30668461495863
            ],
            [
              -111.5675672208943,
              44.33776631855424
            ],
            [
              -111.58551262296258,
              44.36571472406711
            ],
            [
              -111.5957794131558,
              44.39559251012617
            ],
            [
              -111.5971720497299,
              44.432694744612334
            ],
            [
              -111.63580742746409,
              44.427233015576974
            ],
            [
              -111.69696843794533,
              44.426439334462714
            ],
            [
              -111.83211817948022,
              44.43277045188913
            ],
            [
              -111.88507335379974,
              44.44390777604099
            ],
            [
              -111.95397687947553,
              44.42954958802361
            ],
            [
              -112.02526781432057,
              44.42498861910679
            ],
            [
              -112.09800603389415,
              44.425729508729226
            ],
            [
              -112.21180585636542,
              44.44762669523016
            ],
            [
              -112.24963359342675,
              44.461654170015635
            ],
            [
              -112.29288348017555,
              44.48779367233678
            ],
            [
              -112.3452806398811,
              44.48738112304118
            ],
            [
              -112.4360892634274,
              44.49467444054984
            ],
            [
              -112.54937391185378,
              44.472753659482976
            ],
            [
              -112.5962394806614,
              44.469740121701875
            ],
            [
              -112.63735346312349,
              44.429153232912114
            ],
            [
              -112.67242104425581,
              44.40857371778015
            ],
            [
              -112.71249270237553,
              44.39341306105035
            ],
            [
              -112.75596317567371,
              44.384277065269664
            ],
            [
              -112.82372051853474,
              44.38259736038902
            ],
            [
              -112.85851155821439,
              44.3862506612142
            ],
            [
              -112.89994590022415,
              44.39570138504791
            ],
            [
              -113.0028557856057,
              44.43999832650338
            ],
            [
              -113.09438994969277,
              44.46172795567652
            ],
            [
              -113.14987525330774,
              44.49043791771236
            ],
            [
              -113.1790792702908,
              44.5156468862488
            ],
            [
              -113.20822294380953,
              44.560006717475034
            ],
            [
              -113.21670422951136,
              44.59218564422023
            ],
            [
              -113.2171997132458,
              44.621261422369464
            ],
            [
              -113.25038012984436,
              44.6723655041223
            ],
            [
              -113.26254387858059,
              44.72271020457998
            ],
            [
              -113.25913299220348,
              44.77567965285608
            ],
            [
              -113.23437326361446,
              44.8319168400158
            ],
            [
              -113.25153282982137,
              44.872973682301385
            ],
            [
              -113.25054469409116,
              44.92537524023706
            ],
            [
              -113.26773767580295,
              44.951016241756896
            ],
            [
              -113.27912984917187,
              44.98269493411607
            ],
            [
              -113.2883875792616,
              45.102658200335824
            ],
            [
              -113.28117255871281,
              45.15067705390817
            ],
            [
              -113.33219784220962,
              45.215468214764776
            ],
            [
              -113.35043933835941,
              45.26257389772115
            ],
            [
              -113.35363014308956,
              45.35907733971709
            ],
            [
              -113.34647962907351,
              45.415055602086866
            ],
            [
              -113.35134877251258,
              45.45459820803061
            ],
            [
              -113.33712310985327,
              45.53607567683227
            ],
            [
              -113.34340026220728,
              45.57851194812758
            ],
            [
              -113.3379644487716,
              45.60873954299756
            ],
            [
              -113.29488775638423,
              45.68571972909685
            ],
            [
              -113.27789646167385,
              45.739603186640636
            ],
            [
              -113.19846455106281,
              45.83710559676877
            ],
            [
              -113.12815366231257,
              45.90027541775473
            ],
            [
              -113.09401541623171,
              45.92208876807699
            ],
            [
              -113.05314476055024,
              45.93906073921726
            ],
            [
              -113.0391986963644,
              45.95012542842093
            ],
            [
              -113.01409167631766,
              45.9847230413113
            ],
            [
              -112.96997296738168,
              46.02150926455298
            ],
            [
              -112.91226733912599,
              46.04764902483886
            ],
            [
              -112.86872168978493,
              46.05797431780875
            ],
            [
              -112.83798078703094,
              46.061281568148985
            ],
            [
              -112.83062894347016,
              46.10806536543219
            ],
            [
              -112.80506750100555,
              46.1504186939719
            ],
            [
              -112.77888116966763,
              46.17511862387984
            ],
            [
              -112.7301127571913,
              46.20373641959174
            ],
            [
              -112.67615066297294,
              46.2467814667371
            ],
            [
              -112.64180005769805,
              46.313923847417016
            ],
            [
              -112.61692348242109,
              46.3416262027911
            ],
            [
              -112.58450505144292,
              46.36530193798149
            ],
            [
              -112.54586061987015,
              46.38398331075871
            ],
            [
              -112.48618150528061,
              46.406042927326745
            ],
            [
              -112.4480838254093,
              46.41463483132455
            ],
            [
              -112.43127916059348,
              46.46663272158341
            ],
            [
              -112.46757641928978,
              46.48008050817372
            ],
            [
              -112.50356720010964,
              46.500343838580996
            ],
            [
              -112.5450592458462,
              46.53886967903622
            ],
            [
              -112.56280170829251,
              46.56851148043915
            ],
            [
              -112.57251554414526,
              46.6192823812128
            ],
            [
              -112.58759326546438,
              46.65156188654838
            ],
            [
              -112.61383116922758,
              46.67911282404847
            ],
            [
              -112.6401441221191,
              46.71600451017647
            ],
            [
              -112.73132936912636,
              46.73433931024436
            ],
            [
              -112.79312251135016,
              46.76130607351764
            ],
            [
              -112.82631706432154,
              46.78600353259896
            ],
            [
              -112.90255997494656,
              46.86105515039189
            ],
            [
              -112.95712749143247,
              46.858400111337566
            ],
            [
              -113.0001101251033,
              46.83993972487305
            ],
            [
              -113.06583527434556,
              46.82588190762201
            ],
            [
              -113.13466373925844,
              46.825412317063694
            ],
            [
              -113.2007781991908,
              46.83856942778833
            ],
            [
              -113.25858590029023,
              46.8642396919397
            ],
            [
              -113.30555938256182,
              46.899774354313585
            ],
            [
              -113.34204343392757,
              46.939034317277326
            ],
            [
              -113.3598436299634,
              46.97335863445226
            ],
            [
              -113.43686450458169,
              46.99968008933311
            ],
            [
              -113.48203846177783,
              47.02827804358958
            ],
            [
              -113.54386288443071,
              47.03695642005576
            ],
            [
              -113.5855742819325,
              47.050253592774986
            ],
            [
              -113.6227558694371,
              47.06880482586654
            ],
            [
              -113.65400659361471,
              47.091913290596004
            ],
            [
              -113.67814382018102,
              47.11871018466301
            ],
            [
              -113.69424812851577,
              47.1481868104245
            ],
            [
              -113.7016990203759,
              47.17923199602568
            ],
            [
              -113.69826953814906,
              47.21796067013936
            ],
            [
              -113.71061808481717,
              47.24134749961261
            ],
            [
              -113.74091207665293,
              47.26475478438829
            ],
            [
              -113.7627568503687,
              47.290045636581056
            ],
            [
              -113.80865389872721,
              47.30721208351185
            ],
            [
              -113.86341299435394,
              47.344289081453596
            ],
            [
              -113.89942012167492,
              47.357059452194505
            ],
            [
              -113.96900698241784,
              47.39451722843539
            ],
            [
              -113.99929814743611,
              47.41870650981599
            ],
            [
              -114.02206993131303,
              47.446441184087334
            ],
            [
              -114.04027801374765,
              47.49233554114681
            ],
            [
              -114.0385161599656,
              47.54543918152644
            ],
            [
              -114.04352886247487,
              47.562161688631235
            ],
            [
              -114.06626631430507,
              47.5828467457297
            ],
            [
              -114.08836446895168,
              47.61245669050608
            ],
            [
              -114.1152324579092,
              47.672266834827745
            ],
            [
              -114.11508347367997,
              47.72038573110349
            ],
            [
              -114.09514568995802,
              47.76600299816668
            ],
            [
              -114.09932380167635,
              47.79545767476554
            ],
            [
              -114.11715393607716,
              47.8321658169452
            ],
            [
              -114.15106135617806,
              47.85927711173767
            ],
            [
              -114.17557405452979,
              47.885564520331975
            ],
            [
              -114.19439493483242,
              47.92100244699236
            ],
            [
              -114.21968682459428,
              47.94681164770038
            ],
            [
              -114.25598859012668,
              48.0000064988425
            ],
            [
              -114.27028280138494,
              48.04666177393281
            ],
            [
              -114.26738612437028,
              48.08566057511384
            ],
            [
              -114.29864836684139,
              48.10571183924161
            ],
            [
              -114.3472064730599,
              48.1520491273611
            ],
            [
              -114.40931792281278,
              48.26035452248834
            ],
            [
              -114.45800474019988,
              48.27404059932613
            ],
            [
              -114.5144100025948,
              48.303178056307495
            ],
            [
              -114.54387871317319,
              48.32817350038464
            ],
            [
              -114.56605554060982,
              48.35770141809907
            ],
            [
              -114.60444777498617,
              48.379550140409755
            ],
            [
              -114.63419523089748,
              48.405065670021784
            ],
            [
              -114.6557571681699,
              48.43400551921089
            ],
            [
              -114.68217027428084,
              48.49674592170747
            ],
            [
              -114.75725034062438,
              48.56405940147339
            ],
            [
              -114.81564908500941,
              48.6509837144098
            ],
            [
              -114.86679271178376,
              48.63668430984209
            ],
            [
              -114.9356493541343,
              48.63033977374582
            ],
            [
              -115.00441482666689,
              48.637091764780955
            ],
            [
              -115.07668277757695,
              48.656537095454546
            ],
            [
              -115.1350730580751,
              48.68483695969429
            ],
            [
              -115.1866390638933,
              48.7298513998399
            ],
            [
              -115.24486448280358,
              48.76812743110561
            ],
            [
              -115.27057837845929,
              48.79612208520425
            ],
            [
              -115.30396482052615,
              48.84118736371154
            ],
            [
              -115.32597867421141,
              48.88637042721819
            ],
            [
              -115.33128858101595,
              48.92052793831335
            ],
            [
              -115.32947079446203,
              49.00947622844287
            ],
            [
              -115.31074476294181,
              49.056507774403194
            ],
            [
              -115.26714769761166,
              49.1116538954564
            ],
            [
              -115.23990692369118,
              49.13829001759714
            ],
            [
              -115.20856804855025,
              49.15885404216404
            ],
            [
              -115.20105539823803,
              49.2122240207585
            ],
            [
              -115.17695744872282,
              49.25805442384011
            ],
            [
              -115.23338150621001,
              49.31804638702495
            ],
            [
              -115.27254547351777,
              49.37105584555133
            ],
            [
              -115.30211732542489,
              49.42936032115916
            ],
            [
              -115.31365529297878,
              49.47885281974058
            ],
            [
              -115.30432296233698,
              49.552684010335916
            ],
            [
              -115.33609637577015,
              49.568186465964935
            ],
            [
              -115.3698181784541,
              49.59224909800056
            ],
            [
              -115.40492167636548,
              49.635307406070105
            ],
            [
              -115.41870801859422,
              49.6832039814399
            ],
            [
              -115.40981994660991,
              49.73169204085704
            ],
            [
              -115.4178345140478,
              49.775253144694005
            ],
            [
              -115.41282357389655,
              49.80645805966916
            ],
            [
              -115.39968378070866,
              49.83446485313849
            ],
            [
              -115.39022438576497,
              49.89005960839306
            ],
            [
              -115.3965343126443,
              49.96017207761593
            ],
            [
              -115.36041781444321,
              50.06861402783893
            ],
            [
              -115.34379000500238,
              50.09983016421937
            ],
            [
              -115.33645987990447,
              50.14006325138033
            ],
            [
              -115.32058833535032,
              50.169583718555515
            ],
            [
              -115.29614640628436,
              50.19658653161023
            ],
            [
              -115.26403798646048,
              50.220057482596204
            ],
            [
              -115.2292440558725,
              50.237426051970445
            ],
            [
              -115.21677633905752,
              50.26908189470137
            ],
            [
              -115.18973265808447,
              50.30689959786624
            ],
            [
              -115.17638813109176,
              50.35455178416325
            ],
            [
              -115.17855760435499,
              50.38730484945738
            ],
            [
              -115.19204949885383,
              50.40906980025004
            ],
            [
              -115.25091203084283,
              50.43967025061707
            ],
            [
              -115.28151365823196,
              50.46505506849957
            ],
            [
              -115.30369764876264,
              50.49379008433988
            ],
            [
              -115.31517333350868,
              50.52053820602395
            ],
            [
              -115.34423398727564,
              50.551821865000036
            ],
            [
              -115.36090914769488,
              50.58558716685476
            ],
            [
              -115.52083197452131,
              50.70523590287689
            ],
            [
              -115.54926460295106,
              50.73152111490291
            ],
            [
              -115.56903632451952,
              50.76083531598948
            ],
            [
              -115.60205331214179,
              50.829199315661505
            ],
            [
              -115.60778323708982,
              50.8717981365515
            ],
            [
              -115.60131819508258,
              50.9062708125945
            ],
            [
              -115.63380810943389,
              50.934139327946546
            ],
            [
              -115.65166757843548,
              50.958391022591776
            ],
            [
              -115.69703371495575,
              50.98186271489703
            ],
            [
              -115.72838848900348,
              51.00704704543731
            ],
            [
              -115.75128132989387,
              51.035634910456935
            ],
            [
              -115.76257777533253,
              51.06023624706416
            ]
          ]
        ]
      }
    }
  ]
}
