{
  "type": "FeatureCollection",
  "features": [
    {
      "type": "Feature",
      "geometry": {
        "type": "Polygon",
        "coordinates": [
          [
            [
              -115.25574797863821,
              48.779475706683094
            ],
            [
              -115.30109345498211,
              48.83935528275231
            ],
            [
              -115.32332248316946,
              48.885211028898254
            ],
            [
              -115.32878151529928,
              48.92062189549275
            ],
            [
              -115.3268936891342,
              49.00968165774387
            ],
            [
              -115.31703031564525,
              49.04168041188133
            ],
            [
              -115.29793165356124,
              49.07172530904565
            ],
            [
              -115.25321780064311,
              49.12581540353061
            ],
            [
              -115.2059711873542,
              49.1612519655222
            ],
            [
              -115.19802566178458,
              49.21349906794736
            ],
            [
              -115.17566746343847,
              49.25741739852476
            ],
            [
              -115.22948815794753,
              49.31532592147185
            ],
            [
              -115.26883197120156,
              49.36867166517749
            ],
            [
              -115.29852637175837,
              49.4273179533691
            ],
            [
              -115.31048691894087,
              49.47899536081123
            ],
            [
              -115.30192455871624,
              49.550074244678115
            ],
            [
              -115.36136698754834,
              49.58559220384964
            ],
            [
              -115.38704490448875,
              49.611794911369394
            ],
            [
              -115.40484648187523,
              49.64078879980665
            ],
            [
              -115.41542710881764,
              49.687194694637796
            ],
            [
              -115.40661473157408,
              49.731901226396175
            ],
            [
              -115.41431224820754,
              49.775344548900506
            ],
            [
              -115.40904306108345,
              49.80805003779507
            ],
            [
              -115.39610037908677,
              49.83588578602967
            ],
            [
              -115.38665159051143,
              49.89021603333781
            ],
            [
              -115.39413546036218,
              49.9374173422232
            ],
            [
              -115.39178371296786,
              49.965906573257264
            ],
            [
              -115.35618788130795,
              50.07056830695373
            ],
            [
              -115.33971862036722,
              50.101767377891306
            ],
            [
              -115.33254836970559,
              50.14090513436877
            ],
            [
              -115.31703263794,
              50.17078853423925
            ],
            [
              -115.29321005505555,
              50.19814831879378
            ],
            [
              -115.26195143038804,
              50.22197160173522
            ],
            [
              -115.22412487136438,
              50.24148126556219
            ],
            [
              -115.21182901430424,
              50.27204876471362
            ],
            [
              -115.18527682378232,
              50.30924487006701
            ],
            [
              -115.17229630894029,
              50.35593077279858
            ],
            [
              -115.17427109786377,
              50.385996794919286
            ],
            [
              -115.18559597139671,
              50.404473664919884
            ],
            [
              -115.24509107219265,
              50.43553413861848
            ],
            [
              -115.27619505687602,
              50.461670887711904
            ],
            [
              -115.29877926473027,
              50.49142176316978
            ],
            [
              -115.30970274596444,
              50.516834477831516
            ],
            [
              -115.33889294885356,
              50.54875867125532
            ],
            [
              -115.35544093572777,
              50.58155350295179
            ],
            [
              -115.51382180213746,
              50.7002988447219
            ],
            [
              -115.54301780874667,
              50.727388029892666
            ],
            [
              -115.56344162118857,
              50.75780118926159
            ],
            [
              -115.59673794439165,
              50.82704565853828
            ],
            [
              -115.60286176312552,
              50.85721733897266
            ],
            [
              -115.59711432638196,
              50.90318607448723
            ],
            [
              -115.62731563976502,
              50.92990792924373
            ],
            [
              -115.64459082803432,
              50.95331205472569
            ],
            [
              -115.69403455059178,
              50.97964012582494
            ],
            [
              -115.72472873196267,
              51.00571382559226
            ],
            [
              -115.80176631226377,
              51.11572000236252
            ],
            [
              -115.8106722711213,
              51.14764427188129
            ],
            [
              -115.80995746021146,
              51.18010578294672
            ],
            [
              -115.79097565414256,
              51.2270816279398
            ],
            [
              -115.76707190403762,
              51.255495074648394
            ],
            [
              -115.71661187785377,
              51.29102534899349
            ],
            [
              -115.67511909867021,
              51.30864886434745
            ],
            [
              -115.62917760590729,
              51.32059602705685
            ],
            [
              -115.58056374149795,
              51.32640320702484
            ],
            [
              -115.53115962382246,
              51.325844917993784
            ],
            [
              -115.48287868424802,
              51.318942841358904
            ],
            [
              -115.43758985393517,
              51.305964957918405
            ],
            [
              -115.39704366809526,
              51.28741482644618
            ],
            [
              -115.36280344834324,
              51.26401148765407
            ],
            [
              -115.31473026019633,
              51.21607879542621
            ],
            [
              -115.22913591516361,
              51.162525916742005
            ],
            [
              -115.19298487859704,
              51.11790309052277
            ],
            [
              -115.14822906167936,
              51.0959913223903
            ],
            [
              -115.11501158991616,
              51.07079751544632
            ],
            [
              -115.0901605338925,
              51.041721378329676
            ],
            [
              -115.07065877557834,
              50.993458427314614
            ],
            [
              -115.06967362854324,
              50.91049781780613
            ],
            [
              -115.08093245898144,
              50.8750064021797
            ],
            [
              -115.06891466129422,
              50.86587408256538
            ],
            [
              -115.02683685653155,
              50.856216786674956
            ],
            [
              -114.96805298196692,
              50.832015651285346
            ],
            [
              -114.93222718889928,
              50.81098030897978
            ],
            [
              -114.90315213735846,
              50.785809657822846
            ],
            [
              -114.87444605590794,
              50.742367620388976
            ],
            [
              -114.86625766461314,
              50.711172690940266
            ],
            [
              -114.86695372419054,
              50.68203896735143
            ],
            [
              -114.83623037850612,
              50.64386904882714
            ],
            [
              -114.80671793607587,
              50.623114922373155
            ],
            [
              -114.74608420674546,
              50.56074962902533
            ],
            [
              -114.72151096508236,
              50.526650140949016
            ],
            [
              -114.67634594769048,
              50.43671533581942
            ],
            [
              -114.66996156190665,
              50.40344227181742
            ],
            [
              -114.67522201611003,
              50.36609058127893
            ],
            [
              -114.67084905269535,
              50.295431437218554
            ],
            [
              -114.68132165404114,
              50.26319607854832
            ],
            [
              -114.71983399933903,
              50.191157360537396
            ],
            [
              -114.67759014809688,
              50.09175730443175
            ],
            [
              -114.67767292056786,
              50.04315457557572
            ],
            [
              -114.68961877346094,
              50.01168560375649
            ],
            [
              -114.71057393460049,
              49.98239303452191
            ],
            [
              -114.75701056846056,
              49.944980672790365
            ],
            [
              -114.8177375263777,
              49.91822442566171
            ],
            [
              -114.89283416118256,
              49.90121105584676
            ],
            [
              -114.89854872601379,
              49.84592797016066
            ],
            [
              -114.89632398371528,
              49.797393915430604
            ],
            [
              -114.90920492942088,
              49.76139406195636
            ],
            [
              -114.8632173807291,
              49.721014358678914
            ],
            [
              -114.78276118005958,
              49.612664963186326
            ],
            [
              -114.77085182341865,
              49.5728466436082
            ],
            [
              -114.77098475156038,
              49.53932314652866
            ],
            [
              -114.78125909429325,
              49.5065202765019
            ],
            [
              -114.79664313317669,
              49.48198002172128
            ],
            [
              -114.79084915828028,
              49.469886746020585
            ],
            [
              -114.7750285841585,
              49.45757387782285
            ],
            [
              -114.70871940221187,
              49.457509442284405
            ],
            [
              -114.65979736449964,
              49.45130677591013
            ],
            [
              -114.61377523129732,
              49.43857223769874
            ],
            [
              -114.57156660729795,
              49.41921259848519
            ],
            [
              -114.47842701083837,
              49.40096711170638
            ],
            [
              -114.41738702251189,
              49.37788911611233
            ],
            [
              -114.36865015396019,
              49.34411828371138
            ],
            [
              -114.27265970041037,
              49.233928835074934
            ],
            [
              -114.25741324294374,
              49.20514704244703
            ],
            [
              -114.25001478056468,
              49.1596763845454
            ],
            [
              -114.2790692982831,
              49.05931058828195
            ],
            [
              -114.25258836896998,
              49.04709255715103
            ],
            [
              -114.21687805299423,
              49.02336775264544
            ],
            [
              -114.16200035921716,
              48.96747597910756
            ],
            [
              -114.12123626303645,
              48.887038852218794
            ],
            [
              -114.1124141952774,
              48.838372857498356
            ],
            [
              -114.12331236643588,
              48.781099955633024
            ],
            [
              -114.14917935459113,
              48.73643869354423
            ],
            [
              -114.19302462074366,
              48.6987604875036
            ],
            [
              -114.23043240351606,
              48.67914267554082
            ],
            [
              -114.26583470999735,
              48.66688259725748
            ],
            [
              -114.23337789141632,
              48.626864119930424
            ],
            [
              -114.21755087493186,
              48.589752792421876
            ],
            [
              -114.18198628467509,
              48.563736632938856
            ],
            [
              -114.12131723401964,
              48.549151409371824
            ],
            [
              -114.04269667430347,
              48.518497305699476
            ],
            [
              -114.00635728526993,
              48.498335454934704
            ],
            [
              -113.9764897092872,
              48.473774048799164
            ],
            [
              -113.95422378211745,
              48.44574986086919
            ],
            [
              -113.93463048330115,
              48.40563600488057
            ],
            [
              -113.92767173777492,
              48.356140311245
            ],
            [
              -113.91697025505977,
              48.32677361006788
            ],
            [
              -113.82789898300774,
              48.26178258766645
            ],
            [
              -113.78871099545077,
              48.21986706593504
            ],
            [
              -113.76988260836687,
              48.17187997681284
            ],
            [
              -113.76923827110843,
              48.121688612387544
            ],
            [
              -113.77468522238665,
              48.09945894569437
            ],
            [
              -113.73679944393888,
              48.058683304801804
            ],
            [
              -113.71033227527519,
              48.04196619568499
            ],
            [
              -113.68187075900651,
              48.01589043405194
            ],
            [
              -113.63663125528194,
              47.936620165333125
            ],
            [
              -113.61538980345222,
              47.84973843159119
            ],
            [
              -113.618290162542,
              47.803522502215934
            ],
            [
              -113.6088042066878,
              47.76818782216537
            ],
            [
              -113.60917868551917,
              47.73306467858698
            ],
            [
              -113.59390482302753,
              47.70517323425483
            ],
            [
              -113.57749318321964,
              47.65362709941253
            ],
            [
              -113.55275907303128,
              47.612048384105684
            ],
            [
              -113.52717770856663,
              47.5956024338304
            ],
            [
              -113.4708117785514,
              47.576771174152945
            ],
            [
              -113.4332387881866,
              47.558470994184326
            ],
            [
              -113.36342127747581,
              47.50071814298445
            ],
            [
              -113.32999570133519,
              47.45710772159025
            ],
            [
              -113.30426242103098,
              47.43820111709878
            ],
            [
              -113.27991174972543,
              47.41243651668447
            ],
            [
              -113.26305124701976,
              47.383989553904904
            ],
            [
              -113.25466700735173,
              47.35566527564252
            ],
            [
              -113.21582511901431,
              47.299353265278945
            ],
            [
              -113.18580725997843,
              47.28574627576355
            ],
            [
              -113.12252053669695,
              47.2862967226223
            ],
            [
              -113.05719322536963,
              47.273921184177404
            ],
            [
              -112.99968166142713,
              47.249286714416456
            ],
            [
              -112.95649385962896,
              47.21610314636244
            ],
            [
              -112.87801602050826,
              47.21821651343223
            ],
            [
              -112.79411562743846,
              47.2100527639419
            ],
            [
              -112.71404564992567,
              47.18978853234462
            ],
            [
              -112.63628842677787,
              47.15732390938108
            ],
            [
              -112.53978891431761,
              47.09301637694347
            ],
            [
              -112.46970421106091,
              47.031393055053634
            ],
            [
              -112.35251169533728,
              46.99752038263393
            ],
            [
              -112.27411695095802,
              46.9621715583481
            ],
            [
              -112.19735213712282,
              46.91679458165463
            ],
            [
              -112.17173516622364,
              46.89213333144798
            ],
            [
              -112.15321301492281,
              46.864609455063814
            ],
            [
              -112.13701715773111,
              46.82027392887773
            ],
            [
              -112.12491072620638,
              46.76623015934441
            ],
            [
              -112.08521009520611,
              46.769699563953864
            ],
            [
              -112.03986569758409,
              46.767745089242474
            ],
            [
              -111.99592295014958,
              46.7597653247652
            ],
            [
              -111.91976126790895,
              46.73711660510971
            ],
            [
              -111.88389360567712,
              46.71856963769172
            ],
            [
              -111.85378421986462,
              46.69563572992358
            ],
            [
              -111.83052787935168,
              46.66915454316927
            ],
            [
              -111.81496559383702,
              46.640094309936664
            ],
            [
              -111.80765480428389,
              46.609515959400106
            ],
            [
              -111.8088504014463,
              46.57853404199577
            ],
            [
              -111.82376657829525,
              46.531734162559836
            ],
            [
              -111.84347420996794,
              46.50106610275014
            ],
            [
              -111.84083510455343,
              46.47789356433057
            ],
            [
              -111.84536538743168,
              46.446238622690366
            ],
            [
              -111.86847766194477,
              46.40141672348143
            ],
            [
              -111.90925212059163,
              46.36317888956689
            ],
            [
              -111.9903649457955,
              46.3191127820144
            ],
            [
              -112.0098394171223,
              46.278336070554396
            ],
            [
              -112.02259815377916,
              46.23280923848525
            ],
            [
              -112.05040245915652,
              46.19101997128803
            ],
            [
              -112.0757402641985,
              46.16641001800431
            ],
            [
              -112.10717715200207,
              46.145508870359635
            ],
            [
              -112.1436175995757,
              46.129040725827615
            ],
            [
              -112.23346214939929,
              46.10422764636605
            ],
            [
              -112.24859228661333,
              46.08415449238478
            ],
            [
              -112.28042744691389,
              46.05607055663828
            ],
            [
              -112.24646336307313,
              45.99742889535598
            ],
            [
              -112.23593455722109,
              45.92420324346898
            ],
            [
              -112.22296148934512,
              45.88768388520196
            ],
            [
              -112.22139038420342,
              45.85681864392436
            ],
            [
              -112.22820547486877,
              45.82630737178504
            ],
            [
              -112.24314846428528,
              45.79725600297199
            ],
            [
              -112.26566816495038,
              45.77071591128403
            ],
            [
              -112.29798541278582,
              45.745845614996085
            ],
            [
              -112.32314921112238,
              45.70828766778196
            ],
            [
              -112.3685493080671,
              45.67207255272773
            ],
            [
              -112.40641367728325,
              45.65385771300853
            ],
            [
              -112.49300241424639,
              45.631513366517815
            ],
            [
              -112.53895185783388,
              45.62491697157476
            ],
            [
              -112.58584959605864,
              45.62496415767081
            ],
            [
              -112.65377490422529,
              45.637412784930035
            ],
            [
              -112.69473392762274,
              45.65346788042668
            ],
            [
              -112.73721835569337,
              45.67973693183003
            ],
            [
              -112.78775060054384,
              45.650110942679134
            ],
            [
              -112.81770597451562,
              45.638447722939
            ],
            [
              -112.84602887582142,
              45.60626433719758
            ],
            [
              -112.8580345475698,
              45.579016459336955
            ],
            [
              -112.8526465217595,
              45.55142539235503
            ],
            [
              -112.85929848105891,
              45.5047470448405
            ],
            [
              -112.85477708154839,
              45.479532471363775
            ],
            [
              -112.85735376931487,
              45.44810577186459
            ],
            [
              -112.86851538536744,
              45.41762535987358
            ],
            [
              -112.88831806416327,
              45.38704166043599
            ],
            [
              -112.89404699213443,
              45.3453934508043
            ],
            [
              -112.8583518726337,
              45.32626358637116
            ],
            [
              -112.82873003419205,
              45.30269205611753
            ],
            [
              -112.79779971396694,
              45.260905300142085
            ],
            [
              -112.78730880948466,
              45.23030397964356
            ],
            [
              -112.7836503987647,
              45.15322856116668
            ],
            [
              -112.7921940673751,
              45.122022737719675
            ],
            [
              -112.8072496107433,
              45.09554456804723
            ],
            [
              -112.76858797179239,
              45.05159850901659
            ],
            [
              -112.7558003920107,
              45.021971669673626
            ],
            [
              -112.75123720647242,
              44.99116592834347
            ],
            [
              -112.76007062695875,
              44.94522096660813
            ],
            [
              -112.78273971935806,
              44.908136819500996
            ],
            [
              -112.77413715370706,
              44.85604261613644
            ],
            [
              -112.71723907011611,
              44.86737703731373
            ],
            [
              -112.64995403725997,
              44.86694767613919
            ],
            [
              -112.58579329247283,
              44.85259330241588
            ],
            [
              -112.53783215971424,
              44.83004023441552
            ],
            [
              -112.47534790669073,
              44.83147398795095
            ],
            [
              -112.36364557808729,
              44.820415960841544
            ],
            [
              -112.322449223246,
              44.839979282649225
            ],
            [
              -112.25947767043027,
              44.85528135238053
            ],
            [
              -112.12247308870987,
              44.857012627015266
            ],
            [
              -112.0580398406973,
              44.845129615441714
            ],
            [
              -112.0190006169258,
              44.830037320272204
            ],
            [
              -111.98485385164216,
              44.809851633540134
            ],
            [
              -111.94620008714182,
              44.772494455520985
            ],
            [
              -111.8919132382069,
              44.77399965439539
            ],
            [
              -111.74883693481505,
              44.76199522212659
            ],
            [
              -111.7073572158466,
              44.77284408914724
            ],
            [
              -111.6631358257798,
              44.777793792109776
            ],
            [
              -111.61840383629247,
              44.77649669869726
            ],
            [
              -111.54723881433276,
              44.76503541748224
            ],
            [
              -111.5019536474652,
              44.775838890362074
            ],
            [
              -111.4338299090823,
              44.77904202655225
            ],
            [
              -111.38899891381583,
              44.77308567505535
            ],
            [
              -111.30553954240014,
              44.752713590294846
            ],
            [
              -111.26384560979392,
              44.73659487317136
            ],
            [
              -111.22778835255377,
              44.714679933681765
            ],
            [
              -111.18617731481447,
              44.682403613347255
            ],
            [
              -111.15503354512217,
              44.64411325593156
            ],
            [
              -111.10915933858436,
              44.62299926304113
            ],
            [
              -111.07824914660178,
              44.600459415998266
            ],
            [
              -111.04483883003248,
              44.55976435738093
            ],
            [
              -111.02938001351968,
              44.513944246795724
            ],
            [
              -111.02974667531676,
              44.4824704056741
            ],
            [
              -111.04624179046986,
              44.4368447045387
            ],
            [
              -111.07878392876304,
              44.39815951060531
            ],
            [
              -111.066574916234,
              44.339343255010675
            ],
            [
              -111.07531526516836,
              44.290946250565696
            ],
            [
              -111.05627575458531,
              44.249209562725895
            ],
            [
              -110.96428738564073,
              44.282153304131214
            ],
            [
              -110.92101315788695,
              44.29103808487712
            ],
            [
              -110.87612611433858,
              44.29361153931282
            ],
            [
              -110.76268762685808,
              44.29103096293778
            ],
            [
              -110.71848756191459,
              44.28254517360597
            ],
            [
              -110.68292217121783,
              44.27002614570576
            ],
            [
              -110.62116506206762,
              44.26664027581573
            ],
            [
              -110.57816539570011,
              44.257003190333556
            ],
            [
              -110.53871255582868,
              44.24145473897398
            ],
            [
              -110.50438057884725,
              44.22061693672499
            ],
            [
              -110.46540163989832,
              44.18131404341265
            ],
            [
              -110.44926093590402,
              44.15127269072181
            ],
            [
              -110.44178126162055,
              44.119540228680385
            ],
            [
              -110.44324794458143,
              44.08737894857957
            ],
            [
              -110.4526326741389,
              44.058432371242105
            ],
            [
              -110.4239863957967,
              44.017190836525025
            ],
            [
              -110.41556610749612,
              44.01148987746141
            ],
            [
              -110.36606001822138,
              44.01281283676634
            ],
            [
              -110.32520498147643,
              44.02086368276459
            ],
            [
              -110.28039730531789,
              44.02390472617827
            ],
            [
              -110.21384859167662,
              44.016393740497946
            ],
            [
              -110.15340713394514,
              43.99509395427517
            ],
            [
              -110.11394018473987,
              43.97060066713254
            ],
            [
              -110.066241246108,
              43.95332548630784
            ],
            [
              -110.01119223378825,
              43.921594143270426
            ],
            [
              -109.96972030809607,
              43.90996344985607
            ],
            [
              -109.90071722098835,
              43.89758867872403
            ],
            [
              -109.86084721611013,
              43.88166980811666
            ],
            [
              -109.82629641375617,
              43.86029438145872
            ],
            [
              -109.78748323085684,
              43.819989136040384
            ],
            [
              -109.75065212577063,
              43.75003093131757
            ],
            [
              -109.73020902533986,
              43.73156065605201
            ],
            [
              -109.70933724585154,
              43.70353192750618
            ],
            [
              -109.68951966627297,
              43.655884094832615
            ],
            [
              -109.68428472077952,
              43.62376123102409
            ],
            [
              -109.68805523846487,
              43.59153411064264
            ],
            [
              -109.71186120082035,
              43.5226174924804
            ],
            [
              -109.7010373625231,
              43.47352703651522
            ],
            [
              -109.71049539638383,
              43.426990779804285
            ],
            [
              -109.7247902377219,
              43.39440346135254
            ],
            [
              -109.74563985204318,
              43.36601363137341
            ],
            [
              -109.77385050309658,
              43.34117061383635
            ],
            [
              -109.8021083114202,
              43.324150855810004
            ],
            [
              -109.80326857612299,
              43.306177186292544
            ],
            [
              -109.79549914604877,
              43.27929956615024
            ],
            [
              -109.7761749437178,
              43.246048242442725
            ],
            [
              -109.76838195309234,
              43.21617046060258
            ],
            [
              -109.77630133071203,
              43.13462587934085
            ],
            [
              -109.7878077312712,
              43.1059012019261
            ],
            [
              -109.80186667317713,
              43.08505862990301
            ],
            [
              -109.79597932732406,
              43.058026292730915
            ],
            [
              -109.77965862306617,
              43.0305525388735
            ],
            [
              -109.69367558473091,
              42.976331806182586
            ],
            [
              -109.66773959873203,
              42.95223115298738
            ],
            [
              -109.6458039520838,
              42.91916473101617
            ],
            [
              -109.61098275742738,
              42.9195463841873
            ],
            [
              -109.56988801394617,
              42.91459717940011
            ],
            [
              -109.48455452733829,
              42.88927497102549
            ],
            [
              -109.45022681209106,
              42.8705013502581
            ],
            [
              -109.35077003175454,
              42.79511538541202
            ],
            [
              -109.31095574536866,
              42.75451292151896
            ],
            [
              -109.2601089545447,
              42.72655900093469
            ],
            [
              -109.18784141138491,
              42.719396245362034
            ],
            [
              -109.12740962232218,
              42.69938512903071
            ],
            [
              -109.04368847498883,
              42.64360008034233
            ],
            [
              -108.95167299220722,
              42.59014597499755
            ],
            [
              -108.90014732959305,
              42.618051707209794
            ],
            [
              -108.79524392479212,
              42.649607093963546
            ],
            [
              -108.73021471232836,
              42.65636223920208
            ],
            [
              -108.6653442088874,
              42.64884102687915
            ],
            [
              -108.62505372430441,
              42.63617521123293
            ],
            [
              -108.5890100545305,
              42.61794038722916
            ],
            [
              -108.48943437862121,
              42.535222723448776
            ],
            [
              -108.40538757351997,
              42.5015271343066
            ],
            [
              -108.36320589283298,
              42.4699034241108
            ],
            [
              -108.2646186764386,
              42.486882637342106
            ],
            [
              -108.22109020599413,
              42.48589734569746
            ],
            [
              -108.17868414942015,
              42.47866109575845
            ],
            [
              -108.09767011603309,
              42.45163798391523
            ],
            [
              -108.06121095138067,
              42.4321033283059
            ],
            [
              -107.98778794648179,
              42.40986373045172
            ],
            [
              -107.9527185004216,
              42.39286424208849
            ],
            [
              -107.9227301159841,
              42.371286343003
            ],
            [
              -107.88961034496675,
              42.33210780136688
            ],
            [
              -107.8766088089088,
              42.30284485555585
            ],
            [
              -107.8651754400697,
              42.23522901290908
            ],
            [
              -107.87236603877565,
              42.189611098449014
            ],
            [
              -107.83085464273394,
              42.172241042666954
            ],
            [
              -107.78497101324714,
              42.13897135664996
            ],
            [
              -107.76264023001222,
              42.111932689929695
            ],
            [
              -107.74399656059649,
              42.07079993461484
            ],
            [
              -107.7377299639775,
              42.04210211627461
            ],
            [
              -107.7416914477155,
              41.99867837170468
            ],
            [
              -107.7557286136126,
              41.952548592043684
            ],
            [
              -107.76814515240068,
              41.930201373935255
            ],
            [
              -107.79803620467793,
              41.84886701645072
            ],
            [
              -107.7909893437333,
              41.82063339874705
            ],
            [
              -107.78921107839945,
              41.77113448395212
            ],
            [
              -107.75821216726392,
              41.71265138014285
            ],
            [
              -107.7392744719248,
              41.634623764160516
            ],
            [
              -107.65462907467312,
              41.5015657154303
            ],
            [
              -107.59690172447759,
              41.48581093839592
            ],
            [
              -107.56136289322113,
              41.46846988863782
            ],
            [
              -107.50068055033793,
              41.427759808939136
            ],
            [
              -107.47274896964869,
              41.394664420968176
            ],
            [
              -107.44223354550789,
              41.384904591368226
            ],
            [
              -107.40616474827053,
              41.366880909756055
            ],
            [
              -107.33055592499085,
              41.320443201817014
            ],
            [
              -107.30523770396665,
              41.298569158348094
            ],
            [
              -107.27994779818361,
              41.27082198880468
            ],
            [
              -107.26219012984097,
              41.24098383626718
            ],
            [
              -107.25244109536807,
              41.20323280103692
            ],
            [
              -107.22893528680139,
              41.16099598908399
            ],
            [
              -107.22239671197191,
              41.11401369170146
            ],
            [
              -107.18168715212595,
              41.07038115255132
            ],
            [
              -107.1672085697139,
              41.03947964998111
            ],
            [
              -107.16215094309148,
              41.01357489799234
            ],
            [
              -107.09874316996414,
              41.00433524262347
            ],
            [
              -107.02642565317652,
              40.98175209074867
            ],
            [
              -106.99324583184875,
              40.96356248326294
            ],
            [
              -106.95366922295077,
              40.92832365216691
            ],
            [
              -106.93548115250545,
              40.90078344858311
            ],
            [
              -106.91074363158934,
              40.832689324493444
            ],
            [
              -106.90802789631083,
              40.799993911596914
            ],
            [
              -106.91238917849242,
              40.77132093954644
            ],
            [
              -106.9060853581951,
              40.7378634566393
            ],
            [
              -106.84277835766233,
              40.69923241879805
            ],
            [
              -106.79242833911896,
              40.68474171677988
            ],
            [
              -106.74447918579662,
              40.65821911394597
            ],
            [
              -106.69613117189498,
              40.62142176692628
            ],
            [
              -106.63193494561085,
              40.5465776673329
            ],
            [
              -106.61488365141643,
              40.50003288602144
            ],
            [
              -106.61419950928807,
              40.41966284412543
            ],
            [
              -106.60420241504617,
              40.38677965340742
            ],
            [
              -106.5924453703683,
              40.30161315937973
            ],
            [
              -106.56612118157126,
              40.26014967956595
            ],
            [
              -106.50882500537985,
              40.20738522654487
            ],
            [
              -106.46206149643649,
              40.18729165407763
            ],
            [
              -106.42335225111195,
              40.19751930816488
            ],
            [
              -106.36416224070229,
              40.20231625273579
            ],
            [
              -106.31526207821811,
              40.21117274568368
            ],
            [
              -106.27366326990092,
              40.211634441346575
            ],
            [
              -106.23274120008529,
              40.205993727324994
            ],
            [
              -106.1425652655273,
              40.1799190866919
            ],
            [
              -106.10536918516125,
              40.16547036206254
            ],
            [
              -106.07265221467688,
              40.14581685743238
            ],
            [
              -105.99571515282737,
              40.07885170033716
            ],
            [
              -105.97036256713388,
              40.03670392163931
            ],
            [
              -105.9301734341922,
              40.001399515174896
            ],
            [
              -105.90903047643101,
              39.9734088966394
            ],
            [
              -105.87086041200837,
              39.885594605655626
            ],
            [
              -105.86588181632558,
              39.85401426013085
            ],
            [
              -105.86922335748397,
              39.82231124162903
            ],
            [
              -105.88074335444385,
              39.79172759001134
            ],
            [
              -105.9049046712879,
              39.753350383444115
            ],
            [
              -105.85953929227507,
              39.691382599832764
            ],
            [
              -105.84661237853969,
              39.66128854363752
            ],
            [
              -105.8417220190508,
              39.62985594826505
            ],
            [
              -105.843694983139,
              39.60621283800877
            ],
            [
              -105.83333324522206,
              39.57887600039315
            ],
            [
              -105.83003188722641,
              39.5421356120936
            ],
            [
              -105.7860725691612,
              39.50018319641765
            ],
            [
              -105.76218600879633,
              39.454639972902704
            ],
            [
              -105.7429764941007,
              39.437411757378506
            ],
            [
              -105.67675988645419,
              39.39836294959277
            ],
            [
              -105.65179039426994,
              39.37439914921877
            ],
            [
              -105.62661851727245,
              39.332807953977635
            ],
            [
              -105.61797821869098,
              39.288764426297426
            ],
            [
              -105.56808718643485,
              39.25015626975021
            ],
            [
              -105.54665517569484,
              39.22618643686526
            ],
            [
              -105.50714432175106,
              39.14277338715215
            ],
            [
              -105.50261236717883,
              39.093688560694645
            ],
            [
              -105.51504708678594,
              39.01870748979199
            ],
            [
              -105.53087005263748,
              38.98881233805797
            ],
            [
              -105.56387534536218,
              38.9537335733587
            ],
            [
              -105.57509619926734,
              38.9359945427097
            ],
            [
              -105.56528233275411,
              38.90191381103736
            ],
            [
              -105.56575452689037,
              38.864334721573094
            ],
            [
              -105.56014451388046,
              38.8409562275032
            ],
            [
              -105.56288904333603,
              38.762546358661744
            ],
            [
              -105.58311268753334,
              38.71844303271565
            ],
            [
              -105.61881920306264,
              38.68081751147986
            ],
            [
              -105.6290592195264,
              38.64380757902557
            ],
            [
              -105.66222710963808,
              38.58837927645257
            ],
            [
              -105.68976821760448,
              38.560301711867716
            ],
            [
              -105.77032804259527,
              38.50853648008571
            ],
            [
              -105.81400138442635,
              38.474111154834404
            ],
            [
              -105.83444481651136,
              38.44678936427278
            ],
            [
              -105.86140227797546,
              38.423071269661556
            ],
            [
              -105.90565635831564,
              38.39879711486199
            ],
            [
              -105.96365766673847,
              38.32316145851049
            ],
            [
              -105.99178789689194,
              38.298872274424774
            ],
            [
              -106.05043502109564,
              38.26965740378183
            ],
            [
              -106.1683030986342,
              38.24093794477494
            ],
            [
              -106.19346322687215,
              38.22847372459572
            ],
            [
              -106.17612340351225,
              38.211069373316796
            ],
            [
              -106.1574194132682,
              38.183422839685775
            ],
            [
              -106.14598788853479,
              38.15349707391116
            ],
            [
              -106.14225228339077,
              38.122424186827345
            ],
            [
              -106.15128531644443,
              38.076232830740295
            ],
            [
              -106.19246625966117,
              37.997605902223555
            ],
            [
              -106.12145567908952,
              37.961220851258496
            ],
            [
              -106.0809506030043,
              37.92484737226964
            ],
            [
              -106.06250996957935,
              37.896092006999
            ],
            [
              -106.05181509380591,
              37.86505858889734
            ],
            [
              -106.05112268611384,
              37.81697058478461
            ],
            [
              -106.06090600421166,
              37.78575746764116
            ],
            [
              -106.07846498232892,
              37.75668210040179
            ],
            [
              -106.14221264269538,
              37.6978689456833
            ],
            [
              -106.15022881588219,
              37.644890191648635
            ],
            [
              -106.17071241920885,
              37.60196389847965
            ],
            [
              -106.20586363613414,
              37.56528520411118
            ],
            [
              -106.2562340095965,
              37.53652881128173
            ],
            [
              -106.28408080946711,
              37.49569067759608
            ],
            [
              -106.33285506998897,
              37.45133351119242
            ],
            [
              -106.30131760274804,
              37.42222035155448
            ],
            [
              -106.27550346971421,
              37.377677004106665
            ],
            [
              -106.26840839401225,
              37.3454753673849
            ],
            [
              -106.27056366106716,
              37.3083231012134
            ],
            [
              -106.2623582421357,
              37.27770229009644
            ],
            [
              -106.21882626271815,
              37.255892645640614
            ],
            [
              -106.19084218492249,
              37.2333823308321
            ],
            [
              -106.16900118556697,
              37.20702440239377
            ],
            [
              -106.15413584796244,
              37.177831815114914
            ],
            [
              -106.14680847343138,
              37.14692525601622
            ],
            [
              -106.15046318337791,
              37.099950561079346
            ],
            [
              -106.16251348425679,
              37.06997249577072
            ],
            [
              -106.18448328331748,
              37.03783130047938
            ],
            [
              -106.16542556154096,
              36.991722622912306
            ],
            [
              -106.12151834902994,
              36.967871378868715
            ],
            [
              -106.08382172078261,
              36.93150952164059
            ],
            [
              -106.06686972291006,
              36.90314061337549
            ],
            [
              -106.05724530030965,
              36.87271681127501
            ],
            [
              -106.05354440135585,
              36.78982078139995
            ],
            [
              -106.02660136736947,
              36.758424739867664
            ],
            [
              -105.98287372173019,
              36.73677015975379
            ],
            [
              -105.95515676800517,
              36.71472461743909
            ],
            [
              -105.92491832528763,
              36.67481889939059
            ],
            [
              -105.91341009464163,
              36.64511176841098
            ],
            [
              -105.91017719854449,
              36.59866882126706
            ],
            [
              -105.92232113155364,
              36.55703248403924
            ],
            [
              -105.90901920460396,
              36.51867339973183
            ],
            [
              -105.90895622617194,
              36.471282400727404
            ],
            [
              -105.91866489889634,
              36.440573236106594
            ],
            [
              -105.93576818336895,
              36.411966653202846
            ],
            [
              -105.9595960410518,
              36.38657020434058
            ],
            [
              -105.98125521268896,
              36.37052744459953
            ],
            [
              -105.98310019919192,
              36.32467125613915
            ],
            [
              -105.97489089943619,
              36.26507018070886
            ],
            [
              -105.9809146140005,
              36.23216408438769
            ],
            [
              -106.00260556413032,
              36.17584453530734
            ],
            [
              -106.03194054090649,
              36.138772550434
            ],
            [
              -106.0595381003943,
              36.114249976286864
            ],
            [
              -106.09281458473173,
              36.094712735225784
            ],
            [
              -106.15503198193912,
              36.07180096096429
            ],
            [
              -106.17350122103133,
              36.04178127531581
            ],
            [
              -106.19705334731323,
              36.01752138151696
            ],
            [
              -106.2259411505808,
              35.99726543376861
            ],
            [
              -106.26343384459574,
              35.98014655723867
            ],
            [
              -106.28584030166151,
              35.938815652493204
            ],
            [
              -106.30896604285981,
              35.914284259563075
            ],
            [
              -106.35337398037848,
              35.87978647069222
            ],
            [
              -106.38609375530231,
              35.86393908848542
            ],
            [
              -106.44068222722137,
              35.85009727762852
            ],
            [
              -106.50811775870916,
              35.84447021588752
            ],
            [
              -106.56277799974154,
              35.84769311603555
            ],
            [
              -106.60009909555264,
              35.855217714461595
            ],
            [
              -106.67001828789942,
              35.85848091215132
            ],
            [
              -106.69697866467993,
              35.8551934464611
            ],
            [
              -106.74123802619339,
              35.85656750975186
            ],
            [
              -106.78151852286716,
              35.84198280385655
            ],
            [
              -106.83110754244228,
              35.83002444331656
            ],
            [
              -106.87736208543264,
              35.8220962525692
            ],
            [
              -106.93835082547007,
              35.82100047017213
            ],
            [
              -106.960445971012,
              35.81640199720674
            ],
            [
              -106.98623049907775,
              35.798474706223246
            ],
            [
              -107.01356291936287,
              35.75009621280309
            ],
            [
              -107.03912932892625,
              35.72524646404543
            ],
            [
              -107.06231805429339,
              35.70914501623342
            ],
            [
              -107.07890576140805,
              35.685867506372055
            ],
            [
              -107.1042945946365,
              35.66198547631586
            ],
            [
              -107.15193503013158,
              35.63464821655256
            ],
            [
              -107.2073712710215,
              35.619490929261275
            ],
            [
              -107.26589650503895,
              35.61780015671489
            ],
            [
              -107.35071680346303,
              35.63210040217405
            ],
            [
              -107.38619607867689,
              35.64410325697337
            ],
            [
              -107.42307592252654,
              35.664867667699745
            ],
            [
              -107.45289461425013,
              35.6702348866645
            ],
            [
              -107.48955575776566,
              35.68281192863396
            ],
            [
              -107.55321008681719,
              35.71696254430527
            ],
            [
              -107.5591749732568,
              35.69086819145771
            ],
            [
              -107.57412799901715,
              35.65895876298755
            ],
            [
              -107.6077855993177,
              35.61530802847248
            ],
            [
              -107.63538720060517,
              35.58796408669387
            ],
            [
              -107.63856043351704,
              35.478577912696394
            ],
            [
              -107.59401338764505,
              35.4068264306525
            ],
            [
              -107.5833444089764,
              35.376563908206755
            ],
            [
              -107.58020537912962,
              35.34520821876645
            ],
            [
              -107.5847072489171,
              35.31395958348137
            ],
            [
              -107.59666876804611,
              35.284012778537814
            ],
            [
              -107.61562478201209,
              35.25651154815597
            ],
            [
              -107.64542453708017,
              35.22892265624593
            ],
            [
              -107.61019960612032,
              35.19208606198698
            ],
            [
              -107.5791853655235,
              35.13387301796672
            ],
            [
              -107.57002750266943,
              35.0859511520511
            ],
            [
              -107.57895895430744,
              35.03799983088638
            ],
            [
              -107.6063342112486,
              34.99310709243285
            ],
            [
              -107.60644777710003,
              34.9679534280744
            ],
            [
              -107.61303880792249,
              34.93868606458348
            ],
            [
              -107.64630021767599,
              34.868470535665494
            ],
            [
              -107.68037280783213,
              34.82924021171017
            ],
            [
              -107.71561016105684,
              34.77892026370677
            ],
            [
              -107.73143909622651,
              34.740597754929816
            ],
            [
              -107.7754687595172,
              34.68795790454715
            ],
            [
              -107.78595801988789,
              34.66462993739916
            ],
            [
              -107.80402694525404,
              34.6396124646852
            ],
            [
              -107.8143079122466,
              34.590131905025466
            ],
            [
              -107.81426046710055,
              34.51555689818223
            ],
            [
              -107.82804291676466,
              34.43938120317412
            ],
            [
              -107.85306894856775,
              34.391633429013616
            ],
            [
              -107.87842195527409,
              34.360390841584696
            ],
            [
              -107.90777943940536,
              34.33547828895687
            ],
            [
              -107.92344984455747,
              34.30183508768682
            ],
            [
              -107.9397487986828,
              34.2808181020973
            ],
            [
              -107.93727391561478,
              34.197761263641816
            ],
            [
              -107.95411254994039,
              34.15134206290455
            ],
            [
              -107.97442258496416,
              34.12359359352509
            ],
            [
              -108.00950437912269,
              34.0922102491834
            ],
            [
              -108.04195899549896,
              34.07297675586849
            ],
            [
              -108.09309012637706,
              34.05621750939815
            ],
            [
              -108.14259154413007,
              34.01091549694734
            ],
            [
              -108.13737602800515,
              33.96030869200239
            ],
            [
              -108.11368843848307,
              33.86325458721449
            ],
            [
              -108.11446347084458,
              33.83029083404662
            ],
            [
              -108.12831916819601,
              33.78790706115813
            ],
            [
              -108.11479551038332,
              33.74091627841512
            ],
            [
              -108.11538977628499,
              33.709974606267316
            ],
            [
              -108.12262667341142,
              33.681343263318446
            ],
            [
              -108.06352044292622,
              33.666549165899866
            ],
            [
              -108.03145279161856,
              33.65089507946492
            ],
            [
              -108.00358632560209,
              33.630499804766984
            ],
            [
              -107.97183039333729,
              33.59268638139314
            ],
            [
              -107.95510026694957,
              33.551758483950785
            ],
            [
              -107.93621496499877,
              33.52449220716872
            ],
            [
              -107.92426773035324,
              33.49530526862505
            ],
            [
              -107.91950485553781,
              33.467036081705686
            ],
            [
              -107.89236720073431,
              33.42666510872397
            ],
            [
              -107.87327292543381,
              33.37617362549333
            ],
            [
              -107.86843417653351,
              33.345655838163935
            ],
            [
              -107.87159921695859,
              33.310149143842935
            ],
            [
              -107.84483552364493,
              33.26899828091347
            ],
            [
              -107.80711946929158,
              33.18009304649029
            ],
            [
              -107.80325373772075,
              33.14998285754368
            ],
            [
              -107.80804031045743,
              33.11318949844703
            ],
            [
              -107.79940023088884,
              33.08220813954074
            ],
            [
              -107.80039653967486,
              33.03533612263127
            ],
            [
              -107.81108149519156,
              32.9990596058234
            ],
            [
              -107.82587355715476,
              32.96704234008102
            ],
            [
              -107.8484501619927,
              32.93834778428892
            ],
            [
              -107.87349722470938,
              32.91650724623435
            ],
            [
              -107.90469933877874,
              32.87377360054466
            ],
            [
              -107.93239964761713,
              32.85141356207255
            ],
            [
              -107.96485267937989,
              32.83406766390536
            ],
            [
              -108.00077363376131,
              32.822421629332865
            ],
            [
              -108.03610979649731,
              32.81720447905936
            ],
            [
              -108.0622983168583,
              32.761510108264694
            ],
            [
              -108.04773774249135,
              32.73919786442182
            ],
            [
              -108.02354879147568,
              32.679625707245094
            ],
            [
              -108.0188182246164,
              32.63333771880727
            ],
            [
              -108.02456198486281,
              32.60267904582704
            ],
            [
              -108.04597537951878,
              32.55981368570917
            ],
            [
              -108.08105928698266,
              32.52382012567847
            ],
            [
              -108.12524946675144,
              32.49843069735273
            ],
            [
              -108.10078480289722,
              32.467121311095866
            ],
            [
              -108.08793219849194,
              32.43892355125764
            ],
            [
              -108.07726814318768,
              32.35706334990448
            ],
            [
              -108.08634350740057,
              32.31027179964908
            ],
            [
              -108.10471527499716,
              32.27247559010511
            ],
            [
              -108.12469331505768,
              32.242687783962666
            ],
            [
              -108.11659584351865,
              32.21518139166935
            ],
            [
              -108.11471564200302,
              32.182777966211816
            ],
            [
              -108.14832990157313,
              31.99272140421624
            ],
            [
              -108.13523361813665,
              31.9370888178484
            ],
            [
              -108.13757474356116,
              31.888582797038165
            ],
            [
              -108.14861767580777,
              31.857521124734724
            ],
            [
              -108.16676241871859,
              31.82894610584996
            ],
            [
              -108.19127288799895,
              31.804006260521746
            ],
            [
              -108.22780587111288,
              31.779144593568443
            ],
            [
              -108.2205459760933,
              31.74000184246699
            ],
            [
              -108.22677412158406,
              31.694203093721875
            ],
            [
              -108.2479865572978,
              31.651751203650395
            ],
            [
              -108.27669076215204,
              31.616338196770126
            ],
            [
              -108.28877286754883,
              31.569578628621137
            ],
            [
              -108.3595153044697,
              31.421044095793185
            ],
            [
              -108.34436688472636,
              31.37897159632173
            ],
            [
              -108.34073703078033,
              31.328045292041764
            ],
            [
              -108.34575887375608,
              31.296625098712205
            ],
            [
              -108.35786794086087,
              31.266640993808988
            ],
            [
              -108.37659227075973,
              31.239243384869578
            ],
            [
              -108.40120816904357,
              31.215482518577502
            ],
            [
              -108.44705494358442,
              31.1886040684647
            ],
            [
              -108.48185978777853,
              31.17752701177826
            ],
            [
              -108.5371105628442,
              31.172230083641015
            ],
            [
              -108.59178960528968,
              31.180831718620425
            ],
            [
              -108.64121367525898,
              31.202594661909767
            ],
            [
              -108.68114236031484,
              31.235652741804007
            ],
            [
              -108.70074609901475,
              31.262598677596834
            ],
            [
              -108.71557187426303,
              31.299214020876597
            ],
            [
              -108.73212412135615,
              31.3235211447985
            ],
            [
              -108.74473976263259,
              31.351702624614493
            ],
            [
              -108.751670060256,
              31.396472842474637
            ],
            [
              -108.7456728827563,
              31.4530572168026
            ],
            [
              -108.73919261770664,
              31.481425527561022
            ],
            [
              -108.70475913943483,
              31.55842244579687
            ],
            [
              -108.69079422471086,
              31.60755912079259
            ],
            [
              -108.65388796502317,
              31.664838657752643
            ],
            [
              -108.63503861292814,
              31.745876141964803
            ],
            [
              -108.61845932769737,
              31.786651050818055
            ],
            [
              -108.62537214013798,
              31.83249422170804
            ],
            [
              -108.61628785078119,
              31.88024996878006
            ],
            [
              -108.57755293886179,
              31.945533905025307
            ],
            [
              -108.54047719361482,
              31.982711379070953
            ],
            [
              -108.5338884595838,
              31.995956837236083
            ],
            [
              -108.52304811203491,
              32.06287442244427
            ],
            [
              -108.55562908159771,
              32.08379734378996
            ],
            [
              -108.5902005991087,
              32.1207366175643
            ],
            [
              -108.61070104483039,
              32.16449739134232
            ],
            [
              -108.6156279237655,
              32.19564564959881
            ],
            [
              -108.61329665137998,
              32.22700587751693
            ],
            [
              -108.59644034245274,
              32.271854435660906
            ],
            [
              -108.54209517597157,
              32.34778254747515
            ],
            [
              -108.51468159125623,
              32.37683610069359
            ],
            [
              -108.53962983364214,
              32.40009649941948
            ],
            [
              -108.55874862560304,
              32.42691288481329
            ],
            [
              -108.57136256308564,
              32.45631444812834
            ],
            [
              -108.57699262358838,
              32.48720153532424
            ],
            [
              -108.57193774596061,
              32.53378314646304
            ],
            [
              -108.55358189797577,
              32.59521424049048
            ],
            [
              -108.5368475934734,
              32.63127257210384
            ],
            [
              -108.53575299378028,
              32.656542138621916
            ],
            [
              -108.52811646001197,
              32.687652554522955
            ],
            [
              -108.50342214755558,
              32.730479823728395
            ],
            [
              -108.4698566139349,
              32.761690063912305
            ],
            [
              -108.46366307331849,
              32.80892247846967
            ],
            [
              -108.45020787028122,
              32.839003663377426
            ],
            [
              -108.43283538036943,
              32.86269332492186
            ],
            [
              -108.43752236742526,
              32.892679516398594
            ],
            [
              -108.43503500397044,
              32.92439529314848
            ],
            [
              -108.41749563474748,
              32.969673260674185
            ],
            [
              -108.38482820308661,
              33.00871102191171
            ],
            [
              -108.33095610031286,
              33.05615741167446
            ],
            [
              -108.29618927062198,
              33.08012441287789
            ],
            [
              -108.25742524229791,
              33.12582731769681
            ],
            [
              -108.22325949080947,
              33.14972529486215
            ],
            [
              -108.2370939969992,
              33.169103772558486
            ],
            [
              -108.25039466972736,
              33.198481060723914
            ],
            [
              -108.2652093564133,
              33.26423426321535
            ],
            [
              -108.26628428538086,
              33.30233301674756
            ],
            [
              -108.29396185337585,
              33.3523076388752
            ],
            [
              -108.30413286984961,
              33.384165340322866
            ],
            [
              -108.42872173358967,
              33.4079900167495
            ],
            [
              -108.48264354007907,
              33.43197006968866
            ],
            [
              -108.53361480231182,
              33.47555272646334
            ],
            [
              -108.5761547019248,
              33.497638568984414
            ],
            [
              -108.60195856221537,
              33.51901199058489
            ],
            [
              -108.63839753311525,
              33.56344031122066
            ],
            [
              -108.65340440388003,
              33.59282327524514
            ],
            [
              -108.66111545407706,
              33.62406778265894
            ],
            [
              -108.66122035374005,
              33.65595187563192
            ],
            [
              -108.64716907197959,
              33.70225141284298
            ],
            [
              -108.62885218069722,
              33.730335668954204
            ],
            [
              -108.6000067755761,
              33.76026862639896
            ],
            [
              -108.57182981529076,
              33.7831134008218
            ],
            [
              -108.54576190857985,
              33.7974275920112
            ],
            [
              -108.53689218701503,
              33.84198558419298
            ],
            [
              -108.52435728738425,
              33.8675898036626
            ],
            [
              -108.53617450255187,
              33.94799081570253
            ],
            [
              -108.54836694617386,
              33.98975268585069
            ],
            [
              -108.54795984070459,
              34.023598724524525
            ],
            [
              -108.55892164150266,
              34.0792039221921
            ],
            [
              -108.55549059718734,
              34.111810650078645
            ],
            [
              -108.52894970172215,
              34.17697979690867
            ],
            [
              -108.46643268653295,
              34.24948464149976
            ],
            [
              -108.4244465450851,
              34.28040257658233
            ],
            [
              -108.38013224134633,
              34.298288917456254
            ],
            [
              -108.33873624370256,
              34.33034203348816
            ],
            [
              -108.33816703369011,
              34.3666648616587
            ],
            [
              -108.3233654048598,
              34.41095527723902
            ],
            [
              -108.30518141799098,
              34.43779208485388
            ],
            [
              -108.2796386504253,
              34.46237585103583
            ],
            [
              -108.25721577338592,
              34.504292692287585
            ],
            [
              -108.23400765288976,
              34.52906930185159
            ],
            [
              -108.20839706382117,
              34.548550274845205
            ],
            [
              -108.20782863034611,
              34.6274324129167
            ],
            [
              -108.18563668669807,
              34.7368515594878
            ],
            [
              -108.17596690276063,
              34.766489892200326
            ],
            [
              -108.11600778792953,
              34.85563223336728
            ],
            [
              -108.10842991931403,
              34.88973367816099
            ],
            [
              -108.08012514937333,
              34.94629418987735
            ],
            [
              -108.05975973113941,
              34.971772144422175
            ],
            [
              -108.01453405098897,
              35.008726624550484
            ],
            [
              -108.01215559595964,
              35.0388033115913
            ],
            [
              -108.04534216125872,
              35.06591625007411
            ],
            [
              -108.06513189344074,
              35.09120582397328
            ],
            [
              -108.08956939722869,
              35.14103196798205
            ],
            [
              -108.09746741444378,
              35.18651848958624
            ],
            [
              -108.08911157973573,
              35.231950308157685
            ],
            [
              -108.07478032719413,
              35.26036778264124
            ],
            [
              -108.0359425067683,
              35.30974154063965
            ],
            [
              -108.03139335732575,
              35.336814284673636
            ],
            [
              -108.01827668441706,
              35.369314037908865
            ],
            [
              -108.0320905344961,
              35.39757087176837
            ],
            [
              -108.03914328698731,
              35.429015688382684
            ],
            [
              -108.0380855343787,
              35.509291854609614
            ],
            [
              -108.04433870089858,
              35.546330459486946
            ],
            [
              -108.03637595342036,
              35.59427195406396
            ],
            [
              -108.03446551676721,
              35.682716941294736
            ],
            [
              -108.02330154805249,
              35.71362539496953
            ],
            [
              -108.00466600285577,
              35.74213081905954
            ],
            [
              -107.95847015922982,
              35.783822120032056
            ],
            [
              -107.95355861803803,
              35.83855297171497
            ],
            [
              -107.94288888929846,
              35.8703953061225
            ],
            [
              -107.92430534398942,
              35.89982531814817
            ],
            [
              -107.90569125179636,
              35.919186701311546
            ],
            [
              -107.88521677963178,
              35.97284655307655
            ],
            [
              -107.8678398749592,
              36.00514784198496
            ],
            [
              -107.8241017396146,
              36.055148412954075
            ],
            [
              -107.78491063084014,
              36.08762156294003
            ],
            [
              -107.73591956261954,
              36.11013052898363
            ],
            [
              -107.6653657418291,
              36.123253633238186
            ],
            [
              -107.60547760978484,
              36.120630667285326
            ],
            [
              -107.56725026397655,
              36.11107655441826
            ],
            [
              -107.5321595089611,
              36.09568414988856
            ],
            [
              -107.3262619782265,
              35.982394133660485
            ],
            [
              -107.30765257699535,
              36.0006902182005
            ],
            [
              -107.27227794707883,
              36.02601225406179
            ],
            [
              -107.24016019179842,
              36.064124339321864
            ],
            [
              -107.21091293769516,
              36.08525154152259
            ],
            [
              -107.17704711689589,
              36.101424614191394
            ],
            [
              -107.13988027268176,
              36.112017040079145
            ],
            [
              -107.10197386724967,
              36.14060066945522
            ],
            [
              -107.02768692415397,
              36.17298033131909
            ],
            [
              -106.96871797591805,
              36.182527775920036
            ],
            [
              -106.91706721663762,
              36.17911521050494
            ],
            [
              -106.84126163315092,
              36.201880757201266
            ],
            [
              -106.80129324564618,
              36.20721425423084
            ],
            [
              -106.7319010676212,
              36.20318767710143
            ],
            [
              -106.6287882780749,
              36.18745380979847
            ],
            [
              -106.60868982629933,
              36.227838845625435
            ],
            [
              -106.57221321530062,
              36.26496613805214
            ],
            [
              -106.5237268376288,
              36.292070637199735
            ],
            [
              -106.48643719915883,
              36.30343160338388
            ],
            [
              -106.4546369092831,
              36.33121411650854
            ],
            [
              -106.39872665071196,
              36.35812079324421
            ],
            [
              -106.40001350670785,
              36.41958777792777
            ],
            [
              -106.39018412215971,
              36.45177543062989
            ],
            [
              -106.35195401018507,
              36.52666723634728
            ],
            [
              -106.35618511170985,
              36.54696143121915
            ],
            [
              -106.4220548270292,
              36.62867934834496
            ],
            [
              -106.43486023223849,
              36.66096346651154
            ],
            [
              -106.45320406109968,
              36.682994757476365
            ],
            [
              -106.46947436093977,
              36.711356404674625
            ],
            [
              -106.48516978104149,
              36.76235968470449
            ],
            [
              -106.5192890514167,
              36.79566519432359
            ],
            [
              -106.55366409824859,
              36.8598819722073
            ],
            [
              -106.58826496879458,
              36.89308912548543
            ],
            [
              -106.60594421971764,
              36.92193834910488
            ],
            [
              -106.61601584635547,
              36.952975914279556
            ],
            [
              -106.62407716860115,
              37.004737868950805
            ],
            [
              -106.62292666949361,
              37.035023246134635
            ],
            [
              -106.61113743562527,
              37.07999698353527
            ],
            [
              -106.6295229454232,
              37.10634841428455
            ],
            [
              -106.64484936586629,
              37.15364518880775
            ],
            [
              -106.66414954257311,
              37.18473448798839
            ],
            [
              -106.67569930007959,
              37.218089805415396
            ],
            [
              -106.73612361004984,
              37.235967116093946
            ],
            [
              -106.76868974636528,
              37.2541638579723
            ],
            [
              -106.7961436542261,
              37.27696818188214
            ],
            [
              -106.84078336006323,
              37.339508546517806
            ],
            [
              -106.85407454474718,
              37.38499786791019
            ],
            [
              -106.85335666802946,
              37.41616323095451
            ],
            [
              -106.84495391282348,
              37.44663261965838
            ],
            [
              -106.799165108086,
              37.518877997572574
            ],
            [
              -106.75905929582409,
              37.55339760871704
            ],
            [
              -106.72471276983599,
              37.57119819896177
            ],
            [
              -106.6986438146231,
              37.59959379732247
            ],
            [
              -106.6713260546307,
              37.64115348859477
            ],
            [
              -106.62376406847748,
              37.681806666850804
            ],
            [
              -106.59996762688759,
              37.720171019748314
            ],
            [
              -106.57207889246294,
              37.74873801520697
            ],
            [
              -106.57935315993154,
              37.77977937318563
            ],
            [
              -106.57575891231633,
              37.82511203798618
            ],
            [
              -106.61348531130244,
              37.86484462431171
            ],
            [
              -106.62958286885215,
              37.89432430490901
            ],
            [
              -106.63784404534985,
              37.925699688252884
            ],
            [
              -106.6343215653481,
              37.97579110175671
            ],
            [
              -106.63768773077318,
              37.998563215499296
            ],
            [
              -106.67920440514716,
              38.004997367441916
            ],
            [
              -106.72437413392733,
              38.020916253841825
            ],
            [
              -106.7683170742128,
              38.02787836587827
            ],
            [
              -106.81555316592676,
              38.04312053891778
            ],
            [
              -106.8664407407688,
              38.0680388942378
            ],
            [
              -106.90597798179573,
              38.10323631804289
            ],
            [
              -106.92433145933148,
              38.13097861139711
            ],
            [
              -106.9537982707467,
              38.210253616493056
            ],
            [
              -106.95641577357127,
              38.25557800886352
            ],
            [
              -106.96781281887144,
              38.29824077253201
            ],
            [
              -106.96747467445645,
              38.32753610288352
            ],
            [
              -106.96025046592975,
              38.35629621691456
            ],
            [
              -106.93866555550643,
              38.400526830057636
            ],
            [
              -106.90676034322523,
              38.44277474420222
            ],
            [
              -106.83943823556027,
              38.48957233464329
            ],
            [
              -106.81896333687475,
              38.511741216200875
            ],
            [
              -106.7872196333999,
              38.53472479396937
            ],
            [
              -106.75311117653416,
              38.568083753677165
            ],
            [
              -106.70247601851136,
              38.595742915910066
            ],
            [
              -106.66376127600566,
              38.60721983513729
            ],
            [
              -106.60208507070257,
              38.61285416381574
            ],
            [
              -106.5409945559592,
              38.604237742816665
            ],
            [
              -106.45215444541545,
              38.57970335877416
            ],
            [
              -106.42294770325545,
              38.56649428980742
            ],
            [
              -106.36896428766882,
              38.56378552138671
            ],
            [
              -106.33653766211403,
              38.55636947192841
            ],
            [
              -106.2884528703653,
              38.56401154999083
            ],
            [
              -106.27540390521506,
              38.57019209307956
            ],
            [
              -106.25369454110523,
              38.60545728423299
            ],
            [
              -106.22809311464471,
              38.63038736985739
            ],
            [
              -106.19659631739287,
              38.650943302171335
            ],
            [
              -106.15192472336093,
              38.66875193606984
            ],
            [
              -106.11438244562156,
              38.72774134322231
            ],
            [
              -106.0874647547561,
              38.75188313640322
            ],
            [
              -106.04403021380143,
              38.776741003142455
            ],
            [
              -106.02948982522297,
              38.80651880498809
            ],
            [
              -105.99497603284769,
              38.84454418744764
            ],
            [
              -106.00472674258359,
              38.87570268295781
            ],
            [
              -106.00853946069279,
              38.95467331350503
            ],
            [
              -105.99954922761998,
              38.991389631241006
            ],
            [
              -106.00186783333221,
              39.04072477210918
            ],
            [
              -105.99298220006585,
              39.07136263034469
            ],
            [
              -105.97752979182938,
              39.09846243735078
            ],
            [
              -106.00850298285307,
              39.13865843931072
            ],
            [
              -106.03034296830177,
              39.19369395839583
            ],
            [
              -106.0917610616333,
              39.23843175063913
            ],
            [
              -106.13504144474548,
              39.27584518384751
            ],
            [
              -106.15677171089892,
              39.30360778115002
            ],
            [
              -106.17259649790324,
              39.34149152615031
            ],
            [
              -106.2183862479281,
              39.385212290721896
            ],
            [
              -106.23859531186795,
              39.41308521420167
            ],
            [
              -106.2511981859234,
              39.44344427169549
            ],
            [
              -106.25571745802857,
              39.46792075303169
            ],
            [
              -106.2815049960756,
              39.49975772556646
            ],
            [
              -106.30065839412681,
              39.538548590163934
            ],
            [
              -106.30636542348972,
              39.58457881376329
            ],
            [
              -106.2992899272895,
              39.62571629275195
            ],
            [
              -106.32162653337079,
              39.65010523055799
            ],
            [
              -106.33797909551038,
              39.677987998615
            ],
            [
              -106.34817906076263,
              39.71727315029038
            ],
            [
              -106.36561025243326,
              39.75957705733424
            ],
            [
              -106.36670465768043,
              39.80586105199062
            ],
            [
              -106.35740333159826,
              39.836533597111014
            ],
            [
              -106.39399518274851,
              39.81026775057527
            ],
            [
              -106.42908702955178,
              39.79266996150324
            ],
            [
              -106.46806209435132,
              39.78065386822316
            ],
            [
              -106.53043977616133,
              39.77405931220658
            ],
            [
              -106.57226289655071,
              39.77753335898591
            ],
            [
              -106.63127847359418,
              39.79421156241821
            ],
            [
              -106.6872317979103,
              39.82518519252414
            ],
            [
              -106.71756628910985,
              39.8466906975195
            ],
            [
              -106.75132595184401,
              39.88625694231172
            ],
            [
              -106.76695658306204,
              39.92518240924202
            ],
            [
              -106.82721198041882,
              39.9688610379651
            ],
            [
              -106.87242801941048,
              40.03633239597026
            ],
            [
              -106.92171384069682,
              40.07905518416844
            ],
            [
              -106.94315384400221,
              40.107399532813616
            ],
            [
              -106.98886763357845,
              40.13806534527249
            ],
            [
              -107.0311813005607,
              40.18565436456383
            ],
            [
              -107.04674612681214,
              40.213556005416294
            ],
            [
              -107.05509623927811,
              40.243160909807386
            ],
            [
              -107.05637529203402,
              40.29267167788621
            ],
            [
              -107.04643751445134,
              40.32955506859116
            ],
            [
              -107.05631471140276,
              40.3713550606499
            ],
            [
              -107.10708888964871,
              40.39547358588909
            ],
            [
              -107.16484446411613,
              40.445873385024115
            ],
            [
              -107.2478994696976,
              40.4624569109396
            ],
            [
              -107.30188902204554,
              40.485746933653814
            ],
            [
              -107.331921343226,
              40.50735472654188
            ],
            [
              -107.35583569289474,
              40.532906514675055
            ],
            [
              -107.37832473514727,
              40.576496025064216
            ],
            [
              -107.38355956369887,
              40.60746842412523
            ],
            [
              -107.38159019972704,
              40.6664610766641
            ],
            [
              -107.36643782010833,
              40.70359172492875
            ],
            [
              -107.41405908442964,
              40.722001032751194
            ],
            [
              -107.45928920077523,
              40.75353770035359
            ],
            [
              -107.480174392768,
              40.77713374835393
            ],
            [
              -107.55335009002084,
              40.83877299579423
            ],
            [
              -107.57415551472096,
              40.86445644672428
            ],
            [
              -107.59162512936406,
              40.90412224298113
            ],
            [
              -107.61678546503087,
              40.92317653581094
            ],
            [
              -107.64048413054347,
              40.949610088229505
            ],
            [
              -107.65675709126909,
              40.97900397106493
            ],
            [
              -107.6649596330712,
              41.010211002940416
            ],
            [
              -107.6647604281046,
              41.04201161025785
            ],
            [
              -107.65548555968421,
              41.07927039489068
            ],
            [
              -107.66689616743928,
              41.09483153079113
            ],
            [
              -107.69665485843905,
              41.10300189167845
            ],
            [
              -107.73245412106371,
              41.118632801851234
            ],
            [
              -107.80357332955286,
              41.167684943361884
            ],
            [
              -107.84638118441214,
              41.17607080522405
            ],
            [
              -107.90006397749205,
              41.19812801328671
            ],
            [
              -107.94329693756752,
              41.23048534062432
            ],
            [
              -107.99443558393003,
              41.283682572179266
            ],
            [
              -108.14513950336702,
              41.51686137762287
            ],
            [
              -108.15880308779354,
              41.54424610860098
            ],
            [
              -108.17239791189532,
              41.59822308170489
            ],
            [
              -108.19099682983092,
              41.6330113259027
            ],
            [
              -108.20923400203108,
              41.65590889954649
            ],
            [
              -108.22419794548566,
              41.68739744585683
            ],
            [
              -108.23815677075443,
              41.84208986703732
            ],
            [
              -108.23185247373178,
              41.90148926443035
            ],
            [
              -108.21138513229191,
              41.95414476309788
            ],
            [
              -108.28255020010953,
              42.04261424246234
            ],
            [
              -108.32222518215006,
              42.126262764505654
            ],
            [
              -108.37471882169767,
              42.11892447913581
            ],
            [
              -108.4177603731874,
              42.120093412965396
            ],
            [
              -108.45966652591,
              42.12740662762269
            ],
            [
              -108.52984560306633,
              42.14626653816989
            ],
            [
              -108.61417868559832,
              42.18492033930878
            ],
            [
              -108.67227281918927,
              42.22629345334592
            ],
            [
              -108.72025300927181,
              42.23951955126031
            ],
            [
              -108.75620149431532,
              42.256779818803274
            ],
            [
              -108.78218723444913,
              42.2407909446065
            ],
            [
              -108.81874031901816,
              42.225509555725125
            ],
            [
              -108.87929167137726,
              42.212799984418105
            ],
            [
              -108.94226679733666,
              42.213193352662664
            ],
            [
              -109.00251478115915,
              42.22665750443673
            ],
            [
              -109.10367568774032,
              42.27716283788347
            ],
            [
              -109.15009480315051,
              42.28804782490814
            ],
            [
              -109.18828097856093,
              42.30424528365096
            ],
            [
              -109.25522673354942,
              42.35055616451976
            ],
            [
              -109.30677085367614,
              42.36466727756934
            ],
            [
              -109.34457265741239,
              42.3833312885942
            ],
            [
              -109.38670265383276,
              42.38391549067153
            ],
            [
              -109.42801088115026,
              42.39037930415216
            ],
            [
              -109.48495283347367,
              42.410529048688424
            ],
            [
              -109.53174846720336,
              42.44167824966868
            ],
            [
              -109.58812498114813,
              42.49896585867226
            ],
            [
              -109.61775174930284,
              42.51672657099976
            ],
            [
              -109.65031857701695,
              42.546066368078364
            ],
            [
              -109.69187479861671,
              42.56418326133077
            ],
            [
              -109.72351053072494,
              42.58572129266831
            ],
            [
              -109.79242119764696,
              42.59412615679932
            ],
            [
              -109.85068756419356,
              42.61601442120997
            ],
            [
              -109.91105922364758,
              42.65878693970248
            ],
            [
              -109.98600906233692,
              42.69651136044437
            ],
            [
              -110.01600618540931,
              42.72216136684366
            ],
            [
              -110.03257779558301,
              42.74343127367393
            ],
            [
              -110.10629799321555,
              42.77008287487251
            ],
            [
              -110.15468901569493,
              42.80299089675334
            ],
            [
              -110.17855244202619,
              42.83011414478724
            ],
            [
              -110.19453904415441,
              42.86014818060292
            ],
            [
              -110.20949069045757,
              42.93805463961366
            ],
            [
              -110.2290884838209,
              42.9826722275507
            ],
            [
              -110.24970392815717,
              43.09168482575352
            ],
            [
              -110.23089171108182,
              43.18987594178799
            ],
            [
              -110.25052294698585,
              43.26503706904178
            ],
            [
              -110.27333859217585,
              43.29553264537834
            ],
            [
              -110.28565339418314,
              43.32568867901055
            ],
            [
              -110.29940764136913,
              43.418803239152844
            ],
            [
              -110.29711018063861,
              43.449417989588824
            ],
            [
              -110.27877816708073,
              43.49337684534194
            ],
            [
              -110.23148497042766,
              43.55968148800344
            ],
            [
              -110.17962546887897,
              43.59640505058128
            ],
            [
              -110.18015241853942,
              43.60991030304638
            ],
            [
              -110.27218808528214,
              43.65790465050702
            ],
            [
              -110.32995803192178,
              43.664356552019065
            ],
            [
              -110.38571372434083,
              43.6827075454865
            ],
            [
              -110.41588264068096,
              43.67829109880863
            ],
            [
              -110.49475093799767,
              43.67612495541343
            ],
            [
              -110.5615817628847,
              43.682221994198045
            ],
            [
              -110.60343358413067,
              43.69414114294612
            ],
            [
              -110.64428948998244,
              43.71383618994187
            ],
            [
              -110.68795009390206,
              43.728651198424835
            ],
            [
              -110.72342313798033,
              43.74808143520743
            ],
            [
              -110.81480037258922,
              43.819293926186965
            ],
            [
              -110.84546327465583,
              43.85894842198481
            ],
            [
              -110.85953118015155,
              43.902956251827305
            ],
            [
              -110.88376486817074,
              43.93057065666053
            ],
            [
              -110.93081716237374,
              43.916095677350604
            ],
            [
              -111.01928572429973,
              43.89799890377552
            ],
            [
              -111.202840824804,
              43.88851283325192
            ],
            [
              -111.30813680709329,
              43.90051409526913
            ],
            [
              -111.34973715366053,
              43.91172757576141
            ],
            [
              -111.38747042917966,
              43.92857952170628
            ],
            [
              -111.41986908164488,
              43.950416522598836
            ],
            [
              -111.45818719494072,
              43.99506763999625
            ],
            [
              -111.4999256912779,
              44.02722771172321
            ],
            [
              -111.5294180579351,
              44.06953764446021
            ],
            [
              -111.5389724189979,
              44.10037998649836
            ],
            [
              -111.53995594030704,
              44.13196568585886
            ],
            [
              -111.5323191400652,
              44.16308542137328
            ],
            [
              -111.50975366255517,
              44.20083032561022
            ],
            [
              -111.53538745705272,
              44.26552575013185
            ],
            [
              -111.5351353593826,
              44.3070907824494
            ],
            [
              -111.56829216143166,
              44.33815465189021
            ],
            [
              -111.58619413431757,
              44.36595864310712
            ],
            [
              -111.5964362151037,
              44.39567291714696
            ],
            [
              -111.59778734262353,
              44.4329119855591
            ],
            [
              -111.63570100019462,
              44.42760469488715
            ],
            [
              -111.69703688539244,
              44.42680899559016
            ],
            [
              -111.8323498286432,
              44.43314245312803
            ],
            [
              -111.8850559591466,
              44.444152795180024
            ],
            [
              -111.95378470226692,
              44.42991197118484
            ],
            [
              -112.02524921009075,
              44.42534223027379
            ],
            [
              -112.09816262703136,
              44.42608463281574
            ],
            [
              -112.21232020915056,
              44.44802020013251
            ],
            [
              -112.2502142559875,
              44.46204330701494
            ],
            [
              -112.29338505347613,
              44.48804684418156
            ],
            [
              -112.34545931828406,
              44.487701251293814
            ],
            [
              -112.43603126613401,
              44.49493334603483
            ],
            [
              -112.54933659488137,
              44.47303920557741
            ],
            [
              -112.59553022323784,
              44.47001755829559
            ],
            [
              -112.63686928746105,
              44.429364420450796
            ],
            [
              -112.6720617706953,
              44.408823643603036
            ],
            [
              -112.71228068252421,
              44.39369506479818
            ],
            [
              -112.75591324793488,
              44.384583753385286
            ],
            [
              -112.82392194607093,
              44.382926256729185
            ],
            [
              -112.85883872953424,
              44.38658881417964
            ],
            [
              -112.90049614246246,
              44.39607132423496
            ],
            [
              -113.00354779454004,
              44.440374496222155
            ],
            [
              -113.09494377760844,
              44.462057511669116
            ],
            [
              -113.15051536190292,
              44.49072729481492
            ],
            [
              -113.17975469929446,
              44.51588468004304
            ],
            [
              -113.20892002276607,
              44.56014023813153
            ],
            [
              -113.21739763194118,
              44.592239084982076
            ],
            [
              -113.21787524462773,
              44.62147907072061
            ],
            [
              -113.25108274062224,
              44.67262734839796
            ],
            [
              -113.26318261168738,
              44.72283817611866
            ],
            [
              -113.25975421187535,
              44.77556049728224
            ],
            [
              -113.23487546276431,
              44.83196662766462
            ],
            [
              -113.25208558340046,
              44.87308311586279
            ],
            [
              -113.25102073662163,
              44.92548367099335
            ],
            [
              -113.26823118066181,
              44.95111540316773
            ],
            [
              -113.27961615374032,
              44.98276029603096
            ],
            [
              -113.28880736614938,
              45.10271723887956
            ],
            [
              -113.28153896119396,
              45.15074328807744
            ],
            [
              -113.332568587435,
              45.21555853827351
            ],
            [
              -113.35077025899052,
              45.26262157007625
            ],
            [
              -113.3539017991116,
              45.359118110205785
            ],
            [
              -113.34671608164378,
              45.415087677426236
            ],
            [
              -113.35155980785498,
              45.4546480127313
            ],
            [
              -113.33728933374857,
              45.53611534381228
            ],
            [
              -113.34353145162014,
              45.57857150154954
            ],
            [
              -113.33806478539549,
              45.60884027642433
            ],
            [
              -113.2949326968418,
              45.68583828956273
            ],
            [
              -113.27789085781018,
              45.73975906251014
            ],
            [
              -113.19833458453837,
              45.8373616533023
            ],
            [
              -113.12803342176225,
              45.900512187380215
            ],
            [
              -113.09391063974952,
              45.92234033880709
            ],
            [
              -113.05291556747183,
              45.93936913744961
            ],
            [
              -113.03895714998201,
              45.950443793508796
            ],
            [
              -113.01385106839226,
              45.98501825013565
            ],
            [
              -112.9697569198088,
              46.021812845274276
            ],
            [
              -112.91213690353851,
              46.04795731240296
            ],
            [
              -112.86867303132017,
              46.05828616189745
            ],
            [
              -112.83774875720056,
              46.061610326482906
            ],
            [
              -112.83034314968715,
              46.108239507438
            ],
            [
              -112.80472425536018,
              46.15073050769476
            ],
            [
              -112.77849764731984,
              46.1755009314791
            ],
            [
              -112.7295856326984,
              46.20422392443299
            ],
            [
              -112.67566865321666,
              46.24723462230352
            ],
            [
              -112.64125264058386,
              46.3143656773
            ],
            [
              -112.61632621987303,
              46.34213485908885
            ],
            [
              -112.58387792506534,
              46.36585170912444
            ],
            [
              -112.54522744459038,
              46.38454539502592
            ],
            [
              -112.48565514673476,
              46.4065730169898
            ],
            [
              -112.44744253970556,
              46.41518246990583
            ],
            [
              -112.43103945151924,
              46.46610198671069
            ],
            [
              -112.4677262134135,
              46.47983290521668
            ],
            [
              -112.50354873775974,
              46.50023242946823
            ],
            [
              -112.54477853336397,
              46.538973738788506
            ],
            [
              -112.5623499647937,
              46.56875831928693
            ],
            [
              -112.57187696750329,
              46.61905792820383
            ],
            [
              -112.58675514806609,
              46.65091660670333
            ],
            [
              -112.63911883644343,
              46.71519689641893
            ],
            [
              -112.73044463780414,
              46.7335037311836
            ],
            [
              -112.79197982676796,
              46.760388132266925
            ],
            [
              -112.82509772884137,
              46.785045130363216
            ],
            [
              -112.90163634469239,
              46.860412690294375
            ],
            [
              -112.9579764471698,
              46.857601784109846
            ],
            [
              -113.00112275322971,
              46.83899923148608
            ],
            [
              -113.06651272088406,
              46.825025695872746
            ],
            [
              -113.13494105583067,
              46.82464774085941
            ],
            [
              -113.20064440610547,
              46.837897152281236
            ],
            [
              -113.25808412596703,
              46.86365927938458
            ],
            [
              -113.30462355797887,
              46.899006950704376
            ],
            [
              -113.34100182319824,
              46.93833102666103
            ],
            [
              -113.35861911710866,
              46.97228021245698
            ],
            [
              -113.43561356160255,
              46.99859076351067
            ],
            [
              -113.48074440505513,
              47.02722634835776
            ],
            [
              -113.54458149654903,
              47.03631356735305
            ],
            [
              -113.58602416296817,
              47.04981704173299
            ],
            [
              -113.62291788443191,
              47.06858976027792
            ],
            [
              -113.6538719637831,
              47.091927249508394
            ],
            [
              -113.67771534051388,
              47.118952729054634
            ],
            [
              -113.69354100687558,
              47.14864946281487
            ],
            [
              -113.7007411454355,
              47.17989848028499
            ],
            [
              -113.69737812550963,
              47.21766346278215
            ],
            [
              -113.70922548841324,
              47.24018380926047
            ],
            [
              -113.74047761732781,
              47.26458696483439
            ],
            [
              -113.76101185840592,
              47.2886686001586
            ],
            [
              -113.80799618473881,
              47.3063089474013
            ],
            [
              -113.86164700618193,
              47.342840029164634
            ],
            [
              -113.8977250786784,
              47.35562685146066
            ],
            [
              -113.96725183485253,
              47.39307255750272
            ],
            [
              -113.99777068140186,
              47.417523613377575
            ],
            [
              -114.02071072834877,
              47.44562158050093
            ],
            [
              -114.03902147517856,
              47.49218421373872
            ],
            [
              -114.03726138313807,
              47.54523861021161
            ],
            [
              -114.0420182017278,
              47.560980925794986
            ],
            [
              -114.06440308475165,
              47.58139924477776
            ],
            [
              -114.08678844927323,
              47.61148871626333
            ],
            [
              -114.11378247991149,
              47.671865588262825
            ],
            [
              -114.11363522523065,
              47.72069570254245
            ],
            [
              -114.09379669853624,
              47.766431672945224
            ],
            [
              -114.09784029325844,
              47.794817829759715
            ],
            [
              -114.11522647977546,
              47.83064050058058
            ],
            [
              -114.14945466257693,
              47.85810017278946
            ],
            [
              -114.17404286452685,
              47.88481206302994
            ],
            [
              -114.192382630686,
              47.91944561160785
            ],
            [
              -114.21770241777871,
              47.94547415970907
            ],
            [
              -114.25456286368984,
              47.999849007662384
            ],
            [
              -114.26858872842917,
              48.04727439189131
            ],
            [
              -114.26535806086825,
              48.08390414486808
            ],
            [
              -114.29690723692873,
              48.10437270215618
            ],
            [
              -114.3452867037751,
              48.1509615989743
            ],
            [
              -114.40688534034923,
              48.25831297859438
            ],
            [
              -114.45688872398647,
              48.27243868047386
            ],
            [
              -114.5128211998398,
              48.301848365738344
            ],
            [
              -114.54205042858243,
              48.32708661510314
            ],
            [
              -114.56329618651735,
              48.355454341039255
            ],
            [
              -114.60158435951573,
              48.37732039103201
            ],
            [
              -114.63153557571427,
              48.4031340031654
            ],
            [
              -114.65330052421199,
              48.43249467634097
            ],
            [
              -114.67946557920472,
              48.49471781158674
            ],
            [
              -114.75910468559015,
              48.5676126117692
            ],
            [
              -114.8135412449811,
              48.650397724178625
            ],
            [
              -114.86853907492133,
              48.63447270843221
            ],
            [
              -114.93546675685707,
              48.62825740816449
            ],
            [
              -115.00232521825131,
              48.63480643330886
            ],
            [
              -115.07381134233192,
              48.65404660372621
            ],
            [
              -115.13174934109873,
              48.682221353916475
            ],
            [
              -115.18306095504833,
              48.72705310945067
            ],
            [
              -115.22548438805008,
              48.75286510408331
            ],
            [
              -115.25574797863821,
              48.779475706683094
            ]
          ]
        ]
      },
      "properties": {
        "name": "Tour Divide 18km Route Corridor",
        "buffer_km": 18.0,
        "track": "tour-divide-2025.gpx"
      }
    }
  ]
}