<?xml version="1.0" encoding="UTF-8"?>
<gpx xmlns:gpxdata="http://www.cluetrust.com/XML/GPXDATA/1/0" xmlns:xsi="http://www.w3.org/2001/XMLSchema-instance" xmlns="http://www.topografix.com/GPX/1/1" version="1.1" creator="http://ridewithgps.com/" xsi:schemaLocation="http://www.topografix.com/GPX/1/1 http://www.topografix.com/GPX/1/1/gpx.xsd http://www.cluetrust.com/XML/GPXDATA/1/0 http://www.cluetrust.com/Schemas/gpxdata10.xsd">
  <metadata>
    <name>AZT300 2025 V2 10k</name>
    <link href="https://ridewithgps.com/routes/49026162">
      <text>AZT300 2025 V2 10k</text>
    </link>
    <time>2024-11-11T16:37:57Z</time>
  </metadata>
  <trk>
    <name>AZT300 2025 V2 10k</name>
    <trkseg>
      <trkpt lat="31.33874" lon="-110.3379">
        <ele>1634.7</ele>
      </trkpt>
      <trkpt lat="31.33898" lon="-110.33789">
        <ele>1635.0</ele>
      </trkpt>
      <trkpt lat="31.33925" lon="-110.33789">
        <ele>1636.3</ele>
      </trkpt>
      <trkpt lat="31.34076" lon="-110.33822">
        <ele>1641.3</ele>
      </trkpt>
      <trkpt lat="31.34093" lon="-110.33826">
        <ele>1641.7</ele>
      </trkpt>
      <trkpt lat="31.34305" lon="-110.33873">
        <ele>1647.5</ele>
      </trkpt>
      <trkpt lat="31.34339" lon="-110.33881">
        <ele>1648.1</ele>
      </trkpt>
      <trkpt lat="31.34431" lon="-110.33879">
        <ele>1649.8</ele>
      </trkpt>
      <trkpt lat="31.34539" lon="-110.33849">
        <ele>1651.2</ele>
      </trkpt>
      <trkpt lat="31.34632" lon="-110.33794">
        <ele>1655.6</ele>
      </trkpt>
      <trkpt lat="31.3466" lon="-110.33778">
        <ele>1656.6</ele>
      </trkpt>
      <trkpt lat="31.34845" lon="-110.33764">
        <ele>1664.0</ele>
      </trkpt>
      <trkpt lat="31.35025" lon="-110.3375">
        <ele>1666.7</ele>
      </trkpt>
      <trkpt lat="31.35058" lon="-110.33762">
        <ele>1668.3</ele>
      </trkpt>
      <trkpt lat="31.35171" lon="-110.33802">
        <ele>1672.5</ele>
      </trkpt>
      <trkpt lat="31.3525" lon="-110.33817">
        <ele>1676.4</ele>
      </trkpt>
      <trkpt lat="31.35268" lon="-110.33821">
        <ele>1677.3</ele>
      </trkpt>
      <trkpt lat="31.3529" lon="-110.33825">
        <ele>1677.7</ele>
      </trkpt>
      <trkpt lat="31.3549" lon="-110.33812">
        <ele>1683.8</ele>
      </trkpt>
      <trkpt lat="31.35597" lon="-110.33712">
        <ele>1686.6</ele>
      </trkpt>
      <trkpt lat="31.35598" lon="-110.33712">
        <ele>1686.7</ele>
      </trkpt>
      <trkpt lat="31.35723" lon="-110.33713">
        <ele>1691.5</ele>
      </trkpt>
      <trkpt lat="31.35737" lon="-110.33714">
        <ele>1692.1</ele>
      </trkpt>
      <trkpt lat="31.35931" lon="-110.33594">
        <ele>1700.7</ele>
      </trkpt>
      <trkpt lat="31.36051" lon="-110.33521">
        <ele>1703.4</ele>
      </trkpt>
      <trkpt lat="31.36223" lon="-110.33488">
        <ele>1709.8</ele>
      </trkpt>
      <trkpt lat="31.36254" lon="-110.33478">
        <ele>1710.1</ele>
      </trkpt>
      <trkpt lat="31.36272" lon="-110.33473">
        <ele>1711.2</ele>
      </trkpt>
      <trkpt lat="31.36316" lon="-110.33458">
        <ele>1714.1</ele>
      </trkpt>
      <trkpt lat="31.3634" lon="-110.33446">
        <ele>1715.5</ele>
      </trkpt>
      <trkpt lat="31.36439" lon="-110.33392">
        <ele>1722.0</ele>
      </trkpt>
      <trkpt lat="31.36536" lon="-110.3337">
        <ele>1726.5</ele>
      </trkpt>
      <trkpt lat="31.36671" lon="-110.3329">
        <ele>1732.9</ele>
      </trkpt>
      <trkpt lat="31.36701" lon="-110.33273">
        <ele>1733.7</ele>
      </trkpt>
      <trkpt lat="31.36704" lon="-110.33272">
        <ele>1733.8</ele>
      </trkpt>
      <trkpt lat="31.36862" lon="-110.33232">
        <ele>1742.6</ele>
      </trkpt>
      <trkpt lat="31.36879" lon="-110.33227">
        <ele>1743.9</ele>
      </trkpt>
      <trkpt lat="31.36977" lon="-110.33202">
        <ele>1750.3</ele>
      </trkpt>
      <trkpt lat="31.36985" lon="-110.33202">
        <ele>1751.2</ele>
      </trkpt>
      <trkpt lat="31.3709" lon="-110.33191">
        <ele>1756.8</ele>
      </trkpt>
      <trkpt lat="31.37128" lon="-110.33195">
        <ele>1758.9</ele>
      </trkpt>
      <trkpt lat="31.37145" lon="-110.33197">
        <ele>1759.9</ele>
      </trkpt>
      <trkpt lat="31.37162" lon="-110.33207">
        <ele>1760.9</ele>
      </trkpt>
      <trkpt lat="31.37194" lon="-110.33227">
        <ele>1762.5</ele>
      </trkpt>
      <trkpt lat="31.371929" lon="-110.332258">
        <ele>1762.4</ele>
      </trkpt>
      <trkpt lat="31.36843" lon="-110.341791">
        <ele>1719.8</ele>
      </trkpt>
      <trkpt lat="31.368515" lon="-110.342213">
        <ele>1715.1</ele>
      </trkpt>
      <trkpt lat="31.370201" lon="-110.344197">
        <ele>1713.0</ele>
      </trkpt>
      <trkpt lat="31.370448" lon="-110.345224">
        <ele>1713.4</ele>
      </trkpt>
      <trkpt lat="31.370716" lon="-110.345553">
        <ele>1712.8</ele>
      </trkpt>
      <trkpt lat="31.371456" lon="-110.345718">
        <ele>1710.0</ele>
      </trkpt>
      <trkpt lat="31.372168" lon="-110.346065">
        <ele>1707.1</ele>
      </trkpt>
      <trkpt lat="31.372627" lon="-110.345928">
        <ele>1705.0</ele>
      </trkpt>
      <trkpt lat="31.372877" lon="-110.34609">
        <ele>1703.4</ele>
      </trkpt>
      <trkpt lat="31.373033" lon="-110.346653">
        <ele>1706.5</ele>
      </trkpt>
      <trkpt lat="31.373222" lon="-110.346787">
        <ele>1708.0</ele>
      </trkpt>
      <trkpt lat="31.373806" lon="-110.346617">
        <ele>1706.1</ele>
      </trkpt>
      <trkpt lat="31.373932" lon="-110.346739">
        <ele>1706.1</ele>
      </trkpt>
      <trkpt lat="31.374467" lon="-110.347846">
        <ele>1706.5</ele>
      </trkpt>
      <trkpt lat="31.37453" lon="-110.348467">
        <ele>1702.5</ele>
      </trkpt>
      <trkpt lat="31.374851" lon="-110.349301">
        <ele>1699.5</ele>
      </trkpt>
      <trkpt lat="31.374707" lon="-110.349755">
        <ele>1698.4</ele>
      </trkpt>
      <trkpt lat="31.37412" lon="-110.350864">
        <ele>1695.8</ele>
      </trkpt>
      <trkpt lat="31.374248" lon="-110.352075">
        <ele>1694.8</ele>
      </trkpt>
      <trkpt lat="31.374057" lon="-110.353355">
        <ele>1698.1</ele>
      </trkpt>
      <trkpt lat="31.374019" lon="-110.35457">
        <ele>1703.5</ele>
      </trkpt>
      <trkpt lat="31.374794" lon="-110.35782">
        <ele>1703.4</ele>
      </trkpt>
      <trkpt lat="31.374978" lon="-110.358099">
        <ele>1702.5</ele>
      </trkpt>
      <trkpt lat="31.375595" lon="-110.358322">
        <ele>1696.8</ele>
      </trkpt>
      <trkpt lat="31.376385" lon="-110.358841">
        <ele>1689.5</ele>
      </trkpt>
      <trkpt lat="31.376773" lon="-110.358626">
        <ele>1686.5</ele>
      </trkpt>
      <trkpt lat="31.376914" lon="-110.358923">
        <ele>1682.8</ele>
      </trkpt>
      <trkpt lat="31.376603" lon="-110.359725">
        <ele>1684.8</ele>
      </trkpt>
      <trkpt lat="31.376629" lon="-110.3605">
        <ele>1686.8</ele>
      </trkpt>
      <trkpt lat="31.376766" lon="-110.361007">
        <ele>1687.5</ele>
      </trkpt>
      <trkpt lat="31.377254" lon="-110.361477">
        <ele>1688.4</ele>
      </trkpt>
      <trkpt lat="31.377983" lon="-110.361992">
        <ele>1687.0</ele>
      </trkpt>
      <trkpt lat="31.37837" lon="-110.362452">
        <ele>1684.0</ele>
      </trkpt>
      <trkpt lat="31.37871" lon="-110.362523">
        <ele>1682.8</ele>
      </trkpt>
      <trkpt lat="31.379623" lon="-110.362256">
        <ele>1679.5</ele>
      </trkpt>
      <trkpt lat="31.379964" lon="-110.362437">
        <ele>1678.4</ele>
      </trkpt>
      <trkpt lat="31.380142" lon="-110.362672">
        <ele>1677.0</ele>
      </trkpt>
      <trkpt lat="31.380163" lon="-110.362997">
        <ele>1675.0</ele>
      </trkpt>
      <trkpt lat="31.380048" lon="-110.363263">
        <ele>1673.4</ele>
      </trkpt>
      <trkpt lat="31.379019" lon="-110.364142">
        <ele>1674.8</ele>
      </trkpt>
      <trkpt lat="31.376848" lon="-110.365088">
        <ele>1671.8</ele>
      </trkpt>
      <trkpt lat="31.376645" lon="-110.365509">
        <ele>1672.1</ele>
      </trkpt>
      <trkpt lat="31.37675" lon="-110.365898">
        <ele>1674.5</ele>
      </trkpt>
      <trkpt lat="31.377242" lon="-110.366526">
        <ele>1676.5</ele>
      </trkpt>
      <trkpt lat="31.37734" lon="-110.366774">
        <ele>1677.5</ele>
      </trkpt>
      <trkpt lat="31.377609" lon="-110.370514">
        <ele>1668.1</ele>
      </trkpt>
      <trkpt lat="31.377338" lon="-110.372528">
        <ele>1663.4</ele>
      </trkpt>
      <trkpt lat="31.377481" lon="-110.376417">
        <ele>1665.1</ele>
      </trkpt>
      <trkpt lat="31.377756" lon="-110.378503">
        <ele>1660.4</ele>
      </trkpt>
      <trkpt lat="31.377944" lon="-110.379134">
        <ele>1656.5</ele>
      </trkpt>
      <trkpt lat="31.378153" lon="-110.379534">
        <ele>1654.4</ele>
      </trkpt>
      <trkpt lat="31.378157" lon="-110.379706">
        <ele>1654.0</ele>
      </trkpt>
      <trkpt lat="31.377517" lon="-110.38103">
        <ele>1656.0</ele>
      </trkpt>
      <trkpt lat="31.377255" lon="-110.382448">
        <ele>1654.1</ele>
      </trkpt>
      <trkpt lat="31.376432" lon="-110.383727">
        <ele>1651.1</ele>
      </trkpt>
      <trkpt lat="31.376391" lon="-110.384255">
        <ele>1654.4</ele>
      </trkpt>
      <trkpt lat="31.377764" lon="-110.388872">
        <ele>1645.4</ele>
      </trkpt>
      <trkpt lat="31.376328" lon="-110.395501">
        <ele>1648.4</ele>
      </trkpt>
      <trkpt lat="31.376174" lon="-110.397018">
        <ele>1655.5</ele>
      </trkpt>
      <trkpt lat="31.376302" lon="-110.397566">
        <ele>1659.5</ele>
      </trkpt>
      <trkpt lat="31.376775" lon="-110.398258">
        <ele>1664.1</ele>
      </trkpt>
      <trkpt lat="31.376777" lon="-110.398919">
        <ele>1670.1</ele>
      </trkpt>
      <trkpt lat="31.377451" lon="-110.399674">
        <ele>1678.4</ele>
      </trkpt>
      <trkpt lat="31.378633" lon="-110.400112">
        <ele>1687.0</ele>
      </trkpt>
      <trkpt lat="31.379212" lon="-110.400465">
        <ele>1691.8</ele>
      </trkpt>
      <trkpt lat="31.38105" lon="-110.402907">
        <ele>1701.0</ele>
      </trkpt>
      <trkpt lat="31.382552" lon="-110.404619">
        <ele>1706.5</ele>
      </trkpt>
      <trkpt lat="31.400132" lon="-110.414842">
        <ele>1771.1</ele>
      </trkpt>
      <trkpt lat="31.400696" lon="-110.415244">
        <ele>1772.4</ele>
      </trkpt>
      <trkpt lat="31.402061" lon="-110.417258">
        <ele>1771.8</ele>
      </trkpt>
      <trkpt lat="31.402984" lon="-110.418043">
        <ele>1765.4</ele>
      </trkpt>
      <trkpt lat="31.403618" lon="-110.418981">
        <ele>1758.8</ele>
      </trkpt>
      <trkpt lat="31.40395" lon="-110.419255">
        <ele>1755.4</ele>
      </trkpt>
      <trkpt lat="31.404848" lon="-110.419242">
        <ele>1748.4</ele>
      </trkpt>
      <trkpt lat="31.405357" lon="-110.418881">
        <ele>1744.4</ele>
      </trkpt>
      <trkpt lat="31.405518" lon="-110.418519">
        <ele>1739.8</ele>
      </trkpt>
      <trkpt lat="31.405585" lon="-110.417906">
        <ele>1738.4</ele>
      </trkpt>
      <trkpt lat="31.405794" lon="-110.417747">
        <ele>1734.5</ele>
      </trkpt>
      <trkpt lat="31.406398" lon="-110.418903">
        <ele>1725.8</ele>
      </trkpt>
      <trkpt lat="31.406617" lon="-110.419152">
        <ele>1721.8</ele>
      </trkpt>
      <trkpt lat="31.407165" lon="-110.419478">
        <ele>1714.8</ele>
      </trkpt>
      <trkpt lat="31.407495" lon="-110.420414">
        <ele>1710.0</ele>
      </trkpt>
      <trkpt lat="31.407753" lon="-110.42056">
        <ele>1707.1</ele>
      </trkpt>
      <trkpt lat="31.409552" lon="-110.420832">
        <ele>1703.0</ele>
      </trkpt>
      <trkpt lat="31.410057" lon="-110.421141">
        <ele>1703.4</ele>
      </trkpt>
      <trkpt lat="31.410107" lon="-110.421318">
        <ele>1701.5</ele>
      </trkpt>
      <trkpt lat="31.410019" lon="-110.421438">
        <ele>1701.1</ele>
      </trkpt>
      <trkpt lat="31.409316" lon="-110.421549">
        <ele>1703.4</ele>
      </trkpt>
      <trkpt lat="31.409189" lon="-110.421726">
        <ele>1704.4</ele>
      </trkpt>
      <trkpt lat="31.409167" lon="-110.421912">
        <ele>1705.5</ele>
      </trkpt>
      <trkpt lat="31.409275" lon="-110.422296">
        <ele>1708.5</ele>
      </trkpt>
      <trkpt lat="31.409325" lon="-110.423198">
        <ele>1710.5</ele>
      </trkpt>
      <trkpt lat="31.409258" lon="-110.423374">
        <ele>1711.1</ele>
      </trkpt>
      <trkpt lat="31.408698" lon="-110.423913">
        <ele>1717.1</ele>
      </trkpt>
      <trkpt lat="31.408679" lon="-110.424124">
        <ele>1718.4</ele>
      </trkpt>
      <trkpt lat="31.408779" lon="-110.424266">
        <ele>1720.0</ele>
      </trkpt>
      <trkpt lat="31.40961" lon="-110.424715">
        <ele>1724.1</ele>
      </trkpt>
      <trkpt lat="31.409947" lon="-110.424773">
        <ele>1726.1</ele>
      </trkpt>
      <trkpt lat="31.410698" lon="-110.424649">
        <ele>1734.1</ele>
      </trkpt>
      <trkpt lat="31.412051" lon="-110.42494">
        <ele>1742.0</ele>
      </trkpt>
      <trkpt lat="31.412778" lon="-110.425267">
        <ele>1747.5</ele>
      </trkpt>
      <trkpt lat="31.413823" lon="-110.425907">
        <ele>1756.8</ele>
      </trkpt>
      <trkpt lat="31.414009" lon="-110.425933">
        <ele>1759.0</ele>
      </trkpt>
      <trkpt lat="31.414093" lon="-110.425467">
        <ele>1760.5</ele>
      </trkpt>
      <trkpt lat="31.414335" lon="-110.425072">
        <ele>1762.4</ele>
      </trkpt>
      <trkpt lat="31.414996" lon="-110.424461">
        <ele>1765.8</ele>
      </trkpt>
      <trkpt lat="31.417615" lon="-110.423282">
        <ele>1767.4</ele>
      </trkpt>
      <trkpt lat="31.418342" lon="-110.422817">
        <ele>1767.0</ele>
      </trkpt>
      <trkpt lat="31.419889" lon="-110.42151">
        <ele>1764.1</ele>
      </trkpt>
      <trkpt lat="31.420942" lon="-110.42003">
        <ele>1762.5</ele>
      </trkpt>
      <trkpt lat="31.421622" lon="-110.419402">
        <ele>1762.8</ele>
      </trkpt>
      <trkpt lat="31.422665" lon="-110.418831">
        <ele>1764.8</ele>
      </trkpt>
      <trkpt lat="31.424671" lon="-110.416993">
        <ele>1770.0</ele>
      </trkpt>
      <trkpt lat="31.4253" lon="-110.416917">
        <ele>1772.8</ele>
      </trkpt>
      <trkpt lat="31.426554" lon="-110.41578">
        <ele>1777.4</ele>
      </trkpt>
      <trkpt lat="31.427433" lon="-110.415115">
        <ele>1778.4</ele>
      </trkpt>
      <trkpt lat="31.42813" lon="-110.414366">
        <ele>1780.1</ele>
      </trkpt>
      <trkpt lat="31.42866" lon="-110.413406">
        <ele>1782.5</ele>
      </trkpt>
      <trkpt lat="31.429942" lon="-110.41188">
        <ele>1785.4</ele>
      </trkpt>
      <trkpt lat="31.431692" lon="-110.409989">
        <ele>1791.5</ele>
      </trkpt>
      <trkpt lat="31.433497" lon="-110.408322">
        <ele>1801.4</ele>
      </trkpt>
      <trkpt lat="31.435236" lon="-110.407485">
        <ele>1812.1</ele>
      </trkpt>
      <trkpt lat="31.43545" lon="-110.40721">
        <ele>1814.1</ele>
      </trkpt>
      <trkpt lat="31.437368" lon="-110.405614">
        <ele>1814.8</ele>
      </trkpt>
      <trkpt lat="31.438413" lon="-110.405176">
        <ele>1816.1</ele>
      </trkpt>
      <trkpt lat="31.438776" lon="-110.405113">
        <ele>1817.4</ele>
      </trkpt>
      <trkpt lat="31.44028" lon="-110.405374">
        <ele>1817.5</ele>
      </trkpt>
      <trkpt lat="31.441128" lon="-110.405075">
        <ele>1815.5</ele>
      </trkpt>
      <trkpt lat="31.442444" lon="-110.404451">
        <ele>1810.8</ele>
      </trkpt>
      <trkpt lat="31.442998" lon="-110.404276">
        <ele>1804.8</ele>
      </trkpt>
      <trkpt lat="31.443053" lon="-110.404124">
        <ele>1802.8</ele>
      </trkpt>
      <trkpt lat="31.442485" lon="-110.403321">
        <ele>1798.0</ele>
      </trkpt>
      <trkpt lat="31.441749" lon="-110.402883">
        <ele>1798.5</ele>
      </trkpt>
      <trkpt lat="31.441489" lon="-110.402851">
        <ele>1798.5</ele>
      </trkpt>
      <trkpt lat="31.440876" lon="-110.403143">
        <ele>1798.4</ele>
      </trkpt>
      <trkpt lat="31.440611" lon="-110.403177">
        <ele>1797.8</ele>
      </trkpt>
      <trkpt lat="31.43901" lon="-110.402765">
        <ele>1792.8</ele>
      </trkpt>
      <trkpt lat="31.438342" lon="-110.402763">
        <ele>1788.8</ele>
      </trkpt>
      <trkpt lat="31.438083" lon="-110.402628">
        <ele>1787.5</ele>
      </trkpt>
      <trkpt lat="31.437996" lon="-110.402419">
        <ele>1786.5</ele>
      </trkpt>
      <trkpt lat="31.438061" lon="-110.401944">
        <ele>1784.8</ele>
      </trkpt>
      <trkpt lat="31.438476" lon="-110.401434">
        <ele>1784.4</ele>
      </trkpt>
      <trkpt lat="31.438459" lon="-110.401147">
        <ele>1785.0</ele>
      </trkpt>
      <trkpt lat="31.438353" lon="-110.401011">
        <ele>1785.8</ele>
      </trkpt>
      <trkpt lat="31.437881" lon="-110.400919">
        <ele>1788.5</ele>
      </trkpt>
      <trkpt lat="31.438062" lon="-110.400705">
        <ele>1789.5</ele>
      </trkpt>
      <trkpt lat="31.43879" lon="-110.400269">
        <ele>1793.1</ele>
      </trkpt>
      <trkpt lat="31.439391" lon="-110.399579">
        <ele>1794.8</ele>
      </trkpt>
      <trkpt lat="31.439872" lon="-110.399354">
        <ele>1795.5</ele>
      </trkpt>
      <trkpt lat="31.440024" lon="-110.399197">
        <ele>1796.0</ele>
      </trkpt>
      <trkpt lat="31.440806" lon="-110.397663">
        <ele>1801.0</ele>
      </trkpt>
      <trkpt lat="31.442343" lon="-110.395974">
        <ele>1805.8</ele>
      </trkpt>
      <trkpt lat="31.44255" lon="-110.395615">
        <ele>1806.1</ele>
      </trkpt>
      <trkpt lat="31.442814" lon="-110.395713">
        <ele>1803.5</ele>
      </trkpt>
      <trkpt lat="31.442813" lon="-110.395909">
        <ele>1801.4</ele>
      </trkpt>
      <trkpt lat="31.44258" lon="-110.396168">
        <ele>1800.5</ele>
      </trkpt>
      <trkpt lat="31.442495" lon="-110.39644">
        <ele>1798.8</ele>
      </trkpt>
      <trkpt lat="31.442252" lon="-110.396648">
        <ele>1797.8</ele>
      </trkpt>
      <trkpt lat="31.441872" lon="-110.3972">
        <ele>1797.0</ele>
      </trkpt>
      <trkpt lat="31.441812" lon="-110.397467">
        <ele>1796.5</ele>
      </trkpt>
      <trkpt lat="31.441881" lon="-110.397735">
        <ele>1798.4</ele>
      </trkpt>
      <trkpt lat="31.442287" lon="-110.398021">
        <ele>1808.4</ele>
      </trkpt>
      <trkpt lat="31.4423" lon="-110.398192">
        <ele>1810.8</ele>
      </trkpt>
      <trkpt lat="31.442618" lon="-110.398792">
        <ele>1815.4</ele>
      </trkpt>
      <trkpt lat="31.443479" lon="-110.399821">
        <ele>1819.0</ele>
      </trkpt>
      <trkpt lat="31.444083" lon="-110.400386">
        <ele>1817.8</ele>
      </trkpt>
      <trkpt lat="31.444468" lon="-110.400963">
        <ele>1818.1</ele>
      </trkpt>
      <trkpt lat="31.444472" lon="-110.40112">
        <ele>1818.8</ele>
      </trkpt>
      <trkpt lat="31.444826" lon="-110.401819">
        <ele>1820.8</ele>
      </trkpt>
      <trkpt lat="31.444714" lon="-110.401969">
        <ele>1820.0</ele>
      </trkpt>
      <trkpt lat="31.444603" lon="-110.402608">
        <ele>1814.5</ele>
      </trkpt>
      <trkpt lat="31.444685" lon="-110.40298">
        <ele>1810.5</ele>
      </trkpt>
      <trkpt lat="31.445069" lon="-110.403076">
        <ele>1806.0</ele>
      </trkpt>
      <trkpt lat="31.444906" lon="-110.403555">
        <ele>1798.4</ele>
      </trkpt>
      <trkpt lat="31.445228" lon="-110.404737">
        <ele>1795.5</ele>
      </trkpt>
      <trkpt lat="31.445374" lon="-110.404929">
        <ele>1795.8</ele>
      </trkpt>
      <trkpt lat="31.445606" lon="-110.405928">
        <ele>1793.5</ele>
      </trkpt>
      <trkpt lat="31.446121" lon="-110.406411">
        <ele>1794.4</ele>
      </trkpt>
      <trkpt lat="31.446276" lon="-110.406809">
        <ele>1792.1</ele>
      </trkpt>
      <trkpt lat="31.446454" lon="-110.406981">
        <ele>1791.0</ele>
      </trkpt>
      <trkpt lat="31.446591" lon="-110.407315">
        <ele>1788.8</ele>
      </trkpt>
      <trkpt lat="31.447194" lon="-110.408006">
        <ele>1787.5</ele>
      </trkpt>
      <trkpt lat="31.447421" lon="-110.409124">
        <ele>1782.5</ele>
      </trkpt>
      <trkpt lat="31.447449" lon="-110.409715">
        <ele>1783.4</ele>
      </trkpt>
      <trkpt lat="31.447211" lon="-110.410101">
        <ele>1791.0</ele>
      </trkpt>
      <trkpt lat="31.446983" lon="-110.410787">
        <ele>1785.0</ele>
      </trkpt>
      <trkpt lat="31.445588" lon="-110.411585">
        <ele>1782.4</ele>
      </trkpt>
      <trkpt lat="31.444449" lon="-110.412533">
        <ele>1770.1</ele>
      </trkpt>
      <trkpt lat="31.444487" lon="-110.412872">
        <ele>1772.1</ele>
      </trkpt>
      <trkpt lat="31.444194" lon="-110.41343">
        <ele>1770.0</ele>
      </trkpt>
      <trkpt lat="31.443661" lon="-110.413829">
        <ele>1764.5</ele>
      </trkpt>
      <trkpt lat="31.443044" lon="-110.413954">
        <ele>1763.0</ele>
      </trkpt>
      <trkpt lat="31.442368" lon="-110.414339">
        <ele>1760.0</ele>
      </trkpt>
      <trkpt lat="31.442113" lon="-110.414346">
        <ele>1760.0</ele>
      </trkpt>
      <trkpt lat="31.44199" lon="-110.414177">
        <ele>1760.0</ele>
      </trkpt>
      <trkpt lat="31.441683" lon="-110.414105">
        <ele>1759.4</ele>
      </trkpt>
      <trkpt lat="31.439963" lon="-110.414344">
        <ele>1756.0</ele>
      </trkpt>
      <trkpt lat="31.439311" lon="-110.414706">
        <ele>1751.0</ele>
      </trkpt>
      <trkpt lat="31.438925" lon="-110.414706">
        <ele>1750.1</ele>
      </trkpt>
      <trkpt lat="31.438767" lon="-110.414621">
        <ele>1750.1</ele>
      </trkpt>
      <trkpt lat="31.438332" lon="-110.414683">
        <ele>1748.5</ele>
      </trkpt>
      <trkpt lat="31.437591" lon="-110.415214">
        <ele>1746.8</ele>
      </trkpt>
      <trkpt lat="31.43738" lon="-110.41564">
        <ele>1746.5</ele>
      </trkpt>
      <trkpt lat="31.437122" lon="-110.41573">
        <ele>1745.4</ele>
      </trkpt>
      <trkpt lat="31.436912" lon="-110.415922">
        <ele>1745.0</ele>
      </trkpt>
      <trkpt lat="31.43647" lon="-110.416819">
        <ele>1744.4</ele>
      </trkpt>
      <trkpt lat="31.43625" lon="-110.417055">
        <ele>1743.1</ele>
      </trkpt>
      <trkpt lat="31.435647" lon="-110.418119">
        <ele>1739.1</ele>
      </trkpt>
      <trkpt lat="31.43527" lon="-110.41784">
        <ele>1736.0</ele>
      </trkpt>
      <trkpt lat="31.43509" lon="-110.41792">
        <ele>1736.8</ele>
      </trkpt>
      <trkpt lat="31.434879" lon="-110.418205">
        <ele>1736.1</ele>
      </trkpt>
      <trkpt lat="31.43392" lon="-110.418461">
        <ele>1729.4</ele>
      </trkpt>
      <trkpt lat="31.433238" lon="-110.418808">
        <ele>1729.0</ele>
      </trkpt>
      <trkpt lat="31.432977" lon="-110.418795">
        <ele>1728.5</ele>
      </trkpt>
      <trkpt lat="31.431756" lon="-110.419073">
        <ele>1726.0</ele>
      </trkpt>
      <trkpt lat="31.430936" lon="-110.419045">
        <ele>1724.4</ele>
      </trkpt>
      <trkpt lat="31.429612" lon="-110.41934">
        <ele>1727.4</ele>
      </trkpt>
      <trkpt lat="31.429167" lon="-110.420087">
        <ele>1726.0</ele>
      </trkpt>
      <trkpt lat="31.428634" lon="-110.420336">
        <ele>1722.4</ele>
      </trkpt>
      <trkpt lat="31.428213" lon="-110.420654">
        <ele>1721.0</ele>
      </trkpt>
      <trkpt lat="31.427402" lon="-110.420743">
        <ele>1717.8</ele>
      </trkpt>
      <trkpt lat="31.427123" lon="-110.420621">
        <ele>1716.5</ele>
      </trkpt>
      <trkpt lat="31.426675" lon="-110.420697">
        <ele>1714.4</ele>
      </trkpt>
      <trkpt lat="31.426403" lon="-110.42086">
        <ele>1714.0</ele>
      </trkpt>
      <trkpt lat="31.42594" lon="-110.421423">
        <ele>1713.1</ele>
      </trkpt>
      <trkpt lat="31.425665" lon="-110.422363">
        <ele>1712.0</ele>
      </trkpt>
      <trkpt lat="31.425266" lon="-110.422569">
        <ele>1711.4</ele>
      </trkpt>
      <trkpt lat="31.424589" lon="-110.423098">
        <ele>1710.4</ele>
      </trkpt>
      <trkpt lat="31.423843" lon="-110.423536">
        <ele>1705.8</ele>
      </trkpt>
      <trkpt lat="31.423147" lon="-110.424488">
        <ele>1703.8</ele>
      </trkpt>
      <trkpt lat="31.422921" lon="-110.424978">
        <ele>1702.4</ele>
      </trkpt>
      <trkpt lat="31.42275" lon="-110.425111">
        <ele>1702.0</ele>
      </trkpt>
      <trkpt lat="31.422106" lon="-110.425175">
        <ele>1701.0</ele>
      </trkpt>
      <trkpt lat="31.421346" lon="-110.425547">
        <ele>1699.1</ele>
      </trkpt>
      <trkpt lat="31.420841" lon="-110.426222">
        <ele>1698.0</ele>
      </trkpt>
      <trkpt lat="31.419951" lon="-110.427003">
        <ele>1694.1</ele>
      </trkpt>
      <trkpt lat="31.419838" lon="-110.427222">
        <ele>1693.1</ele>
      </trkpt>
      <trkpt lat="31.419786" lon="-110.427697">
        <ele>1692.8</ele>
      </trkpt>
      <trkpt lat="31.41932" lon="-110.428197">
        <ele>1690.0</ele>
      </trkpt>
      <trkpt lat="31.418949" lon="-110.4291">
        <ele>1688.5</ele>
      </trkpt>
      <trkpt lat="31.418622" lon="-110.429154">
        <ele>1690.5</ele>
      </trkpt>
      <trkpt lat="31.418588" lon="-110.429329">
        <ele>1691.1</ele>
      </trkpt>
      <trkpt lat="31.418043" lon="-110.429704">
        <ele>1691.1</ele>
      </trkpt>
      <trkpt lat="31.418017" lon="-110.429971">
        <ele>1690.0</ele>
      </trkpt>
      <trkpt lat="31.417862" lon="-110.430227">
        <ele>1689.5</ele>
      </trkpt>
      <trkpt lat="31.417526" lon="-110.430442">
        <ele>1689.1</ele>
      </trkpt>
      <trkpt lat="31.416638" lon="-110.430733">
        <ele>1687.4</ele>
      </trkpt>
      <trkpt lat="31.416313" lon="-110.430969">
        <ele>1684.4</ele>
      </trkpt>
      <trkpt lat="31.416076" lon="-110.431648">
        <ele>1681.1</ele>
      </trkpt>
      <trkpt lat="31.416004" lon="-110.432244">
        <ele>1681.1</ele>
      </trkpt>
      <trkpt lat="31.415677" lon="-110.433151">
        <ele>1677.5</ele>
      </trkpt>
      <trkpt lat="31.415587" lon="-110.43379">
        <ele>1677.0</ele>
      </trkpt>
      <trkpt lat="31.4154" lon="-110.434199">
        <ele>1684.5</ele>
      </trkpt>
      <trkpt lat="31.415444" lon="-110.434762">
        <ele>1690.4</ele>
      </trkpt>
      <trkpt lat="31.41609" lon="-110.435327">
        <ele>1696.8</ele>
      </trkpt>
      <trkpt lat="31.416626" lon="-110.436081">
        <ele>1701.8</ele>
      </trkpt>
      <trkpt lat="31.416894" lon="-110.436158">
        <ele>1704.0</ele>
      </trkpt>
      <trkpt lat="31.417964" lon="-110.436872">
        <ele>1714.8</ele>
      </trkpt>
      <trkpt lat="31.419004" lon="-110.437867">
        <ele>1724.0</ele>
      </trkpt>
      <trkpt lat="31.419991" lon="-110.439208">
        <ele>1720.4</ele>
      </trkpt>
      <trkpt lat="31.420449" lon="-110.439343">
        <ele>1716.0</ele>
      </trkpt>
      <trkpt lat="31.420388" lon="-110.43951">
        <ele>1712.0</ele>
      </trkpt>
      <trkpt lat="31.419952" lon="-110.43976">
        <ele>1710.0</ele>
      </trkpt>
      <trkpt lat="31.419705" lon="-110.440188">
        <ele>1714.4</ele>
      </trkpt>
      <trkpt lat="31.419743" lon="-110.44024">
        <ele>1716.8</ele>
      </trkpt>
      <trkpt lat="31.419476" lon="-110.440592">
        <ele>1719.5</ele>
      </trkpt>
      <trkpt lat="31.419459" lon="-110.441009">
        <ele>1722.8</ele>
      </trkpt>
      <trkpt lat="31.419295" lon="-110.441424">
        <ele>1724.5</ele>
      </trkpt>
      <trkpt lat="31.419472" lon="-110.442187">
        <ele>1725.0</ele>
      </trkpt>
      <trkpt lat="31.419413" lon="-110.44237">
        <ele>1723.4</ele>
      </trkpt>
      <trkpt lat="31.41964" lon="-110.44379">
        <ele>1708.4</ele>
      </trkpt>
      <trkpt lat="31.41951" lon="-110.44439">
        <ele>1701.0</ele>
      </trkpt>
      <trkpt lat="31.418692" lon="-110.446025">
        <ele>1693.5</ele>
      </trkpt>
      <trkpt lat="31.41868" lon="-110.44627">
        <ele>1692.8</ele>
      </trkpt>
      <trkpt lat="31.41886" lon="-110.44698">
        <ele>1691.8</ele>
      </trkpt>
      <trkpt lat="31.419149" lon="-110.447601">
        <ele>1688.4</ele>
      </trkpt>
      <trkpt lat="31.419214" lon="-110.448287">
        <ele>1684.5</ele>
      </trkpt>
      <trkpt lat="31.41916" lon="-110.44852">
        <ele>1683.8</ele>
      </trkpt>
      <trkpt lat="31.418699" lon="-110.449307">
        <ele>1685.0</ele>
      </trkpt>
      <trkpt lat="31.418358" lon="-110.44957">
        <ele>1685.0</ele>
      </trkpt>
      <trkpt lat="31.41821" lon="-110.44982">
        <ele>1684.1</ele>
      </trkpt>
      <trkpt lat="31.41808" lon="-110.4504">
        <ele>1682.1</ele>
      </trkpt>
      <trkpt lat="31.417873" lon="-110.450878">
        <ele>1681.0</ele>
      </trkpt>
      <trkpt lat="31.417915" lon="-110.450996">
        <ele>1680.5</ele>
      </trkpt>
      <trkpt lat="31.418171" lon="-110.451124">
        <ele>1677.8</ele>
      </trkpt>
      <trkpt lat="31.41872" lon="-110.45186">
        <ele>1671.0</ele>
      </trkpt>
      <trkpt lat="31.418826" lon="-110.45237">
        <ele>1671.0</ele>
      </trkpt>
      <trkpt lat="31.41876" lon="-110.45276">
        <ele>1670.1</ele>
      </trkpt>
      <trkpt lat="31.418433" lon="-110.453556">
        <ele>1666.0</ele>
      </trkpt>
      <trkpt lat="31.417393" lon="-110.455216">
        <ele>1653.4</ele>
      </trkpt>
      <trkpt lat="31.41736" lon="-110.45569">
        <ele>1650.8</ele>
      </trkpt>
      <trkpt lat="31.417463" lon="-110.456">
        <ele>1652.0</ele>
      </trkpt>
      <trkpt lat="31.417625" lon="-110.456119">
        <ele>1653.8</ele>
      </trkpt>
      <trkpt lat="31.41769" lon="-110.456387">
        <ele>1655.1</ele>
      </trkpt>
      <trkpt lat="31.4186" lon="-110.45707">
        <ele>1663.4</ele>
      </trkpt>
      <trkpt lat="31.41875" lon="-110.4571">
        <ele>1664.0</ele>
      </trkpt>
      <trkpt lat="31.418768" lon="-110.45762">
        <ele>1665.4</ele>
      </trkpt>
      <trkpt lat="31.41936" lon="-110.45844">
        <ele>1661.8</ele>
      </trkpt>
      <trkpt lat="31.42001" lon="-110.4598">
        <ele>1663.4</ele>
      </trkpt>
      <trkpt lat="31.420302" lon="-110.46076">
        <ele>1659.1</ele>
      </trkpt>
      <trkpt lat="31.420318" lon="-110.461378">
        <ele>1658.8</ele>
      </trkpt>
      <trkpt lat="31.420482" lon="-110.461965">
        <ele>1654.5</ele>
      </trkpt>
      <trkpt lat="31.420267" lon="-110.46261">
        <ele>1652.0</ele>
      </trkpt>
      <trkpt lat="31.42035" lon="-110.4644">
        <ele>1645.5</ele>
      </trkpt>
      <trkpt lat="31.420213" lon="-110.46564">
        <ele>1646.8</ele>
      </trkpt>
      <trkpt lat="31.419823" lon="-110.465997">
        <ele>1650.1</ele>
      </trkpt>
      <trkpt lat="31.419082" lon="-110.466277">
        <ele>1650.1</ele>
      </trkpt>
      <trkpt lat="31.41851" lon="-110.466277">
        <ele>1645.5</ele>
      </trkpt>
      <trkpt lat="31.418121" lon="-110.466851">
        <ele>1640.1</ele>
      </trkpt>
      <trkpt lat="31.418005" lon="-110.467321">
        <ele>1636.5</ele>
      </trkpt>
      <trkpt lat="31.418025" lon="-110.467601">
        <ele>1635.4</ele>
      </trkpt>
      <trkpt lat="31.418262" lon="-110.467929">
        <ele>1634.8</ele>
      </trkpt>
      <trkpt lat="31.41869" lon="-110.46813">
        <ele>1632.0</ele>
      </trkpt>
      <trkpt lat="31.418802" lon="-110.468298">
        <ele>1631.4</ele>
      </trkpt>
      <trkpt lat="31.41906" lon="-110.46833">
        <ele>1630.1</ele>
      </trkpt>
      <trkpt lat="31.41933" lon="-110.46857">
        <ele>1631.8</ele>
      </trkpt>
      <trkpt lat="31.419425" lon="-110.468997">
        <ele>1633.1</ele>
      </trkpt>
      <trkpt lat="31.419815" lon="-110.469318">
        <ele>1629.0</ele>
      </trkpt>
      <trkpt lat="31.419833" lon="-110.46949">
        <ele>1628.5</ele>
      </trkpt>
      <trkpt lat="31.420083" lon="-110.469956">
        <ele>1625.1</ele>
      </trkpt>
      <trkpt lat="31.419795" lon="-110.470831">
        <ele>1615.4</ele>
      </trkpt>
      <trkpt lat="31.41975" lon="-110.47172">
        <ele>1611.1</ele>
      </trkpt>
      <trkpt lat="31.419631" lon="-110.471877">
        <ele>1612.4</ele>
      </trkpt>
      <trkpt lat="31.41963" lon="-110.47206">
        <ele>1611.4</ele>
      </trkpt>
      <trkpt lat="31.419515" lon="-110.472266">
        <ele>1610.0</ele>
      </trkpt>
      <trkpt lat="31.419489" lon="-110.472662">
        <ele>1607.4</ele>
      </trkpt>
      <trkpt lat="31.419144" lon="-110.472997">
        <ele>1600.4</ele>
      </trkpt>
      <trkpt lat="31.41882" lon="-110.473033">
        <ele>1593.4</ele>
      </trkpt>
      <trkpt lat="31.418718" lon="-110.473184">
        <ele>1591.1</ele>
      </trkpt>
      <trkpt lat="31.41882" lon="-110.47332">
        <ele>1593.0</ele>
      </trkpt>
      <trkpt lat="31.419388" lon="-110.473466">
        <ele>1589.4</ele>
      </trkpt>
      <trkpt lat="31.419643" lon="-110.473704">
        <ele>1584.4</ele>
      </trkpt>
      <trkpt lat="31.419436" lon="-110.473773">
        <ele>1581.5</ele>
      </trkpt>
      <trkpt lat="31.419395" lon="-110.473919">
        <ele>1580.4</ele>
      </trkpt>
      <trkpt lat="31.419999" lon="-110.474439">
        <ele>1585.0</ele>
      </trkpt>
      <trkpt lat="31.420474" lon="-110.47471">
        <ele>1589.8</ele>
      </trkpt>
      <trkpt lat="31.420592" lon="-110.474976">
        <ele>1593.5</ele>
      </trkpt>
      <trkpt lat="31.420304" lon="-110.47519">
        <ele>1599.8</ele>
      </trkpt>
      <trkpt lat="31.420237" lon="-110.475349">
        <ele>1603.4</ele>
      </trkpt>
      <trkpt lat="31.420252" lon="-110.475652">
        <ele>1603.0</ele>
      </trkpt>
      <trkpt lat="31.42037" lon="-110.47596">
        <ele>1600.4</ele>
      </trkpt>
      <trkpt lat="31.42056" lon="-110.47613">
        <ele>1594.8</ele>
      </trkpt>
      <trkpt lat="31.42094" lon="-110.47624">
        <ele>1590.1</ele>
      </trkpt>
      <trkpt lat="31.421161" lon="-110.476802">
        <ele>1592.8</ele>
      </trkpt>
      <trkpt lat="31.42151" lon="-110.47729">
        <ele>1596.0</ele>
      </trkpt>
      <trkpt lat="31.42179" lon="-110.477449">
        <ele>1597.0</ele>
      </trkpt>
      <trkpt lat="31.422009" lon="-110.477463">
        <ele>1598.1</ele>
      </trkpt>
      <trkpt lat="31.42229" lon="-110.47784">
        <ele>1594.0</ele>
      </trkpt>
      <trkpt lat="31.423066" lon="-110.477784">
        <ele>1595.4</ele>
      </trkpt>
      <trkpt lat="31.42364" lon="-110.47797">
        <ele>1596.1</ele>
      </trkpt>
      <trkpt lat="31.423926" lon="-110.477914">
        <ele>1597.8</ele>
      </trkpt>
      <trkpt lat="31.424119" lon="-110.477983">
        <ele>1599.1</ele>
      </trkpt>
      <trkpt lat="31.42459" lon="-110.477566">
        <ele>1602.0</ele>
      </trkpt>
      <trkpt lat="31.424998" lon="-110.477564">
        <ele>1604.8</ele>
      </trkpt>
      <trkpt lat="31.425408" lon="-110.477745">
        <ele>1604.0</ele>
      </trkpt>
      <trkpt lat="31.425472" lon="-110.477661">
        <ele>1604.5</ele>
      </trkpt>
      <trkpt lat="31.425505" lon="-110.477741">
        <ele>1605.1</ele>
      </trkpt>
      <trkpt lat="31.425671" lon="-110.477594">
        <ele>1606.5</ele>
      </trkpt>
      <trkpt lat="31.425855" lon="-110.477669">
        <ele>1608.1</ele>
      </trkpt>
      <trkpt lat="31.42586" lon="-110.477768">
        <ele>1609.5</ele>
      </trkpt>
      <trkpt lat="31.425999" lon="-110.477752">
        <ele>1610.1</ele>
      </trkpt>
      <trkpt lat="31.426" lon="-110.477885">
        <ele>1612.4</ele>
      </trkpt>
      <trkpt lat="31.426164" lon="-110.477893">
        <ele>1613.1</ele>
      </trkpt>
      <trkpt lat="31.426828" lon="-110.478559">
        <ele>1617.0</ele>
      </trkpt>
      <trkpt lat="31.42682" lon="-110.478648">
        <ele>1616.8</ele>
      </trkpt>
      <trkpt lat="31.426927" lon="-110.478718">
        <ele>1616.8</ele>
      </trkpt>
      <trkpt lat="31.426925" lon="-110.47886">
        <ele>1615.8</ele>
      </trkpt>
      <trkpt lat="31.426767" lon="-110.478989">
        <ele>1615.0</ele>
      </trkpt>
      <trkpt lat="31.42674" lon="-110.479144">
        <ele>1615.1</ele>
      </trkpt>
      <trkpt lat="31.42699" lon="-110.47947">
        <ele>1613.8</ele>
      </trkpt>
      <trkpt lat="31.427682" lon="-110.479297">
        <ele>1614.0</ele>
      </trkpt>
      <trkpt lat="31.428058" lon="-110.479341">
        <ele>1612.5</ele>
      </trkpt>
      <trkpt lat="31.42825" lon="-110.47947">
        <ele>1611.8</ele>
      </trkpt>
      <trkpt lat="31.428398" lon="-110.47974">
        <ele>1613.5</ele>
      </trkpt>
      <trkpt lat="31.428598" lon="-110.479645">
        <ele>1615.0</ele>
      </trkpt>
      <trkpt lat="31.428737" lon="-110.479801">
        <ele>1618.4</ele>
      </trkpt>
      <trkpt lat="31.429223" lon="-110.479779">
        <ele>1618.0</ele>
      </trkpt>
      <trkpt lat="31.429409" lon="-110.479627">
        <ele>1617.1</ele>
      </trkpt>
      <trkpt lat="31.429582" lon="-110.479148">
        <ele>1617.8</ele>
      </trkpt>
      <trkpt lat="31.42993" lon="-110.47905">
        <ele>1619.1</ele>
      </trkpt>
      <trkpt lat="31.43028" lon="-110.47936">
        <ele>1622.1</ele>
      </trkpt>
      <trkpt lat="31.430904" lon="-110.479281">
        <ele>1623.5</ele>
      </trkpt>
      <trkpt lat="31.431437" lon="-110.47888">
        <ele>1624.4</ele>
      </trkpt>
      <trkpt lat="31.431878" lon="-110.479017">
        <ele>1629.8</ele>
      </trkpt>
      <trkpt lat="31.43218" lon="-110.478947">
        <ele>1630.5</ele>
      </trkpt>
      <trkpt lat="31.4324" lon="-110.479147">
        <ele>1633.0</ele>
      </trkpt>
      <trkpt lat="31.432879" lon="-110.479314">
        <ele>1637.8</ele>
      </trkpt>
      <trkpt lat="31.43304" lon="-110.479209">
        <ele>1640.0</ele>
      </trkpt>
      <trkpt lat="31.43399" lon="-110.479699">
        <ele>1649.4</ele>
      </trkpt>
      <trkpt lat="31.433984" lon="-110.47979">
        <ele>1650.8</ele>
      </trkpt>
      <trkpt lat="31.434234" lon="-110.48007">
        <ele>1655.4</ele>
      </trkpt>
      <trkpt lat="31.43431" lon="-110.480328">
        <ele>1660.1</ele>
      </trkpt>
      <trkpt lat="31.434686" lon="-110.480411">
        <ele>1664.5</ele>
      </trkpt>
      <trkpt lat="31.435102" lon="-110.480225">
        <ele>1667.4</ele>
      </trkpt>
      <trkpt lat="31.435149" lon="-110.480133">
        <ele>1667.5</ele>
      </trkpt>
      <trkpt lat="31.435362" lon="-110.480106">
        <ele>1669.8</ele>
      </trkpt>
      <trkpt lat="31.436093" lon="-110.480302">
        <ele>1677.1</ele>
      </trkpt>
      <trkpt lat="31.436809" lon="-110.48092">
        <ele>1687.4</ele>
      </trkpt>
      <trkpt lat="31.43683" lon="-110.48108">
        <ele>1688.8</ele>
      </trkpt>
      <trkpt lat="31.437309" lon="-110.481504">
        <ele>1688.4</ele>
      </trkpt>
      <trkpt lat="31.43737" lon="-110.48194">
        <ele>1686.4</ele>
      </trkpt>
      <trkpt lat="31.437464" lon="-110.481931">
        <ele>1685.5</ele>
      </trkpt>
      <trkpt lat="31.437786" lon="-110.481537">
        <ele>1679.4</ele>
      </trkpt>
      <trkpt lat="31.438126" lon="-110.481665">
        <ele>1672.8</ele>
      </trkpt>
      <trkpt lat="31.438163" lon="-110.481833">
        <ele>1671.4</ele>
      </trkpt>
      <trkpt lat="31.4383" lon="-110.481848">
        <ele>1669.8</ele>
      </trkpt>
      <trkpt lat="31.438398" lon="-110.481757">
        <ele>1668.0</ele>
      </trkpt>
      <trkpt lat="31.438701" lon="-110.481843">
        <ele>1668.1</ele>
      </trkpt>
      <trkpt lat="31.438846" lon="-110.481669">
        <ele>1672.8</ele>
      </trkpt>
      <trkpt lat="31.439025" lon="-110.481678">
        <ele>1675.5</ele>
      </trkpt>
      <trkpt lat="31.439239" lon="-110.482058">
        <ele>1681.0</ele>
      </trkpt>
      <trkpt lat="31.439142" lon="-110.482472">
        <ele>1683.5</ele>
      </trkpt>
      <trkpt lat="31.439362" lon="-110.483048">
        <ele>1697.4</ele>
      </trkpt>
      <trkpt lat="31.439426" lon="-110.482801">
        <ele>1698.0</ele>
      </trkpt>
      <trkpt lat="31.439557" lon="-110.482727">
        <ele>1700.1</ele>
      </trkpt>
      <trkpt lat="31.439585" lon="-110.482936">
        <ele>1704.4</ele>
      </trkpt>
      <trkpt lat="31.439772" lon="-110.482853">
        <ele>1708.0</ele>
      </trkpt>
      <trkpt lat="31.43983" lon="-110.48298">
        <ele>1711.5</ele>
      </trkpt>
      <trkpt lat="31.44049" lon="-110.48351">
        <ele>1723.0</ele>
      </trkpt>
      <trkpt lat="31.440845" lon="-110.483643">
        <ele>1724.1</ele>
      </trkpt>
      <trkpt lat="31.44139" lon="-110.484127">
        <ele>1725.0</ele>
      </trkpt>
      <trkpt lat="31.441953" lon="-110.484299">
        <ele>1725.5</ele>
      </trkpt>
      <trkpt lat="31.442101" lon="-110.48453">
        <ele>1724.1</ele>
      </trkpt>
      <trkpt lat="31.442435" lon="-110.484671">
        <ele>1724.8</ele>
      </trkpt>
      <trkpt lat="31.442435" lon="-110.484872">
        <ele>1725.5</ele>
      </trkpt>
      <trkpt lat="31.443099" lon="-110.485428">
        <ele>1725.5</ele>
      </trkpt>
      <trkpt lat="31.443248" lon="-110.485782">
        <ele>1726.0</ele>
      </trkpt>
      <trkpt lat="31.443478" lon="-110.48598">
        <ele>1724.8</ele>
      </trkpt>
      <trkpt lat="31.444153" lon="-110.486214">
        <ele>1725.8</ele>
      </trkpt>
      <trkpt lat="31.444088" lon="-110.486357">
        <ele>1724.8</ele>
      </trkpt>
      <trkpt lat="31.444402" lon="-110.486568">
        <ele>1716.1</ele>
      </trkpt>
      <trkpt lat="31.444371" lon="-110.486647">
        <ele>1714.0</ele>
      </trkpt>
      <trkpt lat="31.444587" lon="-110.486591">
        <ele>1712.0</ele>
      </trkpt>
      <trkpt lat="31.44473" lon="-110.486351">
        <ele>1710.8</ele>
      </trkpt>
      <trkpt lat="31.444882" lon="-110.486347">
        <ele>1710.1</ele>
      </trkpt>
      <trkpt lat="31.445087" lon="-110.48696">
        <ele>1706.4</ele>
      </trkpt>
      <trkpt lat="31.445081" lon="-110.487163">
        <ele>1704.8</ele>
      </trkpt>
      <trkpt lat="31.445157" lon="-110.48722">
        <ele>1701.1</ele>
      </trkpt>
      <trkpt lat="31.445111" lon="-110.4876">
        <ele>1703.0</ele>
      </trkpt>
      <trkpt lat="31.445247" lon="-110.487939">
        <ele>1704.4</ele>
      </trkpt>
      <trkpt lat="31.445187" lon="-110.488101">
        <ele>1699.5</ele>
      </trkpt>
      <trkpt lat="31.4453" lon="-110.488444">
        <ele>1690.8</ele>
      </trkpt>
      <trkpt lat="31.445271" lon="-110.488576">
        <ele>1688.0</ele>
      </trkpt>
      <trkpt lat="31.445355" lon="-110.488719">
        <ele>1685.5</ele>
      </trkpt>
      <trkpt lat="31.445338" lon="-110.489144">
        <ele>1682.8</ele>
      </trkpt>
      <trkpt lat="31.445665" lon="-110.489948">
        <ele>1692.4</ele>
      </trkpt>
      <trkpt lat="31.445675" lon="-110.490254">
        <ele>1694.5</ele>
      </trkpt>
      <trkpt lat="31.446344" lon="-110.490802">
        <ele>1697.1</ele>
      </trkpt>
      <trkpt lat="31.447399" lon="-110.491284">
        <ele>1712.8</ele>
      </trkpt>
      <trkpt lat="31.447919" lon="-110.491389">
        <ele>1722.5</ele>
      </trkpt>
      <trkpt lat="31.448005" lon="-110.491589">
        <ele>1723.0</ele>
      </trkpt>
      <trkpt lat="31.448254" lon="-110.491711">
        <ele>1724.5</ele>
      </trkpt>
      <trkpt lat="31.448186" lon="-110.491783">
        <ele>1726.1</ele>
      </trkpt>
      <trkpt lat="31.448223" lon="-110.49226">
        <ele>1731.0</ele>
      </trkpt>
      <trkpt lat="31.448674" lon="-110.492541">
        <ele>1741.8</ele>
      </trkpt>
      <trkpt lat="31.448789" lon="-110.492775">
        <ele>1744.4</ele>
      </trkpt>
      <trkpt lat="31.449526" lon="-110.493379">
        <ele>1747.1</ele>
      </trkpt>
      <trkpt lat="31.449684" lon="-110.493631">
        <ele>1748.5</ele>
      </trkpt>
      <trkpt lat="31.449882" lon="-110.493671">
        <ele>1748.4</ele>
      </trkpt>
      <trkpt lat="31.449979" lon="-110.493847">
        <ele>1748.4</ele>
      </trkpt>
      <trkpt lat="31.450188" lon="-110.49392">
        <ele>1747.8</ele>
      </trkpt>
      <trkpt lat="31.450245" lon="-110.494071">
        <ele>1747.0</ele>
      </trkpt>
      <trkpt lat="31.450394" lon="-110.494103">
        <ele>1745.4</ele>
      </trkpt>
      <trkpt lat="31.450416" lon="-110.494237">
        <ele>1744.8</ele>
      </trkpt>
      <trkpt lat="31.450851" lon="-110.494379">
        <ele>1745.0</ele>
      </trkpt>
      <trkpt lat="31.45089" lon="-110.49455">
        <ele>1746.4</ele>
      </trkpt>
      <trkpt lat="31.451255" lon="-110.4947">
        <ele>1750.8</ele>
      </trkpt>
      <trkpt lat="31.452049" lon="-110.494458">
        <ele>1763.1</ele>
      </trkpt>
      <trkpt lat="31.452273" lon="-110.494308">
        <ele>1765.8</ele>
      </trkpt>
      <trkpt lat="31.452735" lon="-110.494274">
        <ele>1773.8</ele>
      </trkpt>
      <trkpt lat="31.452475" lon="-110.49449">
        <ele>1780.8</ele>
      </trkpt>
      <trkpt lat="31.452378" lon="-110.494808">
        <ele>1785.4</ele>
      </trkpt>
      <trkpt lat="31.45245" lon="-110.49508">
        <ele>1790.8</ele>
      </trkpt>
      <trkpt lat="31.452718" lon="-110.495281">
        <ele>1795.0</ele>
      </trkpt>
      <trkpt lat="31.453413" lon="-110.495526">
        <ele>1809.0</ele>
      </trkpt>
      <trkpt lat="31.453926" lon="-110.49589">
        <ele>1812.0</ele>
      </trkpt>
      <trkpt lat="31.45435" lon="-110.49688">
        <ele>1826.4</ele>
      </trkpt>
      <trkpt lat="31.45512" lon="-110.49759">
        <ele>1836.4</ele>
      </trkpt>
      <trkpt lat="31.455911" lon="-110.497705">
        <ele>1841.5</ele>
      </trkpt>
      <trkpt lat="31.456114" lon="-110.497582">
        <ele>1842.0</ele>
      </trkpt>
      <trkpt lat="31.456175" lon="-110.497622">
        <ele>1843.1</ele>
      </trkpt>
      <trkpt lat="31.456362" lon="-110.497499">
        <ele>1846.1</ele>
      </trkpt>
      <trkpt lat="31.456497" lon="-110.497557">
        <ele>1846.8</ele>
      </trkpt>
      <trkpt lat="31.457333" lon="-110.497344">
        <ele>1832.5</ele>
      </trkpt>
      <trkpt lat="31.457768" lon="-110.497363">
        <ele>1822.1</ele>
      </trkpt>
      <trkpt lat="31.457447" lon="-110.497592">
        <ele>1818.0</ele>
      </trkpt>
      <trkpt lat="31.457332" lon="-110.49778">
        <ele>1818.8</ele>
      </trkpt>
      <trkpt lat="31.458347" lon="-110.497937">
        <ele>1798.0</ele>
      </trkpt>
      <trkpt lat="31.458452" lon="-110.497834">
        <ele>1796.4</ele>
      </trkpt>
      <trkpt lat="31.458606" lon="-110.497832">
        <ele>1795.4</ele>
      </trkpt>
      <trkpt lat="31.45862" lon="-110.497739">
        <ele>1794.0</ele>
      </trkpt>
      <trkpt lat="31.459298" lon="-110.497218">
        <ele>1778.0</ele>
      </trkpt>
      <trkpt lat="31.45926" lon="-110.49706">
        <ele>1775.4</ele>
      </trkpt>
      <trkpt lat="31.459595" lon="-110.496434">
        <ele>1776.0</ele>
      </trkpt>
      <trkpt lat="31.459644" lon="-110.495765">
        <ele>1768.8</ele>
      </trkpt>
      <trkpt lat="31.459814" lon="-110.495483">
        <ele>1766.1</ele>
      </trkpt>
      <trkpt lat="31.459947" lon="-110.495522">
        <ele>1766.5</ele>
      </trkpt>
      <trkpt lat="31.459979" lon="-110.495638">
        <ele>1767.4</ele>
      </trkpt>
      <trkpt lat="31.460067" lon="-110.495654">
        <ele>1766.8</ele>
      </trkpt>
      <trkpt lat="31.46044" lon="-110.496376">
        <ele>1753.8</ele>
      </trkpt>
      <trkpt lat="31.46057" lon="-110.497011">
        <ele>1744.4</ele>
      </trkpt>
      <trkpt lat="31.460845" lon="-110.497247">
        <ele>1743.1</ele>
      </trkpt>
      <trkpt lat="31.461195" lon="-110.497395">
        <ele>1746.8</ele>
      </trkpt>
      <trkpt lat="31.461373" lon="-110.497861">
        <ele>1743.8</ele>
      </trkpt>
      <trkpt lat="31.461603" lon="-110.498125">
        <ele>1741.1</ele>
      </trkpt>
      <trkpt lat="31.461654" lon="-110.498406">
        <ele>1738.8</ele>
      </trkpt>
      <trkpt lat="31.461585" lon="-110.498904">
        <ele>1730.1</ele>
      </trkpt>
      <trkpt lat="31.461754" lon="-110.498793">
        <ele>1733.1</ele>
      </trkpt>
      <trkpt lat="31.461917" lon="-110.498971">
        <ele>1735.5</ele>
      </trkpt>
      <trkpt lat="31.46195" lon="-110.49928">
        <ele>1728.4</ele>
      </trkpt>
      <trkpt lat="31.462331" lon="-110.499391">
        <ele>1734.8</ele>
      </trkpt>
      <trkpt lat="31.46261" lon="-110.499714">
        <ele>1729.0</ele>
      </trkpt>
      <trkpt lat="31.462797" lon="-110.499726">
        <ele>1732.5</ele>
      </trkpt>
      <trkpt lat="31.463181" lon="-110.500164">
        <ele>1727.0</ele>
      </trkpt>
      <trkpt lat="31.463285" lon="-110.500398">
        <ele>1722.1</ele>
      </trkpt>
      <trkpt lat="31.46345" lon="-110.50051">
        <ele>1720.0</ele>
      </trkpt>
      <trkpt lat="31.463635" lon="-110.501155">
        <ele>1709.4</ele>
      </trkpt>
      <trkpt lat="31.46396" lon="-110.501437">
        <ele>1715.0</ele>
      </trkpt>
      <trkpt lat="31.464082" lon="-110.501765">
        <ele>1703.8</ele>
      </trkpt>
      <trkpt lat="31.464577" lon="-110.50201">
        <ele>1697.8</ele>
      </trkpt>
      <trkpt lat="31.464784" lon="-110.502216">
        <ele>1690.8</ele>
      </trkpt>
      <trkpt lat="31.4644" lon="-110.50274">
        <ele>1681.1</ele>
      </trkpt>
      <trkpt lat="31.464401" lon="-110.50333">
        <ele>1678.8</ele>
      </trkpt>
      <trkpt lat="31.464515" lon="-110.503691">
        <ele>1675.8</ele>
      </trkpt>
      <trkpt lat="31.464755" lon="-110.503883">
        <ele>1678.4</ele>
      </trkpt>
      <trkpt lat="31.464817" lon="-110.504043">
        <ele>1678.4</ele>
      </trkpt>
      <trkpt lat="31.465276" lon="-110.504264">
        <ele>1674.4</ele>
      </trkpt>
      <trkpt lat="31.465568" lon="-110.504195">
        <ele>1674.1</ele>
      </trkpt>
      <trkpt lat="31.465591" lon="-110.504535">
        <ele>1672.4</ele>
      </trkpt>
      <trkpt lat="31.465764" lon="-110.504905">
        <ele>1671.8</ele>
      </trkpt>
      <trkpt lat="31.465874" lon="-110.504953">
        <ele>1673.0</ele>
      </trkpt>
      <trkpt lat="31.466211" lon="-110.50572">
        <ele>1672.0</ele>
      </trkpt>
      <trkpt lat="31.466734" lon="-110.506191">
        <ele>1667.8</ele>
      </trkpt>
      <trkpt lat="31.466897" lon="-110.506147">
        <ele>1667.5</ele>
      </trkpt>
      <trkpt lat="31.467061" lon="-110.5064">
        <ele>1665.8</ele>
      </trkpt>
      <trkpt lat="31.467405" lon="-110.506566">
        <ele>1669.8</ele>
      </trkpt>
      <trkpt lat="31.46791" lon="-110.50721">
        <ele>1662.0</ele>
      </trkpt>
      <trkpt lat="31.468508" lon="-110.507381">
        <ele>1661.1</ele>
      </trkpt>
      <trkpt lat="31.469454" lon="-110.507357">
        <ele>1658.8</ele>
      </trkpt>
      <trkpt lat="31.470281" lon="-110.507955">
        <ele>1654.8</ele>
      </trkpt>
      <trkpt lat="31.47078" lon="-110.508111">
        <ele>1655.8</ele>
      </trkpt>
      <trkpt lat="31.470775" lon="-110.50819">
        <ele>1655.5</ele>
      </trkpt>
      <trkpt lat="31.472041" lon="-110.509197">
        <ele>1652.0</ele>
      </trkpt>
      <trkpt lat="31.472113" lon="-110.509369">
        <ele>1649.5</ele>
      </trkpt>
      <trkpt lat="31.472649" lon="-110.509932">
        <ele>1658.4</ele>
      </trkpt>
      <trkpt lat="31.472835" lon="-110.510004">
        <ele>1663.1</ele>
      </trkpt>
      <trkpt lat="31.473278" lon="-110.510485">
        <ele>1670.0</ele>
      </trkpt>
      <trkpt lat="31.473729" lon="-110.510466">
        <ele>1668.0</ele>
      </trkpt>
      <trkpt lat="31.47395" lon="-110.510714">
        <ele>1668.5</ele>
      </trkpt>
      <trkpt lat="31.474162" lon="-110.510738">
        <ele>1669.5</ele>
      </trkpt>
      <trkpt lat="31.474268" lon="-110.510925">
        <ele>1668.1</ele>
      </trkpt>
      <trkpt lat="31.474186" lon="-110.511558">
        <ele>1665.8</ele>
      </trkpt>
      <trkpt lat="31.474238" lon="-110.51169">
        <ele>1668.5</ele>
      </trkpt>
      <trkpt lat="31.474939" lon="-110.512093">
        <ele>1673.1</ele>
      </trkpt>
      <trkpt lat="31.475175" lon="-110.512834">
        <ele>1670.5</ele>
      </trkpt>
      <trkpt lat="31.475645" lon="-110.513103">
        <ele>1678.1</ele>
      </trkpt>
      <trkpt lat="31.47573" lon="-110.513231">
        <ele>1679.1</ele>
      </trkpt>
      <trkpt lat="31.475614" lon="-110.513699">
        <ele>1679.4</ele>
      </trkpt>
      <trkpt lat="31.475694" lon="-110.51379">
        <ele>1679.5</ele>
      </trkpt>
      <trkpt lat="31.475762" lon="-110.514233">
        <ele>1683.0</ele>
      </trkpt>
      <trkpt lat="31.476027" lon="-110.514455">
        <ele>1685.1</ele>
      </trkpt>
      <trkpt lat="31.476306" lon="-110.515023">
        <ele>1684.1</ele>
      </trkpt>
      <trkpt lat="31.476155" lon="-110.516">
        <ele>1684.1</ele>
      </trkpt>
      <trkpt lat="31.476279" lon="-110.516203">
        <ele>1683.1</ele>
      </trkpt>
      <trkpt lat="31.476078" lon="-110.517342">
        <ele>1673.8</ele>
      </trkpt>
      <trkpt lat="31.476172" lon="-110.517388">
        <ele>1673.1</ele>
      </trkpt>
      <trkpt lat="31.476047" lon="-110.517607">
        <ele>1674.1</ele>
      </trkpt>
      <trkpt lat="31.476423" lon="-110.517793">
        <ele>1677.8</ele>
      </trkpt>
      <trkpt lat="31.476034" lon="-110.518812">
        <ele>1688.5</ele>
      </trkpt>
      <trkpt lat="31.476032" lon="-110.519064">
        <ele>1690.1</ele>
      </trkpt>
      <trkpt lat="31.475825" lon="-110.519216">
        <ele>1690.8</ele>
      </trkpt>
      <trkpt lat="31.475829" lon="-110.519786">
        <ele>1687.1</ele>
      </trkpt>
      <trkpt lat="31.476236" lon="-110.520292">
        <ele>1688.1</ele>
      </trkpt>
      <trkpt lat="31.476229" lon="-110.520448">
        <ele>1688.0</ele>
      </trkpt>
      <trkpt lat="31.476344" lon="-110.520671">
        <ele>1687.5</ele>
      </trkpt>
      <trkpt lat="31.476328" lon="-110.520939">
        <ele>1686.5</ele>
      </trkpt>
      <trkpt lat="31.476574" lon="-110.521047">
        <ele>1685.1</ele>
      </trkpt>
      <trkpt lat="31.477026" lon="-110.521817">
        <ele>1683.1</ele>
      </trkpt>
      <trkpt lat="31.477317" lon="-110.521865">
        <ele>1680.1</ele>
      </trkpt>
      <trkpt lat="31.477518" lon="-110.522023">
        <ele>1680.0</ele>
      </trkpt>
      <trkpt lat="31.47756" lon="-110.522257">
        <ele>1681.4</ele>
      </trkpt>
      <trkpt lat="31.477752" lon="-110.522421">
        <ele>1678.5</ele>
      </trkpt>
      <trkpt lat="31.478369" lon="-110.522565">
        <ele>1670.8</ele>
      </trkpt>
      <trkpt lat="31.478602" lon="-110.523038">
        <ele>1669.8</ele>
      </trkpt>
      <trkpt lat="31.478723" lon="-110.523508">
        <ele>1668.8</ele>
      </trkpt>
      <trkpt lat="31.478943" lon="-110.523697">
        <ele>1667.1</ele>
      </trkpt>
      <trkpt lat="31.479058" lon="-110.523597">
        <ele>1666.1</ele>
      </trkpt>
      <trkpt lat="31.479141" lon="-110.523698">
        <ele>1666.5</ele>
      </trkpt>
      <trkpt lat="31.479117" lon="-110.524036">
        <ele>1669.1</ele>
      </trkpt>
      <trkpt lat="31.479824" lon="-110.525123">
        <ele>1681.0</ele>
      </trkpt>
      <trkpt lat="31.480014" lon="-110.525081">
        <ele>1682.8</ele>
      </trkpt>
      <trkpt lat="31.479996" lon="-110.52566">
        <ele>1685.1</ele>
      </trkpt>
      <trkpt lat="31.480103" lon="-110.52603">
        <ele>1682.0</ele>
      </trkpt>
      <trkpt lat="31.480328" lon="-110.52599">
        <ele>1682.5</ele>
      </trkpt>
      <trkpt lat="31.480335" lon="-110.526656">
        <ele>1689.8</ele>
      </trkpt>
      <trkpt lat="31.480514" lon="-110.526711">
        <ele>1687.8</ele>
      </trkpt>
      <trkpt lat="31.480456" lon="-110.526965">
        <ele>1685.8</ele>
      </trkpt>
      <trkpt lat="31.480877" lon="-110.527">
        <ele>1680.8</ele>
      </trkpt>
      <trkpt lat="31.481138" lon="-110.527212">
        <ele>1678.0</ele>
      </trkpt>
      <trkpt lat="31.480883" lon="-110.52725">
        <ele>1676.4</ele>
      </trkpt>
      <trkpt lat="31.480826" lon="-110.527492">
        <ele>1674.4</ele>
      </trkpt>
      <trkpt lat="31.48106" lon="-110.527771">
        <ele>1669.1</ele>
      </trkpt>
      <trkpt lat="31.481147" lon="-110.527767">
        <ele>1668.8</ele>
      </trkpt>
      <trkpt lat="31.481236" lon="-110.527948">
        <ele>1667.5</ele>
      </trkpt>
      <trkpt lat="31.481858" lon="-110.528294">
        <ele>1661.4</ele>
      </trkpt>
      <trkpt lat="31.482001" lon="-110.52826">
        <ele>1661.1</ele>
      </trkpt>
      <trkpt lat="31.482505" lon="-110.528808">
        <ele>1660.0</ele>
      </trkpt>
      <trkpt lat="31.482732" lon="-110.528932">
        <ele>1659.1</ele>
      </trkpt>
      <trkpt lat="31.483341" lon="-110.528919">
        <ele>1656.1</ele>
      </trkpt>
      <trkpt lat="31.483569" lon="-110.528732">
        <ele>1654.5</ele>
      </trkpt>
      <trkpt lat="31.483977" lon="-110.528924">
        <ele>1647.8</ele>
      </trkpt>
      <trkpt lat="31.484235" lon="-110.528618">
        <ele>1645.5</ele>
      </trkpt>
      <trkpt lat="31.48541" lon="-110.528155">
        <ele>1638.8</ele>
      </trkpt>
      <trkpt lat="31.48555" lon="-110.527786">
        <ele>1636.4</ele>
      </trkpt>
      <trkpt lat="31.48575" lon="-110.527595">
        <ele>1635.8</ele>
      </trkpt>
      <trkpt lat="31.485989" lon="-110.527554">
        <ele>1636.8</ele>
      </trkpt>
      <trkpt lat="31.48692" lon="-110.527875">
        <ele>1636.4</ele>
      </trkpt>
      <trkpt lat="31.487358" lon="-110.528558">
        <ele>1630.4</ele>
      </trkpt>
      <trkpt lat="31.487692" lon="-110.528898">
        <ele>1629.1</ele>
      </trkpt>
      <trkpt lat="31.488356" lon="-110.529141">
        <ele>1627.5</ele>
      </trkpt>
      <trkpt lat="31.488489" lon="-110.529317">
        <ele>1626.8</ele>
      </trkpt>
      <trkpt lat="31.488922" lon="-110.529509">
        <ele>1626.1</ele>
      </trkpt>
      <trkpt lat="31.48954" lon="-110.53009">
        <ele>1626.0</ele>
      </trkpt>
      <trkpt lat="31.49027" lon="-110.530362">
        <ele>1627.4</ele>
      </trkpt>
      <trkpt lat="31.491166" lon="-110.531">
        <ele>1623.5</ele>
      </trkpt>
      <trkpt lat="31.491339" lon="-110.531432">
        <ele>1623.4</ele>
      </trkpt>
      <trkpt lat="31.491663" lon="-110.531749">
        <ele>1620.0</ele>
      </trkpt>
      <trkpt lat="31.492153" lon="-110.53179">
        <ele>1620.0</ele>
      </trkpt>
      <trkpt lat="31.492498" lon="-110.531668">
        <ele>1619.1</ele>
      </trkpt>
      <trkpt lat="31.492687" lon="-110.531425">
        <ele>1619.0</ele>
      </trkpt>
      <trkpt lat="31.492991" lon="-110.531331">
        <ele>1620.5</ele>
      </trkpt>
      <trkpt lat="31.493439" lon="-110.531457">
        <ele>1626.0</ele>
      </trkpt>
      <trkpt lat="31.49371" lon="-110.531725">
        <ele>1629.4</ele>
      </trkpt>
      <trkpt lat="31.493505" lon="-110.531984">
        <ele>1630.5</ele>
      </trkpt>
      <trkpt lat="31.492827" lon="-110.532204">
        <ele>1629.8</ele>
      </trkpt>
      <trkpt lat="31.492587" lon="-110.53238">
        <ele>1630.1</ele>
      </trkpt>
      <trkpt lat="31.492195" lon="-110.532424">
        <ele>1633.1</ele>
      </trkpt>
      <trkpt lat="31.491964" lon="-110.532581">
        <ele>1636.0</ele>
      </trkpt>
      <trkpt lat="31.491788" lon="-110.532563">
        <ele>1636.1</ele>
      </trkpt>
      <trkpt lat="31.491591" lon="-110.532701">
        <ele>1637.4</ele>
      </trkpt>
      <trkpt lat="31.491483" lon="-110.532976">
        <ele>1639.1</ele>
      </trkpt>
      <trkpt lat="31.491044" lon="-110.533546">
        <ele>1638.4</ele>
      </trkpt>
      <trkpt lat="31.49079" lon="-110.534071">
        <ele>1640.1</ele>
      </trkpt>
      <trkpt lat="31.49082" lon="-110.53442">
        <ele>1647.4</ele>
      </trkpt>
      <trkpt lat="31.490667" lon="-110.534993">
        <ele>1652.8</ele>
      </trkpt>
      <trkpt lat="31.49035" lon="-110.535391">
        <ele>1654.8</ele>
      </trkpt>
      <trkpt lat="31.489951" lon="-110.536372">
        <ele>1663.5</ele>
      </trkpt>
      <trkpt lat="31.489972" lon="-110.536623">
        <ele>1665.4</ele>
      </trkpt>
      <trkpt lat="31.489892" lon="-110.536897">
        <ele>1667.4</ele>
      </trkpt>
      <trkpt lat="31.490007" lon="-110.536936">
        <ele>1668.5</ele>
      </trkpt>
      <trkpt lat="31.489701" lon="-110.53741">
        <ele>1674.5</ele>
      </trkpt>
      <trkpt lat="31.489969" lon="-110.53736">
        <ele>1677.0</ele>
      </trkpt>
      <trkpt lat="31.490001" lon="-110.53753">
        <ele>1679.4</ele>
      </trkpt>
      <trkpt lat="31.490161" lon="-110.537707">
        <ele>1683.4</ele>
      </trkpt>
      <trkpt lat="31.489909" lon="-110.537917">
        <ele>1687.8</ele>
      </trkpt>
      <trkpt lat="31.490081" lon="-110.538049">
        <ele>1691.0</ele>
      </trkpt>
      <trkpt lat="31.489975" lon="-110.538447">
        <ele>1696.5</ele>
      </trkpt>
      <trkpt lat="31.489823" lon="-110.538564">
        <ele>1698.8</ele>
      </trkpt>
      <trkpt lat="31.489825" lon="-110.539021">
        <ele>1706.4</ele>
      </trkpt>
      <trkpt lat="31.48967" lon="-110.53896">
        <ele>1709.0</ele>
      </trkpt>
      <trkpt lat="31.489717" lon="-110.539179">
        <ele>1714.1</ele>
      </trkpt>
      <trkpt lat="31.489619" lon="-110.539159">
        <ele>1716.4</ele>
      </trkpt>
      <trkpt lat="31.489782" lon="-110.539893">
        <ele>1729.4</ele>
      </trkpt>
      <trkpt lat="31.489934" lon="-110.540151">
        <ele>1732.5</ele>
      </trkpt>
      <trkpt lat="31.490074" lon="-110.540233">
        <ele>1734.4</ele>
      </trkpt>
      <trkpt lat="31.489859" lon="-110.540456">
        <ele>1739.8</ele>
      </trkpt>
      <trkpt lat="31.489955" lon="-110.540862">
        <ele>1746.5</ele>
      </trkpt>
      <trkpt lat="31.489913" lon="-110.541062">
        <ele>1747.1</ele>
      </trkpt>
      <trkpt lat="31.489978" lon="-110.541392">
        <ele>1749.0</ele>
      </trkpt>
      <trkpt lat="31.490066" lon="-110.5411">
        <ele>1752.4</ele>
      </trkpt>
      <trkpt lat="31.490257" lon="-110.540925">
        <ele>1753.0</ele>
      </trkpt>
      <trkpt lat="31.49047" lon="-110.541">
        <ele>1752.5</ele>
      </trkpt>
      <trkpt lat="31.49064" lon="-110.540874">
        <ele>1750.1</ele>
      </trkpt>
      <trkpt lat="31.490833" lon="-110.54102">
        <ele>1753.0</ele>
      </trkpt>
      <trkpt lat="31.49107" lon="-110.541041">
        <ele>1755.4</ele>
      </trkpt>
      <trkpt lat="31.491458" lon="-110.540825">
        <ele>1754.4</ele>
      </trkpt>
      <trkpt lat="31.49175" lon="-110.54088">
        <ele>1756.5</ele>
      </trkpt>
      <trkpt lat="31.492463" lon="-110.541407">
        <ele>1774.5</ele>
      </trkpt>
      <trkpt lat="31.492824" lon="-110.541498">
        <ele>1781.1</ele>
      </trkpt>
      <trkpt lat="31.493733" lon="-110.541015">
        <ele>1793.0</ele>
      </trkpt>
      <trkpt lat="31.494045" lon="-110.541029">
        <ele>1795.5</ele>
      </trkpt>
      <trkpt lat="31.494218" lon="-110.54121">
        <ele>1799.5</ele>
      </trkpt>
      <trkpt lat="31.49432" lon="-110.5416">
        <ele>1802.8</ele>
      </trkpt>
      <trkpt lat="31.494444" lon="-110.541721">
        <ele>1802.4</ele>
      </trkpt>
      <trkpt lat="31.494621" lon="-110.542604">
        <ele>1803.0</ele>
      </trkpt>
      <trkpt lat="31.495128" lon="-110.543168">
        <ele>1802.1</ele>
      </trkpt>
      <trkpt lat="31.49524" lon="-110.54357">
        <ele>1804.8</ele>
      </trkpt>
      <trkpt lat="31.49539" lon="-110.5438">
        <ele>1807.5</ele>
      </trkpt>
      <trkpt lat="31.495688" lon="-110.543779">
        <ele>1810.4</ele>
      </trkpt>
      <trkpt lat="31.495967" lon="-110.543943">
        <ele>1814.5</ele>
      </trkpt>
      <trkpt lat="31.496239" lon="-110.543963">
        <ele>1815.5</ele>
      </trkpt>
      <trkpt lat="31.496448" lon="-110.544164">
        <ele>1819.0</ele>
      </trkpt>
      <trkpt lat="31.496404" lon="-110.544268">
        <ele>1820.8</ele>
      </trkpt>
      <trkpt lat="31.496702" lon="-110.544512">
        <ele>1824.0</ele>
      </trkpt>
      <trkpt lat="31.496938" lon="-110.544884">
        <ele>1822.5</ele>
      </trkpt>
      <trkpt lat="31.496831" lon="-110.545164">
        <ele>1824.0</ele>
      </trkpt>
      <trkpt lat="31.49688" lon="-110.54539">
        <ele>1821.5</ele>
      </trkpt>
      <trkpt lat="31.496791" lon="-110.545502">
        <ele>1820.0</ele>
      </trkpt>
      <trkpt lat="31.496885" lon="-110.54562">
        <ele>1818.1</ele>
      </trkpt>
      <trkpt lat="31.49687" lon="-110.54577">
        <ele>1816.4</ele>
      </trkpt>
      <trkpt lat="31.496941" lon="-110.54585">
        <ele>1815.1</ele>
      </trkpt>
      <trkpt lat="31.496918" lon="-110.545983">
        <ele>1813.4</ele>
      </trkpt>
      <trkpt lat="31.497003" lon="-110.546141">
        <ele>1812.1</ele>
      </trkpt>
      <trkpt lat="31.497076" lon="-110.546098">
        <ele>1812.0</ele>
      </trkpt>
      <trkpt lat="31.497295" lon="-110.546496">
        <ele>1809.4</ele>
      </trkpt>
      <trkpt lat="31.497339" lon="-110.546776">
        <ele>1807.8</ele>
      </trkpt>
      <trkpt lat="31.497264" lon="-110.546927">
        <ele>1806.8</ele>
      </trkpt>
      <trkpt lat="31.497441" lon="-110.54721">
        <ele>1804.1</ele>
      </trkpt>
      <trkpt lat="31.497487" lon="-110.547159">
        <ele>1803.5</ele>
      </trkpt>
      <trkpt lat="31.497622" lon="-110.547361">
        <ele>1798.5</ele>
      </trkpt>
      <trkpt lat="31.498064" lon="-110.547522">
        <ele>1790.1</ele>
      </trkpt>
      <trkpt lat="31.498214" lon="-110.547489">
        <ele>1787.5</ele>
      </trkpt>
      <trkpt lat="31.498763" lon="-110.547715">
        <ele>1780.1</ele>
      </trkpt>
      <trkpt lat="31.499362" lon="-110.54758">
        <ele>1773.1</ele>
      </trkpt>
      <trkpt lat="31.50029" lon="-110.54792">
        <ele>1774.4</ele>
      </trkpt>
      <trkpt lat="31.500643" lon="-110.547943">
        <ele>1776.1</ele>
      </trkpt>
      <trkpt lat="31.501072" lon="-110.54783">
        <ele>1778.5</ele>
      </trkpt>
      <trkpt lat="31.502146" lon="-110.548415">
        <ele>1781.8</ele>
      </trkpt>
      <trkpt lat="31.502531" lon="-110.548525">
        <ele>1783.4</ele>
      </trkpt>
      <trkpt lat="31.502766" lon="-110.548492">
        <ele>1784.4</ele>
      </trkpt>
      <trkpt lat="31.50361" lon="-110.548738">
        <ele>1781.0</ele>
      </trkpt>
      <trkpt lat="31.503748" lon="-110.548694">
        <ele>1778.0</ele>
      </trkpt>
      <trkpt lat="31.504353" lon="-110.549165">
        <ele>1768.0</ele>
      </trkpt>
      <trkpt lat="31.504438" lon="-110.549118">
        <ele>1766.4</ele>
      </trkpt>
      <trkpt lat="31.504633" lon="-110.549203">
        <ele>1760.8</ele>
      </trkpt>
      <trkpt lat="31.504745" lon="-110.549462">
        <ele>1756.8</ele>
      </trkpt>
      <trkpt lat="31.504922" lon="-110.549436">
        <ele>1754.0</ele>
      </trkpt>
      <trkpt lat="31.504977" lon="-110.549301">
        <ele>1752.5</ele>
      </trkpt>
      <trkpt lat="31.505327" lon="-110.549469">
        <ele>1745.0</ele>
      </trkpt>
      <trkpt lat="31.505687" lon="-110.549464">
        <ele>1739.1</ele>
      </trkpt>
      <trkpt lat="31.506057" lon="-110.549665">
        <ele>1730.4</ele>
      </trkpt>
      <trkpt lat="31.506169" lon="-110.549983">
        <ele>1723.5</ele>
      </trkpt>
      <trkpt lat="31.506113" lon="-110.550092">
        <ele>1721.0</ele>
      </trkpt>
      <trkpt lat="31.506199" lon="-110.550485">
        <ele>1714.0</ele>
      </trkpt>
      <trkpt lat="31.506416" lon="-110.550844">
        <ele>1708.4</ele>
      </trkpt>
      <trkpt lat="31.506175" lon="-110.550855">
        <ele>1703.1</ele>
      </trkpt>
      <trkpt lat="31.506203" lon="-110.551081">
        <ele>1698.4</ele>
      </trkpt>
      <trkpt lat="31.50573" lon="-110.55108">
        <ele>1687.8</ele>
      </trkpt>
      <trkpt lat="31.50588" lon="-110.55146">
        <ele>1680.4</ele>
      </trkpt>
      <trkpt lat="31.505762" lon="-110.551463">
        <ele>1679.0</ele>
      </trkpt>
      <trkpt lat="31.505782" lon="-110.55162">
        <ele>1676.1</ele>
      </trkpt>
      <trkpt lat="31.505615" lon="-110.551916">
        <ele>1677.0</ele>
      </trkpt>
      <trkpt lat="31.50562" lon="-110.55211">
        <ele>1674.8</ele>
      </trkpt>
      <trkpt lat="31.505811" lon="-110.552177">
        <ele>1669.8</ele>
      </trkpt>
      <trkpt lat="31.505919" lon="-110.552523">
        <ele>1666.5</ele>
      </trkpt>
      <trkpt lat="31.506029" lon="-110.552579">
        <ele>1663.1</ele>
      </trkpt>
      <trkpt lat="31.506054" lon="-110.55274">
        <ele>1663.4</ele>
      </trkpt>
      <trkpt lat="31.507035" lon="-110.553466">
        <ele>1655.8</ele>
      </trkpt>
      <trkpt lat="31.50722" lon="-110.553404">
        <ele>1655.1</ele>
      </trkpt>
      <trkpt lat="31.507495" lon="-110.553458">
        <ele>1654.8</ele>
      </trkpt>
      <trkpt lat="31.507721" lon="-110.553782">
        <ele>1655.1</ele>
      </trkpt>
      <trkpt lat="31.507995" lon="-110.553988">
        <ele>1652.5</ele>
      </trkpt>
      <trkpt lat="31.507939" lon="-110.554473">
        <ele>1648.0</ele>
      </trkpt>
      <trkpt lat="31.508023" lon="-110.554651">
        <ele>1645.5</ele>
      </trkpt>
      <trkpt lat="31.50845" lon="-110.554802">
        <ele>1643.4</ele>
      </trkpt>
      <trkpt lat="31.508843" lon="-110.554724">
        <ele>1641.1</ele>
      </trkpt>
      <trkpt lat="31.509145" lon="-110.554917">
        <ele>1638.5</ele>
      </trkpt>
      <trkpt lat="31.508945" lon="-110.555096">
        <ele>1638.1</ele>
      </trkpt>
      <trkpt lat="31.508761" lon="-110.555098">
        <ele>1638.0</ele>
      </trkpt>
      <trkpt lat="31.508722" lon="-110.555252">
        <ele>1637.4</ele>
      </trkpt>
      <trkpt lat="31.50839" lon="-110.55552">
        <ele>1634.1</ele>
      </trkpt>
      <trkpt lat="31.508695" lon="-110.555728">
        <ele>1630.8</ele>
      </trkpt>
      <trkpt lat="31.509013" lon="-110.556246">
        <ele>1626.1</ele>
      </trkpt>
      <trkpt lat="31.509037" lon="-110.556592">
        <ele>1623.0</ele>
      </trkpt>
      <trkpt lat="31.509264" lon="-110.5568">
        <ele>1622.4</ele>
      </trkpt>
      <trkpt lat="31.5102" lon="-110.55706">
        <ele>1619.4</ele>
      </trkpt>
      <trkpt lat="31.510475" lon="-110.557429">
        <ele>1617.5</ele>
      </trkpt>
      <trkpt lat="31.510788" lon="-110.557431">
        <ele>1617.0</ele>
      </trkpt>
      <trkpt lat="31.510963" lon="-110.557647">
        <ele>1617.0</ele>
      </trkpt>
      <trkpt lat="31.51177" lon="-110.55754">
        <ele>1615.8</ele>
      </trkpt>
      <trkpt lat="31.512228" lon="-110.557336">
        <ele>1619.0</ele>
      </trkpt>
      <trkpt lat="31.512326" lon="-110.557592">
        <ele>1622.4</ele>
      </trkpt>
      <trkpt lat="31.512137" lon="-110.557886">
        <ele>1623.0</ele>
      </trkpt>
      <trkpt lat="31.512346" lon="-110.558146">
        <ele>1624.8</ele>
      </trkpt>
      <trkpt lat="31.512735" lon="-110.558329">
        <ele>1627.5</ele>
      </trkpt>
      <trkpt lat="31.512876" lon="-110.558278">
        <ele>1628.1</ele>
      </trkpt>
      <trkpt lat="31.51287" lon="-110.558765">
        <ele>1630.0</ele>
      </trkpt>
      <trkpt lat="31.51228" lon="-110.56014">
        <ele>1635.0</ele>
      </trkpt>
      <trkpt lat="31.512317" lon="-110.560468">
        <ele>1636.8</ele>
      </trkpt>
      <trkpt lat="31.512661" lon="-110.560881">
        <ele>1640.4</ele>
      </trkpt>
      <trkpt lat="31.512761" lon="-110.561701">
        <ele>1645.0</ele>
      </trkpt>
      <trkpt lat="31.512912" lon="-110.562165">
        <ele>1647.0</ele>
      </trkpt>
      <trkpt lat="31.512653" lon="-110.562644">
        <ele>1647.5</ele>
      </trkpt>
      <trkpt lat="31.512603" lon="-110.5629">
        <ele>1649.0</ele>
      </trkpt>
      <trkpt lat="31.512725" lon="-110.563228">
        <ele>1649.0</ele>
      </trkpt>
      <trkpt lat="31.512679" lon="-110.563444">
        <ele>1649.0</ele>
      </trkpt>
      <trkpt lat="31.512846" lon="-110.563872">
        <ele>1648.5</ele>
      </trkpt>
      <trkpt lat="31.5126" lon="-110.564947">
        <ele>1647.0</ele>
      </trkpt>
      <trkpt lat="31.511594" lon="-110.566805">
        <ele>1654.4</ele>
      </trkpt>
      <trkpt lat="31.511383" lon="-110.568027">
        <ele>1663.4</ele>
      </trkpt>
      <trkpt lat="31.511841" lon="-110.568032">
        <ele>1658.5</ele>
      </trkpt>
      <trkpt lat="31.511978" lon="-110.568341">
        <ele>1658.5</ele>
      </trkpt>
      <trkpt lat="31.512109" lon="-110.568445">
        <ele>1657.1</ele>
      </trkpt>
      <trkpt lat="31.512204" lon="-110.568737">
        <ele>1656.4</ele>
      </trkpt>
      <trkpt lat="31.512138" lon="-110.568803">
        <ele>1657.1</ele>
      </trkpt>
      <trkpt lat="31.512304" lon="-110.568992">
        <ele>1657.4</ele>
      </trkpt>
      <trkpt lat="31.512712" lon="-110.568803">
        <ele>1657.1</ele>
      </trkpt>
      <trkpt lat="31.512766" lon="-110.568913">
        <ele>1658.0</ele>
      </trkpt>
      <trkpt lat="31.512596" lon="-110.56991">
        <ele>1665.0</ele>
      </trkpt>
      <trkpt lat="31.512698" lon="-110.570325">
        <ele>1667.4</ele>
      </trkpt>
      <trkpt lat="31.512813" lon="-110.570419">
        <ele>1669.1</ele>
      </trkpt>
      <trkpt lat="31.513044" lon="-110.570252">
        <ele>1670.5</ele>
      </trkpt>
      <trkpt lat="31.513684" lon="-110.570102">
        <ele>1676.4</ele>
      </trkpt>
      <trkpt lat="31.513205" lon="-110.570975">
        <ele>1688.4</ele>
      </trkpt>
      <trkpt lat="31.513015" lon="-110.57151">
        <ele>1690.1</ele>
      </trkpt>
      <trkpt lat="31.51267" lon="-110.571883">
        <ele>1694.4</ele>
      </trkpt>
      <trkpt lat="31.512571" lon="-110.572173">
        <ele>1699.0</ele>
      </trkpt>
      <trkpt lat="31.512611" lon="-110.572407">
        <ele>1701.0</ele>
      </trkpt>
      <trkpt lat="31.513509" lon="-110.573658">
        <ele>1691.5</ele>
      </trkpt>
      <trkpt lat="31.513469" lon="-110.573853">
        <ele>1690.5</ele>
      </trkpt>
      <trkpt lat="31.513878" lon="-110.5745">
        <ele>1686.4</ele>
      </trkpt>
      <trkpt lat="31.514053" lon="-110.574645">
        <ele>1684.4</ele>
      </trkpt>
      <trkpt lat="31.513414" lon="-110.574469">
        <ele>1678.1</ele>
      </trkpt>
      <trkpt lat="31.513072" lon="-110.574101">
        <ele>1673.8</ele>
      </trkpt>
      <trkpt lat="31.513041" lon="-110.574564">
        <ele>1668.4</ele>
      </trkpt>
      <trkpt lat="31.513261" lon="-110.574882">
        <ele>1665.4</ele>
      </trkpt>
      <trkpt lat="31.513393" lon="-110.574926">
        <ele>1664.5</ele>
      </trkpt>
      <trkpt lat="31.513485" lon="-110.575231">
        <ele>1660.0</ele>
      </trkpt>
      <trkpt lat="31.513457" lon="-110.575604">
        <ele>1656.0</ele>
      </trkpt>
      <trkpt lat="31.513254" lon="-110.57591">
        <ele>1652.4</ele>
      </trkpt>
      <trkpt lat="31.513397" lon="-110.576148">
        <ele>1652.5</ele>
      </trkpt>
      <trkpt lat="31.513119" lon="-110.576295">
        <ele>1651.4</ele>
      </trkpt>
      <trkpt lat="31.513015" lon="-110.576449">
        <ele>1653.0</ele>
      </trkpt>
      <trkpt lat="31.512282" lon="-110.576899">
        <ele>1650.8</ele>
      </trkpt>
      <trkpt lat="31.51165" lon="-110.57781">
        <ele>1649.0</ele>
      </trkpt>
      <trkpt lat="31.5112" lon="-110.578002">
        <ele>1643.4</ele>
      </trkpt>
      <trkpt lat="31.510791" lon="-110.578955">
        <ele>1633.4</ele>
      </trkpt>
      <trkpt lat="31.510856" lon="-110.57908">
        <ele>1632.1</ele>
      </trkpt>
      <trkpt lat="31.511045" lon="-110.579068">
        <ele>1631.8</ele>
      </trkpt>
      <trkpt lat="31.511092" lon="-110.579476">
        <ele>1630.0</ele>
      </trkpt>
      <trkpt lat="31.511203" lon="-110.579635">
        <ele>1631.0</ele>
      </trkpt>
      <trkpt lat="31.510974" lon="-110.579773">
        <ele>1628.4</ele>
      </trkpt>
      <trkpt lat="31.510774" lon="-110.580079">
        <ele>1626.4</ele>
      </trkpt>
      <trkpt lat="31.510765" lon="-110.580951">
        <ele>1623.0</ele>
      </trkpt>
      <trkpt lat="31.510433" lon="-110.581051">
        <ele>1621.8</ele>
      </trkpt>
      <trkpt lat="31.509974" lon="-110.581459">
        <ele>1620.1</ele>
      </trkpt>
      <trkpt lat="31.510224" lon="-110.582093">
        <ele>1622.5</ele>
      </trkpt>
      <trkpt lat="31.510492" lon="-110.58219">
        <ele>1624.4</ele>
      </trkpt>
      <trkpt lat="31.510826" lon="-110.58255">
        <ele>1628.5</ele>
      </trkpt>
      <trkpt lat="31.510841" lon="-110.583331">
        <ele>1631.1</ele>
      </trkpt>
      <trkpt lat="31.510193" lon="-110.583885">
        <ele>1629.1</ele>
      </trkpt>
      <trkpt lat="31.509781" lon="-110.584046">
        <ele>1626.5</ele>
      </trkpt>
      <trkpt lat="31.50924" lon="-110.584599">
        <ele>1624.0</ele>
      </trkpt>
      <trkpt lat="31.509163" lon="-110.58526">
        <ele>1621.5</ele>
      </trkpt>
      <trkpt lat="31.50944" lon="-110.586507">
        <ele>1621.1</ele>
      </trkpt>
      <trkpt lat="31.509706" lon="-110.587122">
        <ele>1622.5</ele>
      </trkpt>
      <trkpt lat="31.510063" lon="-110.587634">
        <ele>1623.4</ele>
      </trkpt>
      <trkpt lat="31.51029" lon="-110.58778">
        <ele>1622.5</ele>
      </trkpt>
      <trkpt lat="31.511533" lon="-110.587939">
        <ele>1620.5</ele>
      </trkpt>
      <trkpt lat="31.511587" lon="-110.588398">
        <ele>1621.4</ele>
      </trkpt>
      <trkpt lat="31.511508" lon="-110.588935">
        <ele>1620.1</ele>
      </trkpt>
      <trkpt lat="31.511881" lon="-110.589855">
        <ele>1617.0</ele>
      </trkpt>
      <trkpt lat="31.51176" lon="-110.590011">
        <ele>1616.4</ele>
      </trkpt>
      <trkpt lat="31.512181" lon="-110.590493">
        <ele>1610.0</ele>
      </trkpt>
      <trkpt lat="31.512557" lon="-110.590704">
        <ele>1604.1</ele>
      </trkpt>
      <trkpt lat="31.512594" lon="-110.590998">
        <ele>1604.4</ele>
      </trkpt>
      <trkpt lat="31.513717" lon="-110.591558">
        <ele>1592.4</ele>
      </trkpt>
      <trkpt lat="31.514664" lon="-110.592357">
        <ele>1576.1</ele>
      </trkpt>
      <trkpt lat="31.515055" lon="-110.592868">
        <ele>1572.4</ele>
      </trkpt>
      <trkpt lat="31.515041" lon="-110.59299">
        <ele>1570.0</ele>
      </trkpt>
      <trkpt lat="31.515319" lon="-110.593625">
        <ele>1564.4</ele>
      </trkpt>
      <trkpt lat="31.515186" lon="-110.593661">
        <ele>1563.1</ele>
      </trkpt>
      <trkpt lat="31.515405" lon="-110.593868">
        <ele>1558.1</ele>
      </trkpt>
      <trkpt lat="31.515982" lon="-110.594047">
        <ele>1542.1</ele>
      </trkpt>
      <trkpt lat="31.51601" lon="-110.59414">
        <ele>1542.1</ele>
      </trkpt>
      <trkpt lat="31.516152" lon="-110.594036">
        <ele>1541.1</ele>
      </trkpt>
      <trkpt lat="31.516496" lon="-110.594801">
        <ele>1540.1</ele>
      </trkpt>
      <trkpt lat="31.516671" lon="-110.594958">
        <ele>1540.5</ele>
      </trkpt>
      <trkpt lat="31.516869" lon="-110.59535">
        <ele>1535.4</ele>
      </trkpt>
      <trkpt lat="31.51712" lon="-110.59554">
        <ele>1532.5</ele>
      </trkpt>
      <trkpt lat="31.517074" lon="-110.59573">
        <ele>1530.8</ele>
      </trkpt>
      <trkpt lat="31.517178" lon="-110.595998">
        <ele>1531.5</ele>
      </trkpt>
      <trkpt lat="31.517646" lon="-110.596296">
        <ele>1529.5</ele>
      </trkpt>
      <trkpt lat="31.517748" lon="-110.596278">
        <ele>1529.1</ele>
      </trkpt>
      <trkpt lat="31.51792" lon="-110.596495">
        <ele>1527.8</ele>
      </trkpt>
      <trkpt lat="31.518188" lon="-110.596545">
        <ele>1526.8</ele>
      </trkpt>
      <trkpt lat="31.518384" lon="-110.596479">
        <ele>1526.1</ele>
      </trkpt>
      <trkpt lat="31.518435" lon="-110.596623">
        <ele>1524.5</ele>
      </trkpt>
      <trkpt lat="31.518829" lon="-110.596835">
        <ele>1523.1</ele>
      </trkpt>
      <trkpt lat="31.51904" lon="-110.59725">
        <ele>1518.8</ele>
      </trkpt>
      <trkpt lat="31.519035" lon="-110.59744">
        <ele>1518.0</ele>
      </trkpt>
      <trkpt lat="31.51927" lon="-110.59805">
        <ele>1517.8</ele>
      </trkpt>
      <trkpt lat="31.519023" lon="-110.598293">
        <ele>1517.0</ele>
      </trkpt>
      <trkpt lat="31.518792" lon="-110.598824">
        <ele>1515.0</ele>
      </trkpt>
      <trkpt lat="31.51868" lon="-110.59939">
        <ele>1513.4</ele>
      </trkpt>
      <trkpt lat="31.518445" lon="-110.599555">
        <ele>1512.1</ele>
      </trkpt>
      <trkpt lat="31.51861" lon="-110.599824">
        <ele>1513.1</ele>
      </trkpt>
      <trkpt lat="31.518544" lon="-110.600359">
        <ele>1514.0</ele>
      </trkpt>
      <trkpt lat="31.518813" lon="-110.601121">
        <ele>1513.1</ele>
      </trkpt>
      <trkpt lat="31.519241" lon="-110.601445">
        <ele>1511.5</ele>
      </trkpt>
      <trkpt lat="31.519488" lon="-110.601886">
        <ele>1509.5</ele>
      </trkpt>
      <trkpt lat="31.520075" lon="-110.60194">
        <ele>1513.1</ele>
      </trkpt>
      <trkpt lat="31.520369" lon="-110.602064">
        <ele>1514.5</ele>
      </trkpt>
      <trkpt lat="31.520419" lon="-110.60236">
        <ele>1514.1</ele>
      </trkpt>
      <trkpt lat="31.520723" lon="-110.603039">
        <ele>1514.4</ele>
      </trkpt>
      <trkpt lat="31.520706" lon="-110.603159">
        <ele>1514.8</ele>
      </trkpt>
      <trkpt lat="31.521299" lon="-110.603864">
        <ele>1503.1</ele>
      </trkpt>
      <trkpt lat="31.521151" lon="-110.60447">
        <ele>1501.0</ele>
      </trkpt>
      <trkpt lat="31.521289" lon="-110.604635">
        <ele>1504.4</ele>
      </trkpt>
      <trkpt lat="31.521262" lon="-110.604956">
        <ele>1505.4</ele>
      </trkpt>
      <trkpt lat="31.521527" lon="-110.606014">
        <ele>1502.1</ele>
      </trkpt>
      <trkpt lat="31.52151" lon="-110.606317">
        <ele>1499.4</ele>
      </trkpt>
      <trkpt lat="31.521719" lon="-110.60646">
        <ele>1500.4</ele>
      </trkpt>
      <trkpt lat="31.521835" lon="-110.606778">
        <ele>1498.5</ele>
      </trkpt>
      <trkpt lat="31.521666" lon="-110.607118">
        <ele>1493.0</ele>
      </trkpt>
      <trkpt lat="31.521254" lon="-110.607339">
        <ele>1488.1</ele>
      </trkpt>
      <trkpt lat="31.521151" lon="-110.607585">
        <ele>1488.1</ele>
      </trkpt>
      <trkpt lat="31.52115" lon="-110.60825">
        <ele>1493.8</ele>
      </trkpt>
      <trkpt lat="31.521306" lon="-110.608719">
        <ele>1496.0</ele>
      </trkpt>
      <trkpt lat="31.521677" lon="-110.609202">
        <ele>1494.8</ele>
      </trkpt>
      <trkpt lat="31.521789" lon="-110.609674">
        <ele>1490.0</ele>
      </trkpt>
      <trkpt lat="31.52205" lon="-110.609926">
        <ele>1487.0</ele>
      </trkpt>
      <trkpt lat="31.522171" lon="-110.610473">
        <ele>1483.1</ele>
      </trkpt>
      <trkpt lat="31.522075" lon="-110.610762">
        <ele>1481.5</ele>
      </trkpt>
      <trkpt lat="31.52316" lon="-110.61121">
        <ele>1485.5</ele>
      </trkpt>
      <trkpt lat="31.523247" lon="-110.611387">
        <ele>1487.4</ele>
      </trkpt>
      <trkpt lat="31.523243" lon="-110.611809">
        <ele>1488.5</ele>
      </trkpt>
      <trkpt lat="31.52316" lon="-110.61201">
        <ele>1488.0</ele>
      </trkpt>
      <trkpt lat="31.523334" lon="-110.612708">
        <ele>1485.5</ele>
      </trkpt>
      <trkpt lat="31.523625" lon="-110.612969">
        <ele>1485.5</ele>
      </trkpt>
      <trkpt lat="31.523461" lon="-110.613309">
        <ele>1485.0</ele>
      </trkpt>
      <trkpt lat="31.523146" lon="-110.613468">
        <ele>1485.0</ele>
      </trkpt>
      <trkpt lat="31.522799" lon="-110.6138">
        <ele>1485.0</ele>
      </trkpt>
      <trkpt lat="31.522488" lon="-110.614718">
        <ele>1480.1</ele>
      </trkpt>
      <trkpt lat="31.52234" lon="-110.614802">
        <ele>1479.0</ele>
      </trkpt>
      <trkpt lat="31.522012" lon="-110.615263">
        <ele>1476.8</ele>
      </trkpt>
      <trkpt lat="31.52188" lon="-110.61598">
        <ele>1475.1</ele>
      </trkpt>
      <trkpt lat="31.521726" lon="-110.616162">
        <ele>1473.5</ele>
      </trkpt>
      <trkpt lat="31.521748" lon="-110.616328">
        <ele>1472.4</ele>
      </trkpt>
      <trkpt lat="31.521561" lon="-110.616884">
        <ele>1467.4</ele>
      </trkpt>
      <trkpt lat="31.5216" lon="-110.61749">
        <ele>1462.0</ele>
      </trkpt>
      <trkpt lat="31.521521" lon="-110.618192">
        <ele>1458.1</ele>
      </trkpt>
      <trkpt lat="31.521377" lon="-110.618396">
        <ele>1456.5</ele>
      </trkpt>
      <trkpt lat="31.52128" lon="-110.618807">
        <ele>1456.0</ele>
      </trkpt>
      <trkpt lat="31.521112" lon="-110.618804">
        <ele>1456.1</ele>
      </trkpt>
      <trkpt lat="31.521085" lon="-110.618954">
        <ele>1456.0</ele>
      </trkpt>
      <trkpt lat="31.520926" lon="-110.619109">
        <ele>1456.1</ele>
      </trkpt>
      <trkpt lat="31.521673" lon="-110.619337">
        <ele>1457.4</ele>
      </trkpt>
      <trkpt lat="31.522019" lon="-110.619637">
        <ele>1457.5</ele>
      </trkpt>
      <trkpt lat="31.522224" lon="-110.620028">
        <ele>1458.4</ele>
      </trkpt>
      <trkpt lat="31.522715" lon="-110.620514">
        <ele>1454.1</ele>
      </trkpt>
      <trkpt lat="31.522844" lon="-110.620786">
        <ele>1453.0</ele>
      </trkpt>
      <trkpt lat="31.52278" lon="-110.621098">
        <ele>1455.5</ele>
      </trkpt>
      <trkpt lat="31.52285" lon="-110.621239">
        <ele>1453.5</ele>
      </trkpt>
      <trkpt lat="31.523168" lon="-110.621412">
        <ele>1452.4</ele>
      </trkpt>
      <trkpt lat="31.523601" lon="-110.621388">
        <ele>1452.5</ele>
      </trkpt>
      <trkpt lat="31.523802" lon="-110.621638">
        <ele>1450.5</ele>
      </trkpt>
      <trkpt lat="31.523605" lon="-110.622573">
        <ele>1449.8</ele>
      </trkpt>
      <trkpt lat="31.523631" lon="-110.622793">
        <ele>1449.4</ele>
      </trkpt>
      <trkpt lat="31.523488" lon="-110.623235">
        <ele>1448.0</ele>
      </trkpt>
      <trkpt lat="31.523346" lon="-110.624315">
        <ele>1446.4</ele>
      </trkpt>
      <trkpt lat="31.523358" lon="-110.624818">
        <ele>1447.4</ele>
      </trkpt>
      <trkpt lat="31.52363" lon="-110.6259">
        <ele>1443.8</ele>
      </trkpt>
      <trkpt lat="31.524236" lon="-110.626856">
        <ele>1441.8</ele>
      </trkpt>
      <trkpt lat="31.524247" lon="-110.627772">
        <ele>1444.1</ele>
      </trkpt>
      <trkpt lat="31.524036" lon="-110.628342">
        <ele>1446.4</ele>
      </trkpt>
      <trkpt lat="31.524137" lon="-110.628765">
        <ele>1446.5</ele>
      </trkpt>
      <trkpt lat="31.5241" lon="-110.628989">
        <ele>1445.4</ele>
      </trkpt>
      <trkpt lat="31.524311" lon="-110.630005">
        <ele>1440.1</ele>
      </trkpt>
      <trkpt lat="31.524102" lon="-110.630541">
        <ele>1438.4</ele>
      </trkpt>
      <trkpt lat="31.524157" lon="-110.630739">
        <ele>1435.4</ele>
      </trkpt>
      <trkpt lat="31.524407" lon="-110.631069">
        <ele>1429.5</ele>
      </trkpt>
      <trkpt lat="31.524506" lon="-110.631507">
        <ele>1433.1</ele>
      </trkpt>
      <trkpt lat="31.525051" lon="-110.632436">
        <ele>1433.1</ele>
      </trkpt>
      <trkpt lat="31.524929" lon="-110.634147">
        <ele>1430.5</ele>
      </trkpt>
      <trkpt lat="31.524697" lon="-110.634791">
        <ele>1426.8</ele>
      </trkpt>
      <trkpt lat="31.524509" lon="-110.635073">
        <ele>1429.5</ele>
      </trkpt>
      <trkpt lat="31.524249" lon="-110.636086">
        <ele>1430.0</ele>
      </trkpt>
      <trkpt lat="31.523923" lon="-110.636756">
        <ele>1425.5</ele>
      </trkpt>
      <trkpt lat="31.523956" lon="-110.637107">
        <ele>1423.8</ele>
      </trkpt>
      <trkpt lat="31.52386" lon="-110.637696">
        <ele>1422.5</ele>
      </trkpt>
      <trkpt lat="31.523696" lon="-110.637868">
        <ele>1424.1</ele>
      </trkpt>
      <trkpt lat="31.52323" lon="-110.6404">
        <ele>1423.0</ele>
      </trkpt>
      <trkpt lat="31.52326" lon="-110.640671">
        <ele>1421.1</ele>
      </trkpt>
      <trkpt lat="31.523815" lon="-110.641388">
        <ele>1416.0</ele>
      </trkpt>
      <trkpt lat="31.524595" lon="-110.642116">
        <ele>1417.0</ele>
      </trkpt>
      <trkpt lat="31.524905" lon="-110.642296">
        <ele>1417.0</ele>
      </trkpt>
      <trkpt lat="31.525113" lon="-110.642301">
        <ele>1417.1</ele>
      </trkpt>
      <trkpt lat="31.525297" lon="-110.642487">
        <ele>1417.1</ele>
      </trkpt>
      <trkpt lat="31.525939" lon="-110.642695">
        <ele>1416.1</ele>
      </trkpt>
      <trkpt lat="31.526555" lon="-110.642576">
        <ele>1418.8</ele>
      </trkpt>
      <trkpt lat="31.526729" lon="-110.643063">
        <ele>1416.8</ele>
      </trkpt>
      <trkpt lat="31.527052" lon="-110.643269">
        <ele>1414.1</ele>
      </trkpt>
      <trkpt lat="31.52715" lon="-110.643658">
        <ele>1410.0</ele>
      </trkpt>
      <trkpt lat="31.527574" lon="-110.644143">
        <ele>1404.5</ele>
      </trkpt>
      <trkpt lat="31.529139" lon="-110.644987">
        <ele>1402.8</ele>
      </trkpt>
      <trkpt lat="31.529678" lon="-110.645505">
        <ele>1403.0</ele>
      </trkpt>
      <trkpt lat="31.530065" lon="-110.646182">
        <ele>1403.8</ele>
      </trkpt>
      <trkpt lat="31.530162" lon="-110.646847">
        <ele>1404.4</ele>
      </trkpt>
      <trkpt lat="31.530082" lon="-110.647437">
        <ele>1402.0</ele>
      </trkpt>
      <trkpt lat="31.530221" lon="-110.6478">
        <ele>1405.0</ele>
      </trkpt>
      <trkpt lat="31.530592" lon="-110.64799">
        <ele>1409.0</ele>
      </trkpt>
      <trkpt lat="31.531274" lon="-110.647781">
        <ele>1414.8</ele>
      </trkpt>
      <trkpt lat="31.531282" lon="-110.647972">
        <ele>1411.8</ele>
      </trkpt>
      <trkpt lat="31.531957" lon="-110.647969">
        <ele>1411.1</ele>
      </trkpt>
      <trkpt lat="31.532189" lon="-110.648699">
        <ele>1414.1</ele>
      </trkpt>
      <trkpt lat="31.532542" lon="-110.649354">
        <ele>1416.4</ele>
      </trkpt>
      <trkpt lat="31.532752" lon="-110.649566">
        <ele>1420.8</ele>
      </trkpt>
      <trkpt lat="31.532952" lon="-110.650108">
        <ele>1416.0</ele>
      </trkpt>
      <trkpt lat="31.533336" lon="-110.650404">
        <ele>1410.5</ele>
      </trkpt>
      <trkpt lat="31.533406" lon="-110.650641">
        <ele>1405.5</ele>
      </trkpt>
      <trkpt lat="31.533613" lon="-110.650696">
        <ele>1402.5</ele>
      </trkpt>
      <trkpt lat="31.533623" lon="-110.651086">
        <ele>1398.0</ele>
      </trkpt>
      <trkpt lat="31.53376" lon="-110.651529">
        <ele>1398.0</ele>
      </trkpt>
      <trkpt lat="31.534285" lon="-110.652154">
        <ele>1400.1</ele>
      </trkpt>
      <trkpt lat="31.534481" lon="-110.65223">
        <ele>1400.0</ele>
      </trkpt>
      <trkpt lat="31.534808" lon="-110.65259">
        <ele>1398.0</ele>
      </trkpt>
      <trkpt lat="31.535017" lon="-110.652609">
        <ele>1399.0</ele>
      </trkpt>
      <trkpt lat="31.535409" lon="-110.652439">
        <ele>1401.4</ele>
      </trkpt>
      <trkpt lat="31.535548" lon="-110.65247">
        <ele>1402.4</ele>
      </trkpt>
      <trkpt lat="31.536343" lon="-110.65188">
        <ele>1407.4</ele>
      </trkpt>
      <trkpt lat="31.536998" lon="-110.651958">
        <ele>1398.4</ele>
      </trkpt>
      <trkpt lat="31.537158" lon="-110.652629">
        <ele>1392.0</ele>
      </trkpt>
      <trkpt lat="31.537292" lon="-110.652753">
        <ele>1390.4</ele>
      </trkpt>
      <trkpt lat="31.537469" lon="-110.652775">
        <ele>1389.5</ele>
      </trkpt>
      <trkpt lat="31.537953" lon="-110.652585">
        <ele>1390.8</ele>
      </trkpt>
      <trkpt lat="31.538045" lon="-110.652949">
        <ele>1392.5</ele>
      </trkpt>
      <trkpt lat="31.538473" lon="-110.65314">
        <ele>1396.1</ele>
      </trkpt>
      <trkpt lat="31.538774" lon="-110.652888">
        <ele>1396.4</ele>
      </trkpt>
      <trkpt lat="31.539072" lon="-110.652996">
        <ele>1396.5</ele>
      </trkpt>
      <trkpt lat="31.539215" lon="-110.653208">
        <ele>1396.4</ele>
      </trkpt>
      <trkpt lat="31.539222" lon="-110.653444">
        <ele>1394.4</ele>
      </trkpt>
      <trkpt lat="31.539469" lon="-110.654016">
        <ele>1388.8</ele>
      </trkpt>
      <trkpt lat="31.539785" lon="-110.653993">
        <ele>1387.1</ele>
      </trkpt>
      <trkpt lat="31.53975" lon="-110.65418">
        <ele>1386.5</ele>
      </trkpt>
      <trkpt lat="31.539866" lon="-110.654373">
        <ele>1387.4</ele>
      </trkpt>
      <trkpt lat="31.540211" lon="-110.653943">
        <ele>1393.1</ele>
      </trkpt>
      <trkpt lat="31.540297" lon="-110.65367">
        <ele>1398.1</ele>
      </trkpt>
      <trkpt lat="31.54048" lon="-110.653673">
        <ele>1401.5</ele>
      </trkpt>
      <trkpt lat="31.540641" lon="-110.654071">
        <ele>1400.8</ele>
      </trkpt>
      <trkpt lat="31.540893" lon="-110.654048">
        <ele>1398.5</ele>
      </trkpt>
      <trkpt lat="31.540797" lon="-110.654519">
        <ele>1390.8</ele>
      </trkpt>
      <trkpt lat="31.540661" lon="-110.654547">
        <ele>1389.5</ele>
      </trkpt>
      <trkpt lat="31.540605" lon="-110.654964">
        <ele>1384.8</ele>
      </trkpt>
      <trkpt lat="31.540699" lon="-110.655481">
        <ele>1379.0</ele>
      </trkpt>
      <trkpt lat="31.540923" lon="-110.655272">
        <ele>1379.1</ele>
      </trkpt>
      <trkpt lat="31.54101" lon="-110.65529">
        <ele>1379.8</ele>
      </trkpt>
      <trkpt lat="31.541037" lon="-110.655426">
        <ele>1380.4</ele>
      </trkpt>
      <trkpt lat="31.540952" lon="-110.655579">
        <ele>1380.5</ele>
      </trkpt>
      <trkpt lat="31.541243" lon="-110.655484">
        <ele>1384.0</ele>
      </trkpt>
      <trkpt lat="31.541377" lon="-110.655601">
        <ele>1385.5</ele>
      </trkpt>
      <trkpt lat="31.541421" lon="-110.655836">
        <ele>1387.0</ele>
      </trkpt>
      <trkpt lat="31.54154" lon="-110.65594">
        <ele>1388.0</ele>
      </trkpt>
      <trkpt lat="31.54157" lon="-110.656206">
        <ele>1388.4</ele>
      </trkpt>
      <trkpt lat="31.541754" lon="-110.656371">
        <ele>1388.5</ele>
      </trkpt>
      <trkpt lat="31.541925" lon="-110.656881">
        <ele>1384.8</ele>
      </trkpt>
      <trkpt lat="31.54204" lon="-110.656996">
        <ele>1383.0</ele>
      </trkpt>
      <trkpt lat="31.541988" lon="-110.657296">
        <ele>1380.1</ele>
      </trkpt>
      <trkpt lat="31.542071" lon="-110.657391">
        <ele>1379.1</ele>
      </trkpt>
      <trkpt lat="31.541925" lon="-110.657719">
        <ele>1379.0</ele>
      </trkpt>
      <trkpt lat="31.542042" lon="-110.657866">
        <ele>1379.0</ele>
      </trkpt>
      <trkpt lat="31.542774" lon="-110.657866">
        <ele>1379.0</ele>
      </trkpt>
      <trkpt lat="31.54299" lon="-110.65816">
        <ele>1380.1</ele>
      </trkpt>
      <trkpt lat="31.543173" lon="-110.658121">
        <ele>1381.4</ele>
      </trkpt>
      <trkpt lat="31.543307" lon="-110.658721">
        <ele>1387.1</ele>
      </trkpt>
      <trkpt lat="31.543255" lon="-110.658915">
        <ele>1388.4</ele>
      </trkpt>
      <trkpt lat="31.543639" lon="-110.659526">
        <ele>1392.1</ele>
      </trkpt>
      <trkpt lat="31.544159" lon="-110.660076">
        <ele>1396.4</ele>
      </trkpt>
      <trkpt lat="31.544202" lon="-110.660626">
        <ele>1403.4</ele>
      </trkpt>
      <trkpt lat="31.544463" lon="-110.66102">
        <ele>1408.1</ele>
      </trkpt>
      <trkpt lat="31.544507" lon="-110.661405">
        <ele>1412.1</ele>
      </trkpt>
      <trkpt lat="31.544594" lon="-110.66144">
        <ele>1411.8</ele>
      </trkpt>
      <trkpt lat="31.544672" lon="-110.661659">
        <ele>1410.0</ele>
      </trkpt>
      <trkpt lat="31.544558" lon="-110.662019">
        <ele>1405.4</ele>
      </trkpt>
      <trkpt lat="31.544392" lon="-110.662233">
        <ele>1403.1</ele>
      </trkpt>
      <trkpt lat="31.544303" lon="-110.66269">
        <ele>1397.8</ele>
      </trkpt>
      <trkpt lat="31.544397" lon="-110.662613">
        <ele>1397.1</ele>
      </trkpt>
      <trkpt lat="31.54478" lon="-110.66337">
        <ele>1390.0</ele>
      </trkpt>
      <trkpt lat="31.544589" lon="-110.663968">
        <ele>1387.5</ele>
      </trkpt>
      <trkpt lat="31.544835" lon="-110.664389">
        <ele>1387.8</ele>
      </trkpt>
      <trkpt lat="31.54486" lon="-110.664575">
        <ele>1387.5</ele>
      </trkpt>
      <trkpt lat="31.545176" lon="-110.664745">
        <ele>1386.1</ele>
      </trkpt>
      <trkpt lat="31.54539" lon="-110.66539">
        <ele>1382.4</ele>
      </trkpt>
      <trkpt lat="31.54531" lon="-110.66587">
        <ele>1381.1</ele>
      </trkpt>
      <trkpt lat="31.54501" lon="-110.66641">
        <ele>1380.1</ele>
      </trkpt>
      <trkpt lat="31.54512" lon="-110.66664">
        <ele>1379.1</ele>
      </trkpt>
      <trkpt lat="31.544869" lon="-110.667057">
        <ele>1378.5</ele>
      </trkpt>
      <trkpt lat="31.544909" lon="-110.667223">
        <ele>1379.1</ele>
      </trkpt>
      <trkpt lat="31.54519" lon="-110.667504">
        <ele>1383.1</ele>
      </trkpt>
      <trkpt lat="31.545368" lon="-110.667551">
        <ele>1384.1</ele>
      </trkpt>
      <trkpt lat="31.545932" lon="-110.667431">
        <ele>1378.8</ele>
      </trkpt>
      <trkpt lat="31.546114" lon="-110.667587">
        <ele>1376.0</ele>
      </trkpt>
      <trkpt lat="31.546087" lon="-110.668095">
        <ele>1374.4</ele>
      </trkpt>
      <trkpt lat="31.545726" lon="-110.668512">
        <ele>1373.5</ele>
      </trkpt>
      <trkpt lat="31.54576" lon="-110.66879">
        <ele>1373.1</ele>
      </trkpt>
      <trkpt lat="31.545505" lon="-110.669779">
        <ele>1372.1</ele>
      </trkpt>
      <trkpt lat="31.545416" lon="-110.669898">
        <ele>1373.0</ele>
      </trkpt>
      <trkpt lat="31.545275" lon="-110.67072">
        <ele>1376.5</ele>
      </trkpt>
      <trkpt lat="31.546147" lon="-110.671296">
        <ele>1372.1</ele>
      </trkpt>
      <trkpt lat="31.546285" lon="-110.671629">
        <ele>1369.5</ele>
      </trkpt>
      <trkpt lat="31.546592" lon="-110.671718">
        <ele>1370.0</ele>
      </trkpt>
      <trkpt lat="31.546717" lon="-110.671936">
        <ele>1369.8</ele>
      </trkpt>
      <trkpt lat="31.546803" lon="-110.672512">
        <ele>1370.0</ele>
      </trkpt>
      <trkpt lat="31.547066" lon="-110.672666">
        <ele>1370.5</ele>
      </trkpt>
      <trkpt lat="31.547154" lon="-110.672858">
        <ele>1370.4</ele>
      </trkpt>
      <trkpt lat="31.547536" lon="-110.672576">
        <ele>1371.4</ele>
      </trkpt>
      <trkpt lat="31.54769" lon="-110.673242">
        <ele>1370.5</ele>
      </trkpt>
      <trkpt lat="31.548019" lon="-110.673267">
        <ele>1370.4</ele>
      </trkpt>
      <trkpt lat="31.54823" lon="-110.672934">
        <ele>1371.0</ele>
      </trkpt>
      <trkpt lat="31.548835" lon="-110.673702">
        <ele>1371.5</ele>
      </trkpt>
      <trkpt lat="31.548861" lon="-110.673907">
        <ele>1371.0</ele>
      </trkpt>
      <trkpt lat="31.548765" lon="-110.674061">
        <ele>1369.0</ele>
      </trkpt>
      <trkpt lat="31.548813" lon="-110.674176">
        <ele>1367.8</ele>
      </trkpt>
      <trkpt lat="31.548944" lon="-110.674163">
        <ele>1369.1</ele>
      </trkpt>
      <trkpt lat="31.54904" lon="-110.674598">
        <ele>1366.1</ele>
      </trkpt>
      <trkpt lat="31.549187" lon="-110.674765">
        <ele>1365.0</ele>
      </trkpt>
      <trkpt lat="31.549235" lon="-110.675123">
        <ele>1363.0</ele>
      </trkpt>
      <trkpt lat="31.549782" lon="-110.675571">
        <ele>1361.5</ele>
      </trkpt>
      <trkpt lat="31.550394" lon="-110.67593">
        <ele>1360.1</ele>
      </trkpt>
      <trkpt lat="31.550528" lon="-110.676915">
        <ele>1354.8</ele>
      </trkpt>
      <trkpt lat="31.550714" lon="-110.677171">
        <ele>1353.0</ele>
      </trkpt>
      <trkpt lat="31.550707" lon="-110.677542">
        <ele>1349.5</ele>
      </trkpt>
      <trkpt lat="31.551094" lon="-110.678003">
        <ele>1347.4</ele>
      </trkpt>
      <trkpt lat="31.55176" lon="-110.67808">
        <ele>1347.0</ele>
      </trkpt>
      <trkpt lat="31.552032" lon="-110.678477">
        <ele>1347.0</ele>
      </trkpt>
      <trkpt lat="31.552301" lon="-110.678592">
        <ele>1346.0</ele>
      </trkpt>
      <trkpt lat="31.552506" lon="-110.678861">
        <ele>1345.0</ele>
      </trkpt>
      <trkpt lat="31.552566" lon="-110.679578">
        <ele>1341.1</ele>
      </trkpt>
      <trkpt lat="31.552896" lon="-110.679782">
        <ele>1341.0</ele>
      </trkpt>
      <trkpt lat="31.553014" lon="-110.679949">
        <ele>1340.4</ele>
      </trkpt>
      <trkpt lat="31.553571" lon="-110.680102">
        <ele>1335.0</ele>
      </trkpt>
      <trkpt lat="31.553587" lon="-110.680371">
        <ele>1335.0</ele>
      </trkpt>
      <trkpt lat="31.553683" lon="-110.68041">
        <ele>1334.4</ele>
      </trkpt>
      <trkpt lat="31.553894" lon="-110.679936">
        <ele>1337.5</ele>
      </trkpt>
      <trkpt lat="31.553914" lon="-110.680474">
        <ele>1333.1</ele>
      </trkpt>
      <trkpt lat="31.554032" lon="-110.680691">
        <ele>1333.0</ele>
      </trkpt>
      <trkpt lat="31.55449" lon="-110.680883">
        <ele>1333.0</ele>
      </trkpt>
      <trkpt lat="31.554602" lon="-110.681254">
        <ele>1338.0</ele>
      </trkpt>
      <trkpt lat="31.554422" lon="-110.681536">
        <ele>1335.0</ele>
      </trkpt>
      <trkpt lat="31.554528" lon="-110.682022">
        <ele>1334.8</ele>
      </trkpt>
      <trkpt lat="31.554739" lon="-110.682291">
        <ele>1338.0</ele>
      </trkpt>
      <trkpt lat="31.555232" lon="-110.682598">
        <ele>1340.5</ele>
      </trkpt>
      <trkpt lat="31.555405" lon="-110.683418">
        <ele>1334.0</ele>
      </trkpt>
      <trkpt lat="31.555875" lon="-110.682893">
        <ele>1331.5</ele>
      </trkpt>
      <trkpt lat="31.556086" lon="-110.682778">
        <ele>1327.4</ele>
      </trkpt>
      <trkpt lat="31.556394" lon="-110.682381">
        <ele>1325.0</ele>
      </trkpt>
      <trkpt lat="31.55648" lon="-110.682368">
        <ele>1326.0</ele>
      </trkpt>
      <trkpt lat="31.556589" lon="-110.682573">
        <ele>1326.0</ele>
      </trkpt>
      <trkpt lat="31.557264" lon="-110.68256">
        <ele>1330.8</ele>
      </trkpt>
      <trkpt lat="31.557344" lon="-110.682688">
        <ele>1333.0</ele>
      </trkpt>
      <trkpt lat="31.557683" lon="-110.682854">
        <ele>1334.4</ele>
      </trkpt>
      <trkpt lat="31.557731" lon="-110.68297">
        <ele>1335.8</ele>
      </trkpt>
      <trkpt lat="31.558435" lon="-110.683059">
        <ele>1341.0</ele>
      </trkpt>
      <trkpt lat="31.55841" lon="-110.682918">
        <ele>1339.0</ele>
      </trkpt>
      <trkpt lat="31.558698" lon="-110.682867">
        <ele>1343.0</ele>
      </trkpt>
      <trkpt lat="31.558982" lon="-110.682688">
        <ele>1343.0</ele>
      </trkpt>
      <trkpt lat="31.559443" lon="-110.682829">
        <ele>1346.4</ele>
      </trkpt>
      <trkpt lat="31.559901" lon="-110.683149">
        <ele>1350.0</ele>
      </trkpt>
      <trkpt lat="31.560083" lon="-110.683149">
        <ele>1349.8</ele>
      </trkpt>
      <trkpt lat="31.560493" lon="-110.682803">
        <ele>1349.0</ele>
      </trkpt>
      <trkpt lat="31.560714" lon="-110.682406">
        <ele>1350.0</ele>
      </trkpt>
      <trkpt lat="31.561027" lon="-110.682342">
        <ele>1350.0</ele>
      </trkpt>
      <trkpt lat="31.561162" lon="-110.682458">
        <ele>1350.8</ele>
      </trkpt>
      <trkpt lat="31.561542" lon="-110.682214">
        <ele>1350.1</ele>
      </trkpt>
      <trkpt lat="31.561706" lon="-110.682406">
        <ele>1351.5</ele>
      </trkpt>
      <trkpt lat="31.561798" lon="-110.682688">
        <ele>1353.5</ele>
      </trkpt>
      <trkpt lat="31.561718" lon="-110.682867">
        <ele>1354.4</ele>
      </trkpt>
      <trkpt lat="31.56184" lon="-110.683078">
        <ele>1355.5</ele>
      </trkpt>
      <trkpt lat="31.562262" lon="-110.683379">
        <ele>1354.0</ele>
      </trkpt>
      <trkpt lat="31.563037" lon="-110.683635">
        <ele>1351.5</ele>
      </trkpt>
      <trkpt lat="31.563181" lon="-110.683776">
        <ele>1350.8</ele>
      </trkpt>
      <trkpt lat="31.563501" lon="-110.68375">
        <ele>1350.1</ele>
      </trkpt>
      <trkpt lat="31.563514" lon="-110.683853">
        <ele>1349.1</ele>
      </trkpt>
      <trkpt lat="31.563747" lon="-110.683917">
        <ele>1351.1</ele>
      </trkpt>
      <trkpt lat="31.56368" lon="-110.684186">
        <ele>1356.0</ele>
      </trkpt>
      <trkpt lat="31.563446" lon="-110.684237">
        <ele>1350.8</ele>
      </trkpt>
      <trkpt lat="31.563462" lon="-110.684416">
        <ele>1352.4</ele>
      </trkpt>
      <trkpt lat="31.564061" lon="-110.684416">
        <ele>1357.5</ele>
      </trkpt>
      <trkpt lat="31.564144" lon="-110.684122">
        <ele>1357.0</ele>
      </trkpt>
      <trkpt lat="31.564458" lon="-110.684058">
        <ele>1358.0</ele>
      </trkpt>
      <trkpt lat="31.564781" lon="-110.684122">
        <ele>1359.4</ele>
      </trkpt>
      <trkpt lat="31.565248" lon="-110.683994">
        <ele>1362.5</ele>
      </trkpt>
      <trkpt lat="31.565859" lon="-110.684096">
        <ele>1365.0</ele>
      </trkpt>
      <trkpt lat="31.566384" lon="-110.684058">
        <ele>1369.0</ele>
      </trkpt>
      <trkpt lat="31.56664" lon="-110.68375">
        <ele>1370.1</ele>
      </trkpt>
      <trkpt lat="31.566947" lon="-110.683571">
        <ele>1375.8</ele>
      </trkpt>
      <trkpt lat="31.566989" lon="-110.68375">
        <ele>1377.4</ele>
      </trkpt>
      <trkpt lat="31.567312" lon="-110.683994">
        <ele>1382.5</ele>
      </trkpt>
      <trkpt lat="31.567715" lon="-110.683904">
        <ele>1388.1</ele>
      </trkpt>
      <trkpt lat="31.56777" lon="-110.684096">
        <ele>1386.0</ele>
      </trkpt>
      <trkpt lat="31.568013" lon="-110.684237">
        <ele>1388.5</ele>
      </trkpt>
      <trkpt lat="31.568086" lon="-110.684198">
        <ele>1390.0</ele>
      </trkpt>
      <trkpt lat="31.568067" lon="-110.684518">
        <ele>1387.5</ele>
      </trkpt>
      <trkpt lat="31.567885" lon="-110.684595">
        <ele>1385.5</ele>
      </trkpt>
      <trkpt lat="31.567866" lon="-110.684826">
        <ele>1387.5</ele>
      </trkpt>
      <trkpt lat="31.56799" lon="-110.684979">
        <ele>1390.0</ele>
      </trkpt>
      <trkpt lat="31.567941" lon="-110.685173">
        <ele>1388.8</ele>
      </trkpt>
      <trkpt lat="31.568633" lon="-110.685659">
        <ele>1399.0</ele>
      </trkpt>
      <trkpt lat="31.568758" lon="-110.685658">
        <ele>1401.0</ele>
      </trkpt>
      <trkpt lat="31.569072" lon="-110.68599">
        <ele>1402.0</ele>
      </trkpt>
      <trkpt lat="31.569475" lon="-110.685696">
        <ele>1409.1</ele>
      </trkpt>
      <trkpt lat="31.569562" lon="-110.685542">
        <ele>1413.5</ele>
      </trkpt>
      <trkpt lat="31.569667" lon="-110.68553">
        <ele>1411.5</ele>
      </trkpt>
      <trkpt lat="31.569741" lon="-110.685773">
        <ele>1407.1</ele>
      </trkpt>
      <trkpt lat="31.569955" lon="-110.685914">
        <ele>1410.4</ele>
      </trkpt>
      <trkpt lat="31.57047" lon="-110.685824">
        <ele>1416.5</ele>
      </trkpt>
      <trkpt lat="31.570544" lon="-110.686067">
        <ele>1416.1</ele>
      </trkpt>
      <trkpt lat="31.570884" lon="-110.686259">
        <ele>1419.4</ele>
      </trkpt>
      <trkpt lat="31.570678" lon="-110.685427">
        <ele>1433.0</ele>
      </trkpt>
      <trkpt lat="31.570327" lon="-110.685249">
        <ele>1433.4</ele>
      </trkpt>
      <trkpt lat="31.57021" lon="-110.685057">
        <ele>1439.0</ele>
      </trkpt>
      <trkpt lat="31.570224" lon="-110.68475">
        <ele>1448.8</ele>
      </trkpt>
      <trkpt lat="31.569622" lon="-110.684018">
        <ele>1448.4</ele>
      </trkpt>
      <trkpt lat="31.56953" lon="-110.683558">
        <ele>1450.5</ele>
      </trkpt>
      <trkpt lat="31.569603" lon="-110.683034">
        <ele>1452.0</ele>
      </trkpt>
      <trkpt lat="31.570198" lon="-110.682675">
        <ele>1455.5</ele>
      </trkpt>
      <trkpt lat="31.571622" lon="-110.682611">
        <ele>1458.1</ele>
      </trkpt>
      <trkpt lat="31.571712" lon="-110.682278">
        <ele>1455.5</ele>
      </trkpt>
      <trkpt lat="31.571971" lon="-110.682048">
        <ele>1452.4</ele>
      </trkpt>
      <trkpt lat="31.572403" lon="-110.682048">
        <ele>1462.0</ele>
      </trkpt>
      <trkpt lat="31.572426" lon="-110.68169">
        <ele>1456.1</ele>
      </trkpt>
      <trkpt lat="31.572858" lon="-110.681382">
        <ele>1458.0</ele>
      </trkpt>
      <trkpt lat="31.573168" lon="-110.681523">
        <ele>1467.0</ele>
      </trkpt>
      <trkpt lat="31.573658" lon="-110.681306">
        <ele>1464.8</ele>
      </trkpt>
      <trkpt lat="31.574826" lon="-110.681485">
        <ele>1470.0</ele>
      </trkpt>
      <trkpt lat="31.575456" lon="-110.68169">
        <ele>1470.1</ele>
      </trkpt>
      <trkpt lat="31.575741" lon="-110.68192">
        <ele>1473.8</ele>
      </trkpt>
      <trkpt lat="31.576925" lon="-110.682394">
        <ele>1468.5</ele>
      </trkpt>
      <trkpt lat="31.577075" lon="-110.682368">
        <ele>1465.1</ele>
      </trkpt>
      <trkpt lat="31.577293" lon="-110.682483">
        <ele>1466.5</ele>
      </trkpt>
      <trkpt lat="31.577885" lon="-110.683277">
        <ele>1477.0</ele>
      </trkpt>
      <trkpt lat="31.578218" lon="-110.683469">
        <ele>1476.0</ele>
      </trkpt>
      <trkpt lat="31.57831" lon="-110.683725">
        <ele>1476.5</ele>
      </trkpt>
      <trkpt lat="31.57944" lon="-110.684685">
        <ele>1460.8</ele>
      </trkpt>
      <trkpt lat="31.579782" lon="-110.686298">
        <ele>1455.4</ele>
      </trkpt>
      <trkpt lat="31.57977" lon="-110.686592">
        <ele>1456.4</ele>
      </trkpt>
      <trkpt lat="31.58039" lon="-110.686771">
        <ele>1451.1</ele>
      </trkpt>
      <trkpt lat="31.580544" lon="-110.686682">
        <ele>1446.8</ele>
      </trkpt>
      <trkpt lat="31.58105" lon="-110.686758">
        <ele>1439.0</ele>
      </trkpt>
      <trkpt lat="31.581226" lon="-110.68695">
        <ele>1437.8</ele>
      </trkpt>
      <trkpt lat="31.581432" lon="-110.688043">
        <ele>1437.1</ele>
      </trkpt>
      <trkpt lat="31.581427" lon="-110.688947">
        <ele>1434.5</ele>
      </trkpt>
      <trkpt lat="31.581686" lon="-110.689114">
        <ele>1426.4</ele>
      </trkpt>
      <trkpt lat="31.581609" lon="-110.689256">
        <ele>1426.5</ele>
      </trkpt>
      <trkpt lat="31.581688" lon="-110.689401">
        <ele>1425.5</ele>
      </trkpt>
      <trkpt lat="31.581949" lon="-110.689472">
        <ele>1422.5</ele>
      </trkpt>
      <trkpt lat="31.581974" lon="-110.689907">
        <ele>1422.8</ele>
      </trkpt>
      <trkpt lat="31.582131" lon="-110.690214">
        <ele>1419.1</ele>
      </trkpt>
      <trkpt lat="31.582118" lon="-110.690522">
        <ele>1417.1</ele>
      </trkpt>
      <trkpt lat="31.582013" lon="-110.69065">
        <ele>1417.5</ele>
      </trkpt>
      <trkpt lat="31.58207" lon="-110.690842">
        <ele>1414.5</ele>
      </trkpt>
      <trkpt lat="31.582211" lon="-110.690893">
        <ele>1414.0</ele>
      </trkpt>
      <trkpt lat="31.58247" lon="-110.691264">
        <ele>1415.5</ele>
      </trkpt>
      <trkpt lat="31.582578" lon="-110.691587">
        <ele>1412.5</ele>
      </trkpt>
      <trkpt lat="31.58248" lon="-110.691968">
        <ele>1413.0</ele>
      </trkpt>
      <trkpt lat="31.582714" lon="-110.692288">
        <ele>1410.1</ele>
      </trkpt>
      <trkpt lat="31.582963" lon="-110.692979">
        <ele>1404.8</ele>
      </trkpt>
      <trkpt lat="31.582922" lon="-110.693517">
        <ele>1404.5</ele>
      </trkpt>
      <trkpt lat="31.582816" lon="-110.693824">
        <ele>1404.5</ele>
      </trkpt>
      <trkpt lat="31.582956" lon="-110.69434">
        <ele>1401.1</ele>
      </trkpt>
      <trkpt lat="31.583302" lon="-110.694656">
        <ele>1394.8</ele>
      </trkpt>
      <trkpt lat="31.5836" lon="-110.695616">
        <ele>1389.1</ele>
      </trkpt>
      <trkpt lat="31.583786" lon="-110.695718">
        <ele>1387.8</ele>
      </trkpt>
      <trkpt lat="31.584038" lon="-110.695578">
        <ele>1387.0</ele>
      </trkpt>
      <trkpt lat="31.584058" lon="-110.69504">
        <ele>1388.0</ele>
      </trkpt>
      <trkpt lat="31.584669" lon="-110.695104">
        <ele>1387.0</ele>
      </trkpt>
      <trkpt lat="31.584947" lon="-110.694976">
        <ele>1386.4</ele>
      </trkpt>
      <trkpt lat="31.585395" lon="-110.694118">
        <ele>1388.0</ele>
      </trkpt>
      <trkpt lat="31.585382" lon="-110.694003">
        <ele>1387.5</ele>
      </trkpt>
      <trkpt lat="31.585475" lon="-110.693926">
        <ele>1387.0</ele>
      </trkpt>
      <trkpt lat="31.58577" lon="-110.694131">
        <ele>1387.0</ele>
      </trkpt>
      <trkpt lat="31.585872" lon="-110.694118">
        <ele>1387.0</ele>
      </trkpt>
      <trkpt lat="31.585901" lon="-110.693901">
        <ele>1388.0</ele>
      </trkpt>
      <trkpt lat="31.586278" lon="-110.694042">
        <ele>1391.4</ele>
      </trkpt>
      <trkpt lat="31.586478" lon="-110.694438">
        <ele>1392.5</ele>
      </trkpt>
      <trkpt lat="31.587082" lon="-110.694438">
        <ele>1401.1</ele>
      </trkpt>
      <trkpt lat="31.587114" lon="-110.694515">
        <ele>1400.1</ele>
      </trkpt>
      <trkpt lat="31.58687" lon="-110.694886">
        <ele>1395.1</ele>
      </trkpt>
      <trkpt lat="31.586903" lon="-110.695103">
        <ele>1393.5</ele>
      </trkpt>
      <trkpt lat="31.587126" lon="-110.695181">
        <ele>1394.4</ele>
      </trkpt>
      <trkpt lat="31.587286" lon="-110.696013">
        <ele>1391.0</ele>
      </trkpt>
      <trkpt lat="31.587459" lon="-110.695949">
        <ele>1394.1</ele>
      </trkpt>
      <trkpt lat="31.58743" lon="-110.696256">
        <ele>1389.5</ele>
      </trkpt>
      <trkpt lat="31.587814" lon="-110.696422">
        <ele>1395.0</ele>
      </trkpt>
      <trkpt lat="31.587955" lon="-110.696576">
        <ele>1395.0</ele>
      </trkpt>
      <trkpt lat="31.588141" lon="-110.696499">
        <ele>1395.8</ele>
      </trkpt>
      <trkpt lat="31.588512" lon="-110.696538">
        <ele>1389.4</ele>
      </trkpt>
      <trkpt lat="31.588652" lon="-110.696422">
        <ele>1389.4</ele>
      </trkpt>
      <trkpt lat="31.588646" lon="-110.696768">
        <ele>1381.5</ele>
      </trkpt>
      <trkpt lat="31.58881" lon="-110.696653">
        <ele>1382.5</ele>
      </trkpt>
      <trkpt lat="31.588838" lon="-110.696986">
        <ele>1373.0</ele>
      </trkpt>
      <trkpt lat="31.588912" lon="-110.69705">
        <ele>1370.8</ele>
      </trkpt>
      <trkpt lat="31.588989" lon="-110.696973">
        <ele>1372.4</ele>
      </trkpt>
      <trkpt lat="31.589014" lon="-110.696589">
        <ele>1378.5</ele>
      </trkpt>
      <trkpt lat="31.589424" lon="-110.697011">
        <ele>1364.1</ele>
      </trkpt>
      <trkpt lat="31.589658" lon="-110.69705">
        <ele>1362.4</ele>
      </trkpt>
      <trkpt lat="31.589766" lon="-110.696909">
        <ele>1365.1</ele>
      </trkpt>
      <trkpt lat="31.59" lon="-110.696934">
        <ele>1364.8</ele>
      </trkpt>
      <trkpt lat="31.590032" lon="-110.697062">
        <ele>1362.8</ele>
      </trkpt>
      <trkpt lat="31.589936" lon="-110.697357">
        <ele>1356.5</ele>
      </trkpt>
      <trkpt lat="31.590134" lon="-110.697587">
        <ele>1352.1</ele>
      </trkpt>
      <trkpt lat="31.590256" lon="-110.697549">
        <ele>1354.8</ele>
      </trkpt>
      <trkpt lat="31.59032" lon="-110.697766">
        <ele>1348.4</ele>
      </trkpt>
      <trkpt lat="31.590861" lon="-110.698074">
        <ele>1346.4</ele>
      </trkpt>
      <trkpt lat="31.59127" lon="-110.699008">
        <ele>1344.0</ele>
      </trkpt>
      <trkpt lat="31.591123" lon="-110.699494">
        <ele>1343.4</ele>
      </trkpt>
      <trkpt lat="31.591235" lon="-110.699558">
        <ele>1343.1</ele>
      </trkpt>
      <trkpt lat="31.591344" lon="-110.699418">
        <ele>1347.5</ele>
      </trkpt>
      <trkpt lat="31.591488" lon="-110.699558">
        <ele>1350.4</ele>
      </trkpt>
      <trkpt lat="31.591661" lon="-110.699546">
        <ele>1351.8</ele>
      </trkpt>
      <trkpt lat="31.59207" lon="-110.69975">
        <ele>1353.0</ele>
      </trkpt>
      <trkpt lat="31.591936" lon="-110.699955">
        <ele>1351.1</ele>
      </trkpt>
      <trkpt lat="31.591933" lon="-110.700326">
        <ele>1350.5</ele>
      </trkpt>
      <trkpt lat="31.592032" lon="-110.700698">
        <ele>1352.1</ele>
      </trkpt>
      <trkpt lat="31.5924" lon="-110.701146">
        <ele>1353.1</ele>
      </trkpt>
      <trkpt lat="31.593158" lon="-110.701184">
        <ele>1358.4</ele>
      </trkpt>
      <trkpt lat="31.593545" lon="-110.701354">
        <ele>1357.0</ele>
      </trkpt>
      <trkpt lat="31.59383" lon="-110.701914">
        <ele>1353.0</ele>
      </trkpt>
      <trkpt lat="31.594016" lon="-110.701875">
        <ele>1355.0</ele>
      </trkpt>
      <trkpt lat="31.594006" lon="-110.702093">
        <ele>1355.0</ele>
      </trkpt>
      <trkpt lat="31.594154" lon="-110.70217">
        <ele>1355.0</ele>
      </trkpt>
      <trkpt lat="31.594035" lon="-110.702336">
        <ele>1354.8</ele>
      </trkpt>
      <trkpt lat="31.594138" lon="-110.702515">
        <ele>1353.1</ele>
      </trkpt>
      <trkpt lat="31.593894" lon="-110.702771">
        <ele>1350.1</ele>
      </trkpt>
      <trkpt lat="31.593875" lon="-110.702963">
        <ele>1349.8</ele>
      </trkpt>
      <trkpt lat="31.594205" lon="-110.703219">
        <ele>1352.4</ele>
      </trkpt>
      <trkpt lat="31.594058" lon="-110.703334">
        <ele>1351.0</ele>
      </trkpt>
      <trkpt lat="31.594086" lon="-110.703706">
        <ele>1351.0</ele>
      </trkpt>
      <trkpt lat="31.594349" lon="-110.703693">
        <ele>1351.5</ele>
      </trkpt>
      <trkpt lat="31.594442" lon="-110.703923">
        <ele>1350.5</ele>
      </trkpt>
      <trkpt lat="31.594762" lon="-110.704077">
        <ele>1351.1</ele>
      </trkpt>
      <trkpt lat="31.595098" lon="-110.704666">
        <ele>1349.1</ele>
      </trkpt>
      <trkpt lat="31.595376" lon="-110.704819">
        <ele>1347.8</ele>
      </trkpt>
      <trkpt lat="31.595469" lon="-110.705242">
        <ele>1349.0</ele>
      </trkpt>
      <trkpt lat="31.595382" lon="-110.705536">
        <ele>1346.5</ele>
      </trkpt>
      <trkpt lat="31.595466" lon="-110.705562">
        <ele>1346.1</ele>
      </trkpt>
      <trkpt lat="31.595514" lon="-110.706214">
        <ele>1341.4</ele>
      </trkpt>
      <trkpt lat="31.595642" lon="-110.70656">
        <ele>1340.0</ele>
      </trkpt>
      <trkpt lat="31.595504" lon="-110.707046">
        <ele>1338.8</ele>
      </trkpt>
      <trkpt lat="31.5956" lon="-110.707251">
        <ele>1337.5</ele>
      </trkpt>
      <trkpt lat="31.595776" lon="-110.707354">
        <ele>1337.4</ele>
      </trkpt>
      <trkpt lat="31.595853" lon="-110.707546">
        <ele>1336.4</ele>
      </trkpt>
      <trkpt lat="31.595695" lon="-110.707893">
        <ele>1334.1</ele>
      </trkpt>
      <trkpt lat="31.595702" lon="-110.708045">
        <ele>1334.0</ele>
      </trkpt>
      <trkpt lat="31.595843" lon="-110.70807">
        <ele>1334.0</ele>
      </trkpt>
      <trkpt lat="31.596406" lon="-110.707814">
        <ele>1334.0</ele>
      </trkpt>
      <trkpt lat="31.596458" lon="-110.707661">
        <ele>1334.5</ele>
      </trkpt>
      <trkpt lat="31.596515" lon="-110.707866">
        <ele>1333.1</ele>
      </trkpt>
      <trkpt lat="31.596047" lon="-110.708284">
        <ele>1328.0</ele>
      </trkpt>
      <trkpt lat="31.596002" lon="-110.70855">
        <ele>1317.8</ele>
      </trkpt>
      <trkpt lat="31.596102" lon="-110.708851">
        <ele>1315.4</ele>
      </trkpt>
      <trkpt lat="31.596029" lon="-110.70912">
        <ele>1316.0</ele>
      </trkpt>
      <trkpt lat="31.59608" lon="-110.70921">
        <ele>1316.4</ele>
      </trkpt>
      <trkpt lat="31.596531" lon="-110.709387">
        <ele>1324.4</ele>
      </trkpt>
      <trkpt lat="31.596688" lon="-110.709604">
        <ele>1329.1</ele>
      </trkpt>
      <trkpt lat="31.59689" lon="-110.709709">
        <ele>1332.1</ele>
      </trkpt>
      <trkpt lat="31.597411" lon="-110.710285">
        <ele>1335.0</ele>
      </trkpt>
      <trkpt lat="31.598426" lon="-110.711027">
        <ele>1340.8</ele>
      </trkpt>
      <trkpt lat="31.598605" lon="-110.711027">
        <ele>1342.0</ele>
      </trkpt>
      <trkpt lat="31.599085" lon="-110.711296">
        <ele>1346.8</ele>
      </trkpt>
      <trkpt lat="31.59929" lon="-110.711642">
        <ele>1349.0</ele>
      </trkpt>
      <trkpt lat="31.599224" lon="-110.712">
        <ele>1351.0</ele>
      </trkpt>
      <trkpt lat="31.59904" lon="-110.712358">
        <ele>1349.8</ele>
      </trkpt>
      <trkpt lat="31.598275" lon="-110.712384">
        <ele>1347.0</ele>
      </trkpt>
      <trkpt lat="31.597581" lon="-110.712538">
        <ele>1343.0</ele>
      </trkpt>
      <trkpt lat="31.597331" lon="-110.712717">
        <ele>1343.1</ele>
      </trkpt>
      <trkpt lat="31.597011" lon="-110.712755">
        <ele>1345.1</ele>
      </trkpt>
      <trkpt lat="31.596806" lon="-110.712883">
        <ele>1345.0</ele>
      </trkpt>
      <trkpt lat="31.596035" lon="-110.712858">
        <ele>1344.4</ele>
      </trkpt>
      <trkpt lat="31.595843" lon="-110.712998">
        <ele>1342.4</ele>
      </trkpt>
      <trkpt lat="31.595491" lon="-110.713715">
        <ele>1334.5</ele>
      </trkpt>
      <trkpt lat="31.595232" lon="-110.714048">
        <ele>1335.0</ele>
      </trkpt>
      <trkpt lat="31.59489" lon="-110.714112">
        <ele>1333.4</ele>
      </trkpt>
      <trkpt lat="31.594499" lon="-110.714061">
        <ele>1331.8</ele>
      </trkpt>
      <trkpt lat="31.594125" lon="-110.714406">
        <ele>1326.1</ele>
      </trkpt>
      <trkpt lat="31.594112" lon="-110.714509">
        <ele>1327.0</ele>
      </trkpt>
      <trkpt lat="31.594464" lon="-110.715098">
        <ele>1321.4</ele>
      </trkpt>
      <trkpt lat="31.595331" lon="-110.715418">
        <ele>1314.5</ele>
      </trkpt>
      <trkpt lat="31.595651" lon="-110.715917">
        <ele>1316.4</ele>
      </trkpt>
      <trkpt lat="31.595747" lon="-110.716237">
        <ele>1315.5</ele>
      </trkpt>
      <trkpt lat="31.595789" lon="-110.717171">
        <ele>1306.8</ele>
      </trkpt>
      <trkpt lat="31.595725" lon="-110.717427">
        <ele>1305.0</ele>
      </trkpt>
      <trkpt lat="31.595446" lon="-110.717862">
        <ele>1301.0</ele>
      </trkpt>
      <trkpt lat="31.594848" lon="-110.718221">
        <ele>1300.0</ele>
      </trkpt>
      <trkpt lat="31.594387" lon="-110.718349">
        <ele>1298.0</ele>
      </trkpt>
      <trkpt lat="31.593325" lon="-110.718876">
        <ele>1295.4</ele>
      </trkpt>
      <trkpt lat="31.593171" lon="-110.719027">
        <ele>1295.5</ele>
      </trkpt>
      <trkpt lat="31.593264" lon="-110.719821">
        <ele>1296.0</ele>
      </trkpt>
      <trkpt lat="31.593219" lon="-110.71991">
        <ele>1296.0</ele>
      </trkpt>
      <trkpt lat="31.592602" lon="-110.720115">
        <ele>1296.0</ele>
      </trkpt>
      <trkpt lat="31.592448" lon="-110.721075">
        <ele>1296.0</ele>
      </trkpt>
      <trkpt lat="31.593043" lon="-110.721357">
        <ele>1296.0</ele>
      </trkpt>
      <trkpt lat="31.59353" lon="-110.721331">
        <ele>1296.0</ele>
      </trkpt>
      <trkpt lat="31.594301" lon="-110.721523">
        <ele>1297.0</ele>
      </trkpt>
      <trkpt lat="31.59441" lon="-110.721907">
        <ele>1297.0</ele>
      </trkpt>
      <trkpt lat="31.594374" lon="-110.722125">
        <ele>1297.0</ele>
      </trkpt>
      <trkpt lat="31.594502" lon="-110.722995">
        <ele>1297.0</ele>
      </trkpt>
      <trkpt lat="31.59505" lon="-110.723277">
        <ele>1298.0</ele>
      </trkpt>
      <trkpt lat="31.595104" lon="-110.723507">
        <ele>1298.0</ele>
      </trkpt>
      <trkpt lat="31.595574" lon="-110.72375">
        <ele>1298.0</ele>
      </trkpt>
      <trkpt lat="31.596177" lon="-110.724369">
        <ele>1298.8</ele>
      </trkpt>
      <trkpt lat="31.596078" lon="-110.724471">
        <ele>1299.0</ele>
      </trkpt>
      <trkpt lat="31.59599" lon="-110.724347">
        <ele>1299.0</ele>
      </trkpt>
      <trkpt lat="31.595865" lon="-110.724369">
        <ele>1299.0</ele>
      </trkpt>
      <trkpt lat="31.595793" lon="-110.724719">
        <ele>1301.5</ele>
      </trkpt>
      <trkpt lat="31.597446" lon="-110.725921">
        <ele>1309.1</ele>
      </trkpt>
      <trkpt lat="31.597479" lon="-110.726202">
        <ele>1308.5</ele>
      </trkpt>
      <trkpt lat="31.597616" lon="-110.726192">
        <ele>1308.1</ele>
      </trkpt>
      <trkpt lat="31.598408" lon="-110.726698">
        <ele>1308.4</ele>
      </trkpt>
      <trkpt lat="31.598996" lon="-110.726808">
        <ele>1308.0</ele>
      </trkpt>
      <trkpt lat="31.599276" lon="-110.727124">
        <ele>1310.5</ele>
      </trkpt>
      <trkpt lat="31.599425" lon="-110.727605">
        <ele>1312.4</ele>
      </trkpt>
      <trkpt lat="31.59966" lon="-110.72775">
        <ele>1310.1</ele>
      </trkpt>
      <trkpt lat="31.59958" lon="-110.72804">
        <ele>1309.8</ele>
      </trkpt>
      <trkpt lat="31.59975" lon="-110.72884">
        <ele>1318.5</ele>
      </trkpt>
      <trkpt lat="31.59994" lon="-110.72931">
        <ele>1323.5</ele>
      </trkpt>
      <trkpt lat="31.60023" lon="-110.72945">
        <ele>1326.4</ele>
      </trkpt>
      <trkpt lat="31.60027" lon="-110.72964">
        <ele>1328.0</ele>
      </trkpt>
      <trkpt lat="31.6005" lon="-110.72977">
        <ele>1329.4</ele>
      </trkpt>
      <trkpt lat="31.60046" lon="-110.72998">
        <ele>1330.8</ele>
      </trkpt>
      <trkpt lat="31.60062" lon="-110.73047">
        <ele>1331.5</ele>
      </trkpt>
      <trkpt lat="31.60031" lon="-110.731">
        <ele>1334.5</ele>
      </trkpt>
      <trkpt lat="31.60035" lon="-110.73115">
        <ele>1335.8</ele>
      </trkpt>
      <trkpt lat="31.60017" lon="-110.73155">
        <ele>1335.4</ele>
      </trkpt>
      <trkpt lat="31.60054" lon="-110.73185">
        <ele>1333.5</ele>
      </trkpt>
      <trkpt lat="31.60059" lon="-110.73215">
        <ele>1334.4</ele>
      </trkpt>
      <trkpt lat="31.60089" lon="-110.73221">
        <ele>1335.0</ele>
      </trkpt>
      <trkpt lat="31.6009" lon="-110.73243">
        <ele>1334.5</ele>
      </trkpt>
      <trkpt lat="31.60117" lon="-110.73236">
        <ele>1333.0</ele>
      </trkpt>
      <trkpt lat="31.60143" lon="-110.73256">
        <ele>1332.8</ele>
      </trkpt>
      <trkpt lat="31.60149" lon="-110.73275">
        <ele>1332.5</ele>
      </trkpt>
      <trkpt lat="31.6012" lon="-110.73337">
        <ele>1334.1</ele>
      </trkpt>
      <trkpt lat="31.60102" lon="-110.73353">
        <ele>1334.0</ele>
      </trkpt>
      <trkpt lat="31.6011" lon="-110.73494">
        <ele>1338.5</ele>
      </trkpt>
      <trkpt lat="31.60052" lon="-110.7352">
        <ele>1337.8</ele>
      </trkpt>
      <trkpt lat="31.60027" lon="-110.7352">
        <ele>1337.5</ele>
      </trkpt>
      <trkpt lat="31.60021" lon="-110.73537">
        <ele>1337.1</ele>
      </trkpt>
      <trkpt lat="31.60098" lon="-110.73641">
        <ele>1341.8</ele>
      </trkpt>
      <trkpt lat="31.60113" lon="-110.73647">
        <ele>1342.0</ele>
      </trkpt>
      <trkpt lat="31.60118" lon="-110.73687">
        <ele>1342.4</ele>
      </trkpt>
      <trkpt lat="31.60148" lon="-110.7373">
        <ele>1344.0</ele>
      </trkpt>
      <trkpt lat="31.60154" lon="-110.73798">
        <ele>1345.5</ele>
      </trkpt>
      <trkpt lat="31.60172" lon="-110.73839">
        <ele>1348.0</ele>
      </trkpt>
      <trkpt lat="31.60197" lon="-110.73858">
        <ele>1349.0</ele>
      </trkpt>
      <trkpt lat="31.60196" lon="-110.7388">
        <ele>1350.8</ele>
      </trkpt>
      <trkpt lat="31.60243" lon="-110.73904">
        <ele>1353.8</ele>
      </trkpt>
      <trkpt lat="31.60251" lon="-110.73944">
        <ele>1354.8</ele>
      </trkpt>
      <trkpt lat="31.60282" lon="-110.73989">
        <ele>1359.1</ele>
      </trkpt>
      <trkpt lat="31.60291" lon="-110.74056">
        <ele>1360.5</ele>
      </trkpt>
      <trkpt lat="31.60306" lon="-110.74068">
        <ele>1360.5</ele>
      </trkpt>
      <trkpt lat="31.60344" lon="-110.74162">
        <ele>1369.1</ele>
      </trkpt>
      <trkpt lat="31.60328" lon="-110.74174">
        <ele>1370.1</ele>
      </trkpt>
      <trkpt lat="31.60333" lon="-110.74217">
        <ele>1372.4</ele>
      </trkpt>
      <trkpt lat="31.60311" lon="-110.74227">
        <ele>1373.1</ele>
      </trkpt>
      <trkpt lat="31.60289" lon="-110.7426">
        <ele>1372.5</ele>
      </trkpt>
      <trkpt lat="31.60291" lon="-110.74294">
        <ele>1372.1</ele>
      </trkpt>
      <trkpt lat="31.60298" lon="-110.74298">
        <ele>1371.4</ele>
      </trkpt>
      <trkpt lat="31.60311" lon="-110.74283">
        <ele>1369.5</ele>
      </trkpt>
      <trkpt lat="31.60349" lon="-110.74295">
        <ele>1365.8</ele>
      </trkpt>
      <trkpt lat="31.60375" lon="-110.7433">
        <ele>1364.1</ele>
      </trkpt>
      <trkpt lat="31.604" lon="-110.74335">
        <ele>1363.4</ele>
      </trkpt>
      <trkpt lat="31.60449" lon="-110.74312">
        <ele>1364.4</ele>
      </trkpt>
      <trkpt lat="31.60493" lon="-110.74336">
        <ele>1365.5</ele>
      </trkpt>
      <trkpt lat="31.60498" lon="-110.74332">
        <ele>1365.5</ele>
      </trkpt>
      <trkpt lat="31.6049" lon="-110.74272">
        <ele>1362.4</ele>
      </trkpt>
      <trkpt lat="31.60496" lon="-110.74261">
        <ele>1361.4</ele>
      </trkpt>
      <trkpt lat="31.60512" lon="-110.74267">
        <ele>1361.8</ele>
      </trkpt>
      <trkpt lat="31.60516" lon="-110.74291">
        <ele>1362.8</ele>
      </trkpt>
      <trkpt lat="31.6054" lon="-110.74295">
        <ele>1364.1</ele>
      </trkpt>
      <trkpt lat="31.60549" lon="-110.74326">
        <ele>1367.1</ele>
      </trkpt>
      <trkpt lat="31.60567" lon="-110.7433">
        <ele>1365.8</ele>
      </trkpt>
      <trkpt lat="31.60589" lon="-110.74311">
        <ele>1362.5</ele>
      </trkpt>
      <trkpt lat="31.60619" lon="-110.74339">
        <ele>1363.1</ele>
      </trkpt>
      <trkpt lat="31.60595" lon="-110.74355">
        <ele>1363.4</ele>
      </trkpt>
      <trkpt lat="31.60598" lon="-110.74367">
        <ele>1362.4</ele>
      </trkpt>
      <trkpt lat="31.60639" lon="-110.74403">
        <ele>1359.1</ele>
      </trkpt>
      <trkpt lat="31.60671" lon="-110.74406">
        <ele>1358.1</ele>
      </trkpt>
      <trkpt lat="31.60705" lon="-110.74396">
        <ele>1362.0</ele>
      </trkpt>
      <trkpt lat="31.60703" lon="-110.74438">
        <ele>1367.1</ele>
      </trkpt>
      <trkpt lat="31.60682" lon="-110.74459">
        <ele>1370.4</ele>
      </trkpt>
      <trkpt lat="31.6069" lon="-110.74473">
        <ele>1369.1</ele>
      </trkpt>
      <trkpt lat="31.60732" lon="-110.74491">
        <ele>1367.0</ele>
      </trkpt>
      <trkpt lat="31.60752" lon="-110.7449">
        <ele>1366.4</ele>
      </trkpt>
      <trkpt lat="31.60767" lon="-110.74514">
        <ele>1366.5</ele>
      </trkpt>
      <trkpt lat="31.60773" lon="-110.74544">
        <ele>1367.8</ele>
      </trkpt>
      <trkpt lat="31.60802" lon="-110.74587">
        <ele>1372.4</ele>
      </trkpt>
      <trkpt lat="31.60799" lon="-110.74611">
        <ele>1372.1</ele>
      </trkpt>
      <trkpt lat="31.60833" lon="-110.74633">
        <ele>1372.1</ele>
      </trkpt>
      <trkpt lat="31.60858" lon="-110.7469">
        <ele>1371.5</ele>
      </trkpt>
      <trkpt lat="31.60931" lon="-110.74739">
        <ele>1372.5</ele>
      </trkpt>
      <trkpt lat="31.60968" lon="-110.74796">
        <ele>1374.5</ele>
      </trkpt>
      <trkpt lat="31.61019" lon="-110.7482">
        <ele>1376.0</ele>
      </trkpt>
      <trkpt lat="31.61037" lon="-110.74843">
        <ele>1376.8</ele>
      </trkpt>
      <trkpt lat="31.61093" lon="-110.74872">
        <ele>1378.5</ele>
      </trkpt>
      <trkpt lat="31.61113" lon="-110.74899">
        <ele>1379.4</ele>
      </trkpt>
      <trkpt lat="31.61139" lon="-110.74912">
        <ele>1379.8</ele>
      </trkpt>
      <trkpt lat="31.61169" lon="-110.74944">
        <ele>1382.5</ele>
      </trkpt>
      <trkpt lat="31.61199" lon="-110.74997">
        <ele>1386.1</ele>
      </trkpt>
      <trkpt lat="31.61203" lon="-110.75027">
        <ele>1387.8</ele>
      </trkpt>
      <trkpt lat="31.61288" lon="-110.75103">
        <ele>1390.5</ele>
      </trkpt>
      <trkpt lat="31.61298" lon="-110.7513">
        <ele>1391.8</ele>
      </trkpt>
      <trkpt lat="31.61327" lon="-110.75147">
        <ele>1393.5</ele>
      </trkpt>
      <trkpt lat="31.61361" lon="-110.75147">
        <ele>1393.1</ele>
      </trkpt>
      <trkpt lat="31.61422" lon="-110.75172">
        <ele>1395.1</ele>
      </trkpt>
      <trkpt lat="31.61439" lon="-110.7519">
        <ele>1395.8</ele>
      </trkpt>
      <trkpt lat="31.61472" lon="-110.75191">
        <ele>1394.5</ele>
      </trkpt>
      <trkpt lat="31.61524" lon="-110.75144">
        <ele>1397.1</ele>
      </trkpt>
      <trkpt lat="31.61536" lon="-110.75146">
        <ele>1398.0</ele>
      </trkpt>
      <trkpt lat="31.61582" lon="-110.7519">
        <ele>1400.8</ele>
      </trkpt>
      <trkpt lat="31.61621" lon="-110.75198">
        <ele>1404.0</ele>
      </trkpt>
      <trkpt lat="31.61646" lon="-110.75163">
        <ele>1411.8</ele>
      </trkpt>
      <trkpt lat="31.61702" lon="-110.75147">
        <ele>1417.0</ele>
      </trkpt>
      <trkpt lat="31.61657" lon="-110.7521">
        <ele>1416.1</ele>
      </trkpt>
      <trkpt lat="31.61718" lon="-110.75282">
        <ele>1418.5</ele>
      </trkpt>
      <trkpt lat="31.61742" lon="-110.75277">
        <ele>1422.8</ele>
      </trkpt>
      <trkpt lat="31.61772" lon="-110.75257">
        <ele>1426.1</ele>
      </trkpt>
      <trkpt lat="31.61766" lon="-110.75287">
        <ele>1424.0</ele>
      </trkpt>
      <trkpt lat="31.61778" lon="-110.75303">
        <ele>1425.1</ele>
      </trkpt>
      <trkpt lat="31.61848" lon="-110.75278">
        <ele>1433.1</ele>
      </trkpt>
      <trkpt lat="31.61855" lon="-110.75257">
        <ele>1433.8</ele>
      </trkpt>
      <trkpt lat="31.61877" lon="-110.75256">
        <ele>1435.1</ele>
      </trkpt>
      <trkpt lat="31.61884" lon="-110.75234">
        <ele>1435.0</ele>
      </trkpt>
      <trkpt lat="31.61896" lon="-110.75236">
        <ele>1436.1</ele>
      </trkpt>
      <trkpt lat="31.61937" lon="-110.75206">
        <ele>1436.5</ele>
      </trkpt>
      <trkpt lat="31.61961" lon="-110.75221">
        <ele>1438.8</ele>
      </trkpt>
      <trkpt lat="31.61964" lon="-110.75231">
        <ele>1437.8</ele>
      </trkpt>
      <trkpt lat="31.6194" lon="-110.75244">
        <ele>1437.0</ele>
      </trkpt>
      <trkpt lat="31.61921" lon="-110.7528">
        <ele>1435.0</ele>
      </trkpt>
      <trkpt lat="31.6192" lon="-110.75297">
        <ele>1436.5</ele>
      </trkpt>
      <trkpt lat="31.61899" lon="-110.75317">
        <ele>1437.1</ele>
      </trkpt>
      <trkpt lat="31.61876" lon="-110.75363">
        <ele>1436.4</ele>
      </trkpt>
      <trkpt lat="31.61883" lon="-110.75373">
        <ele>1436.1</ele>
      </trkpt>
      <trkpt lat="31.61913" lon="-110.75378">
        <ele>1437.1</ele>
      </trkpt>
      <trkpt lat="31.61938" lon="-110.75364">
        <ele>1439.4</ele>
      </trkpt>
      <trkpt lat="31.61956" lon="-110.75369">
        <ele>1441.1</ele>
      </trkpt>
      <trkpt lat="31.61981" lon="-110.75351">
        <ele>1443.5</ele>
      </trkpt>
      <trkpt lat="31.61989" lon="-110.75334">
        <ele>1445.8</ele>
      </trkpt>
      <trkpt lat="31.62024" lon="-110.75314">
        <ele>1447.4</ele>
      </trkpt>
      <trkpt lat="31.62042" lon="-110.7532">
        <ele>1450.8</ele>
      </trkpt>
      <trkpt lat="31.62058" lon="-110.75307">
        <ele>1451.8</ele>
      </trkpt>
      <trkpt lat="31.62095" lon="-110.75311">
        <ele>1452.8</ele>
      </trkpt>
      <trkpt lat="31.62098" lon="-110.75323">
        <ele>1452.5</ele>
      </trkpt>
      <trkpt lat="31.62081" lon="-110.75361">
        <ele>1450.5</ele>
      </trkpt>
      <trkpt lat="31.62101" lon="-110.75389">
        <ele>1454.4</ele>
      </trkpt>
      <trkpt lat="31.62094" lon="-110.75408">
        <ele>1458.1</ele>
      </trkpt>
      <trkpt lat="31.62052" lon="-110.7541">
        <ele>1458.1</ele>
      </trkpt>
      <trkpt lat="31.62047" lon="-110.75427">
        <ele>1457.5</ele>
      </trkpt>
      <trkpt lat="31.62027" lon="-110.7544">
        <ele>1456.5</ele>
      </trkpt>
      <trkpt lat="31.62009" lon="-110.75472">
        <ele>1455.0</ele>
      </trkpt>
      <trkpt lat="31.6203" lon="-110.75496">
        <ele>1455.8</ele>
      </trkpt>
      <trkpt lat="31.62073" lon="-110.75496">
        <ele>1459.5</ele>
      </trkpt>
      <trkpt lat="31.62107" lon="-110.75463">
        <ele>1462.5</ele>
      </trkpt>
      <trkpt lat="31.62117" lon="-110.75468">
        <ele>1464.5</ele>
      </trkpt>
      <trkpt lat="31.62131" lon="-110.75449">
        <ele>1465.8</ele>
      </trkpt>
      <trkpt lat="31.62192" lon="-110.7543">
        <ele>1468.1</ele>
      </trkpt>
      <trkpt lat="31.62222" lon="-110.75439">
        <ele>1469.4</ele>
      </trkpt>
      <trkpt lat="31.62239" lon="-110.75459">
        <ele>1469.1</ele>
      </trkpt>
      <trkpt lat="31.62241" lon="-110.75474">
        <ele>1469.5</ele>
      </trkpt>
      <trkpt lat="31.62214" lon="-110.75552">
        <ele>1471.1</ele>
      </trkpt>
      <trkpt lat="31.62219" lon="-110.75561">
        <ele>1471.0</ele>
      </trkpt>
      <trkpt lat="31.6227" lon="-110.75538">
        <ele>1474.4</ele>
      </trkpt>
      <trkpt lat="31.62302" lon="-110.75538">
        <ele>1475.0</ele>
      </trkpt>
      <trkpt lat="31.6232" lon="-110.75551">
        <ele>1474.4</ele>
      </trkpt>
      <trkpt lat="31.62332" lon="-110.75583">
        <ele>1473.5</ele>
      </trkpt>
      <trkpt lat="31.62368" lon="-110.75597">
        <ele>1471.1</ele>
      </trkpt>
      <trkpt lat="31.62396" lon="-110.75628">
        <ele>1472.0</ele>
      </trkpt>
      <trkpt lat="31.62394" lon="-110.75654">
        <ele>1473.1</ele>
      </trkpt>
      <trkpt lat="31.62325" lon="-110.75719">
        <ele>1473.1</ele>
      </trkpt>
      <trkpt lat="31.6233" lon="-110.75733">
        <ele>1475.0</ele>
      </trkpt>
      <trkpt lat="31.62432" lon="-110.75736">
        <ele>1478.1</ele>
      </trkpt>
      <trkpt lat="31.62462" lon="-110.7575">
        <ele>1477.1</ele>
      </trkpt>
      <trkpt lat="31.62477" lon="-110.75785">
        <ele>1475.4</ele>
      </trkpt>
      <trkpt lat="31.62473" lon="-110.75814">
        <ele>1475.5</ele>
      </trkpt>
      <trkpt lat="31.62518" lon="-110.75853">
        <ele>1477.8</ele>
      </trkpt>
      <trkpt lat="31.62513" lon="-110.7588">
        <ele>1480.4</ele>
      </trkpt>
      <trkpt lat="31.62474" lon="-110.75919">
        <ele>1481.5</ele>
      </trkpt>
      <trkpt lat="31.62468" lon="-110.75938">
        <ele>1481.8</ele>
      </trkpt>
      <trkpt lat="31.62581" lon="-110.75942">
        <ele>1478.4</ele>
      </trkpt>
      <trkpt lat="31.62616" lon="-110.75956">
        <ele>1477.1</ele>
      </trkpt>
      <trkpt lat="31.62719" lon="-110.76046">
        <ele>1478.8</ele>
      </trkpt>
      <trkpt lat="31.62726" lon="-110.76067">
        <ele>1483.4</ele>
      </trkpt>
      <trkpt lat="31.62719" lon="-110.76087">
        <ele>1486.5</ele>
      </trkpt>
      <trkpt lat="31.62708" lon="-110.76092">
        <ele>1487.4</ele>
      </trkpt>
      <trkpt lat="31.62633" lon="-110.76076">
        <ele>1488.1</ele>
      </trkpt>
      <trkpt lat="31.62568" lon="-110.76092">
        <ele>1487.8</ele>
      </trkpt>
      <trkpt lat="31.62556" lon="-110.76115">
        <ele>1487.8</ele>
      </trkpt>
      <trkpt lat="31.62563" lon="-110.76124">
        <ele>1487.8</ele>
      </trkpt>
      <trkpt lat="31.62706" lon="-110.76166">
        <ele>1492.4</ele>
      </trkpt>
      <trkpt lat="31.6277" lon="-110.76206">
        <ele>1492.0</ele>
      </trkpt>
      <trkpt lat="31.62803" lon="-110.76241">
        <ele>1493.5</ele>
      </trkpt>
      <trkpt lat="31.6281" lon="-110.76274">
        <ele>1495.5</ele>
      </trkpt>
      <trkpt lat="31.62717" lon="-110.76319">
        <ele>1501.4</ele>
      </trkpt>
      <trkpt lat="31.62717" lon="-110.7633">
        <ele>1500.5</ele>
      </trkpt>
      <trkpt lat="31.62813" lon="-110.7637">
        <ele>1498.8</ele>
      </trkpt>
      <trkpt lat="31.62933" lon="-110.76401">
        <ele>1499.5</ele>
      </trkpt>
      <trkpt lat="31.62954" lon="-110.76432">
        <ele>1500.0</ele>
      </trkpt>
      <trkpt lat="31.62923" lon="-110.7648">
        <ele>1505.0</ele>
      </trkpt>
      <trkpt lat="31.62845" lon="-110.76521">
        <ele>1513.0</ele>
      </trkpt>
      <trkpt lat="31.62789" lon="-110.76538">
        <ele>1514.5</ele>
      </trkpt>
      <trkpt lat="31.62788" lon="-110.76549">
        <ele>1514.4</ele>
      </trkpt>
      <trkpt lat="31.62945" lon="-110.76568">
        <ele>1514.8</ele>
      </trkpt>
      <trkpt lat="31.62966" lon="-110.76584">
        <ele>1518.1</ele>
      </trkpt>
      <trkpt lat="31.62972" lon="-110.76599">
        <ele>1518.1</ele>
      </trkpt>
      <trkpt lat="31.62968" lon="-110.76662">
        <ele>1518.5</ele>
      </trkpt>
      <trkpt lat="31.63052" lon="-110.76661">
        <ele>1519.0</ele>
      </trkpt>
      <trkpt lat="31.63121" lon="-110.76676">
        <ele>1518.4</ele>
      </trkpt>
      <trkpt lat="31.63132" lon="-110.767">
        <ele>1517.1</ele>
      </trkpt>
      <trkpt lat="31.631" lon="-110.76762">
        <ele>1516.8</ele>
      </trkpt>
      <trkpt lat="31.63103" lon="-110.76775">
        <ele>1516.1</ele>
      </trkpt>
      <trkpt lat="31.63202" lon="-110.76817">
        <ele>1521.1</ele>
      </trkpt>
      <trkpt lat="31.63219" lon="-110.7685">
        <ele>1521.4</ele>
      </trkpt>
      <trkpt lat="31.6321" lon="-110.76876">
        <ele>1522.8</ele>
      </trkpt>
      <trkpt lat="31.63192" lon="-110.76896">
        <ele>1525.0</ele>
      </trkpt>
      <trkpt lat="31.63138" lon="-110.76924">
        <ele>1527.4</ele>
      </trkpt>
      <trkpt lat="31.6314" lon="-110.76934">
        <ele>1527.1</ele>
      </trkpt>
      <trkpt lat="31.63207" lon="-110.76958">
        <ele>1526.5</ele>
      </trkpt>
      <trkpt lat="31.6327" lon="-110.76946">
        <ele>1524.0</ele>
      </trkpt>
      <trkpt lat="31.63368" lon="-110.76961">
        <ele>1519.8</ele>
      </trkpt>
      <trkpt lat="31.6337" lon="-110.76992">
        <ele>1520.5</ele>
      </trkpt>
      <trkpt lat="31.6334" lon="-110.77043">
        <ele>1522.5</ele>
      </trkpt>
      <trkpt lat="31.6334" lon="-110.77063">
        <ele>1522.0</ele>
      </trkpt>
      <trkpt lat="31.63379" lon="-110.77109">
        <ele>1524.0</ele>
      </trkpt>
      <trkpt lat="31.63406" lon="-110.77122">
        <ele>1525.4</ele>
      </trkpt>
      <trkpt lat="31.63464" lon="-110.77116">
        <ele>1529.1</ele>
      </trkpt>
      <trkpt lat="31.63491" lon="-110.77124">
        <ele>1530.1</ele>
      </trkpt>
      <trkpt lat="31.6351" lon="-110.77144">
        <ele>1530.8</ele>
      </trkpt>
      <trkpt lat="31.63515" lon="-110.77168">
        <ele>1530.5</ele>
      </trkpt>
      <trkpt lat="31.63501" lon="-110.77229">
        <ele>1533.4</ele>
      </trkpt>
      <trkpt lat="31.63616" lon="-110.77351">
        <ele>1540.0</ele>
      </trkpt>
      <trkpt lat="31.63624" lon="-110.774">
        <ele>1544.4</ele>
      </trkpt>
      <trkpt lat="31.63611" lon="-110.77421">
        <ele>1546.0</ele>
      </trkpt>
      <trkpt lat="31.63566" lon="-110.77438">
        <ele>1550.1</ele>
      </trkpt>
      <trkpt lat="31.63556" lon="-110.77455">
        <ele>1550.8</ele>
      </trkpt>
      <trkpt lat="31.63577" lon="-110.77467">
        <ele>1550.5</ele>
      </trkpt>
      <trkpt lat="31.63619" lon="-110.77473">
        <ele>1550.0</ele>
      </trkpt>
      <trkpt lat="31.63657" lon="-110.77503">
        <ele>1549.8</ele>
      </trkpt>
      <trkpt lat="31.63671" lon="-110.77529">
        <ele>1551.1</ele>
      </trkpt>
      <trkpt lat="31.63677" lon="-110.77592">
        <ele>1553.5</ele>
      </trkpt>
      <trkpt lat="31.63672" lon="-110.77616">
        <ele>1554.4</ele>
      </trkpt>
      <trkpt lat="31.63751" lon="-110.77613">
        <ele>1552.0</ele>
      </trkpt>
      <trkpt lat="31.638" lon="-110.77644">
        <ele>1551.0</ele>
      </trkpt>
      <trkpt lat="31.63815" lon="-110.77691">
        <ele>1549.4</ele>
      </trkpt>
      <trkpt lat="31.63787" lon="-110.77789">
        <ele>1550.1</ele>
      </trkpt>
      <trkpt lat="31.63867" lon="-110.778">
        <ele>1546.5</ele>
      </trkpt>
      <trkpt lat="31.63919" lon="-110.77889">
        <ele>1545.1</ele>
      </trkpt>
      <trkpt lat="31.63917" lon="-110.77932">
        <ele>1545.0</ele>
      </trkpt>
      <trkpt lat="31.63908" lon="-110.7795">
        <ele>1546.4</ele>
      </trkpt>
      <trkpt lat="31.63864" lon="-110.77953">
        <ele>1548.8</ele>
      </trkpt>
      <trkpt lat="31.63831" lon="-110.7798">
        <ele>1550.5</ele>
      </trkpt>
      <trkpt lat="31.6376" lon="-110.78012">
        <ele>1551.5</ele>
      </trkpt>
      <trkpt lat="31.63757" lon="-110.78027">
        <ele>1553.4</ele>
      </trkpt>
      <trkpt lat="31.63791" lon="-110.78038">
        <ele>1553.8</ele>
      </trkpt>
      <trkpt lat="31.63816" lon="-110.78059">
        <ele>1554.4</ele>
      </trkpt>
      <trkpt lat="31.63831" lon="-110.78096">
        <ele>1554.1</ele>
      </trkpt>
      <trkpt lat="31.63824" lon="-110.78137">
        <ele>1553.5</ele>
      </trkpt>
      <trkpt lat="31.638" lon="-110.78171">
        <ele>1553.0</ele>
      </trkpt>
      <trkpt lat="31.64035" lon="-110.78235">
        <ele>1541.8</ele>
      </trkpt>
      <trkpt lat="31.641087" lon="-110.782305">
        <ele>1534.8</ele>
      </trkpt>
      <trkpt lat="31.641035" lon="-110.782209">
        <ele>1533.1</ele>
      </trkpt>
      <trkpt lat="31.640779" lon="-110.782271">
        <ele>1534.5</ele>
      </trkpt>
      <trkpt lat="31.640624" lon="-110.782202">
        <ele>1533.8</ele>
      </trkpt>
      <trkpt lat="31.640525" lon="-110.782031">
        <ele>1531.1</ele>
      </trkpt>
      <trkpt lat="31.640281" lon="-110.781909">
        <ele>1528.0</ele>
      </trkpt>
      <trkpt lat="31.64006" lon="-110.781938">
        <ele>1530.5</ele>
      </trkpt>
      <trkpt lat="31.639877" lon="-110.781603">
        <ele>1523.5</ele>
      </trkpt>
      <trkpt lat="31.639744" lon="-110.781517">
        <ele>1521.4</ele>
      </trkpt>
      <trkpt lat="31.639697" lon="-110.781306">
        <ele>1518.1</ele>
      </trkpt>
      <trkpt lat="31.639562" lon="-110.781206">
        <ele>1520.0</ele>
      </trkpt>
      <trkpt lat="31.639537" lon="-110.780973">
        <ele>1516.8</ele>
      </trkpt>
      <trkpt lat="31.639657" lon="-110.780745">
        <ele>1518.4</ele>
      </trkpt>
      <trkpt lat="31.640166" lon="-110.780736">
        <ele>1509.0</ele>
      </trkpt>
      <trkpt lat="31.64004" lon="-110.780428">
        <ele>1510.4</ele>
      </trkpt>
      <trkpt lat="31.64025" lon="-110.780303">
        <ele>1505.0</ele>
      </trkpt>
      <trkpt lat="31.640442" lon="-110.780384">
        <ele>1498.1</ele>
      </trkpt>
      <trkpt lat="31.640633" lon="-110.780234">
        <ele>1500.8</ele>
      </trkpt>
      <trkpt lat="31.641264" lon="-110.780027">
        <ele>1482.5</ele>
      </trkpt>
      <trkpt lat="31.641312" lon="-110.779828">
        <ele>1481.5</ele>
      </trkpt>
      <trkpt lat="31.641123" lon="-110.779672">
        <ele>1483.5</ele>
      </trkpt>
      <trkpt lat="31.64141" lon="-110.779458">
        <ele>1479.5</ele>
      </trkpt>
      <trkpt lat="31.641699" lon="-110.779687">
        <ele>1471.1</ele>
      </trkpt>
      <trkpt lat="31.641702" lon="-110.779475">
        <ele>1472.4</ele>
      </trkpt>
      <trkpt lat="31.641799" lon="-110.779319">
        <ele>1471.5</ele>
      </trkpt>
      <trkpt lat="31.64211" lon="-110.7795">
        <ele>1464.5</ele>
      </trkpt>
      <trkpt lat="31.642426" lon="-110.779227">
        <ele>1464.0</ele>
      </trkpt>
      <trkpt lat="31.642986" lon="-110.779134">
        <ele>1462.8</ele>
      </trkpt>
      <trkpt lat="31.64316" lon="-110.778819">
        <ele>1454.4</ele>
      </trkpt>
      <trkpt lat="31.643357" lon="-110.778778">
        <ele>1453.0</ele>
      </trkpt>
      <trkpt lat="31.643341" lon="-110.77913">
        <ele>1453.1</ele>
      </trkpt>
      <trkpt lat="31.643517" lon="-110.779172">
        <ele>1451.5</ele>
      </trkpt>
      <trkpt lat="31.643674" lon="-110.779094">
        <ele>1451.0</ele>
      </trkpt>
      <trkpt lat="31.644007" lon="-110.779374">
        <ele>1446.5</ele>
      </trkpt>
      <trkpt lat="31.644129" lon="-110.779317">
        <ele>1446.0</ele>
      </trkpt>
      <trkpt lat="31.644337" lon="-110.779425">
        <ele>1446.4</ele>
      </trkpt>
      <trkpt lat="31.644346" lon="-110.779563">
        <ele>1448.4</ele>
      </trkpt>
      <trkpt lat="31.644612" lon="-110.779586">
        <ele>1448.4</ele>
      </trkpt>
      <trkpt lat="31.644717" lon="-110.77973">
        <ele>1448.8</ele>
      </trkpt>
      <trkpt lat="31.644938" lon="-110.779765">
        <ele>1448.0</ele>
      </trkpt>
      <trkpt lat="31.645356" lon="-110.779513">
        <ele>1442.8</ele>
      </trkpt>
      <trkpt lat="31.645574" lon="-110.779756">
        <ele>1443.0</ele>
      </trkpt>
      <trkpt lat="31.645757" lon="-110.779382">
        <ele>1441.0</ele>
      </trkpt>
      <trkpt lat="31.645926" lon="-110.779667">
        <ele>1443.0</ele>
      </trkpt>
      <trkpt lat="31.646376" lon="-110.779592">
        <ele>1441.5</ele>
      </trkpt>
      <trkpt lat="31.646752" lon="-110.779969">
        <ele>1446.0</ele>
      </trkpt>
      <trkpt lat="31.646985" lon="-110.779961">
        <ele>1447.5</ele>
      </trkpt>
      <trkpt lat="31.647139" lon="-110.779292">
        <ele>1449.0</ele>
      </trkpt>
      <trkpt lat="31.647132" lon="-110.778957">
        <ele>1446.5</ele>
      </trkpt>
      <trkpt lat="31.647249" lon="-110.77887">
        <ele>1445.4</ele>
      </trkpt>
      <trkpt lat="31.647673" lon="-110.779119">
        <ele>1452.1</ele>
      </trkpt>
      <trkpt lat="31.647885" lon="-110.778994">
        <ele>1450.0</ele>
      </trkpt>
      <trkpt lat="31.647918" lon="-110.778875">
        <ele>1449.1</ele>
      </trkpt>
      <trkpt lat="31.64816" lon="-110.778702">
        <ele>1450.1</ele>
      </trkpt>
      <trkpt lat="31.648345" lon="-110.778935">
        <ele>1451.5</ele>
      </trkpt>
      <trkpt lat="31.648585" lon="-110.778931">
        <ele>1449.8</ele>
      </trkpt>
      <trkpt lat="31.648801" lon="-110.779076">
        <ele>1449.5</ele>
      </trkpt>
      <trkpt lat="31.649398" lon="-110.779204">
        <ele>1449.5</ele>
      </trkpt>
      <trkpt lat="31.649997" lon="-110.779062">
        <ele>1444.5</ele>
      </trkpt>
      <trkpt lat="31.650048" lon="-110.779725">
        <ele>1447.0</ele>
      </trkpt>
      <trkpt lat="31.650219" lon="-110.779449">
        <ele>1444.0</ele>
      </trkpt>
      <trkpt lat="31.650402" lon="-110.779509">
        <ele>1442.4</ele>
      </trkpt>
      <trkpt lat="31.650714" lon="-110.779387">
        <ele>1441.0</ele>
      </trkpt>
      <trkpt lat="31.650676" lon="-110.779228">
        <ele>1441.0</ele>
      </trkpt>
      <trkpt lat="31.650742" lon="-110.779103">
        <ele>1440.4</ele>
      </trkpt>
      <trkpt lat="31.650912" lon="-110.779057">
        <ele>1442.4</ele>
      </trkpt>
      <trkpt lat="31.651053" lon="-110.778823">
        <ele>1444.8</ele>
      </trkpt>
      <trkpt lat="31.651207" lon="-110.77899">
        <ele>1446.8</ele>
      </trkpt>
      <trkpt lat="31.65141" lon="-110.779045">
        <ele>1449.8</ele>
      </trkpt>
      <trkpt lat="31.651518" lon="-110.778622">
        <ele>1449.1</ele>
      </trkpt>
      <trkpt lat="31.651829" lon="-110.778719">
        <ele>1452.0</ele>
      </trkpt>
      <trkpt lat="31.652036" lon="-110.778665">
        <ele>1452.5</ele>
      </trkpt>
      <trkpt lat="31.652372" lon="-110.77875">
        <ele>1458.4</ele>
      </trkpt>
      <trkpt lat="31.652413" lon="-110.778653">
        <ele>1460.0</ele>
      </trkpt>
      <trkpt lat="31.65221" lon="-110.778389">
        <ele>1456.0</ele>
      </trkpt>
      <trkpt lat="31.652156" lon="-110.778179">
        <ele>1453.0</ele>
      </trkpt>
      <trkpt lat="31.652321" lon="-110.777981">
        <ele>1455.4</ele>
      </trkpt>
      <trkpt lat="31.652533" lon="-110.778041">
        <ele>1461.1</ele>
      </trkpt>
      <trkpt lat="31.652343" lon="-110.77722">
        <ele>1460.5</ele>
      </trkpt>
      <trkpt lat="31.652239" lon="-110.777161">
        <ele>1460.5</ele>
      </trkpt>
      <trkpt lat="31.65265" lon="-110.776958">
        <ele>1456.1</ele>
      </trkpt>
      <trkpt lat="31.652827" lon="-110.777053">
        <ele>1455.1</ele>
      </trkpt>
      <trkpt lat="31.652865" lon="-110.776741">
        <ele>1452.4</ele>
      </trkpt>
      <trkpt lat="31.652718" lon="-110.7765">
        <ele>1449.1</ele>
      </trkpt>
      <trkpt lat="31.652733" lon="-110.776267">
        <ele>1447.5</ele>
      </trkpt>
      <trkpt lat="31.652836" lon="-110.776184">
        <ele>1444.5</ele>
      </trkpt>
      <trkpt lat="31.653126" lon="-110.776393">
        <ele>1445.4</ele>
      </trkpt>
      <trkpt lat="31.653223" lon="-110.77662">
        <ele>1447.4</ele>
      </trkpt>
      <trkpt lat="31.653321" lon="-110.776442">
        <ele>1448.5</ele>
      </trkpt>
      <trkpt lat="31.653281" lon="-110.776102">
        <ele>1450.0</ele>
      </trkpt>
      <trkpt lat="31.653396" lon="-110.775991">
        <ele>1452.8</ele>
      </trkpt>
      <trkpt lat="31.653476" lon="-110.775698">
        <ele>1452.8</ele>
      </trkpt>
      <trkpt lat="31.653745" lon="-110.775532">
        <ele>1455.5</ele>
      </trkpt>
      <trkpt lat="31.653971" lon="-110.775656">
        <ele>1461.5</ele>
      </trkpt>
      <trkpt lat="31.65411" lon="-110.775118">
        <ele>1461.5</ele>
      </trkpt>
      <trkpt lat="31.654323" lon="-110.774811">
        <ele>1463.8</ele>
      </trkpt>
      <trkpt lat="31.654636" lon="-110.774952">
        <ele>1466.4</ele>
      </trkpt>
      <trkpt lat="31.654752" lon="-110.775586">
        <ele>1467.4</ele>
      </trkpt>
      <trkpt lat="31.655035" lon="-110.775873">
        <ele>1462.4</ele>
      </trkpt>
      <trkpt lat="31.655225" lon="-110.775312">
        <ele>1449.0</ele>
      </trkpt>
      <trkpt lat="31.655679" lon="-110.775476">
        <ele>1450.4</ele>
      </trkpt>
      <trkpt lat="31.655864" lon="-110.775641">
        <ele>1446.4</ele>
      </trkpt>
      <trkpt lat="31.656224" lon="-110.775768">
        <ele>1439.5</ele>
      </trkpt>
      <trkpt lat="31.656386" lon="-110.776079">
        <ele>1438.0</ele>
      </trkpt>
      <trkpt lat="31.656251" lon="-110.775612">
        <ele>1433.4</ele>
      </trkpt>
      <trkpt lat="31.655941" lon="-110.775435">
        <ele>1436.1</ele>
      </trkpt>
      <trkpt lat="31.656043" lon="-110.775292">
        <ele>1427.4</ele>
      </trkpt>
      <trkpt lat="31.655754" lon="-110.774565">
        <ele>1430.0</ele>
      </trkpt>
      <trkpt lat="31.655804" lon="-110.774387">
        <ele>1433.0</ele>
      </trkpt>
      <trkpt lat="31.655715" lon="-110.774356">
        <ele>1432.8</ele>
      </trkpt>
      <trkpt lat="31.655607" lon="-110.774098">
        <ele>1434.0</ele>
      </trkpt>
      <trkpt lat="31.655692" lon="-110.773805">
        <ele>1437.4</ele>
      </trkpt>
      <trkpt lat="31.655798" lon="-110.773723">
        <ele>1438.4</ele>
      </trkpt>
      <trkpt lat="31.655977" lon="-110.774068">
        <ele>1441.5</ele>
      </trkpt>
      <trkpt lat="31.655953" lon="-110.773998">
        <ele>1442.0</ele>
      </trkpt>
      <trkpt lat="31.656131" lon="-110.773736">
        <ele>1444.0</ele>
      </trkpt>
      <trkpt lat="31.656367" lon="-110.773839">
        <ele>1452.0</ele>
      </trkpt>
      <trkpt lat="31.656318" lon="-110.773958">
        <ele>1453.0</ele>
      </trkpt>
      <trkpt lat="31.65642" lon="-110.774048">
        <ele>1452.5</ele>
      </trkpt>
      <trkpt lat="31.656468" lon="-110.773933">
        <ele>1454.4</ele>
      </trkpt>
      <trkpt lat="31.657091" lon="-110.774243">
        <ele>1464.0</ele>
      </trkpt>
      <trkpt lat="31.657299" lon="-110.773775">
        <ele>1463.0</ele>
      </trkpt>
      <trkpt lat="31.658267" lon="-110.773045">
        <ele>1477.4</ele>
      </trkpt>
      <trkpt lat="31.658493" lon="-110.773011">
        <ele>1480.1</ele>
      </trkpt>
      <trkpt lat="31.65854" lon="-110.772783">
        <ele>1479.4</ele>
      </trkpt>
      <trkpt lat="31.659225" lon="-110.772086">
        <ele>1480.4</ele>
      </trkpt>
      <trkpt lat="31.659032" lon="-110.771983">
        <ele>1483.1</ele>
      </trkpt>
      <trkpt lat="31.657342" lon="-110.772133">
        <ele>1488.8</ele>
      </trkpt>
      <trkpt lat="31.656242" lon="-110.771838">
        <ele>1491.1</ele>
      </trkpt>
      <trkpt lat="31.655996" lon="-110.771658">
        <ele>1491.1</ele>
      </trkpt>
      <trkpt lat="31.656021" lon="-110.771542">
        <ele>1492.4</ele>
      </trkpt>
      <trkpt lat="31.65652" lon="-110.771367">
        <ele>1495.0</ele>
      </trkpt>
      <trkpt lat="31.657688" lon="-110.771167">
        <ele>1499.5</ele>
      </trkpt>
      <trkpt lat="31.658674" lon="-110.770714">
        <ele>1508.5</ele>
      </trkpt>
      <trkpt lat="31.659337" lon="-110.769875">
        <ele>1510.0</ele>
      </trkpt>
      <trkpt lat="31.660381" lon="-110.769312">
        <ele>1521.5</ele>
      </trkpt>
      <trkpt lat="31.660223" lon="-110.769128">
        <ele>1521.1</ele>
      </trkpt>
      <trkpt lat="31.659775" lon="-110.768947">
        <ele>1518.5</ele>
      </trkpt>
      <trkpt lat="31.659488" lon="-110.768696">
        <ele>1520.4</ele>
      </trkpt>
      <trkpt lat="31.659506" lon="-110.76808">
        <ele>1524.5</ele>
      </trkpt>
      <trkpt lat="31.660588" lon="-110.768537">
        <ele>1528.0</ele>
      </trkpt>
      <trkpt lat="31.660929" lon="-110.769399">
        <ele>1539.0</ele>
      </trkpt>
      <trkpt lat="31.661187" lon="-110.769645">
        <ele>1535.8</ele>
      </trkpt>
      <trkpt lat="31.661185" lon="-110.76998">
        <ele>1541.0</ele>
      </trkpt>
      <trkpt lat="31.661587" lon="-110.770679">
        <ele>1542.0</ele>
      </trkpt>
      <trkpt lat="31.661916" lon="-110.770837">
        <ele>1540.1</ele>
      </trkpt>
      <trkpt lat="31.662397" lon="-110.771379">
        <ele>1544.1</ele>
      </trkpt>
      <trkpt lat="31.662449" lon="-110.771618">
        <ele>1549.1</ele>
      </trkpt>
      <trkpt lat="31.662654" lon="-110.771935">
        <ele>1552.4</ele>
      </trkpt>
      <trkpt lat="31.662851" lon="-110.772069">
        <ele>1555.4</ele>
      </trkpt>
      <trkpt lat="31.663344" lon="-110.771768">
        <ele>1552.1</ele>
      </trkpt>
      <trkpt lat="31.663429" lon="-110.771799">
        <ele>1552.4</ele>
      </trkpt>
      <trkpt lat="31.663453" lon="-110.7722">
        <ele>1560.1</ele>
      </trkpt>
      <trkpt lat="31.663683" lon="-110.772753">
        <ele>1562.0</ele>
      </trkpt>
      <trkpt lat="31.663972" lon="-110.772859">
        <ele>1557.8</ele>
      </trkpt>
      <trkpt lat="31.663993" lon="-110.773107">
        <ele>1558.1</ele>
      </trkpt>
      <trkpt lat="31.66414" lon="-110.773123">
        <ele>1557.5</ele>
      </trkpt>
      <trkpt lat="31.664326" lon="-110.773321">
        <ele>1560.5</ele>
      </trkpt>
      <trkpt lat="31.664451" lon="-110.773162">
        <ele>1559.5</ele>
      </trkpt>
      <trkpt lat="31.664667" lon="-110.772263">
        <ele>1551.4</ele>
      </trkpt>
      <trkpt lat="31.665446" lon="-110.772276">
        <ele>1548.4</ele>
      </trkpt>
      <trkpt lat="31.6657" lon="-110.772493">
        <ele>1549.1</ele>
      </trkpt>
      <trkpt lat="31.66565" lon="-110.77197">
        <ele>1546.0</ele>
      </trkpt>
      <trkpt lat="31.665181" lon="-110.771432">
        <ele>1536.4</ele>
      </trkpt>
      <trkpt lat="31.666089" lon="-110.770598">
        <ele>1537.0</ele>
      </trkpt>
      <trkpt lat="31.666855" lon="-110.770315">
        <ele>1540.8</ele>
      </trkpt>
      <trkpt lat="31.666919" lon="-110.770116">
        <ele>1539.0</ele>
      </trkpt>
      <trkpt lat="31.666877" lon="-110.769954">
        <ele>1541.5</ele>
      </trkpt>
      <trkpt lat="31.666669" lon="-110.770012">
        <ele>1539.4</ele>
      </trkpt>
      <trkpt lat="31.666569" lon="-110.769739">
        <ele>1543.8</ele>
      </trkpt>
      <trkpt lat="31.666368" lon="-110.769905">
        <ele>1540.5</ele>
      </trkpt>
      <trkpt lat="31.666182" lon="-110.769867">
        <ele>1543.8</ele>
      </trkpt>
      <trkpt lat="31.666055" lon="-110.770079">
        <ele>1542.0</ele>
      </trkpt>
      <trkpt lat="31.665808" lon="-110.770224">
        <ele>1541.4</ele>
      </trkpt>
      <trkpt lat="31.665304" lon="-110.770197">
        <ele>1544.5</ele>
      </trkpt>
      <trkpt lat="31.665163" lon="-110.77036">
        <ele>1542.4</ele>
      </trkpt>
      <trkpt lat="31.66459" lon="-110.770232">
        <ele>1543.4</ele>
      </trkpt>
      <trkpt lat="31.663806" lon="-110.76963">
        <ele>1547.4</ele>
      </trkpt>
      <trkpt lat="31.663807" lon="-110.769538">
        <ele>1548.1</ele>
      </trkpt>
      <trkpt lat="31.664378" lon="-110.768809">
        <ele>1555.4</ele>
      </trkpt>
      <trkpt lat="31.664689" lon="-110.768606">
        <ele>1556.1</ele>
      </trkpt>
      <trkpt lat="31.664805" lon="-110.768333">
        <ele>1559.4</ele>
      </trkpt>
      <trkpt lat="31.664625" lon="-110.768039">
        <ele>1553.1</ele>
      </trkpt>
      <trkpt lat="31.665121" lon="-110.767667">
        <ele>1563.8</ele>
      </trkpt>
      <trkpt lat="31.665199" lon="-110.767434">
        <ele>1557.8</ele>
      </trkpt>
      <trkpt lat="31.665107" lon="-110.767142">
        <ele>1566.4</ele>
      </trkpt>
      <trkpt lat="31.664833" lon="-110.766778">
        <ele>1566.8</ele>
      </trkpt>
      <trkpt lat="31.664811" lon="-110.766531">
        <ele>1575.4</ele>
      </trkpt>
      <trkpt lat="31.664686" lon="-110.766442">
        <ele>1569.0</ele>
      </trkpt>
      <trkpt lat="31.664485" lon="-110.766034">
        <ele>1575.8</ele>
      </trkpt>
      <trkpt lat="31.664193" lon="-110.765686">
        <ele>1576.1</ele>
      </trkpt>
      <trkpt lat="31.664618" lon="-110.765568">
        <ele>1582.5</ele>
      </trkpt>
      <trkpt lat="31.664922" lon="-110.765695">
        <ele>1586.8</ele>
      </trkpt>
      <trkpt lat="31.665264" lon="-110.765991">
        <ele>1595.1</ele>
      </trkpt>
      <trkpt lat="31.66553" lon="-110.765989">
        <ele>1595.1</ele>
      </trkpt>
      <trkpt lat="31.665948" lon="-110.76634">
        <ele>1600.1</ele>
      </trkpt>
      <trkpt lat="31.666059" lon="-110.766666">
        <ele>1610.0</ele>
      </trkpt>
      <trkpt lat="31.66648" lon="-110.766916">
        <ele>1614.5</ele>
      </trkpt>
      <trkpt lat="31.667236" lon="-110.766692">
        <ele>1617.8</ele>
      </trkpt>
      <trkpt lat="31.667706" lon="-110.766009">
        <ele>1623.5</ele>
      </trkpt>
      <trkpt lat="31.667826" lon="-110.765126">
        <ele>1625.4</ele>
      </trkpt>
      <trkpt lat="31.669495" lon="-110.76714">
        <ele>1633.5</ele>
      </trkpt>
      <trkpt lat="31.670028" lon="-110.76818">
        <ele>1633.4</ele>
      </trkpt>
      <trkpt lat="31.670493" lon="-110.768724">
        <ele>1632.4</ele>
      </trkpt>
      <trkpt lat="31.670674" lon="-110.768775">
        <ele>1635.1</ele>
      </trkpt>
      <trkpt lat="31.670585" lon="-110.768553">
        <ele>1632.0</ele>
      </trkpt>
      <trkpt lat="31.670602" lon="-110.768193">
        <ele>1633.0</ele>
      </trkpt>
      <trkpt lat="31.670537" lon="-110.768031">
        <ele>1632.1</ele>
      </trkpt>
      <trkpt lat="31.670572" lon="-110.767214">
        <ele>1640.1</ele>
      </trkpt>
      <trkpt lat="31.670246" lon="-110.765221">
        <ele>1654.0</ele>
      </trkpt>
      <trkpt lat="31.670057" lon="-110.764974">
        <ele>1653.0</ele>
      </trkpt>
      <trkpt lat="31.670025" lon="-110.764801">
        <ele>1652.0</ele>
      </trkpt>
      <trkpt lat="31.670087" lon="-110.764727">
        <ele>1651.4</ele>
      </trkpt>
      <trkpt lat="31.670678" lon="-110.764921">
        <ele>1648.0</ele>
      </trkpt>
      <trkpt lat="31.670658" lon="-110.765164">
        <ele>1646.5</ele>
      </trkpt>
      <trkpt lat="31.670963" lon="-110.765633">
        <ele>1649.1</ele>
      </trkpt>
      <trkpt lat="31.671514" lon="-110.765752">
        <ele>1636.0</ele>
      </trkpt>
      <trkpt lat="31.671734" lon="-110.766041">
        <ele>1634.8</ele>
      </trkpt>
      <trkpt lat="31.671634" lon="-110.766438">
        <ele>1630.5</ele>
      </trkpt>
      <trkpt lat="31.671682" lon="-110.766554">
        <ele>1629.4</ele>
      </trkpt>
      <trkpt lat="31.672171" lon="-110.76665">
        <ele>1620.1</ele>
      </trkpt>
      <trkpt lat="31.672252" lon="-110.767146">
        <ele>1620.5</ele>
      </trkpt>
      <trkpt lat="31.672458" lon="-110.767216">
        <ele>1618.1</ele>
      </trkpt>
      <trkpt lat="31.672663" lon="-110.767474">
        <ele>1616.1</ele>
      </trkpt>
      <trkpt lat="31.67335" lon="-110.766874">
        <ele>1603.5</ele>
      </trkpt>
      <trkpt lat="31.673656" lon="-110.766367">
        <ele>1591.4</ele>
      </trkpt>
      <trkpt lat="31.673842" lon="-110.766805">
        <ele>1592.4</ele>
      </trkpt>
      <trkpt lat="31.674079" lon="-110.766909">
        <ele>1589.1</ele>
      </trkpt>
      <trkpt lat="31.674154" lon="-110.767131">
        <ele>1588.1</ele>
      </trkpt>
      <trkpt lat="31.673923" lon="-110.767736">
        <ele>1589.1</ele>
      </trkpt>
      <trkpt lat="31.674354" lon="-110.76785">
        <ele>1579.8</ele>
      </trkpt>
      <trkpt lat="31.674461" lon="-110.767801">
        <ele>1576.5</ele>
      </trkpt>
      <trkpt lat="31.674605" lon="-110.767468">
        <ele>1572.1</ele>
      </trkpt>
      <trkpt lat="31.675101" lon="-110.767108">
        <ele>1568.1</ele>
      </trkpt>
      <trkpt lat="31.675262" lon="-110.766856">
        <ele>1564.0</ele>
      </trkpt>
      <trkpt lat="31.675395" lon="-110.766964">
        <ele>1564.1</ele>
      </trkpt>
      <trkpt lat="31.675331" lon="-110.767236">
        <ele>1567.1</ele>
      </trkpt>
      <trkpt lat="31.675399" lon="-110.767598">
        <ele>1566.8</ele>
      </trkpt>
      <trkpt lat="31.675254" lon="-110.767775">
        <ele>1569.4</ele>
      </trkpt>
      <trkpt lat="31.675348" lon="-110.768037">
        <ele>1565.1</ele>
      </trkpt>
      <trkpt lat="31.675331" lon="-110.768682">
        <ele>1556.4</ele>
      </trkpt>
      <trkpt lat="31.675136" lon="-110.769187">
        <ele>1552.5</ele>
      </trkpt>
      <trkpt lat="31.675353" lon="-110.76925">
        <ele>1548.0</ele>
      </trkpt>
      <trkpt lat="31.67588" lon="-110.768807">
        <ele>1548.0</ele>
      </trkpt>
      <trkpt lat="31.676248" lon="-110.768725">
        <ele>1551.5</ele>
      </trkpt>
      <trkpt lat="31.676486" lon="-110.768778">
        <ele>1553.4</ele>
      </trkpt>
      <trkpt lat="31.676824" lon="-110.768703">
        <ele>1549.0</ele>
      </trkpt>
      <trkpt lat="31.677197" lon="-110.769014">
        <ele>1552.0</ele>
      </trkpt>
      <trkpt lat="31.677378" lon="-110.769036">
        <ele>1549.8</ele>
      </trkpt>
      <trkpt lat="31.677534" lon="-110.769243">
        <ele>1552.5</ele>
      </trkpt>
      <trkpt lat="31.677597" lon="-110.770151">
        <ele>1540.4</ele>
      </trkpt>
      <trkpt lat="31.677508" lon="-110.77027">
        <ele>1537.0</ele>
      </trkpt>
      <trkpt lat="31.677683" lon="-110.770633">
        <ele>1535.1</ele>
      </trkpt>
      <trkpt lat="31.677987" lon="-110.770529">
        <ele>1534.4</ele>
      </trkpt>
      <trkpt lat="31.677897" lon="-110.770408">
        <ele>1533.4</ele>
      </trkpt>
      <trkpt lat="31.677904" lon="-110.770244">
        <ele>1532.5</ele>
      </trkpt>
      <trkpt lat="31.678336" lon="-110.769728">
        <ele>1527.8</ele>
      </trkpt>
      <trkpt lat="31.678716" lon="-110.769881">
        <ele>1531.0</ele>
      </trkpt>
      <trkpt lat="31.679357" lon="-110.769939">
        <ele>1515.4</ele>
      </trkpt>
      <trkpt lat="31.67953" lon="-110.77014">
        <ele>1518.5</ele>
      </trkpt>
      <trkpt lat="31.67972" lon="-110.769901">
        <ele>1506.8</ele>
      </trkpt>
      <trkpt lat="31.680459" lon="-110.77046">
        <ele>1522.0</ele>
      </trkpt>
      <trkpt lat="31.681045" lon="-110.770731">
        <ele>1510.8</ele>
      </trkpt>
      <trkpt lat="31.681277" lon="-110.770939">
        <ele>1508.0</ele>
      </trkpt>
      <trkpt lat="31.68156" lon="-110.771031">
        <ele>1506.0</ele>
      </trkpt>
      <trkpt lat="31.681485" lon="-110.770882">
        <ele>1507.0</ele>
      </trkpt>
      <trkpt lat="31.681796" lon="-110.771007">
        <ele>1513.8</ele>
      </trkpt>
      <trkpt lat="31.681619" lon="-110.770684">
        <ele>1522.5</ele>
      </trkpt>
      <trkpt lat="31.682184" lon="-110.770905">
        <ele>1530.5</ele>
      </trkpt>
      <trkpt lat="31.681981" lon="-110.770579">
        <ele>1535.0</ele>
      </trkpt>
      <trkpt lat="31.681954" lon="-110.770218">
        <ele>1534.5</ele>
      </trkpt>
      <trkpt lat="31.682126" lon="-110.770131">
        <ele>1539.1</ele>
      </trkpt>
      <trkpt lat="31.682092" lon="-110.769881">
        <ele>1535.1</ele>
      </trkpt>
      <trkpt lat="31.682202" lon="-110.769805">
        <ele>1537.8</ele>
      </trkpt>
      <trkpt lat="31.682179" lon="-110.769555">
        <ele>1532.8</ele>
      </trkpt>
      <trkpt lat="31.682249" lon="-110.769354">
        <ele>1532.0</ele>
      </trkpt>
      <trkpt lat="31.682587" lon="-110.769096">
        <ele>1529.0</ele>
      </trkpt>
      <trkpt lat="31.683089" lon="-110.769077">
        <ele>1525.0</ele>
      </trkpt>
      <trkpt lat="31.683213" lon="-110.769146">
        <ele>1525.4</ele>
      </trkpt>
      <trkpt lat="31.68399" lon="-110.769139">
        <ele>1518.1</ele>
      </trkpt>
      <trkpt lat="31.684224" lon="-110.769038">
        <ele>1521.1</ele>
      </trkpt>
      <trkpt lat="31.684594" lon="-110.769142">
        <ele>1523.1</ele>
      </trkpt>
      <trkpt lat="31.68471" lon="-110.769097">
        <ele>1527.1</ele>
      </trkpt>
      <trkpt lat="31.685251" lon="-110.769289">
        <ele>1526.8</ele>
      </trkpt>
      <trkpt lat="31.685388" lon="-110.769155">
        <ele>1533.1</ele>
      </trkpt>
      <trkpt lat="31.685966" lon="-110.769272">
        <ele>1538.1</ele>
      </trkpt>
      <trkpt lat="31.686188" lon="-110.769134">
        <ele>1546.0</ele>
      </trkpt>
      <trkpt lat="31.686314" lon="-110.769187">
        <ele>1545.0</ele>
      </trkpt>
      <trkpt lat="31.68642" lon="-110.769111">
        <ele>1548.0</ele>
      </trkpt>
      <trkpt lat="31.686745" lon="-110.769611">
        <ele>1550.0</ele>
      </trkpt>
      <trkpt lat="31.68689" lon="-110.769604">
        <ele>1551.0</ele>
      </trkpt>
      <trkpt lat="31.686944" lon="-110.769442">
        <ele>1551.8</ele>
      </trkpt>
      <trkpt lat="31.686872" lon="-110.769039">
        <ele>1557.1</ele>
      </trkpt>
      <trkpt lat="31.687122" lon="-110.76902">
        <ele>1557.4</ele>
      </trkpt>
      <trkpt lat="31.68723" lon="-110.768426">
        <ele>1564.0</ele>
      </trkpt>
      <trkpt lat="31.687029" lon="-110.767624">
        <ele>1574.0</ele>
      </trkpt>
      <trkpt lat="31.687241" lon="-110.767144">
        <ele>1578.8</ele>
      </trkpt>
      <trkpt lat="31.687233" lon="-110.766958">
        <ele>1583.4</ele>
      </trkpt>
      <trkpt lat="31.68746" lon="-110.766303">
        <ele>1585.5</ele>
      </trkpt>
      <trkpt lat="31.687803" lon="-110.765844">
        <ele>1586.0</ele>
      </trkpt>
      <trkpt lat="31.687916" lon="-110.765812">
        <ele>1586.4</ele>
      </trkpt>
      <trkpt lat="31.687752" lon="-110.765181">
        <ele>1593.8</ele>
      </trkpt>
      <trkpt lat="31.687814" lon="-110.764868">
        <ele>1594.1</ele>
      </trkpt>
      <trkpt lat="31.687574" lon="-110.764873">
        <ele>1599.0</ele>
      </trkpt>
      <trkpt lat="31.687384" lon="-110.764561">
        <ele>1603.0</ele>
      </trkpt>
      <trkpt lat="31.687353" lon="-110.764244">
        <ele>1602.0</ele>
      </trkpt>
      <trkpt lat="31.688061" lon="-110.763387">
        <ele>1609.5</ele>
      </trkpt>
      <trkpt lat="31.688212" lon="-110.763337">
        <ele>1611.0</ele>
      </trkpt>
      <trkpt lat="31.688396" lon="-110.763443">
        <ele>1608.1</ele>
      </trkpt>
      <trkpt lat="31.688701" lon="-110.76331">
        <ele>1616.1</ele>
      </trkpt>
      <trkpt lat="31.689572" lon="-110.763448">
        <ele>1620.1</ele>
      </trkpt>
      <trkpt lat="31.69034" lon="-110.763455">
        <ele>1629.0</ele>
      </trkpt>
      <trkpt lat="31.690644" lon="-110.763654">
        <ele>1627.1</ele>
      </trkpt>
      <trkpt lat="31.691208" lon="-110.763763">
        <ele>1632.5</ele>
      </trkpt>
      <trkpt lat="31.691573" lon="-110.763687">
        <ele>1639.0</ele>
      </trkpt>
      <trkpt lat="31.691692" lon="-110.763742">
        <ele>1637.1</ele>
      </trkpt>
      <trkpt lat="31.692334" lon="-110.763647">
        <ele>1642.0</ele>
      </trkpt>
      <trkpt lat="31.692873" lon="-110.763891">
        <ele>1645.8</ele>
      </trkpt>
      <trkpt lat="31.693161" lon="-110.763909">
        <ele>1649.8</ele>
      </trkpt>
      <trkpt lat="31.693458" lon="-110.764097">
        <ele>1655.0</ele>
      </trkpt>
      <trkpt lat="31.693732" lon="-110.764571">
        <ele>1650.5</ele>
      </trkpt>
      <trkpt lat="31.693683" lon="-110.764775">
        <ele>1642.4</ele>
      </trkpt>
      <trkpt lat="31.693979" lon="-110.7652">
        <ele>1641.1</ele>
      </trkpt>
      <trkpt lat="31.694335" lon="-110.765214">
        <ele>1644.4</ele>
      </trkpt>
      <trkpt lat="31.694748" lon="-110.765539">
        <ele>1643.0</ele>
      </trkpt>
      <trkpt lat="31.6951" lon="-110.76563">
        <ele>1644.5</ele>
      </trkpt>
      <trkpt lat="31.695213" lon="-110.765784">
        <ele>1645.0</ele>
      </trkpt>
      <trkpt lat="31.695291" lon="-110.766167">
        <ele>1650.4</ele>
      </trkpt>
      <trkpt lat="31.695618" lon="-110.766628">
        <ele>1645.4</ele>
      </trkpt>
      <trkpt lat="31.695685" lon="-110.766949">
        <ele>1646.8</ele>
      </trkpt>
      <trkpt lat="31.695864" lon="-110.767057">
        <ele>1645.8</ele>
      </trkpt>
      <trkpt lat="31.696163" lon="-110.766979">
        <ele>1642.1</ele>
      </trkpt>
      <trkpt lat="31.696417" lon="-110.76714">
        <ele>1641.8</ele>
      </trkpt>
      <trkpt lat="31.696447" lon="-110.767339">
        <ele>1643.1</ele>
      </trkpt>
      <trkpt lat="31.696701" lon="-110.767261">
        <ele>1639.8</ele>
      </trkpt>
      <trkpt lat="31.696807" lon="-110.767368">
        <ele>1640.0</ele>
      </trkpt>
      <trkpt lat="31.696922" lon="-110.767757">
        <ele>1641.8</ele>
      </trkpt>
      <trkpt lat="31.697205" lon="-110.767875">
        <ele>1640.1</ele>
      </trkpt>
      <trkpt lat="31.69715" lon="-110.768251">
        <ele>1644.0</ele>
      </trkpt>
      <trkpt lat="31.697279" lon="-110.768605">
        <ele>1641.4</ele>
      </trkpt>
      <trkpt lat="31.697189" lon="-110.768784">
        <ele>1645.1</ele>
      </trkpt>
      <trkpt lat="31.697281" lon="-110.768885">
        <ele>1643.5</ele>
      </trkpt>
      <trkpt lat="31.697305" lon="-110.769119">
        <ele>1647.1</ele>
      </trkpt>
      <trkpt lat="31.697488" lon="-110.769053">
        <ele>1640.4</ele>
      </trkpt>
      <trkpt lat="31.697557" lon="-110.769127">
        <ele>1638.4</ele>
      </trkpt>
      <trkpt lat="31.697496" lon="-110.769382">
        <ele>1643.5</ele>
      </trkpt>
      <trkpt lat="31.697749" lon="-110.769976">
        <ele>1645.8</ele>
      </trkpt>
      <trkpt lat="31.697841" lon="-110.769903">
        <ele>1643.4</ele>
      </trkpt>
      <trkpt lat="31.697844" lon="-110.770176">
        <ele>1645.0</ele>
      </trkpt>
      <trkpt lat="31.698238" lon="-110.770236">
        <ele>1640.1</ele>
      </trkpt>
      <trkpt lat="31.698259" lon="-110.770755">
        <ele>1641.1</ele>
      </trkpt>
      <trkpt lat="31.697989" lon="-110.770987">
        <ele>1648.1</ele>
      </trkpt>
      <trkpt lat="31.698108" lon="-110.771177">
        <ele>1647.0</ele>
      </trkpt>
      <trkpt lat="31.698306" lon="-110.771274">
        <ele>1648.5</ele>
      </trkpt>
      <trkpt lat="31.698405" lon="-110.771221">
        <ele>1646.5</ele>
      </trkpt>
      <trkpt lat="31.6986" lon="-110.771499">
        <ele>1648.5</ele>
      </trkpt>
      <trkpt lat="31.699196" lon="-110.771404">
        <ele>1643.0</ele>
      </trkpt>
      <trkpt lat="31.699372" lon="-110.771213">
        <ele>1639.0</ele>
      </trkpt>
      <trkpt lat="31.699505" lon="-110.771279">
        <ele>1639.8</ele>
      </trkpt>
      <trkpt lat="31.699988" lon="-110.771887">
        <ele>1638.4</ele>
      </trkpt>
      <trkpt lat="31.699816" lon="-110.772199">
        <ele>1641.5</ele>
      </trkpt>
      <trkpt lat="31.700457" lon="-110.772891">
        <ele>1634.5</ele>
      </trkpt>
      <trkpt lat="31.700753" lon="-110.773014">
        <ele>1640.5</ele>
      </trkpt>
      <trkpt lat="31.700958" lon="-110.773211">
        <ele>1643.0</ele>
      </trkpt>
      <trkpt lat="31.701693" lon="-110.773211">
        <ele>1649.0</ele>
      </trkpt>
      <trkpt lat="31.70213" lon="-110.772797">
        <ele>1652.1</ele>
      </trkpt>
      <trkpt lat="31.702062" lon="-110.772579">
        <ele>1654.0</ele>
      </trkpt>
      <trkpt lat="31.702127" lon="-110.772535">
        <ele>1652.1</ele>
      </trkpt>
      <trkpt lat="31.701722" lon="-110.772395">
        <ele>1647.5</ele>
      </trkpt>
      <trkpt lat="31.701548" lon="-110.772162">
        <ele>1647.1</ele>
      </trkpt>
      <trkpt lat="31.701504" lon="-110.771724">
        <ele>1647.1</ele>
      </trkpt>
      <trkpt lat="31.701366" lon="-110.771472">
        <ele>1647.0</ele>
      </trkpt>
      <trkpt lat="31.701227" lon="-110.771395">
        <ele>1643.4</ele>
      </trkpt>
      <trkpt lat="31.701261" lon="-110.771188">
        <ele>1644.8</ele>
      </trkpt>
      <trkpt lat="31.701357" lon="-110.771103">
        <ele>1647.5</ele>
      </trkpt>
      <trkpt lat="31.701206" lon="-110.770751">
        <ele>1647.1</ele>
      </trkpt>
      <trkpt lat="31.701158" lon="-110.770006">
        <ele>1645.8</ele>
      </trkpt>
      <trkpt lat="31.701293" lon="-110.769607">
        <ele>1643.8</ele>
      </trkpt>
      <trkpt lat="31.701219" lon="-110.769423">
        <ele>1643.4</ele>
      </trkpt>
      <trkpt lat="31.701946" lon="-110.768841">
        <ele>1655.5</ele>
      </trkpt>
      <trkpt lat="31.702283" lon="-110.768843">
        <ele>1662.1</ele>
      </trkpt>
      <trkpt lat="31.702406" lon="-110.768709">
        <ele>1660.0</ele>
      </trkpt>
      <trkpt lat="31.702649" lon="-110.768743">
        <ele>1660.0</ele>
      </trkpt>
      <trkpt lat="31.702911" lon="-110.769019">
        <ele>1662.4</ele>
      </trkpt>
      <trkpt lat="31.70314" lon="-110.769433">
        <ele>1666.0</ele>
      </trkpt>
      <trkpt lat="31.703742" lon="-110.769916">
        <ele>1661.4</ele>
      </trkpt>
      <trkpt lat="31.703807" lon="-110.770625">
        <ele>1659.8</ele>
      </trkpt>
      <trkpt lat="31.703763" lon="-110.771191">
        <ele>1660.1</ele>
      </trkpt>
      <trkpt lat="31.704145" lon="-110.770819">
        <ele>1657.4</ele>
      </trkpt>
      <trkpt lat="31.704231" lon="-110.770574">
        <ele>1657.5</ele>
      </trkpt>
      <trkpt lat="31.704565" lon="-110.770328">
        <ele>1659.8</ele>
      </trkpt>
      <trkpt lat="31.704768" lon="-110.770326">
        <ele>1662.4</ele>
      </trkpt>
      <trkpt lat="31.704863" lon="-110.770161">
        <ele>1660.1</ele>
      </trkpt>
      <trkpt lat="31.705381" lon="-110.770017">
        <ele>1662.4</ele>
      </trkpt>
      <trkpt lat="31.705653" lon="-110.77009">
        <ele>1664.1</ele>
      </trkpt>
      <trkpt lat="31.705872" lon="-110.769982">
        <ele>1663.1</ele>
      </trkpt>
      <trkpt lat="31.706084" lon="-110.770094">
        <ele>1667.8</ele>
      </trkpt>
      <trkpt lat="31.706266" lon="-110.769945">
        <ele>1665.8</ele>
      </trkpt>
      <trkpt lat="31.706739" lon="-110.76993">
        <ele>1668.8</ele>
      </trkpt>
      <trkpt lat="31.707061" lon="-110.76982">
        <ele>1669.8</ele>
      </trkpt>
      <trkpt lat="31.707613" lon="-110.769421">
        <ele>1666.4</ele>
      </trkpt>
      <trkpt lat="31.707712" lon="-110.769452">
        <ele>1666.0</ele>
      </trkpt>
      <trkpt lat="31.707789" lon="-110.76972">
        <ele>1670.4</ele>
      </trkpt>
      <trkpt lat="31.708191" lon="-110.770114">
        <ele>1668.4</ele>
      </trkpt>
      <trkpt lat="31.708234" lon="-110.770316">
        <ele>1666.8</ele>
      </trkpt>
      <trkpt lat="31.708122" lon="-110.770581">
        <ele>1673.5</ele>
      </trkpt>
      <trkpt lat="31.708226" lon="-110.771308">
        <ele>1670.4</ele>
      </trkpt>
      <trkpt lat="31.708164" lon="-110.771438">
        <ele>1672.1</ele>
      </trkpt>
      <trkpt lat="31.70826" lon="-110.771686">
        <ele>1671.8</ele>
      </trkpt>
      <trkpt lat="31.708048" lon="-110.772435">
        <ele>1672.5</ele>
      </trkpt>
      <trkpt lat="31.707703" lon="-110.772731">
        <ele>1669.8</ele>
      </trkpt>
      <trkpt lat="31.707292" lon="-110.77267">
        <ele>1671.0</ele>
      </trkpt>
      <trkpt lat="31.706911" lon="-110.773006">
        <ele>1673.0</ele>
      </trkpt>
      <trkpt lat="31.706921" lon="-110.773571">
        <ele>1667.8</ele>
      </trkpt>
      <trkpt lat="31.706798" lon="-110.77401">
        <ele>1662.4</ele>
      </trkpt>
      <trkpt lat="31.706546" lon="-110.774168">
        <ele>1663.1</ele>
      </trkpt>
      <trkpt lat="31.706633" lon="-110.774691">
        <ele>1657.4</ele>
      </trkpt>
      <trkpt lat="31.706483" lon="-110.775158">
        <ele>1655.1</ele>
      </trkpt>
      <trkpt lat="31.706382" lon="-110.775185">
        <ele>1656.5</ele>
      </trkpt>
      <trkpt lat="31.706444" lon="-110.775331">
        <ele>1654.5</ele>
      </trkpt>
      <trkpt lat="31.70642" lon="-110.775712">
        <ele>1653.5</ele>
      </trkpt>
      <trkpt lat="31.70655" lon="-110.77591">
        <ele>1651.4</ele>
      </trkpt>
      <trkpt lat="31.706834" lon="-110.775411">
        <ele>1649.5</ele>
      </trkpt>
      <trkpt lat="31.706969" lon="-110.775504">
        <ele>1647.1</ele>
      </trkpt>
      <trkpt lat="31.707371" lon="-110.775302">
        <ele>1646.8</ele>
      </trkpt>
      <trkpt lat="31.707698" lon="-110.775347">
        <ele>1647.1</ele>
      </trkpt>
      <trkpt lat="31.707925" lon="-110.775679">
        <ele>1647.4</ele>
      </trkpt>
      <trkpt lat="31.708062" lon="-110.775717">
        <ele>1646.8</ele>
      </trkpt>
      <trkpt lat="31.708123" lon="-110.775181">
        <ele>1645.4</ele>
      </trkpt>
      <trkpt lat="31.70848" lon="-110.77464">
        <ele>1643.8</ele>
      </trkpt>
      <trkpt lat="31.709097" lon="-110.774057">
        <ele>1644.0</ele>
      </trkpt>
      <trkpt lat="31.709183" lon="-110.774154">
        <ele>1644.8</ele>
      </trkpt>
      <trkpt lat="31.709482" lon="-110.77365">
        <ele>1644.8</ele>
      </trkpt>
      <trkpt lat="31.70994" lon="-110.773577">
        <ele>1645.0</ele>
      </trkpt>
      <trkpt lat="31.710035" lon="-110.773258">
        <ele>1645.1</ele>
      </trkpt>
      <trkpt lat="31.71028" lon="-110.77321">
        <ele>1646.5</ele>
      </trkpt>
      <trkpt lat="31.710245" lon="-110.773057">
        <ele>1647.0</ele>
      </trkpt>
      <trkpt lat="31.710039" lon="-110.772839">
        <ele>1645.1</ele>
      </trkpt>
      <trkpt lat="31.710023" lon="-110.772395">
        <ele>1644.8</ele>
      </trkpt>
      <trkpt lat="31.710139" lon="-110.771956">
        <ele>1645.4</ele>
      </trkpt>
      <trkpt lat="31.7106" lon="-110.77186">
        <ele>1646.1</ele>
      </trkpt>
      <trkpt lat="31.711131" lon="-110.771953">
        <ele>1645.8</ele>
      </trkpt>
      <trkpt lat="31.711314" lon="-110.771794">
        <ele>1645.0</ele>
      </trkpt>
      <trkpt lat="31.711107" lon="-110.771585">
        <ele>1644.1</ele>
      </trkpt>
      <trkpt lat="31.711071" lon="-110.77133">
        <ele>1644.5</ele>
      </trkpt>
      <trkpt lat="31.711205" lon="-110.770846">
        <ele>1644.8</ele>
      </trkpt>
      <trkpt lat="31.711526" lon="-110.770685">
        <ele>1645.1</ele>
      </trkpt>
      <trkpt lat="31.711924" lon="-110.770791">
        <ele>1645.8</ele>
      </trkpt>
      <trkpt lat="31.712076" lon="-110.770939">
        <ele>1646.4</ele>
      </trkpt>
      <trkpt lat="31.712159" lon="-110.770844">
        <ele>1646.0</ele>
      </trkpt>
      <trkpt lat="31.712088" lon="-110.770321">
        <ele>1644.5</ele>
      </trkpt>
      <trkpt lat="31.712167" lon="-110.770097">
        <ele>1645.0</ele>
      </trkpt>
      <trkpt lat="31.71189" lon="-110.76976">
        <ele>1643.8</ele>
      </trkpt>
      <trkpt lat="31.711918" lon="-110.769489">
        <ele>1643.1</ele>
      </trkpt>
      <trkpt lat="31.711784" lon="-110.769312">
        <ele>1642.4</ele>
      </trkpt>
      <trkpt lat="31.711744" lon="-110.768734">
        <ele>1643.0</ele>
      </trkpt>
      <trkpt lat="31.712026" lon="-110.767864">
        <ele>1644.1</ele>
      </trkpt>
      <trkpt lat="31.712225" lon="-110.767635">
        <ele>1644.1</ele>
      </trkpt>
      <trkpt lat="31.712361" lon="-110.767606">
        <ele>1644.0</ele>
      </trkpt>
      <trkpt lat="31.712441" lon="-110.767428">
        <ele>1644.5</ele>
      </trkpt>
      <trkpt lat="31.712406" lon="-110.767216">
        <ele>1644.5</ele>
      </trkpt>
      <trkpt lat="31.712268" lon="-110.767086">
        <ele>1643.4</ele>
      </trkpt>
      <trkpt lat="31.712079" lon="-110.766455">
        <ele>1642.0</ele>
      </trkpt>
      <trkpt lat="31.712084" lon="-110.766178">
        <ele>1642.4</ele>
      </trkpt>
      <trkpt lat="31.71193" lon="-110.765605">
        <ele>1639.8</ele>
      </trkpt>
      <trkpt lat="31.711969" lon="-110.764852">
        <ele>1639.8</ele>
      </trkpt>
      <trkpt lat="31.712058" lon="-110.76473">
        <ele>1640.4</ele>
      </trkpt>
      <trkpt lat="31.712208" lon="-110.76394">
        <ele>1640.5</ele>
      </trkpt>
      <trkpt lat="31.712364" lon="-110.763829">
        <ele>1644.1</ele>
      </trkpt>
      <trkpt lat="31.712353" lon="-110.763708">
        <ele>1642.8</ele>
      </trkpt>
      <trkpt lat="31.712192" lon="-110.763575">
        <ele>1641.4</ele>
      </trkpt>
      <trkpt lat="31.712124" lon="-110.763318">
        <ele>1641.8</ele>
      </trkpt>
      <trkpt lat="31.712178" lon="-110.762816">
        <ele>1640.8</ele>
      </trkpt>
      <trkpt lat="31.712482" lon="-110.762172">
        <ele>1638.5</ele>
      </trkpt>
      <trkpt lat="31.71257" lon="-110.76219">
        <ele>1638.5</ele>
      </trkpt>
      <trkpt lat="31.71299" lon="-110.76292">
        <ele>1637.0</ele>
      </trkpt>
      <trkpt lat="31.71305" lon="-110.76289">
        <ele>1635.0</ele>
      </trkpt>
      <trkpt lat="31.712967" lon="-110.762627">
        <ele>1633.4</ele>
      </trkpt>
      <trkpt lat="31.71295" lon="-110.761998">
        <ele>1628.8</ele>
      </trkpt>
      <trkpt lat="31.71286" lon="-110.761623">
        <ele>1625.5</ele>
      </trkpt>
      <trkpt lat="31.712953" lon="-110.761169">
        <ele>1619.1</ele>
      </trkpt>
      <trkpt lat="31.713343" lon="-110.760945">
        <ele>1615.4</ele>
      </trkpt>
      <trkpt lat="31.713459" lon="-110.760781">
        <ele>1613.5</ele>
      </trkpt>
      <trkpt lat="31.713778" lon="-110.760773">
        <ele>1611.1</ele>
      </trkpt>
      <trkpt lat="31.713945" lon="-110.760497">
        <ele>1609.4</ele>
      </trkpt>
      <trkpt lat="31.714237" lon="-110.76027">
        <ele>1608.1</ele>
      </trkpt>
      <trkpt lat="31.714681" lon="-110.760188">
        <ele>1607.1</ele>
      </trkpt>
      <trkpt lat="31.71487" lon="-110.75993">
        <ele>1606.1</ele>
      </trkpt>
      <trkpt lat="31.715043" lon="-110.75989">
        <ele>1605.8</ele>
      </trkpt>
      <trkpt lat="31.715394" lon="-110.75947">
        <ele>1604.5</ele>
      </trkpt>
      <trkpt lat="31.71556" lon="-110.759494">
        <ele>1604.1</ele>
      </trkpt>
      <trkpt lat="31.716053" lon="-110.759183">
        <ele>1603.1</ele>
      </trkpt>
      <trkpt lat="31.716094" lon="-110.758943">
        <ele>1602.8</ele>
      </trkpt>
      <trkpt lat="31.71603" lon="-110.758702">
        <ele>1602.4</ele>
      </trkpt>
      <trkpt lat="31.71631" lon="-110.758076">
        <ele>1600.4</ele>
      </trkpt>
      <trkpt lat="31.716638" lon="-110.757857">
        <ele>1598.5</ele>
      </trkpt>
      <trkpt lat="31.716633" lon="-110.757456">
        <ele>1597.4</ele>
      </trkpt>
      <trkpt lat="31.717389" lon="-110.75709">
        <ele>1594.0</ele>
      </trkpt>
      <trkpt lat="31.717897" lon="-110.757159">
        <ele>1590.4</ele>
      </trkpt>
      <trkpt lat="31.71803" lon="-110.757058">
        <ele>1589.4</ele>
      </trkpt>
      <trkpt lat="31.71788" lon="-110.756429">
        <ele>1587.5</ele>
      </trkpt>
      <trkpt lat="31.71797" lon="-110.756364">
        <ele>1587.8</ele>
      </trkpt>
      <trkpt lat="31.71817" lon="-110.75692">
        <ele>1587.0</ele>
      </trkpt>
      <trkpt lat="31.71826" lon="-110.75692">
        <ele>1586.4</ele>
      </trkpt>
      <trkpt lat="31.71821" lon="-110.75664">
        <ele>1585.0</ele>
      </trkpt>
      <trkpt lat="31.71826" lon="-110.75654">
        <ele>1583.4</ele>
      </trkpt>
      <trkpt lat="31.71857" lon="-110.75671">
        <ele>1581.1</ele>
      </trkpt>
      <trkpt lat="31.71876" lon="-110.75712">
        <ele>1581.1</ele>
      </trkpt>
      <trkpt lat="31.718818" lon="-110.756852">
        <ele>1584.4</ele>
      </trkpt>
      <trkpt lat="31.719017" lon="-110.756713">
        <ele>1587.8</ele>
      </trkpt>
      <trkpt lat="31.71924" lon="-110.75572">
        <ele>1591.4</ele>
      </trkpt>
      <trkpt lat="31.71981" lon="-110.755225">
        <ele>1593.8</ele>
      </trkpt>
      <trkpt lat="31.719851" lon="-110.754989">
        <ele>1594.0</ele>
      </trkpt>
      <trkpt lat="31.720089" lon="-110.754658">
        <ele>1594.1</ele>
      </trkpt>
      <trkpt lat="31.720141" lon="-110.754334">
        <ele>1594.5</ele>
      </trkpt>
      <trkpt lat="31.720506" lon="-110.753841">
        <ele>1593.5</ele>
      </trkpt>
      <trkpt lat="31.720633" lon="-110.753524">
        <ele>1592.4</ele>
      </trkpt>
      <trkpt lat="31.721005" lon="-110.753331">
        <ele>1592.5</ele>
      </trkpt>
      <trkpt lat="31.72149" lon="-110.75329">
        <ele>1595.1</ele>
      </trkpt>
      <trkpt lat="31.72181" lon="-110.75294">
        <ele>1600.4</ele>
      </trkpt>
      <trkpt lat="31.72203" lon="-110.752847">
        <ele>1604.0</ele>
      </trkpt>
      <trkpt lat="31.722456" lon="-110.753159">
        <ele>1611.0</ele>
      </trkpt>
      <trkpt lat="31.722406" lon="-110.752622">
        <ele>1617.0</ele>
      </trkpt>
      <trkpt lat="31.722705" lon="-110.753041">
        <ele>1625.8</ele>
      </trkpt>
      <trkpt lat="31.72294" lon="-110.75311">
        <ele>1632.8</ele>
      </trkpt>
      <trkpt lat="31.723159" lon="-110.752981">
        <ele>1634.5</ele>
      </trkpt>
      <trkpt lat="31.723304" lon="-110.752997">
        <ele>1633.8</ele>
      </trkpt>
      <trkpt lat="31.723567" lon="-110.752768">
        <ele>1633.8</ele>
      </trkpt>
      <trkpt lat="31.72371" lon="-110.75279">
        <ele>1633.4</ele>
      </trkpt>
      <trkpt lat="31.724204" lon="-110.752601">
        <ele>1633.0</ele>
      </trkpt>
      <trkpt lat="31.724398" lon="-110.752724">
        <ele>1632.8</ele>
      </trkpt>
      <trkpt lat="31.724452" lon="-110.75257">
        <ele>1632.0</ele>
      </trkpt>
      <trkpt lat="31.724524" lon="-110.752617">
        <ele>1632.0</ele>
      </trkpt>
      <trkpt lat="31.72452" lon="-110.75253">
        <ele>1632.0</ele>
      </trkpt>
      <trkpt lat="31.724862" lon="-110.752428">
        <ele>1634.5</ele>
      </trkpt>
      <trkpt lat="31.72507" lon="-110.7521">
        <ele>1637.0</ele>
      </trkpt>
      <trkpt lat="31.725081" lon="-110.751862">
        <ele>1637.0</ele>
      </trkpt>
      <trkpt lat="31.724954" lon="-110.751743">
        <ele>1635.8</ele>
      </trkpt>
      <trkpt lat="31.725" lon="-110.75152">
        <ele>1635.5</ele>
      </trkpt>
      <trkpt lat="31.725499" lon="-110.751108">
        <ele>1642.8</ele>
      </trkpt>
      <trkpt lat="31.72547" lon="-110.75074">
        <ele>1640.4</ele>
      </trkpt>
      <trkpt lat="31.725679" lon="-110.750508">
        <ele>1638.1</ele>
      </trkpt>
      <trkpt lat="31.726668" lon="-110.748837">
        <ele>1635.1</ele>
      </trkpt>
      <trkpt lat="31.727302" lon="-110.748354">
        <ele>1634.5</ele>
      </trkpt>
      <trkpt lat="31.72758" lon="-110.748253">
        <ele>1633.5</ele>
      </trkpt>
      <trkpt lat="31.727706" lon="-110.748355">
        <ele>1633.5</ele>
      </trkpt>
      <trkpt lat="31.727765" lon="-110.748781">
        <ele>1634.5</ele>
      </trkpt>
      <trkpt lat="31.727934" lon="-110.748909">
        <ele>1635.5</ele>
      </trkpt>
      <trkpt lat="31.728002" lon="-110.749099">
        <ele>1635.1</ele>
      </trkpt>
      <trkpt lat="31.728123" lon="-110.749146">
        <ele>1635.8</ele>
      </trkpt>
      <trkpt lat="31.728759" lon="-110.748764">
        <ele>1632.8</ele>
      </trkpt>
      <trkpt lat="31.72905" lon="-110.74429">
        <ele>1627.4</ele>
      </trkpt>
      <trkpt lat="31.72918" lon="-110.74369">
        <ele>1627.0</ele>
      </trkpt>
      <trkpt lat="31.729676" lon="-110.743044">
        <ele>1627.4</ele>
      </trkpt>
      <trkpt lat="31.730839" lon="-110.741071">
        <ele>1623.8</ele>
      </trkpt>
      <trkpt lat="31.730915" lon="-110.740275">
        <ele>1622.0</ele>
      </trkpt>
      <trkpt lat="31.730855" lon="-110.739319">
        <ele>1619.5</ele>
      </trkpt>
      <trkpt lat="31.73055" lon="-110.738246">
        <ele>1617.4</ele>
      </trkpt>
      <trkpt lat="31.730487" lon="-110.737705">
        <ele>1616.1</ele>
      </trkpt>
      <trkpt lat="31.730541" lon="-110.737151">
        <ele>1616.0</ele>
      </trkpt>
      <trkpt lat="31.731201" lon="-110.735874">
        <ele>1615.1</ele>
      </trkpt>
      <trkpt lat="31.731632" lon="-110.735228">
        <ele>1612.4</ele>
      </trkpt>
      <trkpt lat="31.731814" lon="-110.734675">
        <ele>1609.4</ele>
      </trkpt>
      <trkpt lat="31.731554" lon="-110.732651">
        <ele>1601.1</ele>
      </trkpt>
      <trkpt lat="31.73165" lon="-110.73259">
        <ele>1600.1</ele>
      </trkpt>
      <trkpt lat="31.731944" lon="-110.732672">
        <ele>1598.0</ele>
      </trkpt>
      <trkpt lat="31.73264" lon="-110.733106">
        <ele>1594.8</ele>
      </trkpt>
      <trkpt lat="31.732907" lon="-110.733653">
        <ele>1591.0</ele>
      </trkpt>
      <trkpt lat="31.733091" lon="-110.734776">
        <ele>1580.1</ele>
      </trkpt>
      <trkpt lat="31.733553" lon="-110.734056">
        <ele>1567.8</ele>
      </trkpt>
      <trkpt lat="31.733821" lon="-110.733353">
        <ele>1559.1</ele>
      </trkpt>
      <trkpt lat="31.73387" lon="-110.73302">
        <ele>1556.8</ele>
      </trkpt>
      <trkpt lat="31.734107" lon="-110.732842">
        <ele>1554.4</ele>
      </trkpt>
      <trkpt lat="31.734671" lon="-110.731876">
        <ele>1548.5</ele>
      </trkpt>
      <trkpt lat="31.734916" lon="-110.731169">
        <ele>1545.0</ele>
      </trkpt>
      <trkpt lat="31.735122" lon="-110.73092">
        <ele>1543.4</ele>
      </trkpt>
      <trkpt lat="31.735015" lon="-110.730777">
        <ele>1540.8</ele>
      </trkpt>
      <trkpt lat="31.735151" lon="-110.729885">
        <ele>1531.5</ele>
      </trkpt>
      <trkpt lat="31.735672" lon="-110.729771">
        <ele>1531.1</ele>
      </trkpt>
      <trkpt lat="31.735974" lon="-110.729371">
        <ele>1529.1</ele>
      </trkpt>
      <trkpt lat="31.736373" lon="-110.729308">
        <ele>1526.4</ele>
      </trkpt>
      <trkpt lat="31.736284" lon="-110.729613">
        <ele>1525.0</ele>
      </trkpt>
      <trkpt lat="31.736643" lon="-110.730181">
        <ele>1523.5</ele>
      </trkpt>
      <trkpt lat="31.737524" lon="-110.730561">
        <ele>1524.8</ele>
      </trkpt>
      <trkpt lat="31.737943" lon="-110.73094">
        <ele>1525.5</ele>
      </trkpt>
      <trkpt lat="31.737993" lon="-110.731631">
        <ele>1528.1</ele>
      </trkpt>
      <trkpt lat="31.738549" lon="-110.732255">
        <ele>1531.1</ele>
      </trkpt>
      <trkpt lat="31.73848" lon="-110.7332">
        <ele>1530.1</ele>
      </trkpt>
      <trkpt lat="31.73884" lon="-110.7344">
        <ele>1530.8</ele>
      </trkpt>
      <trkpt lat="31.739007" lon="-110.736089">
        <ele>1537.0</ele>
      </trkpt>
      <trkpt lat="31.73935" lon="-110.73706">
        <ele>1539.4</ele>
      </trkpt>
      <trkpt lat="31.73987" lon="-110.73774">
        <ele>1543.4</ele>
      </trkpt>
      <trkpt lat="31.739993" lon="-110.737783">
        <ele>1543.8</ele>
      </trkpt>
      <trkpt lat="31.74084" lon="-110.73895">
        <ele>1547.5</ele>
      </trkpt>
      <trkpt lat="31.741083" lon="-110.73914">
        <ele>1548.4</ele>
      </trkpt>
      <trkpt lat="31.741232" lon="-110.739612">
        <ele>1550.1</ele>
      </trkpt>
      <trkpt lat="31.742143" lon="-110.740077">
        <ele>1554.1</ele>
      </trkpt>
      <trkpt lat="31.742667" lon="-110.740695">
        <ele>1555.8</ele>
      </trkpt>
      <trkpt lat="31.74278" lon="-110.740687">
        <ele>1556.1</ele>
      </trkpt>
      <trkpt lat="31.743303" lon="-110.74127">
        <ele>1558.8</ele>
      </trkpt>
      <trkpt lat="31.743717" lon="-110.741587">
        <ele>1560.8</ele>
      </trkpt>
      <trkpt lat="31.743876" lon="-110.741501">
        <ele>1562.0</ele>
      </trkpt>
      <trkpt lat="31.74414" lon="-110.74179">
        <ele>1563.8</ele>
      </trkpt>
      <trkpt lat="31.744325" lon="-110.741788">
        <ele>1564.8</ele>
      </trkpt>
      <trkpt lat="31.74478" lon="-110.74212">
        <ele>1568.1</ele>
      </trkpt>
      <trkpt lat="31.745524" lon="-110.741321">
        <ele>1573.0</ele>
      </trkpt>
      <trkpt lat="31.74617" lon="-110.741175">
        <ele>1579.1</ele>
      </trkpt>
      <trkpt lat="31.746903" lon="-110.741436">
        <ele>1585.5</ele>
      </trkpt>
      <trkpt lat="31.74751" lon="-110.74183">
        <ele>1591.0</ele>
      </trkpt>
      <trkpt lat="31.747961" lon="-110.741699">
        <ele>1593.8</ele>
      </trkpt>
      <trkpt lat="31.748725" lon="-110.743415">
        <ele>1601.0</ele>
      </trkpt>
      <trkpt lat="31.748802" lon="-110.743814">
        <ele>1602.4</ele>
      </trkpt>
      <trkpt lat="31.74958" lon="-110.74492">
        <ele>1606.8</ele>
      </trkpt>
      <trkpt lat="31.74975" lon="-110.7455">
        <ele>1610.8</ele>
      </trkpt>
      <trkpt lat="31.7508" lon="-110.74671">
        <ele>1618.4</ele>
      </trkpt>
      <trkpt lat="31.751547" lon="-110.749489">
        <ele>1624.8</ele>
      </trkpt>
      <trkpt lat="31.75181" lon="-110.75086">
        <ele>1628.0</ele>
      </trkpt>
      <trkpt lat="31.752222" lon="-110.752043">
        <ele>1633.1</ele>
      </trkpt>
      <trkpt lat="31.752443" lon="-110.752351">
        <ele>1636.0</ele>
      </trkpt>
      <trkpt lat="31.75278" lon="-110.75317">
        <ele>1636.1</ele>
      </trkpt>
      <trkpt lat="31.75259" lon="-110.75401">
        <ele>1641.1</ele>
      </trkpt>
      <trkpt lat="31.752319" lon="-110.754724">
        <ele>1645.8</ele>
      </trkpt>
      <trkpt lat="31.752419" lon="-110.75524">
        <ele>1648.0</ele>
      </trkpt>
      <trkpt lat="31.752631" lon="-110.755446">
        <ele>1647.5</ele>
      </trkpt>
      <trkpt lat="31.75301" lon="-110.756154">
        <ele>1642.8</ele>
      </trkpt>
      <trkpt lat="31.752874" lon="-110.756754">
        <ele>1640.5</ele>
      </trkpt>
      <trkpt lat="31.75298" lon="-110.75815">
        <ele>1645.8</ele>
      </trkpt>
      <trkpt lat="31.753147" lon="-110.758953">
        <ele>1646.5</ele>
      </trkpt>
      <trkpt lat="31.75296" lon="-110.75999">
        <ele>1650.5</ele>
      </trkpt>
      <trkpt lat="31.7528" lon="-110.760413">
        <ele>1652.0</ele>
      </trkpt>
      <trkpt lat="31.752573" lon="-110.760745">
        <ele>1655.8</ele>
      </trkpt>
      <trkpt lat="31.752577" lon="-110.761207">
        <ele>1658.8</ele>
      </trkpt>
      <trkpt lat="31.752443" lon="-110.761683">
        <ele>1660.4</ele>
      </trkpt>
      <trkpt lat="31.75251" lon="-110.76204">
        <ele>1662.1</ele>
      </trkpt>
      <trkpt lat="31.75289" lon="-110.76278">
        <ele>1664.1</ele>
      </trkpt>
      <trkpt lat="31.752993" lon="-110.763625">
        <ele>1666.8</ele>
      </trkpt>
      <trkpt lat="31.753403" lon="-110.764066">
        <ele>1669.4</ele>
      </trkpt>
      <trkpt lat="31.754033" lon="-110.764393">
        <ele>1677.4</ele>
      </trkpt>
      <trkpt lat="31.75521" lon="-110.76545">
        <ele>1695.5</ele>
      </trkpt>
      <trkpt lat="31.75543" lon="-110.76575">
        <ele>1698.4</ele>
      </trkpt>
      <trkpt lat="31.75553" lon="-110.765773">
        <ele>1699.1</ele>
      </trkpt>
      <trkpt lat="31.75582" lon="-110.76554">
        <ele>1699.5</ele>
      </trkpt>
      <trkpt lat="31.756582" lon="-110.765462">
        <ele>1701.8</ele>
      </trkpt>
      <trkpt lat="31.75685" lon="-110.76512">
        <ele>1702.4</ele>
      </trkpt>
      <trkpt lat="31.757347" lon="-110.765177">
        <ele>1702.8</ele>
      </trkpt>
      <trkpt lat="31.75748" lon="-110.76503">
        <ele>1701.5</ele>
      </trkpt>
      <trkpt lat="31.75756" lon="-110.76458">
        <ele>1698.4</ele>
      </trkpt>
      <trkpt lat="31.757917" lon="-110.764253">
        <ele>1695.5</ele>
      </trkpt>
      <trkpt lat="31.758277" lon="-110.76412">
        <ele>1689.5</ele>
      </trkpt>
      <trkpt lat="31.75832" lon="-110.76419">
        <ele>1687.5</ele>
      </trkpt>
      <trkpt lat="31.75808" lon="-110.76466">
        <ele>1687.1</ele>
      </trkpt>
      <trkpt lat="31.758653" lon="-110.764543">
        <ele>1677.1</ele>
      </trkpt>
      <trkpt lat="31.75903" lon="-110.764095">
        <ele>1669.5</ele>
      </trkpt>
      <trkpt lat="31.7594" lon="-110.76386">
        <ele>1665.8</ele>
      </trkpt>
      <trkpt lat="31.75957" lon="-110.763887">
        <ele>1662.1</ele>
      </trkpt>
      <trkpt lat="31.75992" lon="-110.76372">
        <ele>1658.4</ele>
      </trkpt>
      <trkpt lat="31.76021" lon="-110.76339">
        <ele>1653.1</ele>
      </trkpt>
      <trkpt lat="31.76034" lon="-110.76337">
        <ele>1651.0</ele>
      </trkpt>
      <trkpt lat="31.760458" lon="-110.763496">
        <ele>1647.1</ele>
      </trkpt>
      <trkpt lat="31.760777" lon="-110.76339">
        <ele>1644.1</ele>
      </trkpt>
      <trkpt lat="31.76083" lon="-110.76347">
        <ele>1644.4</ele>
      </trkpt>
      <trkpt lat="31.76062" lon="-110.76413">
        <ele>1646.8</ele>
      </trkpt>
      <trkpt lat="31.760683" lon="-110.764661">
        <ele>1648.5</ele>
      </trkpt>
      <trkpt lat="31.76091" lon="-110.76497">
        <ele>1651.8</ele>
      </trkpt>
      <trkpt lat="31.760937" lon="-110.765477">
        <ele>1654.1</ele>
      </trkpt>
      <trkpt lat="31.76162" lon="-110.76693">
        <ele>1661.4</ele>
      </trkpt>
      <trkpt lat="31.761367" lon="-110.767958">
        <ele>1663.4</ele>
      </trkpt>
      <trkpt lat="31.761493" lon="-110.76855">
        <ele>1666.0</ele>
      </trkpt>
      <trkpt lat="31.76139" lon="-110.76923">
        <ele>1666.8</ele>
      </trkpt>
      <trkpt lat="31.76103" lon="-110.76992">
        <ele>1670.1</ele>
      </trkpt>
      <trkpt lat="31.760907" lon="-110.77045">
        <ele>1673.8</ele>
      </trkpt>
      <trkpt lat="31.761147" lon="-110.77115">
        <ele>1676.8</ele>
      </trkpt>
      <trkpt lat="31.761173" lon="-110.771457">
        <ele>1679.8</ele>
      </trkpt>
      <trkpt lat="31.761397" lon="-110.77197">
        <ele>1681.4</ele>
      </trkpt>
      <trkpt lat="31.761505" lon="-110.772613">
        <ele>1684.0</ele>
      </trkpt>
      <trkpt lat="31.76225" lon="-110.77389">
        <ele>1688.4</ele>
      </trkpt>
      <trkpt lat="31.76222" lon="-110.7743">
        <ele>1691.4</ele>
      </trkpt>
      <trkpt lat="31.762483" lon="-110.774947">
        <ele>1698.1</ele>
      </trkpt>
      <trkpt lat="31.76276" lon="-110.77498">
        <ele>1700.5</ele>
      </trkpt>
      <trkpt lat="31.763067" lon="-110.77571">
        <ele>1708.5</ele>
      </trkpt>
      <trkpt lat="31.76329" lon="-110.77592">
        <ele>1715.1</ele>
      </trkpt>
      <trkpt lat="31.76336" lon="-110.77631">
        <ele>1719.1</ele>
      </trkpt>
      <trkpt lat="31.76386" lon="-110.77659">
        <ele>1728.1</ele>
      </trkpt>
      <trkpt lat="31.76409" lon="-110.77714">
        <ele>1732.5</ele>
      </trkpt>
      <trkpt lat="31.76442" lon="-110.77755">
        <ele>1736.1</ele>
      </trkpt>
      <trkpt lat="31.76509" lon="-110.77778">
        <ele>1742.5</ele>
      </trkpt>
      <trkpt lat="31.765945" lon="-110.778785">
        <ele>1752.4</ele>
      </trkpt>
      <trkpt lat="31.7664" lon="-110.779">
        <ele>1755.4</ele>
      </trkpt>
      <trkpt lat="31.76641" lon="-110.77892">
        <ele>1757.0</ele>
      </trkpt>
      <trkpt lat="31.76599" lon="-110.77854">
        <ele>1761.1</ele>
      </trkpt>
      <trkpt lat="31.765837" lon="-110.77787">
        <ele>1767.1</ele>
      </trkpt>
      <trkpt lat="31.765905" lon="-110.777692">
        <ele>1767.1</ele>
      </trkpt>
      <trkpt lat="31.766175" lon="-110.777474">
        <ele>1767.4</ele>
      </trkpt>
      <trkpt lat="31.76667" lon="-110.777396">
        <ele>1771.0</ele>
      </trkpt>
      <trkpt lat="31.7668" lon="-110.77722">
        <ele>1772.8</ele>
      </trkpt>
      <trkpt lat="31.76704" lon="-110.77625">
        <ele>1778.4</ele>
      </trkpt>
      <trkpt lat="31.766973" lon="-110.775937">
        <ele>1779.4</ele>
      </trkpt>
      <trkpt lat="31.76715" lon="-110.775523">
        <ele>1779.4</ele>
      </trkpt>
      <trkpt lat="31.767763" lon="-110.775148">
        <ele>1773.4</ele>
      </trkpt>
      <trkpt lat="31.768059" lon="-110.774848">
        <ele>1770.1</ele>
      </trkpt>
      <trkpt lat="31.768562" lon="-110.774682">
        <ele>1764.1</ele>
      </trkpt>
      <trkpt lat="31.768789" lon="-110.774785">
        <ele>1760.8</ele>
      </trkpt>
      <trkpt lat="31.768924" lon="-110.774352">
        <ele>1759.4</ele>
      </trkpt>
      <trkpt lat="31.768693" lon="-110.773924">
        <ele>1757.8</ele>
      </trkpt>
      <trkpt lat="31.768752" lon="-110.773304">
        <ele>1748.1</ele>
      </trkpt>
      <trkpt lat="31.769003" lon="-110.772949">
        <ele>1742.1</ele>
      </trkpt>
      <trkpt lat="31.76884" lon="-110.772367">
        <ele>1735.4</ele>
      </trkpt>
      <trkpt lat="31.768952" lon="-110.772158">
        <ele>1734.1</ele>
      </trkpt>
      <trkpt lat="31.769288" lon="-110.772587">
        <ele>1733.5</ele>
      </trkpt>
      <trkpt lat="31.769586" lon="-110.772694">
        <ele>1732.0</ele>
      </trkpt>
      <trkpt lat="31.769264" lon="-110.772101">
        <ele>1725.5</ele>
      </trkpt>
      <trkpt lat="31.769271" lon="-110.771447">
        <ele>1720.4</ele>
      </trkpt>
      <trkpt lat="31.769573" lon="-110.770387">
        <ele>1716.5</ele>
      </trkpt>
      <trkpt lat="31.769762" lon="-110.770145">
        <ele>1715.1</ele>
      </trkpt>
      <trkpt lat="31.770282" lon="-110.76995">
        <ele>1711.1</ele>
      </trkpt>
      <trkpt lat="31.770645" lon="-110.769533">
        <ele>1708.5</ele>
      </trkpt>
      <trkpt lat="31.770842" lon="-110.768919">
        <ele>1708.5</ele>
      </trkpt>
      <trkpt lat="31.771365" lon="-110.768629">
        <ele>1709.0</ele>
      </trkpt>
      <trkpt lat="31.77145" lon="-110.76831">
        <ele>1707.5</ele>
      </trkpt>
      <trkpt lat="31.771604" lon="-110.768162">
        <ele>1705.0</ele>
      </trkpt>
      <trkpt lat="31.771653" lon="-110.767438">
        <ele>1697.0</ele>
      </trkpt>
      <trkpt lat="31.77175" lon="-110.767389">
        <ele>1696.4</ele>
      </trkpt>
      <trkpt lat="31.771815" lon="-110.767007">
        <ele>1692.5</ele>
      </trkpt>
      <trkpt lat="31.771741" lon="-110.766738">
        <ele>1690.1</ele>
      </trkpt>
      <trkpt lat="31.771848" lon="-110.766323">
        <ele>1687.4</ele>
      </trkpt>
      <trkpt lat="31.772402" lon="-110.76565">
        <ele>1684.0</ele>
      </trkpt>
      <trkpt lat="31.773246" lon="-110.765822">
        <ele>1672.1</ele>
      </trkpt>
      <trkpt lat="31.773577" lon="-110.765786">
        <ele>1673.4</ele>
      </trkpt>
      <trkpt lat="31.774059" lon="-110.764933">
        <ele>1670.8</ele>
      </trkpt>
      <trkpt lat="31.774484" lon="-110.764507">
        <ele>1669.1</ele>
      </trkpt>
      <trkpt lat="31.774765" lon="-110.76459">
        <ele>1669.1</ele>
      </trkpt>
      <trkpt lat="31.77496" lon="-110.764534">
        <ele>1666.4</ele>
      </trkpt>
      <trkpt lat="31.775353" lon="-110.764097">
        <ele>1656.5</ele>
      </trkpt>
      <trkpt lat="31.775309" lon="-110.763896">
        <ele>1652.4</ele>
      </trkpt>
      <trkpt lat="31.775461" lon="-110.763857">
        <ele>1650.8</ele>
      </trkpt>
      <trkpt lat="31.775834" lon="-110.76412">
        <ele>1646.4</ele>
      </trkpt>
      <trkpt lat="31.7761" lon="-110.7645">
        <ele>1643.4</ele>
      </trkpt>
      <trkpt lat="31.776265" lon="-110.764469">
        <ele>1638.4</ele>
      </trkpt>
      <trkpt lat="31.776436" lon="-110.764305">
        <ele>1632.4</ele>
      </trkpt>
      <trkpt lat="31.776599" lon="-110.764466">
        <ele>1631.5</ele>
      </trkpt>
      <trkpt lat="31.776729" lon="-110.764475">
        <ele>1628.1</ele>
      </trkpt>
      <trkpt lat="31.776482" lon="-110.764033">
        <ele>1624.4</ele>
      </trkpt>
      <trkpt lat="31.77637" lon="-110.763999">
        <ele>1623.5</ele>
      </trkpt>
      <trkpt lat="31.776507" lon="-110.763955">
        <ele>1622.5</ele>
      </trkpt>
      <trkpt lat="31.776845" lon="-110.764176">
        <ele>1620.0</ele>
      </trkpt>
      <trkpt lat="31.777403" lon="-110.764323">
        <ele>1609.4</ele>
      </trkpt>
      <trkpt lat="31.7777" lon="-110.76431">
        <ele>1606.5</ele>
      </trkpt>
      <trkpt lat="31.777804" lon="-110.764425">
        <ele>1606.0</ele>
      </trkpt>
      <trkpt lat="31.777954" lon="-110.764136">
        <ele>1606.5</ele>
      </trkpt>
      <trkpt lat="31.778212" lon="-110.764036">
        <ele>1607.8</ele>
      </trkpt>
      <trkpt lat="31.778203" lon="-110.76457">
        <ele>1610.0</ele>
      </trkpt>
      <trkpt lat="31.778582" lon="-110.765334">
        <ele>1615.4</ele>
      </trkpt>
      <trkpt lat="31.778855" lon="-110.765512">
        <ele>1617.8</ele>
      </trkpt>
      <trkpt lat="31.779329" lon="-110.766328">
        <ele>1621.0</ele>
      </trkpt>
      <trkpt lat="31.779787" lon="-110.766608">
        <ele>1624.1</ele>
      </trkpt>
      <trkpt lat="31.779892" lon="-110.766591">
        <ele>1624.8</ele>
      </trkpt>
      <trkpt lat="31.779855" lon="-110.765042">
        <ele>1626.1</ele>
      </trkpt>
      <trkpt lat="31.780055" lon="-110.763898">
        <ele>1628.4</ele>
      </trkpt>
      <trkpt lat="31.779906" lon="-110.763528">
        <ele>1625.1</ele>
      </trkpt>
      <trkpt lat="31.779805" lon="-110.762659">
        <ele>1616.5</ele>
      </trkpt>
      <trkpt lat="31.779917" lon="-110.7625">
        <ele>1614.5</ele>
      </trkpt>
      <trkpt lat="31.780731" lon="-110.762162">
        <ele>1612.1</ele>
      </trkpt>
      <trkpt lat="31.780916" lon="-110.761908">
        <ele>1611.4</ele>
      </trkpt>
      <trkpt lat="31.781307" lon="-110.760815">
        <ele>1604.5</ele>
      </trkpt>
      <trkpt lat="31.781482" lon="-110.759397">
        <ele>1599.1</ele>
      </trkpt>
      <trkpt lat="31.781466" lon="-110.758716">
        <ele>1598.4</ele>
      </trkpt>
      <trkpt lat="31.78157" lon="-110.75854">
        <ele>1598.5</ele>
      </trkpt>
      <trkpt lat="31.7827" lon="-110.7584">
        <ele>1602.8</ele>
      </trkpt>
      <trkpt lat="31.783256" lon="-110.758533">
        <ele>1604.4</ele>
      </trkpt>
      <trkpt lat="31.7836" lon="-110.75851">
        <ele>1605.4</ele>
      </trkpt>
      <trkpt lat="31.78401" lon="-110.758707">
        <ele>1606.1</ele>
      </trkpt>
      <trkpt lat="31.78465" lon="-110.75875">
        <ele>1609.1</ele>
      </trkpt>
      <trkpt lat="31.78503" lon="-110.75912">
        <ele>1611.4</ele>
      </trkpt>
      <trkpt lat="31.785448" lon="-110.759348">
        <ele>1612.5</ele>
      </trkpt>
      <trkpt lat="31.786027" lon="-110.759953">
        <ele>1612.4</ele>
      </trkpt>
      <trkpt lat="31.786461" lon="-110.760094">
        <ele>1611.4</ele>
      </trkpt>
      <trkpt lat="31.786543" lon="-110.76">
        <ele>1610.5</ele>
      </trkpt>
      <trkpt lat="31.786479" lon="-110.759063">
        <ele>1605.1</ele>
      </trkpt>
      <trkpt lat="31.786579" lon="-110.758887">
        <ele>1603.5</ele>
      </trkpt>
      <trkpt lat="31.786806" lon="-110.758777">
        <ele>1601.1</ele>
      </trkpt>
      <trkpt lat="31.787004" lon="-110.75842">
        <ele>1599.1</ele>
      </trkpt>
      <trkpt lat="31.78692" lon="-110.757963">
        <ele>1598.4</ele>
      </trkpt>
      <trkpt lat="31.786754" lon="-110.757768">
        <ele>1597.5</ele>
      </trkpt>
      <trkpt lat="31.786709" lon="-110.757226">
        <ele>1594.1</ele>
      </trkpt>
      <trkpt lat="31.786894" lon="-110.756486">
        <ele>1587.4</ele>
      </trkpt>
      <trkpt lat="31.787252" lon="-110.75592">
        <ele>1584.8</ele>
      </trkpt>
      <trkpt lat="31.787512" lon="-110.755778">
        <ele>1583.1</ele>
      </trkpt>
      <trkpt lat="31.787883" lon="-110.754824">
        <ele>1582.4</ele>
      </trkpt>
      <trkpt lat="31.787873" lon="-110.754486">
        <ele>1582.1</ele>
      </trkpt>
      <trkpt lat="31.787991" lon="-110.753893">
        <ele>1581.4</ele>
      </trkpt>
      <trkpt lat="31.788183" lon="-110.753612">
        <ele>1580.8</ele>
      </trkpt>
      <trkpt lat="31.789068" lon="-110.753027">
        <ele>1582.4</ele>
      </trkpt>
      <trkpt lat="31.789322" lon="-110.752974">
        <ele>1583.0</ele>
      </trkpt>
      <trkpt lat="31.790046" lon="-110.752502">
        <ele>1585.1</ele>
      </trkpt>
      <trkpt lat="31.790376" lon="-110.752007">
        <ele>1593.5</ele>
      </trkpt>
      <trkpt lat="31.790636" lon="-110.751408">
        <ele>1599.0</ele>
      </trkpt>
      <trkpt lat="31.791041" lon="-110.750817">
        <ele>1603.4</ele>
      </trkpt>
      <trkpt lat="31.791095" lon="-110.750345">
        <ele>1607.5</ele>
      </trkpt>
      <trkpt lat="31.791767" lon="-110.750038">
        <ele>1603.8</ele>
      </trkpt>
      <trkpt lat="31.791953" lon="-110.748877">
        <ele>1593.5</ele>
      </trkpt>
      <trkpt lat="31.791981" lon="-110.74814">
        <ele>1585.0</ele>
      </trkpt>
      <trkpt lat="31.79208" lon="-110.748044">
        <ele>1584.8</ele>
      </trkpt>
      <trkpt lat="31.792122" lon="-110.747805">
        <ele>1584.4</ele>
      </trkpt>
      <trkpt lat="31.792743" lon="-110.747192">
        <ele>1583.0</ele>
      </trkpt>
      <trkpt lat="31.792824" lon="-110.746774">
        <ele>1583.8</ele>
      </trkpt>
      <trkpt lat="31.793284" lon="-110.746429">
        <ele>1585.0</ele>
      </trkpt>
      <trkpt lat="31.793494" lon="-110.74637">
        <ele>1585.1</ele>
      </trkpt>
      <trkpt lat="31.794289" lon="-110.745642">
        <ele>1596.5</ele>
      </trkpt>
      <trkpt lat="31.795483" lon="-110.746151">
        <ele>1598.5</ele>
      </trkpt>
      <trkpt lat="31.796596" lon="-110.746367">
        <ele>1606.8</ele>
      </trkpt>
      <trkpt lat="31.797197" lon="-110.746335">
        <ele>1610.5</ele>
      </trkpt>
      <trkpt lat="31.798572" lon="-110.746512">
        <ele>1610.8</ele>
      </trkpt>
      <trkpt lat="31.799409" lon="-110.74605">
        <ele>1613.1</ele>
      </trkpt>
      <trkpt lat="31.79967" lon="-110.74573">
        <ele>1616.8</ele>
      </trkpt>
      <trkpt lat="31.799968" lon="-110.745076">
        <ele>1624.1</ele>
      </trkpt>
      <trkpt lat="31.800033" lon="-110.744414">
        <ele>1632.8</ele>
      </trkpt>
      <trkpt lat="31.800975" lon="-110.742623">
        <ele>1632.0</ele>
      </trkpt>
      <trkpt lat="31.801616" lon="-110.742707">
        <ele>1623.8</ele>
      </trkpt>
      <trkpt lat="31.801889" lon="-110.74262">
        <ele>1623.1</ele>
      </trkpt>
      <trkpt lat="31.802509" lon="-110.742037">
        <ele>1627.4</ele>
      </trkpt>
      <trkpt lat="31.80371" lon="-110.741941">
        <ele>1631.0</ele>
      </trkpt>
      <trkpt lat="31.80398" lon="-110.74177">
        <ele>1630.8</ele>
      </trkpt>
      <trkpt lat="31.80443" lon="-110.741933">
        <ele>1634.8</ele>
      </trkpt>
      <trkpt lat="31.80452" lon="-110.74173">
        <ele>1638.8</ele>
      </trkpt>
      <trkpt lat="31.80394" lon="-110.74065">
        <ele>1646.4</ele>
      </trkpt>
      <trkpt lat="31.803542" lon="-110.739672">
        <ele>1647.1</ele>
      </trkpt>
      <trkpt lat="31.803631" lon="-110.739134">
        <ele>1635.5</ele>
      </trkpt>
      <trkpt lat="31.8039" lon="-110.73886">
        <ele>1631.5</ele>
      </trkpt>
      <trkpt lat="31.804073" lon="-110.737866">
        <ele>1622.4</ele>
      </trkpt>
      <trkpt lat="31.80497" lon="-110.73702">
        <ele>1622.5</ele>
      </trkpt>
      <trkpt lat="31.805148" lon="-110.737002">
        <ele>1624.1</ele>
      </trkpt>
      <trkpt lat="31.805819" lon="-110.737621">
        <ele>1622.5</ele>
      </trkpt>
      <trkpt lat="31.806585" lon="-110.738065">
        <ele>1620.8</ele>
      </trkpt>
      <trkpt lat="31.806843" lon="-110.738066">
        <ele>1619.8</ele>
      </trkpt>
      <trkpt lat="31.807548" lon="-110.738379">
        <ele>1621.8</ele>
      </trkpt>
      <trkpt lat="31.807938" lon="-110.738384">
        <ele>1623.8</ele>
      </trkpt>
      <trkpt lat="31.80806" lon="-110.73831">
        <ele>1623.8</ele>
      </trkpt>
      <trkpt lat="31.808193" lon="-110.73765">
        <ele>1629.4</ele>
      </trkpt>
      <trkpt lat="31.808122" lon="-110.737445">
        <ele>1631.4</ele>
      </trkpt>
      <trkpt lat="31.808312" lon="-110.737149">
        <ele>1629.1</ele>
      </trkpt>
      <trkpt lat="31.808211" lon="-110.736564">
        <ele>1632.8</ele>
      </trkpt>
      <trkpt lat="31.808501" lon="-110.736312">
        <ele>1630.4</ele>
      </trkpt>
      <trkpt lat="31.808659" lon="-110.736322">
        <ele>1627.1</ele>
      </trkpt>
      <trkpt lat="31.80859" lon="-110.73595">
        <ele>1624.8</ele>
      </trkpt>
      <trkpt lat="31.808674" lon="-110.735679">
        <ele>1623.0</ele>
      </trkpt>
      <trkpt lat="31.809022" lon="-110.735449">
        <ele>1622.4</ele>
      </trkpt>
      <trkpt lat="31.809062" lon="-110.734969">
        <ele>1621.8</ele>
      </trkpt>
      <trkpt lat="31.80884" lon="-110.73393">
        <ele>1626.5</ele>
      </trkpt>
      <trkpt lat="31.808819" lon="-110.733304">
        <ele>1624.1</ele>
      </trkpt>
      <trkpt lat="31.80916" lon="-110.732708">
        <ele>1619.5</ele>
      </trkpt>
      <trkpt lat="31.809225" lon="-110.731632">
        <ele>1628.5</ele>
      </trkpt>
      <trkpt lat="31.80934" lon="-110.73142">
        <ele>1629.1</ele>
      </trkpt>
      <trkpt lat="31.809987" lon="-110.731405">
        <ele>1618.0</ele>
      </trkpt>
      <trkpt lat="31.809962" lon="-110.730627">
        <ele>1612.1</ele>
      </trkpt>
      <trkpt lat="31.809419" lon="-110.729047">
        <ele>1607.0</ele>
      </trkpt>
      <trkpt lat="31.809401" lon="-110.728648">
        <ele>1605.1</ele>
      </trkpt>
      <trkpt lat="31.809186" lon="-110.728425">
        <ele>1605.1</ele>
      </trkpt>
      <trkpt lat="31.809192" lon="-110.727781">
        <ele>1602.0</ele>
      </trkpt>
      <trkpt lat="31.808964" lon="-110.727267">
        <ele>1602.8</ele>
      </trkpt>
      <trkpt lat="31.809107" lon="-110.726736">
        <ele>1601.0</ele>
      </trkpt>
      <trkpt lat="31.809458" lon="-110.725943">
        <ele>1597.1</ele>
      </trkpt>
      <trkpt lat="31.80954" lon="-110.7255">
        <ele>1596.8</ele>
      </trkpt>
      <trkpt lat="31.809812" lon="-110.724901">
        <ele>1595.8</ele>
      </trkpt>
      <trkpt lat="31.810378" lon="-110.724303">
        <ele>1590.5</ele>
      </trkpt>
      <trkpt lat="31.81054" lon="-110.723462">
        <ele>1588.1</ele>
      </trkpt>
      <trkpt lat="31.810829" lon="-110.72345">
        <ele>1587.4</ele>
      </trkpt>
      <trkpt lat="31.811701" lon="-110.724143">
        <ele>1591.8</ele>
      </trkpt>
      <trkpt lat="31.81197" lon="-110.724261">
        <ele>1593.1</ele>
      </trkpt>
      <trkpt lat="31.8125" lon="-110.72474">
        <ele>1595.8</ele>
      </trkpt>
      <trkpt lat="31.813005" lon="-110.724998">
        <ele>1596.4</ele>
      </trkpt>
      <trkpt lat="31.813415" lon="-110.725464">
        <ele>1598.1</ele>
      </trkpt>
      <trkpt lat="31.81362" lon="-110.726048">
        <ele>1598.1</ele>
      </trkpt>
      <trkpt lat="31.814091" lon="-110.72619">
        <ele>1589.0</ele>
      </trkpt>
      <trkpt lat="31.814924" lon="-110.726127">
        <ele>1578.4</ele>
      </trkpt>
      <trkpt lat="31.815712" lon="-110.726382">
        <ele>1573.1</ele>
      </trkpt>
      <trkpt lat="31.816136" lon="-110.7264">
        <ele>1566.1</ele>
      </trkpt>
      <trkpt lat="31.816563" lon="-110.726297">
        <ele>1559.1</ele>
      </trkpt>
      <trkpt lat="31.816915" lon="-110.726082">
        <ele>1552.5</ele>
      </trkpt>
      <trkpt lat="31.817158" lon="-110.726088">
        <ele>1550.8</ele>
      </trkpt>
      <trkpt lat="31.817332" lon="-110.726268">
        <ele>1549.4</ele>
      </trkpt>
      <trkpt lat="31.81759" lon="-110.726053">
        <ele>1544.4</ele>
      </trkpt>
      <trkpt lat="31.818092" lon="-110.725852">
        <ele>1539.8</ele>
      </trkpt>
      <trkpt lat="31.818276" lon="-110.725861">
        <ele>1541.5</ele>
      </trkpt>
      <trkpt lat="31.81878" lon="-110.72558">
        <ele>1542.5</ele>
      </trkpt>
      <trkpt lat="31.819594" lon="-110.724346">
        <ele>1527.8</ele>
      </trkpt>
      <trkpt lat="31.819869" lon="-110.724125">
        <ele>1524.8</ele>
      </trkpt>
      <trkpt lat="31.820281" lon="-110.724285">
        <ele>1521.8</ele>
      </trkpt>
      <trkpt lat="31.820081" lon="-110.724651">
        <ele>1521.1</ele>
      </trkpt>
      <trkpt lat="31.820132" lon="-110.724866">
        <ele>1514.4</ele>
      </trkpt>
      <trkpt lat="31.820366" lon="-110.724694">
        <ele>1511.5</ele>
      </trkpt>
      <trkpt lat="31.820615" lon="-110.724735">
        <ele>1508.0</ele>
      </trkpt>
      <trkpt lat="31.820758" lon="-110.725006">
        <ele>1505.0</ele>
      </trkpt>
      <trkpt lat="31.820945" lon="-110.724947">
        <ele>1504.5</ele>
      </trkpt>
      <trkpt lat="31.821275" lon="-110.724659">
        <ele>1507.4</ele>
      </trkpt>
      <trkpt lat="31.821462" lon="-110.724843">
        <ele>1513.8</ele>
      </trkpt>
      <trkpt lat="31.8218" lon="-110.72463">
        <ele>1513.0</ele>
      </trkpt>
      <trkpt lat="31.822105" lon="-110.724609">
        <ele>1511.8</ele>
      </trkpt>
      <trkpt lat="31.82235" lon="-110.724174">
        <ele>1506.0</ele>
      </trkpt>
      <trkpt lat="31.822506" lon="-110.724163">
        <ele>1506.1</ele>
      </trkpt>
      <trkpt lat="31.822567" lon="-110.724327">
        <ele>1507.8</ele>
      </trkpt>
      <trkpt lat="31.822542" lon="-110.724664">
        <ele>1507.4</ele>
      </trkpt>
      <trkpt lat="31.822241" lon="-110.725149">
        <ele>1504.8</ele>
      </trkpt>
      <trkpt lat="31.822763" lon="-110.724897">
        <ele>1496.0</ele>
      </trkpt>
      <trkpt lat="31.82299" lon="-110.72462">
        <ele>1494.1</ele>
      </trkpt>
      <trkpt lat="31.823364" lon="-110.724706">
        <ele>1492.5</ele>
      </trkpt>
      <trkpt lat="31.823483" lon="-110.724343">
        <ele>1491.4</ele>
      </trkpt>
      <trkpt lat="31.82395" lon="-110.72387">
        <ele>1494.4</ele>
      </trkpt>
      <trkpt lat="31.824145" lon="-110.723458">
        <ele>1497.5</ele>
      </trkpt>
      <trkpt lat="31.824601" lon="-110.723149">
        <ele>1496.5</ele>
      </trkpt>
      <trkpt lat="31.82475" lon="-110.72292">
        <ele>1493.1</ele>
      </trkpt>
      <trkpt lat="31.824729" lon="-110.722839">
        <ele>1491.5</ele>
      </trkpt>
      <trkpt lat="31.825341" lon="-110.7223">
        <ele>1483.4</ele>
      </trkpt>
      <trkpt lat="31.825541" lon="-110.722025">
        <ele>1480.8</ele>
      </trkpt>
      <trkpt lat="31.825771" lon="-110.722035">
        <ele>1480.0</ele>
      </trkpt>
      <trkpt lat="31.82618" lon="-110.7217">
        <ele>1471.5</ele>
      </trkpt>
      <trkpt lat="31.82657" lon="-110.72159">
        <ele>1472.8</ele>
      </trkpt>
      <trkpt lat="31.82685" lon="-110.72184">
        <ele>1471.1</ele>
      </trkpt>
      <trkpt lat="31.82701" lon="-110.721765">
        <ele>1469.5</ele>
      </trkpt>
      <trkpt lat="31.82726" lon="-110.721851">
        <ele>1469.4</ele>
      </trkpt>
      <trkpt lat="31.827488" lon="-110.721792">
        <ele>1470.0</ele>
      </trkpt>
      <trkpt lat="31.827738" lon="-110.721858">
        <ele>1470.1</ele>
      </trkpt>
      <trkpt lat="31.82843" lon="-110.72172">
        <ele>1471.0</ele>
      </trkpt>
      <trkpt lat="31.828577" lon="-110.721835">
        <ele>1471.0</ele>
      </trkpt>
      <trkpt lat="31.82873" lon="-110.72182">
        <ele>1469.8</ele>
      </trkpt>
      <trkpt lat="31.829146" lon="-110.721147">
        <ele>1461.0</ele>
      </trkpt>
      <trkpt lat="31.829418" lon="-110.720916">
        <ele>1458.5</ele>
      </trkpt>
      <trkpt lat="31.829471" lon="-110.720503">
        <ele>1455.8</ele>
      </trkpt>
      <trkpt lat="31.829669" lon="-110.720214">
        <ele>1454.0</ele>
      </trkpt>
      <trkpt lat="31.830052" lon="-110.720049">
        <ele>1453.0</ele>
      </trkpt>
      <trkpt lat="31.830168" lon="-110.719815">
        <ele>1453.0</ele>
      </trkpt>
      <trkpt lat="31.830445" lon="-110.71972">
        <ele>1452.5</ele>
      </trkpt>
      <trkpt lat="31.830537" lon="-110.719421">
        <ele>1451.1</ele>
      </trkpt>
      <trkpt lat="31.83077" lon="-110.71908">
        <ele>1449.8</ele>
      </trkpt>
      <trkpt lat="31.831461" lon="-110.718874">
        <ele>1446.8</ele>
      </trkpt>
      <trkpt lat="31.831603" lon="-110.718477">
        <ele>1446.4</ele>
      </trkpt>
      <trkpt lat="31.831484" lon="-110.718158">
        <ele>1450.0</ele>
      </trkpt>
      <trkpt lat="31.83164" lon="-110.71824">
        <ele>1449.8</ele>
      </trkpt>
      <trkpt lat="31.83189" lon="-110.71821">
        <ele>1450.1</ele>
      </trkpt>
      <trkpt lat="31.832148" lon="-110.718033">
        <ele>1448.8</ele>
      </trkpt>
      <trkpt lat="31.832273" lon="-110.718056">
        <ele>1448.1</ele>
      </trkpt>
      <trkpt lat="31.83289" lon="-110.71765">
        <ele>1450.1</ele>
      </trkpt>
      <trkpt lat="31.832985" lon="-110.717176">
        <ele>1449.0</ele>
      </trkpt>
      <trkpt lat="31.833598" lon="-110.716613">
        <ele>1440.0</ele>
      </trkpt>
      <trkpt lat="31.833946" lon="-110.716509">
        <ele>1439.8</ele>
      </trkpt>
      <trkpt lat="31.834218" lon="-110.716633">
        <ele>1439.1</ele>
      </trkpt>
      <trkpt lat="31.834972" lon="-110.716571">
        <ele>1438.1</ele>
      </trkpt>
      <trkpt lat="31.835141" lon="-110.716103">
        <ele>1437.5</ele>
      </trkpt>
      <trkpt lat="31.83537" lon="-110.715878">
        <ele>1433.4</ele>
      </trkpt>
      <trkpt lat="31.835757" lon="-110.71581">
        <ele>1426.8</ele>
      </trkpt>
      <trkpt lat="31.836526" lon="-110.715286">
        <ele>1426.0</ele>
      </trkpt>
      <trkpt lat="31.83665" lon="-110.715306">
        <ele>1426.0</ele>
      </trkpt>
      <trkpt lat="31.836823" lon="-110.715173">
        <ele>1426.0</ele>
      </trkpt>
      <trkpt lat="31.837085" lon="-110.715213">
        <ele>1428.1</ele>
      </trkpt>
      <trkpt lat="31.837493" lon="-110.715688">
        <ele>1436.5</ele>
      </trkpt>
      <trkpt lat="31.83752" lon="-110.715905">
        <ele>1438.0</ele>
      </trkpt>
      <trkpt lat="31.83761" lon="-110.715936">
        <ele>1439.1</ele>
      </trkpt>
      <trkpt lat="31.837749" lon="-110.716254">
        <ele>1442.1</ele>
      </trkpt>
      <trkpt lat="31.83821" lon="-110.71656">
        <ele>1448.0</ele>
      </trkpt>
      <trkpt lat="31.838255" lon="-110.716705">
        <ele>1448.0</ele>
      </trkpt>
      <trkpt lat="31.838495" lon="-110.716756">
        <ele>1448.5</ele>
      </trkpt>
      <trkpt lat="31.839198" lon="-110.7172">
        <ele>1454.4</ele>
      </trkpt>
      <trkpt lat="31.839622" lon="-110.718062">
        <ele>1457.5</ele>
      </trkpt>
      <trkpt lat="31.839901" lon="-110.718386">
        <ele>1453.0</ele>
      </trkpt>
      <trkpt lat="31.840006" lon="-110.718732">
        <ele>1453.1</ele>
      </trkpt>
      <trkpt lat="31.840435" lon="-110.719364">
        <ele>1447.0</ele>
      </trkpt>
      <trkpt lat="31.840387" lon="-110.720105">
        <ele>1449.4</ele>
      </trkpt>
      <trkpt lat="31.840545" lon="-110.720003">
        <ele>1448.1</ele>
      </trkpt>
      <trkpt lat="31.84067" lon="-110.71963">
        <ele>1444.8</ele>
      </trkpt>
      <trkpt lat="31.841037" lon="-110.719357">
        <ele>1432.8</ele>
      </trkpt>
      <trkpt lat="31.841079" lon="-110.719208">
        <ele>1428.8</ele>
      </trkpt>
      <trkpt lat="31.841325" lon="-110.719314">
        <ele>1426.5</ele>
      </trkpt>
      <trkpt lat="31.84141" lon="-110.719555">
        <ele>1423.5</ele>
      </trkpt>
      <trkpt lat="31.841632" lon="-110.719277">
        <ele>1418.8</ele>
      </trkpt>
      <trkpt lat="31.841964" lon="-110.719435">
        <ele>1416.1</ele>
      </trkpt>
      <trkpt lat="31.842128" lon="-110.719244">
        <ele>1415.0</ele>
      </trkpt>
      <trkpt lat="31.842113" lon="-110.718948">
        <ele>1414.0</ele>
      </trkpt>
      <trkpt lat="31.842334" lon="-110.71879">
        <ele>1413.1</ele>
      </trkpt>
      <trkpt lat="31.842729" lon="-110.718237">
        <ele>1412.1</ele>
      </trkpt>
      <trkpt lat="31.842952" lon="-110.71821">
        <ele>1410.5</ele>
      </trkpt>
      <trkpt lat="31.843316" lon="-110.718345">
        <ele>1408.4</ele>
      </trkpt>
      <trkpt lat="31.84374" lon="-110.71822">
        <ele>1405.5</ele>
      </trkpt>
      <trkpt lat="31.844059" lon="-110.718284">
        <ele>1403.8</ele>
      </trkpt>
      <trkpt lat="31.844282" lon="-110.718475">
        <ele>1402.5</ele>
      </trkpt>
      <trkpt lat="31.844632" lon="-110.71847">
        <ele>1402.0</ele>
      </trkpt>
      <trkpt lat="31.844627" lon="-110.718763">
        <ele>1403.0</ele>
      </trkpt>
      <trkpt lat="31.844897" lon="-110.718236">
        <ele>1402.0</ele>
      </trkpt>
      <trkpt lat="31.845099" lon="-110.718039">
        <ele>1402.0</ele>
      </trkpt>
      <trkpt lat="31.845365" lon="-110.71826">
        <ele>1402.4</ele>
      </trkpt>
      <trkpt lat="31.845398" lon="-110.718147">
        <ele>1401.8</ele>
      </trkpt>
      <trkpt lat="31.845953" lon="-110.717978">
        <ele>1399.0</ele>
      </trkpt>
      <trkpt lat="31.846278" lon="-110.71827">
        <ele>1400.1</ele>
      </trkpt>
      <trkpt lat="31.84661" lon="-110.717566">
        <ele>1408.4</ele>
      </trkpt>
      <trkpt lat="31.846854" lon="-110.717446">
        <ele>1411.0</ele>
      </trkpt>
      <trkpt lat="31.847612" lon="-110.717324">
        <ele>1425.1</ele>
      </trkpt>
      <trkpt lat="31.847324" lon="-110.717878">
        <ele>1427.0</ele>
      </trkpt>
      <trkpt lat="31.847299" lon="-110.718244">
        <ele>1431.1</ele>
      </trkpt>
      <trkpt lat="31.847141" lon="-110.718599">
        <ele>1432.8</ele>
      </trkpt>
      <trkpt lat="31.847181" lon="-110.719058">
        <ele>1435.1</ele>
      </trkpt>
      <trkpt lat="31.847119" lon="-110.719251">
        <ele>1436.5</ele>
      </trkpt>
      <trkpt lat="31.847207" lon="-110.719399">
        <ele>1437.4</ele>
      </trkpt>
      <trkpt lat="31.84781" lon="-110.719256">
        <ele>1450.8</ele>
      </trkpt>
      <trkpt lat="31.847979" lon="-110.719081">
        <ele>1455.0</ele>
      </trkpt>
      <trkpt lat="31.848259" lon="-110.719127">
        <ele>1459.4</ele>
      </trkpt>
      <trkpt lat="31.848512" lon="-110.719282">
        <ele>1458.4</ele>
      </trkpt>
      <trkpt lat="31.848981" lon="-110.719299">
        <ele>1458.4</ele>
      </trkpt>
      <trkpt lat="31.849783" lon="-110.718792">
        <ele>1460.4</ele>
      </trkpt>
      <trkpt lat="31.849987" lon="-110.718774">
        <ele>1458.4</ele>
      </trkpt>
      <trkpt lat="31.85024" lon="-110.718413">
        <ele>1459.8</ele>
      </trkpt>
      <trkpt lat="31.850419" lon="-110.718366">
        <ele>1459.5</ele>
      </trkpt>
      <trkpt lat="31.851244" lon="-110.717352">
        <ele>1466.4</ele>
      </trkpt>
      <trkpt lat="31.851747" lon="-110.71732">
        <ele>1465.4</ele>
      </trkpt>
      <trkpt lat="31.852381" lon="-110.717794">
        <ele>1458.4</ele>
      </trkpt>
      <trkpt lat="31.852835" lon="-110.720201">
        <ele>1473.1</ele>
      </trkpt>
      <trkpt lat="31.853122" lon="-110.720557">
        <ele>1478.1</ele>
      </trkpt>
      <trkpt lat="31.85436" lon="-110.720476">
        <ele>1473.0</ele>
      </trkpt>
      <trkpt lat="31.854649" lon="-110.720319">
        <ele>1467.0</ele>
      </trkpt>
      <trkpt lat="31.854815" lon="-110.719991">
        <ele>1461.1</ele>
      </trkpt>
      <trkpt lat="31.854954" lon="-110.720339">
        <ele>1459.8</ele>
      </trkpt>
      <trkpt lat="31.8551" lon="-110.71998">
        <ele>1455.5</ele>
      </trkpt>
      <trkpt lat="31.855507" lon="-110.7196">
        <ele>1449.8</ele>
      </trkpt>
      <trkpt lat="31.855513" lon="-110.719801">
        <ele>1446.4</ele>
      </trkpt>
      <trkpt lat="31.855744" lon="-110.719514">
        <ele>1443.0</ele>
      </trkpt>
      <trkpt lat="31.855806" lon="-110.719271">
        <ele>1444.5</ele>
      </trkpt>
      <trkpt lat="31.855892" lon="-110.719664">
        <ele>1432.1</ele>
      </trkpt>
      <trkpt lat="31.855981" lon="-110.71958">
        <ele>1427.0</ele>
      </trkpt>
      <trkpt lat="31.855986" lon="-110.719197">
        <ele>1424.4</ele>
      </trkpt>
      <trkpt lat="31.856108" lon="-110.718694">
        <ele>1427.4</ele>
      </trkpt>
      <trkpt lat="31.85632" lon="-110.718591">
        <ele>1413.5</ele>
      </trkpt>
      <trkpt lat="31.856628" lon="-110.718614">
        <ele>1410.5</ele>
      </trkpt>
      <trkpt lat="31.857242" lon="-110.718202">
        <ele>1412.8</ele>
      </trkpt>
      <trkpt lat="31.857728" lon="-110.718697">
        <ele>1422.8</ele>
      </trkpt>
      <trkpt lat="31.857909" lon="-110.719186">
        <ele>1426.1</ele>
      </trkpt>
      <trkpt lat="31.85804" lon="-110.71922">
        <ele>1423.1</ele>
      </trkpt>
      <trkpt lat="31.858056" lon="-110.718815">
        <ele>1420.1</ele>
      </trkpt>
      <trkpt lat="31.858129" lon="-110.718668">
        <ele>1417.8</ele>
      </trkpt>
      <trkpt lat="31.858114" lon="-110.718364">
        <ele>1418.4</ele>
      </trkpt>
      <trkpt lat="31.858451" lon="-110.718002">
        <ele>1424.1</ele>
      </trkpt>
      <trkpt lat="31.85829" lon="-110.71793">
        <ele>1425.0</ele>
      </trkpt>
      <trkpt lat="31.858058" lon="-110.717447">
        <ele>1424.5</ele>
      </trkpt>
      <trkpt lat="31.857855" lon="-110.71729">
        <ele>1422.8</ele>
      </trkpt>
      <trkpt lat="31.857949" lon="-110.717225">
        <ele>1426.4</ele>
      </trkpt>
      <trkpt lat="31.858285" lon="-110.717258">
        <ele>1428.1</ele>
      </trkpt>
      <trkpt lat="31.858407" lon="-110.717516">
        <ele>1429.1</ele>
      </trkpt>
      <trkpt lat="31.858939" lon="-110.717764">
        <ele>1432.5</ele>
      </trkpt>
      <trkpt lat="31.859593" lon="-110.717554">
        <ele>1434.1</ele>
      </trkpt>
      <trkpt lat="31.859913" lon="-110.717354">
        <ele>1430.4</ele>
      </trkpt>
      <trkpt lat="31.86026" lon="-110.71734">
        <ele>1431.1</ele>
      </trkpt>
      <trkpt lat="31.860388" lon="-110.717414">
        <ele>1433.0</ele>
      </trkpt>
      <trkpt lat="31.860516" lon="-110.717662">
        <ele>1435.5</ele>
      </trkpt>
      <trkpt lat="31.860678" lon="-110.717735">
        <ele>1434.4</ele>
      </trkpt>
      <trkpt lat="31.860942" lon="-110.718179">
        <ele>1432.0</ele>
      </trkpt>
      <trkpt lat="31.86115" lon="-110.71801">
        <ele>1426.0</ele>
      </trkpt>
      <trkpt lat="31.861821" lon="-110.718514">
        <ele>1436.4</ele>
      </trkpt>
      <trkpt lat="31.862332" lon="-110.718334">
        <ele>1428.4</ele>
      </trkpt>
      <trkpt lat="31.862379" lon="-110.717959">
        <ele>1424.1</ele>
      </trkpt>
      <trkpt lat="31.862784" lon="-110.717734">
        <ele>1419.8</ele>
      </trkpt>
      <trkpt lat="31.862902" lon="-110.718086">
        <ele>1419.8</ele>
      </trkpt>
      <trkpt lat="31.863071" lon="-110.717972">
        <ele>1417.1</ele>
      </trkpt>
      <trkpt lat="31.863125" lon="-110.717779">
        <ele>1417.1</ele>
      </trkpt>
      <trkpt lat="31.863069" lon="-110.71768">
        <ele>1417.4</ele>
      </trkpt>
      <trkpt lat="31.86325" lon="-110.717263">
        <ele>1414.8</ele>
      </trkpt>
      <trkpt lat="31.86399" lon="-110.716186">
        <ele>1401.5</ele>
      </trkpt>
      <trkpt lat="31.864592" lon="-110.71634">
        <ele>1403.5</ele>
      </trkpt>
      <trkpt lat="31.864864" lon="-110.716228">
        <ele>1407.5</ele>
      </trkpt>
      <trkpt lat="31.865421" lon="-110.716452">
        <ele>1414.4</ele>
      </trkpt>
      <trkpt lat="31.865641" lon="-110.71672">
        <ele>1411.8</ele>
      </trkpt>
      <trkpt lat="31.866342" lon="-110.716631">
        <ele>1412.8</ele>
      </trkpt>
      <trkpt lat="31.867841" lon="-110.717294">
        <ele>1431.0</ele>
      </trkpt>
      <trkpt lat="31.8683" lon="-110.71727">
        <ele>1436.5</ele>
      </trkpt>
      <trkpt lat="31.869337" lon="-110.716726">
        <ele>1446.8</ele>
      </trkpt>
      <trkpt lat="31.869437" lon="-110.716516">
        <ele>1449.4</ele>
      </trkpt>
      <trkpt lat="31.869823" lon="-110.716297">
        <ele>1450.4</ele>
      </trkpt>
      <trkpt lat="31.870215" lon="-110.716208">
        <ele>1452.8</ele>
      </trkpt>
      <trkpt lat="31.87087" lon="-110.715664">
        <ele>1454.0</ele>
      </trkpt>
      <trkpt lat="31.870843" lon="-110.715506">
        <ele>1454.0</ele>
      </trkpt>
      <trkpt lat="31.87066" lon="-110.715307">
        <ele>1456.1</ele>
      </trkpt>
      <trkpt lat="31.870628" lon="-110.71504">
        <ele>1453.4</ele>
      </trkpt>
      <trkpt lat="31.870705" lon="-110.714596">
        <ele>1452.5</ele>
      </trkpt>
      <trkpt lat="31.87068" lon="-110.71412">
        <ele>1444.1</ele>
      </trkpt>
      <trkpt lat="31.87112" lon="-110.714546">
        <ele>1436.4</ele>
      </trkpt>
      <trkpt lat="31.871181" lon="-110.714339">
        <ele>1433.4</ele>
      </trkpt>
      <trkpt lat="31.871248" lon="-110.714521">
        <ele>1433.5</ele>
      </trkpt>
      <trkpt lat="31.871331" lon="-110.714375">
        <ele>1428.5</ele>
      </trkpt>
      <trkpt lat="31.871407" lon="-110.714419">
        <ele>1428.0</ele>
      </trkpt>
      <trkpt lat="31.871434" lon="-110.714117">
        <ele>1426.1</ele>
      </trkpt>
      <trkpt lat="31.871368" lon="-110.713967">
        <ele>1425.1</ele>
      </trkpt>
      <trkpt lat="31.871437" lon="-110.713737">
        <ele>1424.4</ele>
      </trkpt>
      <trkpt lat="31.871634" lon="-110.713671">
        <ele>1428.4</ele>
      </trkpt>
      <trkpt lat="31.871588" lon="-110.71351">
        <ele>1425.0</ele>
      </trkpt>
      <trkpt lat="31.871642" lon="-110.71328">
        <ele>1422.1</ele>
      </trkpt>
      <trkpt lat="31.871782" lon="-110.713187">
        <ele>1424.5</ele>
      </trkpt>
      <trkpt lat="31.871736" lon="-110.71304">
        <ele>1422.5</ele>
      </trkpt>
      <trkpt lat="31.871859" lon="-110.712357">
        <ele>1418.8</ele>
      </trkpt>
      <trkpt lat="31.871798" lon="-110.7114">
        <ele>1419.8</ele>
      </trkpt>
      <trkpt lat="31.871613" lon="-110.710583">
        <ele>1412.4</ele>
      </trkpt>
      <trkpt lat="31.871644" lon="-110.710062">
        <ele>1408.8</ele>
      </trkpt>
      <trkpt lat="31.871514" lon="-110.709635">
        <ele>1404.5</ele>
      </trkpt>
      <trkpt lat="31.87232" lon="-110.70908">
        <ele>1389.1</ele>
      </trkpt>
      <trkpt lat="31.872498" lon="-110.709336">
        <ele>1389.4</ele>
      </trkpt>
      <trkpt lat="31.872758" lon="-110.709244">
        <ele>1387.0</ele>
      </trkpt>
      <trkpt lat="31.87286" lon="-110.70955">
        <ele>1387.8</ele>
      </trkpt>
      <trkpt lat="31.873031" lon="-110.709392">
        <ele>1393.0</ele>
      </trkpt>
      <trkpt lat="31.873157" lon="-110.708571">
        <ele>1398.8</ele>
      </trkpt>
      <trkpt lat="31.872366" lon="-110.707713">
        <ele>1404.5</ele>
      </trkpt>
      <trkpt lat="31.872016" lon="-110.707511">
        <ele>1400.0</ele>
      </trkpt>
      <trkpt lat="31.87126" lon="-110.706744">
        <ele>1403.5</ele>
      </trkpt>
      <trkpt lat="31.87064" lon="-110.705777">
        <ele>1395.1</ele>
      </trkpt>
      <trkpt lat="31.870068" lon="-110.705698">
        <ele>1392.5</ele>
      </trkpt>
      <trkpt lat="31.87066" lon="-110.70545">
        <ele>1381.5</ele>
      </trkpt>
      <trkpt lat="31.870986" lon="-110.705574">
        <ele>1381.4</ele>
      </trkpt>
      <trkpt lat="31.870757" lon="-110.705179">
        <ele>1373.1</ele>
      </trkpt>
      <trkpt lat="31.870583" lon="-110.705033">
        <ele>1367.8</ele>
      </trkpt>
      <trkpt lat="31.870794" lon="-110.704921">
        <ele>1363.4</ele>
      </trkpt>
      <trkpt lat="31.871124" lon="-110.705082">
        <ele>1364.8</ele>
      </trkpt>
      <trkpt lat="31.871118" lon="-110.704816">
        <ele>1360.0</ele>
      </trkpt>
      <trkpt lat="31.870673" lon="-110.704671">
        <ele>1357.8</ele>
      </trkpt>
      <trkpt lat="31.870665" lon="-110.704572">
        <ele>1356.5</ele>
      </trkpt>
      <trkpt lat="31.870531" lon="-110.704553">
        <ele>1358.1</ele>
      </trkpt>
      <trkpt lat="31.870274" lon="-110.704197">
        <ele>1353.8</ele>
      </trkpt>
      <trkpt lat="31.870176" lon="-110.703814">
        <ele>1355.4</ele>
      </trkpt>
      <trkpt lat="31.869942" lon="-110.70344">
        <ele>1361.5</ele>
      </trkpt>
      <trkpt lat="31.869723" lon="-110.703396">
        <ele>1362.8</ele>
      </trkpt>
      <trkpt lat="31.870056" lon="-110.70319">
        <ele>1369.5</ele>
      </trkpt>
      <trkpt lat="31.870607" lon="-110.70321">
        <ele>1377.4</ele>
      </trkpt>
      <trkpt lat="31.871141" lon="-110.703653">
        <ele>1381.8</ele>
      </trkpt>
      <trkpt lat="31.871568" lon="-110.703814">
        <ele>1385.1</ele>
      </trkpt>
      <trkpt lat="31.872011" lon="-110.70371">
        <ele>1390.8</ele>
      </trkpt>
      <trkpt lat="31.872321" lon="-110.703882">
        <ele>1392.5</ele>
      </trkpt>
      <trkpt lat="31.872483" lon="-110.704159">
        <ele>1395.5</ele>
      </trkpt>
      <trkpt lat="31.872759" lon="-110.704403">
        <ele>1399.0</ele>
      </trkpt>
      <trkpt lat="31.87312" lon="-110.704448">
        <ele>1403.5</ele>
      </trkpt>
      <trkpt lat="31.873159" lon="-110.70455">
        <ele>1403.8</ele>
      </trkpt>
      <trkpt lat="31.873472" lon="-110.704677">
        <ele>1406.4</ele>
      </trkpt>
      <trkpt lat="31.874701" lon="-110.704202">
        <ele>1423.0</ele>
      </trkpt>
      <trkpt lat="31.876182" lon="-110.704035">
        <ele>1433.1</ele>
      </trkpt>
      <trkpt lat="31.87623" lon="-110.704124">
        <ele>1431.4</ele>
      </trkpt>
      <trkpt lat="31.876926" lon="-110.704238">
        <ele>1435.0</ele>
      </trkpt>
      <trkpt lat="31.87732" lon="-110.70407">
        <ele>1438.4</ele>
      </trkpt>
      <trkpt lat="31.877406" lon="-110.70421">
        <ele>1437.1</ele>
      </trkpt>
      <trkpt lat="31.877366" lon="-110.704461">
        <ele>1436.5</ele>
      </trkpt>
      <trkpt lat="31.877454" lon="-110.704691">
        <ele>1438.4</ele>
      </trkpt>
      <trkpt lat="31.87763" lon="-110.704689">
        <ele>1440.0</ele>
      </trkpt>
      <trkpt lat="31.877981" lon="-110.704451">
        <ele>1441.0</ele>
      </trkpt>
      <trkpt lat="31.87842" lon="-110.70478">
        <ele>1443.1</ele>
      </trkpt>
      <trkpt lat="31.87876" lon="-110.70488">
        <ele>1443.1</ele>
      </trkpt>
      <trkpt lat="31.879315" lon="-110.705215">
        <ele>1443.0</ele>
      </trkpt>
      <trkpt lat="31.879583" lon="-110.705268">
        <ele>1443.4</ele>
      </trkpt>
      <trkpt lat="31.87967" lon="-110.7054">
        <ele>1444.8</ele>
      </trkpt>
      <trkpt lat="31.880014" lon="-110.705317">
        <ele>1445.8</ele>
      </trkpt>
      <trkpt lat="31.880236" lon="-110.70493">
        <ele>1443.8</ele>
      </trkpt>
      <trkpt lat="31.88024" lon="-110.70478">
        <ele>1442.5</ele>
      </trkpt>
      <trkpt lat="31.880427" lon="-110.704673">
        <ele>1442.1</ele>
      </trkpt>
      <trkpt lat="31.880442" lon="-110.704507">
        <ele>1442.0</ele>
      </trkpt>
      <trkpt lat="31.880147" lon="-110.703663">
        <ele>1426.5</ele>
      </trkpt>
      <trkpt lat="31.880465" lon="-110.703734">
        <ele>1425.5</ele>
      </trkpt>
      <trkpt lat="31.880928" lon="-110.704107">
        <ele>1422.5</ele>
      </trkpt>
      <trkpt lat="31.881129" lon="-110.704064">
        <ele>1422.5</ele>
      </trkpt>
      <trkpt lat="31.881246" lon="-110.703676">
        <ele>1417.8</ele>
      </trkpt>
      <trkpt lat="31.881368" lon="-110.703591">
        <ele>1416.5</ele>
      </trkpt>
      <trkpt lat="31.881457" lon="-110.703346">
        <ele>1414.0</ele>
      </trkpt>
      <trkpt lat="31.88166" lon="-110.70321">
        <ele>1412.4</ele>
      </trkpt>
      <trkpt lat="31.881988" lon="-110.703386">
        <ele>1411.0</ele>
      </trkpt>
      <trkpt lat="31.882275" lon="-110.703237">
        <ele>1410.8</ele>
      </trkpt>
      <trkpt lat="31.882349" lon="-110.702872">
        <ele>1405.4</ele>
      </trkpt>
      <trkpt lat="31.883096" lon="-110.702802">
        <ele>1410.5</ele>
      </trkpt>
      <trkpt lat="31.883256" lon="-110.702666">
        <ele>1412.1</ele>
      </trkpt>
      <trkpt lat="31.883462" lon="-110.702732">
        <ele>1415.4</ele>
      </trkpt>
      <trkpt lat="31.883618" lon="-110.702916">
        <ele>1417.1</ele>
      </trkpt>
      <trkpt lat="31.883921" lon="-110.702875">
        <ele>1419.5</ele>
      </trkpt>
      <trkpt lat="31.883852" lon="-110.702756">
        <ele>1419.1</ele>
      </trkpt>
      <trkpt lat="31.88387" lon="-110.702443">
        <ele>1418.0</ele>
      </trkpt>
      <trkpt lat="31.884091" lon="-110.702274">
        <ele>1420.1</ele>
      </trkpt>
      <trkpt lat="31.88405" lon="-110.702015">
        <ele>1417.5</ele>
      </trkpt>
      <trkpt lat="31.884214" lon="-110.701926">
        <ele>1421.1</ele>
      </trkpt>
      <trkpt lat="31.884501" lon="-110.70209">
        <ele>1426.8</ele>
      </trkpt>
      <trkpt lat="31.884785" lon="-110.70204">
        <ele>1423.8</ele>
      </trkpt>
      <trkpt lat="31.884805" lon="-110.701621">
        <ele>1416.1</ele>
      </trkpt>
      <trkpt lat="31.884892" lon="-110.701545">
        <ele>1417.8</ele>
      </trkpt>
      <trkpt lat="31.885455" lon="-110.701902">
        <ele>1426.1</ele>
      </trkpt>
      <trkpt lat="31.885584" lon="-110.702102">
        <ele>1426.5</ele>
      </trkpt>
      <trkpt lat="31.88568" lon="-110.7017">
        <ele>1416.4</ele>
      </trkpt>
      <trkpt lat="31.885628" lon="-110.70167">
        <ele>1415.4</ele>
      </trkpt>
      <trkpt lat="31.885699" lon="-110.701369">
        <ele>1408.5</ele>
      </trkpt>
      <trkpt lat="31.885845" lon="-110.701266">
        <ele>1406.4</ele>
      </trkpt>
      <trkpt lat="31.886066" lon="-110.700886">
        <ele>1403.8</ele>
      </trkpt>
      <trkpt lat="31.886084" lon="-110.700719">
        <ele>1400.8</ele>
      </trkpt>
      <trkpt lat="31.886494" lon="-110.700545">
        <ele>1393.4</ele>
      </trkpt>
      <trkpt lat="31.886781" lon="-110.700271">
        <ele>1389.4</ele>
      </trkpt>
      <trkpt lat="31.886876" lon="-110.699665">
        <ele>1378.5</ele>
      </trkpt>
      <trkpt lat="31.886739" lon="-110.699399">
        <ele>1375.4</ele>
      </trkpt>
      <trkpt lat="31.886984" lon="-110.699508">
        <ele>1376.0</ele>
      </trkpt>
      <trkpt lat="31.886976" lon="-110.699334">
        <ele>1374.1</ele>
      </trkpt>
      <trkpt lat="31.887144" lon="-110.699488">
        <ele>1377.0</ele>
      </trkpt>
      <trkpt lat="31.887267" lon="-110.699459">
        <ele>1380.5</ele>
      </trkpt>
      <trkpt lat="31.887714" lon="-110.6997">
        <ele>1389.8</ele>
      </trkpt>
      <trkpt lat="31.8877" lon="-110.699971">
        <ele>1388.4</ele>
      </trkpt>
      <trkpt lat="31.88777" lon="-110.700016">
        <ele>1392.5</ele>
      </trkpt>
      <trkpt lat="31.888037" lon="-110.699736">
        <ele>1398.1</ele>
      </trkpt>
      <trkpt lat="31.888142" lon="-110.699858">
        <ele>1404.1</ele>
      </trkpt>
      <trkpt lat="31.888418" lon="-110.699938">
        <ele>1407.0</ele>
      </trkpt>
      <trkpt lat="31.888509" lon="-110.699342">
        <ele>1409.4</ele>
      </trkpt>
      <trkpt lat="31.88861" lon="-110.69913">
        <ele>1405.0</ele>
      </trkpt>
      <trkpt lat="31.888524" lon="-110.6985">
        <ele>1391.4</ele>
      </trkpt>
      <trkpt lat="31.888642" lon="-110.698494">
        <ele>1387.8</ele>
      </trkpt>
      <trkpt lat="31.888419" lon="-110.697307">
        <ele>1368.4</ele>
      </trkpt>
      <trkpt lat="31.889095" lon="-110.697694">
        <ele>1369.5</ele>
      </trkpt>
      <trkpt lat="31.889083" lon="-110.697755">
        <ele>1370.8</ele>
      </trkpt>
      <trkpt lat="31.890082" lon="-110.698369">
        <ele>1386.1</ele>
      </trkpt>
      <trkpt lat="31.890178" lon="-110.698813">
        <ele>1387.5</ele>
      </trkpt>
      <trkpt lat="31.89047" lon="-110.698989">
        <ele>1386.4</ele>
      </trkpt>
      <trkpt lat="31.890549" lon="-110.699351">
        <ele>1391.4</ele>
      </trkpt>
      <trkpt lat="31.890501" lon="-110.699528">
        <ele>1392.4</ele>
      </trkpt>
      <trkpt lat="31.890678" lon="-110.699626">
        <ele>1390.4</ele>
      </trkpt>
      <trkpt lat="31.89074" lon="-110.69956">
        <ele>1388.8</ele>
      </trkpt>
      <trkpt lat="31.890965" lon="-110.699622">
        <ele>1390.8</ele>
      </trkpt>
      <trkpt lat="31.891267" lon="-110.699424">
        <ele>1387.1</ele>
      </trkpt>
      <trkpt lat="31.891971" lon="-110.699379">
        <ele>1381.8</ele>
      </trkpt>
      <trkpt lat="31.892092" lon="-110.699509">
        <ele>1381.5</ele>
      </trkpt>
      <trkpt lat="31.892083" lon="-110.699677">
        <ele>1383.4</ele>
      </trkpt>
      <trkpt lat="31.892203" lon="-110.699883">
        <ele>1383.0</ele>
      </trkpt>
      <trkpt lat="31.89226" lon="-110.69966">
        <ele>1378.0</ele>
      </trkpt>
      <trkpt lat="31.892618" lon="-110.699396">
        <ele>1379.0</ele>
      </trkpt>
      <trkpt lat="31.892588" lon="-110.699566">
        <ele>1380.8</ele>
      </trkpt>
      <trkpt lat="31.8929" lon="-110.699922">
        <ele>1385.8</ele>
      </trkpt>
      <trkpt lat="31.89314" lon="-110.699846">
        <ele>1384.8</ele>
      </trkpt>
      <trkpt lat="31.893172" lon="-110.699492">
        <ele>1379.4</ele>
      </trkpt>
      <trkpt lat="31.89333" lon="-110.699259">
        <ele>1377.1</ele>
      </trkpt>
      <trkpt lat="31.893948" lon="-110.699068">
        <ele>1373.5</ele>
      </trkpt>
      <trkpt lat="31.89396" lon="-110.698936">
        <ele>1370.1</ele>
      </trkpt>
      <trkpt lat="31.894068" lon="-110.69891">
        <ele>1369.1</ele>
      </trkpt>
      <trkpt lat="31.894125" lon="-110.699067">
        <ele>1371.8</ele>
      </trkpt>
      <trkpt lat="31.894482" lon="-110.698891">
        <ele>1368.5</ele>
      </trkpt>
      <trkpt lat="31.894485" lon="-110.699049">
        <ele>1371.4</ele>
      </trkpt>
      <trkpt lat="31.894386" lon="-110.699174">
        <ele>1373.0</ele>
      </trkpt>
      <trkpt lat="31.894524" lon="-110.69934">
        <ele>1375.5</ele>
      </trkpt>
      <trkpt lat="31.894434" lon="-110.699498">
        <ele>1377.0</ele>
      </trkpt>
      <trkpt lat="31.894558" lon="-110.69955">
        <ele>1378.0</ele>
      </trkpt>
      <trkpt lat="31.894732" lon="-110.69941">
        <ele>1377.0</ele>
      </trkpt>
      <trkpt lat="31.894855" lon="-110.699528">
        <ele>1377.4</ele>
      </trkpt>
      <trkpt lat="31.894929" lon="-110.699044">
        <ele>1373.1</ele>
      </trkpt>
      <trkpt lat="31.89501" lon="-110.69893">
        <ele>1372.4</ele>
      </trkpt>
      <trkpt lat="31.89571" lon="-110.698658">
        <ele>1380.5</ele>
      </trkpt>
      <trkpt lat="31.895999" lon="-110.698844">
        <ele>1388.4</ele>
      </trkpt>
      <trkpt lat="31.896161" lon="-110.698798">
        <ele>1387.8</ele>
      </trkpt>
      <trkpt lat="31.896397" lon="-110.697979">
        <ele>1381.5</ele>
      </trkpt>
      <trkpt lat="31.896352" lon="-110.697696">
        <ele>1377.0</ele>
      </trkpt>
      <trkpt lat="31.89616" lon="-110.69755">
        <ele>1373.0</ele>
      </trkpt>
      <trkpt lat="31.896014" lon="-110.697254">
        <ele>1369.8</ele>
      </trkpt>
      <trkpt lat="31.896084" lon="-110.697003">
        <ele>1369.0</ele>
      </trkpt>
      <trkpt lat="31.896725" lon="-110.697059">
        <ele>1370.0</ele>
      </trkpt>
      <trkpt lat="31.896793" lon="-110.696863">
        <ele>1368.1</ele>
      </trkpt>
      <trkpt lat="31.896706" lon="-110.696588">
        <ele>1367.1</ele>
      </trkpt>
      <trkpt lat="31.896837" lon="-110.696131">
        <ele>1363.5</ele>
      </trkpt>
      <trkpt lat="31.896772" lon="-110.695907">
        <ele>1363.5</ele>
      </trkpt>
      <trkpt lat="31.89698" lon="-110.696006">
        <ele>1359.0</ele>
      </trkpt>
      <trkpt lat="31.897167" lon="-110.696248">
        <ele>1357.8</ele>
      </trkpt>
      <trkpt lat="31.897228" lon="-110.695998">
        <ele>1355.8</ele>
      </trkpt>
      <trkpt lat="31.897558" lon="-110.696189">
        <ele>1353.0</ele>
      </trkpt>
      <trkpt lat="31.897688" lon="-110.695961">
        <ele>1352.5</ele>
      </trkpt>
      <trkpt lat="31.897634" lon="-110.695589">
        <ele>1345.5</ele>
      </trkpt>
      <trkpt lat="31.897697" lon="-110.695453">
        <ele>1348.5</ele>
      </trkpt>
      <trkpt lat="31.898208" lon="-110.695363">
        <ele>1351.1</ele>
      </trkpt>
      <trkpt lat="31.898535" lon="-110.695156">
        <ele>1348.8</ele>
      </trkpt>
      <trkpt lat="31.898878" lon="-110.695152">
        <ele>1349.8</ele>
      </trkpt>
      <trkpt lat="31.898977" lon="-110.695232">
        <ele>1351.4</ele>
      </trkpt>
      <trkpt lat="31.899391" lon="-110.695126">
        <ele>1346.4</ele>
      </trkpt>
      <trkpt lat="31.899678" lon="-110.695168">
        <ele>1346.0</ele>
      </trkpt>
      <trkpt lat="31.899877" lon="-110.694833">
        <ele>1342.1</ele>
      </trkpt>
      <trkpt lat="31.899707" lon="-110.694443">
        <ele>1339.8</ele>
      </trkpt>
      <trkpt lat="31.899336" lon="-110.69418">
        <ele>1332.4</ele>
      </trkpt>
      <trkpt lat="31.8993" lon="-110.693848">
        <ele>1330.5</ele>
      </trkpt>
      <trkpt lat="31.89976" lon="-110.69383">
        <ele>1332.4</ele>
      </trkpt>
      <trkpt lat="31.899817" lon="-110.69369">
        <ele>1330.8</ele>
      </trkpt>
      <trkpt lat="31.900453" lon="-110.693943">
        <ele>1331.5</ele>
      </trkpt>
      <trkpt lat="31.900762" lon="-110.694297">
        <ele>1330.8</ele>
      </trkpt>
      <trkpt lat="31.900906" lon="-110.694249">
        <ele>1328.1</ele>
      </trkpt>
      <trkpt lat="31.90091" lon="-110.69393">
        <ele>1328.0</ele>
      </trkpt>
      <trkpt lat="31.90083" lon="-110.69378">
        <ele>1328.0</ele>
      </trkpt>
      <trkpt lat="31.90093" lon="-110.69373">
        <ele>1328.0</ele>
      </trkpt>
      <trkpt lat="31.900766" lon="-110.693344">
        <ele>1326.4</ele>
      </trkpt>
      <trkpt lat="31.90092" lon="-110.69311">
        <ele>1325.1</ele>
      </trkpt>
      <trkpt lat="31.90114" lon="-110.69304">
        <ele>1326.0</ele>
      </trkpt>
      <trkpt lat="31.901296" lon="-110.693103">
        <ele>1326.5</ele>
      </trkpt>
      <trkpt lat="31.901542" lon="-110.692655">
        <ele>1324.5</ele>
      </trkpt>
      <trkpt lat="31.901973" lon="-110.692496">
        <ele>1323.4</ele>
      </trkpt>
      <trkpt lat="31.902194" lon="-110.692591">
        <ele>1323.5</ele>
      </trkpt>
      <trkpt lat="31.902544" lon="-110.692502">
        <ele>1322.1</ele>
      </trkpt>
      <trkpt lat="31.902607" lon="-110.692384">
        <ele>1321.4</ele>
      </trkpt>
      <trkpt lat="31.902757" lon="-110.692337">
        <ele>1321.0</ele>
      </trkpt>
      <trkpt lat="31.903104" lon="-110.692479">
        <ele>1320.5</ele>
      </trkpt>
      <trkpt lat="31.90313" lon="-110.69291">
        <ele>1324.0</ele>
      </trkpt>
      <trkpt lat="31.903401" lon="-110.69259">
        <ele>1320.5</ele>
      </trkpt>
      <trkpt lat="31.903374" lon="-110.692399">
        <ele>1319.4</ele>
      </trkpt>
      <trkpt lat="31.903931" lon="-110.691626">
        <ele>1319.0</ele>
      </trkpt>
      <trkpt lat="31.904676" lon="-110.69176">
        <ele>1317.4</ele>
      </trkpt>
      <trkpt lat="31.904742" lon="-110.69086">
        <ele>1314.4</ele>
      </trkpt>
      <trkpt lat="31.905103" lon="-110.690551">
        <ele>1314.0</ele>
      </trkpt>
      <trkpt lat="31.905484" lon="-110.690568">
        <ele>1315.0</ele>
      </trkpt>
      <trkpt lat="31.906061" lon="-110.690233">
        <ele>1316.0</ele>
      </trkpt>
      <trkpt lat="31.906176" lon="-110.689699">
        <ele>1313.0</ele>
      </trkpt>
      <trkpt lat="31.906383" lon="-110.689444">
        <ele>1313.1</ele>
      </trkpt>
      <trkpt lat="31.906583" lon="-110.689454">
        <ele>1311.8</ele>
      </trkpt>
      <trkpt lat="31.906888" lon="-110.689252">
        <ele>1310.5</ele>
      </trkpt>
      <trkpt lat="31.907026" lon="-110.689044">
        <ele>1307.4</ele>
      </trkpt>
      <trkpt lat="31.9072" lon="-110.68773">
        <ele>1304.5</ele>
      </trkpt>
      <trkpt lat="31.907719" lon="-110.687425">
        <ele>1303.8</ele>
      </trkpt>
      <trkpt lat="31.908069" lon="-110.686968">
        <ele>1300.5</ele>
      </trkpt>
      <trkpt lat="31.908278" lon="-110.686894">
        <ele>1300.1</ele>
      </trkpt>
      <trkpt lat="31.908422" lon="-110.686498">
        <ele>1298.1</ele>
      </trkpt>
      <trkpt lat="31.908674" lon="-110.68616">
        <ele>1293.5</ele>
      </trkpt>
      <trkpt lat="31.908722" lon="-110.685465">
        <ele>1289.4</ele>
      </trkpt>
      <trkpt lat="31.908612" lon="-110.685177">
        <ele>1287.4</ele>
      </trkpt>
      <trkpt lat="31.908973" lon="-110.685419">
        <ele>1287.0</ele>
      </trkpt>
      <trkpt lat="31.909008" lon="-110.68532">
        <ele>1285.8</ele>
      </trkpt>
      <trkpt lat="31.90886" lon="-110.684929">
        <ele>1282.8</ele>
      </trkpt>
      <trkpt lat="31.90884" lon="-110.684643">
        <ele>1282.0</ele>
      </trkpt>
      <trkpt lat="31.908992" lon="-110.684604">
        <ele>1281.8</ele>
      </trkpt>
      <trkpt lat="31.909337" lon="-110.684943">
        <ele>1282.1</ele>
      </trkpt>
      <trkpt lat="31.909579" lon="-110.684902">
        <ele>1280.5</ele>
      </trkpt>
      <trkpt lat="31.909652" lon="-110.684738">
        <ele>1280.1</ele>
      </trkpt>
      <trkpt lat="31.909597" lon="-110.684484">
        <ele>1279.4</ele>
      </trkpt>
      <trkpt lat="31.909154" lon="-110.684002">
        <ele>1278.1</ele>
      </trkpt>
      <trkpt lat="31.908803" lon="-110.68391">
        <ele>1278.0</ele>
      </trkpt>
      <trkpt lat="31.908413" lon="-110.68402">
        <ele>1276.8</ele>
      </trkpt>
      <trkpt lat="31.908257" lon="-110.683476">
        <ele>1273.0</ele>
      </trkpt>
      <trkpt lat="31.90838" lon="-110.68325">
        <ele>1272.8</ele>
      </trkpt>
      <trkpt lat="31.908806" lon="-110.682867">
        <ele>1271.0</ele>
      </trkpt>
      <trkpt lat="31.90884" lon="-110.682739">
        <ele>1271.0</ele>
      </trkpt>
      <trkpt lat="31.908697" lon="-110.682467">
        <ele>1269.8</ele>
      </trkpt>
      <trkpt lat="31.90867" lon="-110.682228">
        <ele>1269.1</ele>
      </trkpt>
      <trkpt lat="31.908569" lon="-110.682176">
        <ele>1269.5</ele>
      </trkpt>
      <trkpt lat="31.908516" lon="-110.681852">
        <ele>1268.8</ele>
      </trkpt>
      <trkpt lat="31.908053" lon="-110.681115">
        <ele>1268.0</ele>
      </trkpt>
      <trkpt lat="31.907644" lon="-110.680773">
        <ele>1266.5</ele>
      </trkpt>
      <trkpt lat="31.907013" lon="-110.680796">
        <ele>1262.4</ele>
      </trkpt>
      <trkpt lat="31.906682" lon="-110.679831">
        <ele>1257.5</ele>
      </trkpt>
      <trkpt lat="31.906777" lon="-110.679394">
        <ele>1258.0</ele>
      </trkpt>
      <trkpt lat="31.906709" lon="-110.678975">
        <ele>1258.0</ele>
      </trkpt>
      <trkpt lat="31.906794" lon="-110.678694">
        <ele>1258.0</ele>
      </trkpt>
      <trkpt lat="31.906748" lon="-110.678475">
        <ele>1258.0</ele>
      </trkpt>
      <trkpt lat="31.906806" lon="-110.67813">
        <ele>1257.4</ele>
      </trkpt>
      <trkpt lat="31.906709" lon="-110.677775">
        <ele>1257.0</ele>
      </trkpt>
      <trkpt lat="31.906744" lon="-110.677339">
        <ele>1256.1</ele>
      </trkpt>
      <trkpt lat="31.906957" lon="-110.676627">
        <ele>1255.0</ele>
      </trkpt>
      <trkpt lat="31.906972" lon="-110.676317">
        <ele>1254.5</ele>
      </trkpt>
      <trkpt lat="31.907505" lon="-110.675445">
        <ele>1251.8</ele>
      </trkpt>
      <trkpt lat="31.90776" lon="-110.67526">
        <ele>1249.8</ele>
      </trkpt>
      <trkpt lat="31.907831" lon="-110.674779">
        <ele>1245.0</ele>
      </trkpt>
      <trkpt lat="31.90791" lon="-110.6747">
        <ele>1245.0</ele>
      </trkpt>
      <trkpt lat="31.908058" lon="-110.674086">
        <ele>1245.5</ele>
      </trkpt>
      <trkpt lat="31.907953" lon="-110.67381">
        <ele>1245.0</ele>
      </trkpt>
      <trkpt lat="31.908029" lon="-110.673708">
        <ele>1245.5</ele>
      </trkpt>
      <trkpt lat="31.908257" lon="-110.673723">
        <ele>1246.0</ele>
      </trkpt>
      <trkpt lat="31.908494" lon="-110.67353">
        <ele>1246.0</ele>
      </trkpt>
      <trkpt lat="31.908844" lon="-110.673489">
        <ele>1245.1</ele>
      </trkpt>
      <trkpt lat="31.909047" lon="-110.673226">
        <ele>1245.8</ele>
      </trkpt>
      <trkpt lat="31.908856" lon="-110.672837">
        <ele>1244.1</ele>
      </trkpt>
      <trkpt lat="31.90891" lon="-110.67276">
        <ele>1244.5</ele>
      </trkpt>
      <trkpt lat="31.908879" lon="-110.672413">
        <ele>1244.0</ele>
      </trkpt>
      <trkpt lat="31.90895" lon="-110.67235">
        <ele>1244.0</ele>
      </trkpt>
      <trkpt lat="31.908951" lon="-110.671746">
        <ele>1240.4</ele>
      </trkpt>
      <trkpt lat="31.909248" lon="-110.671379">
        <ele>1239.4</ele>
      </trkpt>
      <trkpt lat="31.909241" lon="-110.671261">
        <ele>1237.5</ele>
      </trkpt>
      <trkpt lat="31.909444" lon="-110.670968">
        <ele>1235.1</ele>
      </trkpt>
      <trkpt lat="31.909574" lon="-110.670953">
        <ele>1234.5</ele>
      </trkpt>
      <trkpt lat="31.909692" lon="-110.67071">
        <ele>1233.1</ele>
      </trkpt>
      <trkpt lat="31.909864" lon="-110.670672">
        <ele>1233.0</ele>
      </trkpt>
      <trkpt lat="31.910583" lon="-110.669584">
        <ele>1232.0</ele>
      </trkpt>
      <trkpt lat="31.910824" lon="-110.669068">
        <ele>1231.8</ele>
      </trkpt>
      <trkpt lat="31.911036" lon="-110.66908">
        <ele>1231.8</ele>
      </trkpt>
      <trkpt lat="31.911275" lon="-110.669454">
        <ele>1231.0</ele>
      </trkpt>
      <trkpt lat="31.911239" lon="-110.66906">
        <ele>1230.4</ele>
      </trkpt>
      <trkpt lat="31.911674" lon="-110.669129">
        <ele>1229.8</ele>
      </trkpt>
      <trkpt lat="31.91172" lon="-110.66871">
        <ele>1230.0</ele>
      </trkpt>
      <trkpt lat="31.911766" lon="-110.668854">
        <ele>1230.4</ele>
      </trkpt>
      <trkpt lat="31.911898" lon="-110.668918">
        <ele>1231.0</ele>
      </trkpt>
      <trkpt lat="31.911826" lon="-110.668544">
        <ele>1231.0</ele>
      </trkpt>
      <trkpt lat="31.91189" lon="-110.66825">
        <ele>1231.0</ele>
      </trkpt>
      <trkpt lat="31.912057" lon="-110.668395">
        <ele>1232.0</ele>
      </trkpt>
      <trkpt lat="31.912447" lon="-110.668462">
        <ele>1232.1</ele>
      </trkpt>
      <trkpt lat="31.912512" lon="-110.668563">
        <ele>1233.0</ele>
      </trkpt>
      <trkpt lat="31.912639" lon="-110.66846">
        <ele>1233.0</ele>
      </trkpt>
      <trkpt lat="31.913065" lon="-110.668602">
        <ele>1233.8</ele>
      </trkpt>
      <trkpt lat="31.913142" lon="-110.668748">
        <ele>1235.4</ele>
      </trkpt>
      <trkpt lat="31.913223" lon="-110.66872">
        <ele>1235.0</ele>
      </trkpt>
      <trkpt lat="31.91356" lon="-110.66892">
        <ele>1232.5</ele>
      </trkpt>
      <trkpt lat="31.913827" lon="-110.669306">
        <ele>1235.5</ele>
      </trkpt>
      <trkpt lat="31.913799" lon="-110.668854">
        <ele>1232.0</ele>
      </trkpt>
      <trkpt lat="31.91387" lon="-110.66881">
        <ele>1232.5</ele>
      </trkpt>
      <trkpt lat="31.91374" lon="-110.668672">
        <ele>1232.0</ele>
      </trkpt>
      <trkpt lat="31.913695" lon="-110.668423">
        <ele>1232.0</ele>
      </trkpt>
      <trkpt lat="31.914281" lon="-110.668518">
        <ele>1235.1</ele>
      </trkpt>
      <trkpt lat="31.91432" lon="-110.668328">
        <ele>1235.1</ele>
      </trkpt>
      <trkpt lat="31.914224" lon="-110.668246">
        <ele>1235.0</ele>
      </trkpt>
      <trkpt lat="31.914206" lon="-110.667922">
        <ele>1234.8</ele>
      </trkpt>
      <trkpt lat="31.914282" lon="-110.667757">
        <ele>1233.8</ele>
      </trkpt>
      <trkpt lat="31.914669" lon="-110.667905">
        <ele>1232.0</ele>
      </trkpt>
      <trkpt lat="31.914702" lon="-110.667791">
        <ele>1231.8</ele>
      </trkpt>
      <trkpt lat="31.914629" lon="-110.667774">
        <ele>1231.8</ele>
      </trkpt>
      <trkpt lat="31.914547" lon="-110.667558">
        <ele>1232.0</ele>
      </trkpt>
      <trkpt lat="31.914678" lon="-110.667661">
        <ele>1231.0</ele>
      </trkpt>
      <trkpt lat="31.914714" lon="-110.667575">
        <ele>1231.0</ele>
      </trkpt>
      <trkpt lat="31.914927" lon="-110.667777">
        <ele>1233.0</ele>
      </trkpt>
      <trkpt lat="31.914879" lon="-110.667454">
        <ele>1234.8</ele>
      </trkpt>
      <trkpt lat="31.914974" lon="-110.667416">
        <ele>1235.0</ele>
      </trkpt>
      <trkpt lat="31.914881" lon="-110.667261">
        <ele>1236.0</ele>
      </trkpt>
      <trkpt lat="31.914921" lon="-110.667029">
        <ele>1237.0</ele>
      </trkpt>
      <trkpt lat="31.915055" lon="-110.667212">
        <ele>1238.0</ele>
      </trkpt>
      <trkpt lat="31.915096" lon="-110.667507">
        <ele>1238.8</ele>
      </trkpt>
      <trkpt lat="31.91529" lon="-110.66783">
        <ele>1239.1</ele>
      </trkpt>
      <trkpt lat="31.915462" lon="-110.666889">
        <ele>1243.5</ele>
      </trkpt>
      <trkpt lat="31.915603" lon="-110.666643">
        <ele>1244.0</ele>
      </trkpt>
      <trkpt lat="31.915811" lon="-110.666881">
        <ele>1244.0</ele>
      </trkpt>
      <trkpt lat="31.916068" lon="-110.667621">
        <ele>1244.1</ele>
      </trkpt>
      <trkpt lat="31.91631" lon="-110.667881">
        <ele>1244.4</ele>
      </trkpt>
      <trkpt lat="31.916691" lon="-110.667901">
        <ele>1245.1</ele>
      </trkpt>
      <trkpt lat="31.917122" lon="-110.667641">
        <ele>1247.0</ele>
      </trkpt>
      <trkpt lat="31.917353" lon="-110.6677">
        <ele>1249.4</ele>
      </trkpt>
      <trkpt lat="31.91773" lon="-110.667598">
        <ele>1252.4</ele>
      </trkpt>
      <trkpt lat="31.917749" lon="-110.667736">
        <ele>1253.1</ele>
      </trkpt>
      <trkpt lat="31.918136" lon="-110.668034">
        <ele>1255.0</ele>
      </trkpt>
      <trkpt lat="31.91842" lon="-110.66806">
        <ele>1256.5</ele>
      </trkpt>
      <trkpt lat="31.918644" lon="-110.667965">
        <ele>1258.8</ele>
      </trkpt>
      <trkpt lat="31.918788" lon="-110.668055">
        <ele>1259.8</ele>
      </trkpt>
      <trkpt lat="31.91894" lon="-110.667549">
        <ele>1257.5</ele>
      </trkpt>
      <trkpt lat="31.919161" lon="-110.667321">
        <ele>1256.8</ele>
      </trkpt>
      <trkpt lat="31.919038" lon="-110.667266">
        <ele>1256.5</ele>
      </trkpt>
      <trkpt lat="31.918955" lon="-110.666918">
        <ele>1258.1</ele>
      </trkpt>
      <trkpt lat="31.919033" lon="-110.666764">
        <ele>1258.8</ele>
      </trkpt>
      <trkpt lat="31.918984" lon="-110.66613">
        <ele>1258.1</ele>
      </trkpt>
      <trkpt lat="31.918839" lon="-110.666118">
        <ele>1257.4</ele>
      </trkpt>
      <trkpt lat="31.918776" lon="-110.665979">
        <ele>1257.1</ele>
      </trkpt>
      <trkpt lat="31.918827" lon="-110.66571">
        <ele>1258.1</ele>
      </trkpt>
      <trkpt lat="31.919164" lon="-110.665306">
        <ele>1260.1</ele>
      </trkpt>
      <trkpt lat="31.919269" lon="-110.66528">
        <ele>1260.5</ele>
      </trkpt>
      <trkpt lat="31.919444" lon="-110.664914">
        <ele>1262.5</ele>
      </trkpt>
      <trkpt lat="31.91935" lon="-110.66461">
        <ele>1261.4</ele>
      </trkpt>
      <trkpt lat="31.91983" lon="-110.664308">
        <ele>1261.8</ele>
      </trkpt>
      <trkpt lat="31.919812" lon="-110.664183">
        <ele>1260.1</ele>
      </trkpt>
      <trkpt lat="31.920579" lon="-110.663517">
        <ele>1261.0</ele>
      </trkpt>
      <trkpt lat="31.920993" lon="-110.663353">
        <ele>1260.1</ele>
      </trkpt>
      <trkpt lat="31.921166" lon="-110.663579">
        <ele>1263.8</ele>
      </trkpt>
      <trkpt lat="31.921292" lon="-110.66409">
        <ele>1265.1</ele>
      </trkpt>
      <trkpt lat="31.920939" lon="-110.665157">
        <ele>1279.5</ele>
      </trkpt>
      <trkpt lat="31.92091" lon="-110.665582">
        <ele>1279.8</ele>
      </trkpt>
      <trkpt lat="31.921073" lon="-110.66575">
        <ele>1278.0</ele>
      </trkpt>
      <trkpt lat="31.921436" lon="-110.665588">
        <ele>1270.8</ele>
      </trkpt>
      <trkpt lat="31.921796" lon="-110.664926">
        <ele>1258.8</ele>
      </trkpt>
      <trkpt lat="31.922025" lon="-110.664699">
        <ele>1256.1</ele>
      </trkpt>
      <trkpt lat="31.92239" lon="-110.6646">
        <ele>1255.0</ele>
      </trkpt>
      <trkpt lat="31.922613" lon="-110.664278">
        <ele>1255.0</ele>
      </trkpt>
      <trkpt lat="31.922577" lon="-110.663935">
        <ele>1249.1</ele>
      </trkpt>
      <trkpt lat="31.922797" lon="-110.663755">
        <ele>1246.8</ele>
      </trkpt>
      <trkpt lat="31.923255" lon="-110.663977">
        <ele>1246.4</ele>
      </trkpt>
      <trkpt lat="31.923443" lon="-110.663447">
        <ele>1237.1</ele>
      </trkpt>
      <trkpt lat="31.923601" lon="-110.663303">
        <ele>1235.5</ele>
      </trkpt>
      <trkpt lat="31.92476" lon="-110.663391">
        <ele>1228.8</ele>
      </trkpt>
      <trkpt lat="31.924866" lon="-110.663466">
        <ele>1228.4</ele>
      </trkpt>
      <trkpt lat="31.92524" lon="-110.663246">
        <ele>1226.4</ele>
      </trkpt>
      <trkpt lat="31.92579" lon="-110.662653">
        <ele>1222.8</ele>
      </trkpt>
      <trkpt lat="31.92603" lon="-110.662606">
        <ele>1222.1</ele>
      </trkpt>
      <trkpt lat="31.926311" lon="-110.662274">
        <ele>1218.0</ele>
      </trkpt>
      <trkpt lat="31.926672" lon="-110.662292">
        <ele>1217.5</ele>
      </trkpt>
      <trkpt lat="31.926752" lon="-110.662119">
        <ele>1216.4</ele>
      </trkpt>
      <trkpt lat="31.927018" lon="-110.662">
        <ele>1214.4</ele>
      </trkpt>
      <trkpt lat="31.927082" lon="-110.661734">
        <ele>1213.4</ele>
      </trkpt>
      <trkpt lat="31.927334" lon="-110.661597">
        <ele>1212.5</ele>
      </trkpt>
      <trkpt lat="31.927623" lon="-110.66172">
        <ele>1214.1</ele>
      </trkpt>
      <trkpt lat="31.927611" lon="-110.662115">
        <ele>1215.0</ele>
      </trkpt>
      <trkpt lat="31.927728" lon="-110.662479">
        <ele>1215.1</ele>
      </trkpt>
      <trkpt lat="31.927574" lon="-110.663326">
        <ele>1215.0</ele>
      </trkpt>
      <trkpt lat="31.927463" lon="-110.66357">
        <ele>1215.8</ele>
      </trkpt>
      <trkpt lat="31.927154" lon="-110.663862">
        <ele>1215.5</ele>
      </trkpt>
      <trkpt lat="31.927523" lon="-110.663729">
        <ele>1214.0</ele>
      </trkpt>
      <trkpt lat="31.927519" lon="-110.663965">
        <ele>1212.8</ele>
      </trkpt>
      <trkpt lat="31.927768" lon="-110.663835">
        <ele>1211.1</ele>
      </trkpt>
      <trkpt lat="31.927872" lon="-110.663634">
        <ele>1210.5</ele>
      </trkpt>
      <trkpt lat="31.927962" lon="-110.663655">
        <ele>1210.1</ele>
      </trkpt>
      <trkpt lat="31.92803" lon="-110.664159">
        <ele>1209.1</ele>
      </trkpt>
      <trkpt lat="31.927852" lon="-110.664853">
        <ele>1211.1</ele>
      </trkpt>
      <trkpt lat="31.928251" lon="-110.664793">
        <ele>1208.0</ele>
      </trkpt>
      <trkpt lat="31.928226" lon="-110.665357">
        <ele>1210.0</ele>
      </trkpt>
      <trkpt lat="31.928435" lon="-110.665366">
        <ele>1208.8</ele>
      </trkpt>
      <trkpt lat="31.928757" lon="-110.665692">
        <ele>1209.8</ele>
      </trkpt>
      <trkpt lat="31.928775" lon="-110.665895">
        <ele>1211.8</ele>
      </trkpt>
      <trkpt lat="31.929073" lon="-110.665505">
        <ele>1211.1</ele>
      </trkpt>
      <trkpt lat="31.929727" lon="-110.665359">
        <ele>1210.5</ele>
      </trkpt>
      <trkpt lat="31.930201" lon="-110.665574">
        <ele>1214.0</ele>
      </trkpt>
      <trkpt lat="31.930592" lon="-110.665047">
        <ele>1208.5</ele>
      </trkpt>
      <trkpt lat="31.9309" lon="-110.664965">
        <ele>1209.0</ele>
      </trkpt>
      <trkpt lat="31.931189" lon="-110.665255">
        <ele>1208.5</ele>
      </trkpt>
      <trkpt lat="31.931656" lon="-110.665467">
        <ele>1206.1</ele>
      </trkpt>
      <trkpt lat="31.931941" lon="-110.665815">
        <ele>1201.1</ele>
      </trkpt>
      <trkpt lat="31.932171" lon="-110.665935">
        <ele>1198.4</ele>
      </trkpt>
      <trkpt lat="31.932637" lon="-110.665744">
        <ele>1195.8</ele>
      </trkpt>
      <trkpt lat="31.93246" lon="-110.666515">
        <ele>1193.4</ele>
      </trkpt>
      <trkpt lat="31.93252" lon="-110.66707">
        <ele>1193.0</ele>
      </trkpt>
      <trkpt lat="31.93264" lon="-110.667126">
        <ele>1193.0</ele>
      </trkpt>
      <trkpt lat="31.932198" lon="-110.667721">
        <ele>1194.8</ele>
      </trkpt>
      <trkpt lat="31.932452" lon="-110.667604">
        <ele>1194.8</ele>
      </trkpt>
      <trkpt lat="31.932515" lon="-110.667656">
        <ele>1194.8</ele>
      </trkpt>
      <trkpt lat="31.932736" lon="-110.667544">
        <ele>1194.1</ele>
      </trkpt>
      <trkpt lat="31.933247" lon="-110.66761">
        <ele>1194.0</ele>
      </trkpt>
      <trkpt lat="31.933399" lon="-110.66779">
        <ele>1194.4</ele>
      </trkpt>
      <trkpt lat="31.933362" lon="-110.668248">
        <ele>1195.5</ele>
      </trkpt>
      <trkpt lat="31.933577" lon="-110.668784">
        <ele>1194.1</ele>
      </trkpt>
      <trkpt lat="31.93397" lon="-110.669079">
        <ele>1191.1</ele>
      </trkpt>
      <trkpt lat="31.93416" lon="-110.669032">
        <ele>1190.1</ele>
      </trkpt>
      <trkpt lat="31.934498" lon="-110.669158">
        <ele>1188.5</ele>
      </trkpt>
      <trkpt lat="31.93463" lon="-110.66912">
        <ele>1187.5</ele>
      </trkpt>
      <trkpt lat="31.934823" lon="-110.669207">
        <ele>1186.5</ele>
      </trkpt>
      <trkpt lat="31.935186" lon="-110.669194">
        <ele>1186.0</ele>
      </trkpt>
      <trkpt lat="31.935262" lon="-110.669305">
        <ele>1186.0</ele>
      </trkpt>
      <trkpt lat="31.935513" lon="-110.669271">
        <ele>1184.8</ele>
      </trkpt>
      <trkpt lat="31.93568" lon="-110.669583">
        <ele>1183.4</ele>
      </trkpt>
      <trkpt lat="31.936105" lon="-110.669796">
        <ele>1183.0</ele>
      </trkpt>
      <trkpt lat="31.93613" lon="-110.669889">
        <ele>1183.0</ele>
      </trkpt>
      <trkpt lat="31.936383" lon="-110.670006">
        <ele>1183.0</ele>
      </trkpt>
      <trkpt lat="31.93675" lon="-110.669962">
        <ele>1182.0</ele>
      </trkpt>
      <trkpt lat="31.93664" lon="-110.67056">
        <ele>1182.0</ele>
      </trkpt>
      <trkpt lat="31.93685" lon="-110.6705">
        <ele>1182.0</ele>
      </trkpt>
      <trkpt lat="31.937121" lon="-110.671098">
        <ele>1182.5</ele>
      </trkpt>
      <trkpt lat="31.936947" lon="-110.671839">
        <ele>1183.1</ele>
      </trkpt>
      <trkpt lat="31.936726" lon="-110.672142">
        <ele>1183.5</ele>
      </trkpt>
      <trkpt lat="31.936339" lon="-110.672311">
        <ele>1184.5</ele>
      </trkpt>
      <trkpt lat="31.936112" lon="-110.672305">
        <ele>1186.1</ele>
      </trkpt>
      <trkpt lat="31.936079" lon="-110.672583">
        <ele>1187.0</ele>
      </trkpt>
      <trkpt lat="31.936439" lon="-110.673091">
        <ele>1188.0</ele>
      </trkpt>
      <trkpt lat="31.93667" lon="-110.67316">
        <ele>1186.5</ele>
      </trkpt>
      <trkpt lat="31.93677" lon="-110.67288">
        <ele>1184.4</ele>
      </trkpt>
      <trkpt lat="31.93718" lon="-110.67378">
        <ele>1189.8</ele>
      </trkpt>
      <trkpt lat="31.937276" lon="-110.674277">
        <ele>1192.0</ele>
      </trkpt>
      <trkpt lat="31.937199" lon="-110.674566">
        <ele>1193.4</ele>
      </trkpt>
      <trkpt lat="31.937006" lon="-110.674733">
        <ele>1194.5</ele>
      </trkpt>
      <trkpt lat="31.936861" lon="-110.675286">
        <ele>1194.1</ele>
      </trkpt>
      <trkpt lat="31.936933" lon="-110.675747">
        <ele>1194.0</ele>
      </trkpt>
      <trkpt lat="31.93719" lon="-110.675624">
        <ele>1193.4</ele>
      </trkpt>
      <trkpt lat="31.937316" lon="-110.675203">
        <ele>1193.0</ele>
      </trkpt>
      <trkpt lat="31.937855" lon="-110.674971">
        <ele>1193.8</ele>
      </trkpt>
      <trkpt lat="31.937997" lon="-110.674503">
        <ele>1191.4</ele>
      </trkpt>
      <trkpt lat="31.938269" lon="-110.674171">
        <ele>1187.5</ele>
      </trkpt>
      <trkpt lat="31.938546" lon="-110.674294">
        <ele>1188.5</ele>
      </trkpt>
      <trkpt lat="31.938567" lon="-110.674603">
        <ele>1191.0</ele>
      </trkpt>
      <trkpt lat="31.938757" lon="-110.67508">
        <ele>1193.5</ele>
      </trkpt>
      <trkpt lat="31.939078" lon="-110.674955">
        <ele>1191.0</ele>
      </trkpt>
      <trkpt lat="31.939247" lon="-110.675026">
        <ele>1190.4</ele>
      </trkpt>
      <trkpt lat="31.939361" lon="-110.675204">
        <ele>1192.1</ele>
      </trkpt>
      <trkpt lat="31.93975" lon="-110.67512">
        <ele>1192.4</ele>
      </trkpt>
      <trkpt lat="31.939996" lon="-110.675358">
        <ele>1195.1</ele>
      </trkpt>
      <trkpt lat="31.940869" lon="-110.675749">
        <ele>1187.0</ele>
      </trkpt>
      <trkpt lat="31.940909" lon="-110.675633">
        <ele>1186.1</ele>
      </trkpt>
      <trkpt lat="31.941139" lon="-110.67588">
        <ele>1183.4</ele>
      </trkpt>
      <trkpt lat="31.941427" lon="-110.67583">
        <ele>1182.1</ele>
      </trkpt>
      <trkpt lat="31.941614" lon="-110.675996">
        <ele>1182.1</ele>
      </trkpt>
      <trkpt lat="31.941609" lon="-110.676366">
        <ele>1182.4</ele>
      </trkpt>
      <trkpt lat="31.941696" lon="-110.67645">
        <ele>1181.4</ele>
      </trkpt>
      <trkpt lat="31.941975" lon="-110.676468">
        <ele>1178.0</ele>
      </trkpt>
      <trkpt lat="31.942034" lon="-110.676381">
        <ele>1177.0</ele>
      </trkpt>
      <trkpt lat="31.94264" lon="-110.676451">
        <ele>1172.0</ele>
      </trkpt>
      <trkpt lat="31.943085" lon="-110.67608">
        <ele>1172.4</ele>
      </trkpt>
      <trkpt lat="31.94355" lon="-110.67618">
        <ele>1171.0</ele>
      </trkpt>
      <trkpt lat="31.94408" lon="-110.676118">
        <ele>1171.0</ele>
      </trkpt>
      <trkpt lat="31.944577" lon="-110.675648">
        <ele>1168.4</ele>
      </trkpt>
      <trkpt lat="31.944511" lon="-110.675494">
        <ele>1167.8</ele>
      </trkpt>
      <trkpt lat="31.944622" lon="-110.675186">
        <ele>1165.1</ele>
      </trkpt>
      <trkpt lat="31.944961" lon="-110.675637">
        <ele>1162.8</ele>
      </trkpt>
      <trkpt lat="31.945244" lon="-110.675277">
        <ele>1159.0</ele>
      </trkpt>
      <trkpt lat="31.945656" lon="-110.675349">
        <ele>1158.0</ele>
      </trkpt>
      <trkpt lat="31.945711" lon="-110.675177">
        <ele>1158.1</ele>
      </trkpt>
      <trkpt lat="31.94628" lon="-110.67517">
        <ele>1158.1</ele>
      </trkpt>
      <trkpt lat="31.946206" lon="-110.675685">
        <ele>1158.0</ele>
      </trkpt>
      <trkpt lat="31.946291" lon="-110.675852">
        <ele>1158.5</ele>
      </trkpt>
      <trkpt lat="31.946832" lon="-110.675823">
        <ele>1158.4</ele>
      </trkpt>
      <trkpt lat="31.947455" lon="-110.676094">
        <ele>1159.1</ele>
      </trkpt>
      <trkpt lat="31.947547" lon="-110.676218">
        <ele>1158.5</ele>
      </trkpt>
      <trkpt lat="31.947376" lon="-110.676646">
        <ele>1158.4</ele>
      </trkpt>
      <trkpt lat="31.947435" lon="-110.676868">
        <ele>1158.0</ele>
      </trkpt>
      <trkpt lat="31.94799" lon="-110.67702">
        <ele>1158.5</ele>
      </trkpt>
      <trkpt lat="31.948309" lon="-110.677222">
        <ele>1158.5</ele>
      </trkpt>
      <trkpt lat="31.948921" lon="-110.677297">
        <ele>1158.5</ele>
      </trkpt>
      <trkpt lat="31.949497" lon="-110.676803">
        <ele>1156.0</ele>
      </trkpt>
      <trkpt lat="31.949694" lon="-110.676408">
        <ele>1155.0</ele>
      </trkpt>
      <trkpt lat="31.949829" lon="-110.67632">
        <ele>1155.4</ele>
      </trkpt>
      <trkpt lat="31.950007" lon="-110.676505">
        <ele>1156.8</ele>
      </trkpt>
      <trkpt lat="31.950237" lon="-110.676592">
        <ele>1158.4</ele>
      </trkpt>
      <trkpt lat="31.950642" lon="-110.676546">
        <ele>1158.0</ele>
      </trkpt>
      <trkpt lat="31.95118" lon="-110.67688">
        <ele>1158.8</ele>
      </trkpt>
      <trkpt lat="31.95151" lon="-110.67695">
        <ele>1158.0</ele>
      </trkpt>
      <trkpt lat="31.95168" lon="-110.676839">
        <ele>1157.4</ele>
      </trkpt>
      <trkpt lat="31.951917" lon="-110.676379">
        <ele>1155.1</ele>
      </trkpt>
      <trkpt lat="31.952041" lon="-110.675572">
        <ele>1148.4</ele>
      </trkpt>
      <trkpt lat="31.952299" lon="-110.675945">
        <ele>1148.0</ele>
      </trkpt>
      <trkpt lat="31.952473" lon="-110.676029">
        <ele>1147.4</ele>
      </trkpt>
      <trkpt lat="31.952705" lon="-110.676321">
        <ele>1146.8</ele>
      </trkpt>
      <trkpt lat="31.952774" lon="-110.676626">
        <ele>1146.1</ele>
      </trkpt>
      <trkpt lat="31.95291" lon="-110.676672">
        <ele>1146.0</ele>
      </trkpt>
      <trkpt lat="31.95309" lon="-110.676423">
        <ele>1145.0</ele>
      </trkpt>
      <trkpt lat="31.95338" lon="-110.67648">
        <ele>1144.4</ele>
      </trkpt>
      <trkpt lat="31.953639" lon="-110.676394">
        <ele>1143.4</ele>
      </trkpt>
      <trkpt lat="31.953721" lon="-110.67646">
        <ele>1143.4</ele>
      </trkpt>
      <trkpt lat="31.953923" lon="-110.676359">
        <ele>1142.4</ele>
      </trkpt>
      <trkpt lat="31.954115" lon="-110.675943">
        <ele>1141.0</ele>
      </trkpt>
      <trkpt lat="31.954469" lon="-110.675975">
        <ele>1140.0</ele>
      </trkpt>
      <trkpt lat="31.955521" lon="-110.675788">
        <ele>1137.1</ele>
      </trkpt>
      <trkpt lat="31.955816" lon="-110.67559">
        <ele>1136.0</ele>
      </trkpt>
      <trkpt lat="31.956223" lon="-110.675541">
        <ele>1135.0</ele>
      </trkpt>
      <trkpt lat="31.956368" lon="-110.675389">
        <ele>1135.0</ele>
      </trkpt>
      <trkpt lat="31.956912" lon="-110.675176">
        <ele>1135.0</ele>
      </trkpt>
      <trkpt lat="31.956987" lon="-110.675057">
        <ele>1135.0</ele>
      </trkpt>
      <trkpt lat="31.95754" lon="-110.674984">
        <ele>1134.0</ele>
      </trkpt>
      <trkpt lat="31.95825" lon="-110.674625">
        <ele>1131.8</ele>
      </trkpt>
      <trkpt lat="31.95867" lon="-110.674563">
        <ele>1130.0</ele>
      </trkpt>
      <trkpt lat="31.959509" lon="-110.674191">
        <ele>1127.1</ele>
      </trkpt>
      <trkpt lat="31.95976" lon="-110.674157">
        <ele>1126.4</ele>
      </trkpt>
      <trkpt lat="31.960631" lon="-110.673773">
        <ele>1124.4</ele>
      </trkpt>
      <trkpt lat="31.961237" lon="-110.673964">
        <ele>1124.0</ele>
      </trkpt>
      <trkpt lat="31.96173" lon="-110.674">
        <ele>1123.4</ele>
      </trkpt>
      <trkpt lat="31.962223" lon="-110.673875">
        <ele>1122.1</ele>
      </trkpt>
      <trkpt lat="31.962391" lon="-110.673929">
        <ele>1122.0</ele>
      </trkpt>
      <trkpt lat="31.962635" lon="-110.673801">
        <ele>1120.5</ele>
      </trkpt>
      <trkpt lat="31.962702" lon="-110.67363">
        <ele>1120.0</ele>
      </trkpt>
      <trkpt lat="31.962652" lon="-110.673052">
        <ele>1120.4</ele>
      </trkpt>
      <trkpt lat="31.963094" lon="-110.672763">
        <ele>1118.4</ele>
      </trkpt>
      <trkpt lat="31.963339" lon="-110.672892">
        <ele>1118.0</ele>
      </trkpt>
      <trkpt lat="31.963451" lon="-110.673367">
        <ele>1117.5</ele>
      </trkpt>
      <trkpt lat="31.96381" lon="-110.67408">
        <ele>1117.0</ele>
      </trkpt>
      <trkpt lat="31.964038" lon="-110.67435">
        <ele>1117.0</ele>
      </trkpt>
      <trkpt lat="31.964197" lon="-110.674714">
        <ele>1116.0</ele>
      </trkpt>
      <trkpt lat="31.964183" lon="-110.675047">
        <ele>1115.5</ele>
      </trkpt>
      <trkpt lat="31.964821" lon="-110.67573">
        <ele>1114.0</ele>
      </trkpt>
      <trkpt lat="31.964772" lon="-110.675963">
        <ele>1114.0</ele>
      </trkpt>
      <trkpt lat="31.96517" lon="-110.676621">
        <ele>1112.4</ele>
      </trkpt>
      <trkpt lat="31.965472" lon="-110.676562">
        <ele>1111.1</ele>
      </trkpt>
      <trkpt lat="31.965656" lon="-110.676704">
        <ele>1110.0</ele>
      </trkpt>
      <trkpt lat="31.965741" lon="-110.676472">
        <ele>1110.0</ele>
      </trkpt>
      <trkpt lat="31.965901" lon="-110.676459">
        <ele>1110.0</ele>
      </trkpt>
      <trkpt lat="31.96599" lon="-110.676574">
        <ele>1110.0</ele>
      </trkpt>
      <trkpt lat="31.966734" lon="-110.67669">
        <ele>1109.1</ele>
      </trkpt>
      <trkpt lat="31.967148" lon="-110.67649">
        <ele>1108.0</ele>
      </trkpt>
      <trkpt lat="31.967343" lon="-110.67656">
        <ele>1108.0</ele>
      </trkpt>
      <trkpt lat="31.967994" lon="-110.676231">
        <ele>1105.5</ele>
      </trkpt>
      <trkpt lat="31.96846" lon="-110.67631">
        <ele>1104.5</ele>
      </trkpt>
      <trkpt lat="31.968659" lon="-110.676253">
        <ele>1104.0</ele>
      </trkpt>
      <trkpt lat="31.969165" lon="-110.676616">
        <ele>1102.5</ele>
      </trkpt>
      <trkpt lat="31.969462" lon="-110.67656">
        <ele>1102.1</ele>
      </trkpt>
      <trkpt lat="31.969591" lon="-110.676189">
        <ele>1102.0</ele>
      </trkpt>
      <trkpt lat="31.969723" lon="-110.676069">
        <ele>1102.0</ele>
      </trkpt>
      <trkpt lat="31.970329" lon="-110.676096">
        <ele>1101.0</ele>
      </trkpt>
      <trkpt lat="31.970469" lon="-110.67556">
        <ele>1102.4</ele>
      </trkpt>
      <trkpt lat="31.970417" lon="-110.675277">
        <ele>1103.8</ele>
      </trkpt>
      <trkpt lat="31.969415" lon="-110.674092">
        <ele>1107.0</ele>
      </trkpt>
      <trkpt lat="31.96932" lon="-110.673874">
        <ele>1107.4</ele>
      </trkpt>
      <trkpt lat="31.968948" lon="-110.673565">
        <ele>1108.8</ele>
      </trkpt>
      <trkpt lat="31.968239" lon="-110.673225">
        <ele>1108.0</ele>
      </trkpt>
      <trkpt lat="31.96784" lon="-110.673231">
        <ele>1108.0</ele>
      </trkpt>
      <trkpt lat="31.967527" lon="-110.673035">
        <ele>1108.0</ele>
      </trkpt>
      <trkpt lat="31.96741" lon="-110.67278">
        <ele>1108.1</ele>
      </trkpt>
      <trkpt lat="31.9671" lon="-110.67246">
        <ele>1109.0</ele>
      </trkpt>
      <trkpt lat="31.966897" lon="-110.67239">
        <ele>1109.0</ele>
      </trkpt>
      <trkpt lat="31.966845" lon="-110.672289">
        <ele>1109.0</ele>
      </trkpt>
      <trkpt lat="31.966975" lon="-110.672098">
        <ele>1109.8</ele>
      </trkpt>
      <trkpt lat="31.967467" lon="-110.671867">
        <ele>1110.0</ele>
      </trkpt>
      <trkpt lat="31.967868" lon="-110.671134">
        <ele>1110.0</ele>
      </trkpt>
      <trkpt lat="31.96826" lon="-110.67078">
        <ele>1110.0</ele>
      </trkpt>
      <trkpt lat="31.968231" lon="-110.67002">
        <ele>1110.0</ele>
      </trkpt>
      <trkpt lat="31.96836" lon="-110.669624">
        <ele>1110.0</ele>
      </trkpt>
      <trkpt lat="31.968224" lon="-110.669073">
        <ele>1110.0</ele>
      </trkpt>
      <trkpt lat="31.968465" lon="-110.668828">
        <ele>1110.0</ele>
      </trkpt>
      <trkpt lat="31.968885" lon="-110.66875">
        <ele>1110.0</ele>
      </trkpt>
      <trkpt lat="31.968954" lon="-110.668546">
        <ele>1110.0</ele>
      </trkpt>
      <trkpt lat="31.968809" lon="-110.668441">
        <ele>1110.0</ele>
      </trkpt>
      <trkpt lat="31.968687" lon="-110.66816">
        <ele>1110.0</ele>
      </trkpt>
      <trkpt lat="31.968507" lon="-110.667036">
        <ele>1110.0</ele>
      </trkpt>
      <trkpt lat="31.968285" lon="-110.666306">
        <ele>1110.1</ele>
      </trkpt>
      <trkpt lat="31.968359" lon="-110.666085">
        <ele>1109.5</ele>
      </trkpt>
      <trkpt lat="31.968287" lon="-110.665647">
        <ele>1109.0</ele>
      </trkpt>
      <trkpt lat="31.968527" lon="-110.665642">
        <ele>1109.0</ele>
      </trkpt>
      <trkpt lat="31.968656" lon="-110.665458">
        <ele>1109.4</ele>
      </trkpt>
      <trkpt lat="31.968684" lon="-110.665128">
        <ele>1110.4</ele>
      </trkpt>
      <trkpt lat="31.969089" lon="-110.664831">
        <ele>1112.0</ele>
      </trkpt>
      <trkpt lat="31.969311" lon="-110.664793">
        <ele>1112.4</ele>
      </trkpt>
      <trkpt lat="31.970082" lon="-110.664233">
        <ele>1118.0</ele>
      </trkpt>
      <trkpt lat="31.970408" lon="-110.663826">
        <ele>1119.0</ele>
      </trkpt>
      <trkpt lat="31.970933" lon="-110.663648">
        <ele>1121.1</ele>
      </trkpt>
      <trkpt lat="31.97076" lon="-110.663258">
        <ele>1122.1</ele>
      </trkpt>
      <trkpt lat="31.970723" lon="-110.66267">
        <ele>1128.4</ele>
      </trkpt>
      <trkpt lat="31.970619" lon="-110.66236">
        <ele>1132.5</ele>
      </trkpt>
      <trkpt lat="31.970198" lon="-110.662079">
        <ele>1134.0</ele>
      </trkpt>
      <trkpt lat="31.96975" lon="-110.66205">
        <ele>1135.5</ele>
      </trkpt>
      <trkpt lat="31.969476" lon="-110.661786">
        <ele>1135.5</ele>
      </trkpt>
      <trkpt lat="31.969429" lon="-110.661559">
        <ele>1135.5</ele>
      </trkpt>
      <trkpt lat="31.969543" lon="-110.661261">
        <ele>1134.1</ele>
      </trkpt>
      <trkpt lat="31.969512" lon="-110.66106">
        <ele>1133.1</ele>
      </trkpt>
      <trkpt lat="31.969984" lon="-110.660905">
        <ele>1131.5</ele>
      </trkpt>
      <trkpt lat="31.970282" lon="-110.660555">
        <ele>1130.4</ele>
      </trkpt>
      <trkpt lat="31.970289" lon="-110.660341">
        <ele>1128.8</ele>
      </trkpt>
      <trkpt lat="31.970543" lon="-110.659839">
        <ele>1123.8</ele>
      </trkpt>
      <trkpt lat="31.9709" lon="-110.65968">
        <ele>1122.5</ele>
      </trkpt>
      <trkpt lat="31.971359" lon="-110.659757">
        <ele>1122.0</ele>
      </trkpt>
      <trkpt lat="31.971591" lon="-110.659252">
        <ele>1120.4</ele>
      </trkpt>
      <trkpt lat="31.971836" lon="-110.659168">
        <ele>1119.8</ele>
      </trkpt>
      <trkpt lat="31.97206" lon="-110.659219">
        <ele>1119.4</ele>
      </trkpt>
      <trkpt lat="31.972337" lon="-110.659431">
        <ele>1118.8</ele>
      </trkpt>
      <trkpt lat="31.972259" lon="-110.658547">
        <ele>1113.8</ele>
      </trkpt>
      <trkpt lat="31.972043" lon="-110.65792">
        <ele>1113.8</ele>
      </trkpt>
      <trkpt lat="31.972525" lon="-110.657729">
        <ele>1110.0</ele>
      </trkpt>
      <trkpt lat="31.972591" lon="-110.657559">
        <ele>1110.0</ele>
      </trkpt>
      <trkpt lat="31.972923" lon="-110.657263">
        <ele>1110.8</ele>
      </trkpt>
      <trkpt lat="31.973579" lon="-110.65746">
        <ele>1110.5</ele>
      </trkpt>
      <trkpt lat="31.97371" lon="-110.65732">
        <ele>1110.5</ele>
      </trkpt>
      <trkpt lat="31.973929" lon="-110.656463">
        <ele>1110.0</ele>
      </trkpt>
      <trkpt lat="31.973761" lon="-110.655827">
        <ele>1110.0</ele>
      </trkpt>
      <trkpt lat="31.974968" lon="-110.655308">
        <ele>1112.5</ele>
      </trkpt>
      <trkpt lat="31.975293" lon="-110.654442">
        <ele>1113.5</ele>
      </trkpt>
      <trkpt lat="31.975331" lon="-110.653561">
        <ele>1115.1</ele>
      </trkpt>
      <trkpt lat="31.975644" lon="-110.653296">
        <ele>1115.1</ele>
      </trkpt>
      <trkpt lat="31.976248" lon="-110.653229">
        <ele>1113.0</ele>
      </trkpt>
      <trkpt lat="31.976605" lon="-110.65347">
        <ele>1112.8</ele>
      </trkpt>
      <trkpt lat="31.97722" lon="-110.653558">
        <ele>1113.8</ele>
      </trkpt>
      <trkpt lat="31.977798" lon="-110.65339">
        <ele>1116.0</ele>
      </trkpt>
      <trkpt lat="31.978287" lon="-110.653378">
        <ele>1115.8</ele>
      </trkpt>
      <trkpt lat="31.97845" lon="-110.65349">
        <ele>1115.1</ele>
      </trkpt>
      <trkpt lat="31.978938" lon="-110.65356">
        <ele>1114.5</ele>
      </trkpt>
      <trkpt lat="31.979447" lon="-110.653855">
        <ele>1115.4</ele>
      </trkpt>
      <trkpt lat="31.97993" lon="-110.65394">
        <ele>1115.5</ele>
      </trkpt>
      <trkpt lat="31.980752" lon="-110.654648">
        <ele>1114.0</ele>
      </trkpt>
      <trkpt lat="31.982416" lon="-110.655108">
        <ele>1112.0</ele>
      </trkpt>
      <trkpt lat="31.983226" lon="-110.655124">
        <ele>1110.5</ele>
      </trkpt>
      <trkpt lat="31.983784" lon="-110.655307">
        <ele>1110.4</ele>
      </trkpt>
      <trkpt lat="31.983887" lon="-110.655259">
        <ele>1110.0</ele>
      </trkpt>
      <trkpt lat="31.983922" lon="-110.655057">
        <ele>1109.0</ele>
      </trkpt>
      <trkpt lat="31.98413" lon="-110.654869">
        <ele>1107.0</ele>
      </trkpt>
      <trkpt lat="31.984697" lon="-110.654767">
        <ele>1105.1</ele>
      </trkpt>
      <trkpt lat="31.98628" lon="-110.655313">
        <ele>1101.4</ele>
      </trkpt>
      <trkpt lat="31.987249" lon="-110.655946">
        <ele>1099.5</ele>
      </trkpt>
      <trkpt lat="31.987624" lon="-110.656047">
        <ele>1098.8</ele>
      </trkpt>
      <trkpt lat="31.98845" lon="-110.65663">
        <ele>1098.5</ele>
      </trkpt>
      <trkpt lat="31.989215" lon="-110.656444">
        <ele>1099.0</ele>
      </trkpt>
      <trkpt lat="31.990099" lon="-110.655913">
        <ele>1098.0</ele>
      </trkpt>
      <trkpt lat="31.990746" lon="-110.655778">
        <ele>1098.8</ele>
      </trkpt>
      <trkpt lat="31.991136" lon="-110.65579">
        <ele>1098.4</ele>
      </trkpt>
      <trkpt lat="31.991475" lon="-110.65594">
        <ele>1097.1</ele>
      </trkpt>
      <trkpt lat="31.99242" lon="-110.655906">
        <ele>1096.5</ele>
      </trkpt>
      <trkpt lat="31.99283" lon="-110.655699">
        <ele>1094.5</ele>
      </trkpt>
      <trkpt lat="31.9931" lon="-110.655445">
        <ele>1092.5</ele>
      </trkpt>
      <trkpt lat="31.993518" lon="-110.655733">
        <ele>1090.4</ele>
      </trkpt>
      <trkpt lat="31.993736" lon="-110.655784">
        <ele>1088.4</ele>
      </trkpt>
      <trkpt lat="31.99395" lon="-110.655692">
        <ele>1085.5</ele>
      </trkpt>
      <trkpt lat="31.994797" lon="-110.654674">
        <ele>1080.5</ele>
      </trkpt>
      <trkpt lat="31.994998" lon="-110.654532">
        <ele>1079.4</ele>
      </trkpt>
      <trkpt lat="31.99516" lon="-110.654534">
        <ele>1079.0</ele>
      </trkpt>
      <trkpt lat="31.99534" lon="-110.65441">
        <ele>1078.5</ele>
      </trkpt>
      <trkpt lat="31.99542" lon="-110.65409">
        <ele>1077.5</ele>
      </trkpt>
      <trkpt lat="31.995196" lon="-110.654028">
        <ele>1075.4</ele>
      </trkpt>
      <trkpt lat="31.995342" lon="-110.653839">
        <ele>1074.8</ele>
      </trkpt>
      <trkpt lat="31.994998" lon="-110.653564">
        <ele>1070.8</ele>
      </trkpt>
      <trkpt lat="31.995263" lon="-110.652911">
        <ele>1068.1</ele>
      </trkpt>
      <trkpt lat="31.995499" lon="-110.652878">
        <ele>1067.8</ele>
      </trkpt>
      <trkpt lat="31.995557" lon="-110.653033">
        <ele>1068.0</ele>
      </trkpt>
      <trkpt lat="31.99574" lon="-110.65301">
        <ele>1067.0</ele>
      </trkpt>
      <trkpt lat="31.99587" lon="-110.652887">
        <ele>1066.1</ele>
      </trkpt>
      <trkpt lat="31.996172" lon="-110.652844">
        <ele>1064.8</ele>
      </trkpt>
      <trkpt lat="31.99621" lon="-110.65277">
        <ele>1066.1</ele>
      </trkpt>
      <trkpt lat="31.997161" lon="-110.652817">
        <ele>1065.0</ele>
      </trkpt>
      <trkpt lat="31.997453" lon="-110.652977">
        <ele>1061.4</ele>
      </trkpt>
      <trkpt lat="31.997396" lon="-110.652766">
        <ele>1062.0</ele>
      </trkpt>
      <trkpt lat="31.9976" lon="-110.65266">
        <ele>1062.0</ele>
      </trkpt>
      <trkpt lat="31.99791" lon="-110.65265">
        <ele>1063.0</ele>
      </trkpt>
      <trkpt lat="31.99761" lon="-110.65211">
        <ele>1065.8</ele>
      </trkpt>
      <trkpt lat="31.99782" lon="-110.65219">
        <ele>1067.1</ele>
      </trkpt>
      <trkpt lat="31.99875" lon="-110.6521">
        <ele>1072.8</ele>
      </trkpt>
      <trkpt lat="31.99896" lon="-110.65163">
        <ele>1074.8</ele>
      </trkpt>
      <trkpt lat="31.99847" lon="-110.65119">
        <ele>1074.8</ele>
      </trkpt>
      <trkpt lat="31.99842" lon="-110.65083">
        <ele>1074.4</ele>
      </trkpt>
      <trkpt lat="31.99862" lon="-110.65055">
        <ele>1073.8</ele>
      </trkpt>
      <trkpt lat="32.00014" lon="-110.65012">
        <ele>1075.8</ele>
      </trkpt>
      <trkpt lat="32.00074" lon="-110.64972">
        <ele>1075.4</ele>
      </trkpt>
      <trkpt lat="32.00123" lon="-110.64957">
        <ele>1075.0</ele>
      </trkpt>
      <trkpt lat="32.00168" lon="-110.6496">
        <ele>1074.1</ele>
      </trkpt>
      <trkpt lat="32.00213" lon="-110.64976">
        <ele>1073.4</ele>
      </trkpt>
      <trkpt lat="32.002209" lon="-110.64972">
        <ele>1072.4</ele>
      </trkpt>
      <trkpt lat="32.00227" lon="-110.6495">
        <ele>1071.1</ele>
      </trkpt>
      <trkpt lat="32.00327" lon="-110.64904">
        <ele>1069.1</ele>
      </trkpt>
      <trkpt lat="32.00378" lon="-110.64865">
        <ele>1069.5</ele>
      </trkpt>
      <trkpt lat="32.00386" lon="-110.64841">
        <ele>1069.0</ele>
      </trkpt>
      <trkpt lat="32.00533" lon="-110.64811">
        <ele>1064.4</ele>
      </trkpt>
      <trkpt lat="32.00567" lon="-110.64837">
        <ele>1064.8</ele>
      </trkpt>
      <trkpt lat="32.006" lon="-110.6484">
        <ele>1064.1</ele>
      </trkpt>
      <trkpt lat="32.00618" lon="-110.64853">
        <ele>1063.8</ele>
      </trkpt>
      <trkpt lat="32.00661" lon="-110.64861">
        <ele>1062.1</ele>
      </trkpt>
      <trkpt lat="32.00698" lon="-110.64851">
        <ele>1060.4</ele>
      </trkpt>
      <trkpt lat="32.00721" lon="-110.64868">
        <ele>1059.4</ele>
      </trkpt>
      <trkpt lat="32.00759" lon="-110.64868">
        <ele>1059.4</ele>
      </trkpt>
      <trkpt lat="32.00804" lon="-110.64825">
        <ele>1055.5</ele>
      </trkpt>
      <trkpt lat="32.00819" lon="-110.64788">
        <ele>1054.5</ele>
      </trkpt>
      <trkpt lat="32.00831" lon="-110.64777">
        <ele>1053.1</ele>
      </trkpt>
      <trkpt lat="32.00829" lon="-110.64765">
        <ele>1053.0</ele>
      </trkpt>
      <trkpt lat="32.00866" lon="-110.64717">
        <ele>1051.5</ele>
      </trkpt>
      <trkpt lat="32.0097" lon="-110.64655">
        <ele>1052.0</ele>
      </trkpt>
      <trkpt lat="32.010559" lon="-110.6464">
        <ele>1053.4</ele>
      </trkpt>
      <trkpt lat="32.01086" lon="-110.64626">
        <ele>1053.1</ele>
      </trkpt>
      <trkpt lat="32.01242" lon="-110.64642">
        <ele>1044.4</ele>
      </trkpt>
      <trkpt lat="32.01276" lon="-110.64656">
        <ele>1043.8</ele>
      </trkpt>
      <trkpt lat="32.013469" lon="-110.64724">
        <ele>1043.4</ele>
      </trkpt>
      <trkpt lat="32.01365" lon="-110.64732">
        <ele>1043.0</ele>
      </trkpt>
      <trkpt lat="32.014695" lon="-110.646692">
        <ele>1035.1</ele>
      </trkpt>
      <trkpt lat="32.016165" lon="-110.643797">
        <ele>1023.5</ele>
      </trkpt>
      <trkpt lat="32.016742" lon="-110.643229">
        <ele>1017.7</ele>
      </trkpt>
      <trkpt lat="32.017282" lon="-110.642974">
        <ele>1012.4</ele>
      </trkpt>
      <trkpt lat="32.017947" lon="-110.642914">
        <ele>1009.5</ele>
      </trkpt>
      <trkpt lat="32.01822" lon="-110.643394">
        <ele>1009.2</ele>
      </trkpt>
      <trkpt lat="32.01849" lon="-110.643674">
        <ele>1009.2</ele>
      </trkpt>
      <trkpt lat="32.01879" lon="-110.643768">
        <ele>1008.5</ele>
      </trkpt>
      <trkpt lat="32.019382" lon="-110.643711">
        <ele>1008.7</ele>
      </trkpt>
      <trkpt lat="32.019931" lon="-110.643862">
        <ele>1009.7</ele>
      </trkpt>
      <trkpt lat="32.020029" lon="-110.643791">
        <ele>1011.2</ele>
      </trkpt>
      <trkpt lat="32.020014" lon="-110.643605">
        <ele>1012.2</ele>
      </trkpt>
      <trkpt lat="32.020142" lon="-110.64338">
        <ele>1015.5</ele>
      </trkpt>
      <trkpt lat="32.020294" lon="-110.643351">
        <ele>1018.2</ele>
      </trkpt>
      <trkpt lat="32.020373" lon="-110.642752">
        <ele>1020.7</ele>
      </trkpt>
      <trkpt lat="32.020631" lon="-110.642363">
        <ele>1026.0</ele>
      </trkpt>
      <trkpt lat="32.020771" lon="-110.642315">
        <ele>1026.5</ele>
      </trkpt>
      <trkpt lat="32.020646" lon="-110.642121">
        <ele>1027.4</ele>
      </trkpt>
      <trkpt lat="32.020913" lon="-110.641812">
        <ele>1029.0</ele>
      </trkpt>
      <trkpt lat="32.021025" lon="-110.642075">
        <ele>1033.1</ele>
      </trkpt>
      <trkpt lat="32.021662" lon="-110.642032">
        <ele>1035.0</ele>
      </trkpt>
      <trkpt lat="32.021959" lon="-110.641752">
        <ele>1036.5</ele>
      </trkpt>
      <trkpt lat="32.022427" lon="-110.641661">
        <ele>1036.1</ele>
      </trkpt>
      <trkpt lat="32.021555" lon="-110.64384">
        <ele>1031.5</ele>
      </trkpt>
      <trkpt lat="32.020685" lon="-110.645342">
        <ele>1029.4</ele>
      </trkpt>
      <trkpt lat="32.020626" lon="-110.645607">
        <ele>1027.5</ele>
      </trkpt>
      <trkpt lat="32.020671" lon="-110.645742">
        <ele>1026.4</ele>
      </trkpt>
      <trkpt lat="32.02037" lon="-110.645914">
        <ele>1026.0</ele>
      </trkpt>
      <trkpt lat="32.020341" lon="-110.646148">
        <ele>1026.8</ele>
      </trkpt>
      <trkpt lat="32.020477" lon="-110.646409">
        <ele>1026.8</ele>
      </trkpt>
      <trkpt lat="32.020381" lon="-110.646471">
        <ele>1024.1</ele>
      </trkpt>
      <trkpt lat="32.020553" lon="-110.646701">
        <ele>1023.7</ele>
      </trkpt>
      <trkpt lat="32.020561" lon="-110.646915">
        <ele>1022.5</ele>
      </trkpt>
      <trkpt lat="32.02073" lon="-110.64731">
        <ele>1019.7</ele>
      </trkpt>
      <trkpt lat="32.020854" lon="-110.64793">
        <ele>1024.1</ele>
      </trkpt>
      <trkpt lat="32.021065" lon="-110.648171">
        <ele>1024.1</ele>
      </trkpt>
      <trkpt lat="32.021182" lon="-110.64818">
        <ele>1023.7</ele>
      </trkpt>
      <trkpt lat="32.021436" lon="-110.648002">
        <ele>1021.0</ele>
      </trkpt>
      <trkpt lat="32.021299" lon="-110.647616">
        <ele>1019.4</ele>
      </trkpt>
      <trkpt lat="32.021437" lon="-110.647422">
        <ele>1019.2</ele>
      </trkpt>
      <trkpt lat="32.021534" lon="-110.647565">
        <ele>1016.2</ele>
      </trkpt>
      <trkpt lat="32.021836" lon="-110.64766">
        <ele>1020.2</ele>
      </trkpt>
      <trkpt lat="32.022246" lon="-110.647641">
        <ele>1024.4</ele>
      </trkpt>
      <trkpt lat="32.022416" lon="-110.647521">
        <ele>1027.8</ele>
      </trkpt>
      <trkpt lat="32.022331" lon="-110.648144">
        <ele>1029.8</ele>
      </trkpt>
      <trkpt lat="32.022668" lon="-110.648831">
        <ele>1029.0</ele>
      </trkpt>
      <trkpt lat="32.023044" lon="-110.648884">
        <ele>1027.5</ele>
      </trkpt>
      <trkpt lat="32.023145" lon="-110.648669">
        <ele>1026.8</ele>
      </trkpt>
      <trkpt lat="32.02312" lon="-110.648377">
        <ele>1027.0</ele>
      </trkpt>
      <trkpt lat="32.02341" lon="-110.648769">
        <ele>1025.8</ele>
      </trkpt>
      <trkpt lat="32.023376" lon="-110.648905">
        <ele>1025.0</ele>
      </trkpt>
      <trkpt lat="32.023681" lon="-110.648824">
        <ele>1028.0</ele>
      </trkpt>
      <trkpt lat="32.02384" lon="-110.648618">
        <ele>1029.0</ele>
      </trkpt>
      <trkpt lat="32.024213" lon="-110.648551">
        <ele>1028.5</ele>
      </trkpt>
      <trkpt lat="32.02449" lon="-110.6481">
        <ele>1029.0</ele>
      </trkpt>
      <trkpt lat="32.024602" lon="-110.64821">
        <ele>1028.1</ele>
      </trkpt>
      <trkpt lat="32.025036" lon="-110.647324">
        <ele>1035.8</ele>
      </trkpt>
      <trkpt lat="32.025157" lon="-110.647366">
        <ele>1037.0</ele>
      </trkpt>
      <trkpt lat="32.025455" lon="-110.647145">
        <ele>1039.4</ele>
      </trkpt>
      <trkpt lat="32.025639" lon="-110.646596">
        <ele>1038.8</ele>
      </trkpt>
      <trkpt lat="32.025557" lon="-110.646158">
        <ele>1041.0</ele>
      </trkpt>
      <trkpt lat="32.025464" lon="-110.646048">
        <ele>1042.0</ele>
      </trkpt>
      <trkpt lat="32.02547" lon="-110.645793">
        <ele>1042.0</ele>
      </trkpt>
      <trkpt lat="32.02527" lon="-110.645374">
        <ele>1043.0</ele>
      </trkpt>
      <trkpt lat="32.025395" lon="-110.64489">
        <ele>1046.8</ele>
      </trkpt>
      <trkpt lat="32.025511" lon="-110.64475">
        <ele>1046.5</ele>
      </trkpt>
      <trkpt lat="32.026119" lon="-110.64445">
        <ele>1045.1</ele>
      </trkpt>
      <trkpt lat="32.02632" lon="-110.644196">
        <ele>1043.4</ele>
      </trkpt>
      <trkpt lat="32.026649" lon="-110.642911">
        <ele>1043.5</ele>
      </trkpt>
      <trkpt lat="32.027116" lon="-110.641951">
        <ele>1043.0</ele>
      </trkpt>
      <trkpt lat="32.027113" lon="-110.641787">
        <ele>1043.1</ele>
      </trkpt>
      <trkpt lat="32.027575" lon="-110.641387">
        <ele>1041.0</ele>
      </trkpt>
      <trkpt lat="32.027717" lon="-110.641512">
        <ele>1038.4</ele>
      </trkpt>
      <trkpt lat="32.02782" lon="-110.641491">
        <ele>1037.5</ele>
      </trkpt>
      <trkpt lat="32.027948" lon="-110.641257">
        <ele>1036.5</ele>
      </trkpt>
      <trkpt lat="32.028155" lon="-110.641484">
        <ele>1035.0</ele>
      </trkpt>
      <trkpt lat="32.02845" lon="-110.641453">
        <ele>1035.4</ele>
      </trkpt>
      <trkpt lat="32.028489" lon="-110.641237">
        <ele>1036.0</ele>
      </trkpt>
      <trkpt lat="32.02868" lon="-110.64099">
        <ele>1036.1</ele>
      </trkpt>
      <trkpt lat="32.028866" lon="-110.641024">
        <ele>1036.8</ele>
      </trkpt>
      <trkpt lat="32.029356" lon="-110.640856">
        <ele>1040.4</ele>
      </trkpt>
      <trkpt lat="32.029655" lon="-110.640592">
        <ele>1040.5</ele>
      </trkpt>
      <trkpt lat="32.029842" lon="-110.640589">
        <ele>1042.4</ele>
      </trkpt>
      <trkpt lat="32.03031" lon="-110.640928">
        <ele>1045.0</ele>
      </trkpt>
      <trkpt lat="32.03098" lon="-110.640871">
        <ele>1046.1</ele>
      </trkpt>
      <trkpt lat="32.03132" lon="-110.641023">
        <ele>1047.8</ele>
      </trkpt>
      <trkpt lat="32.03152" lon="-110.640928">
        <ele>1048.0</ele>
      </trkpt>
      <trkpt lat="32.03203" lon="-110.641095">
        <ele>1050.1</ele>
      </trkpt>
      <trkpt lat="32.032193" lon="-110.640705">
        <ele>1051.8</ele>
      </trkpt>
      <trkpt lat="32.032725" lon="-110.641391">
        <ele>1055.1</ele>
      </trkpt>
      <trkpt lat="32.03302" lon="-110.64149">
        <ele>1057.0</ele>
      </trkpt>
      <trkpt lat="32.033489" lon="-110.641497">
        <ele>1059.0</ele>
      </trkpt>
      <trkpt lat="32.033588" lon="-110.641122">
        <ele>1061.0</ele>
      </trkpt>
      <trkpt lat="32.033887" lon="-110.640776">
        <ele>1063.5</ele>
      </trkpt>
      <trkpt lat="32.034661" lon="-110.640569">
        <ele>1060.0</ele>
      </trkpt>
      <trkpt lat="32.034719" lon="-110.640477">
        <ele>1059.5</ele>
      </trkpt>
      <trkpt lat="32.035134" lon="-110.640384">
        <ele>1059.8</ele>
      </trkpt>
      <trkpt lat="32.035325" lon="-110.640057">
        <ele>1062.1</ele>
      </trkpt>
      <trkpt lat="32.035449" lon="-110.63937">
        <ele>1066.0</ele>
      </trkpt>
      <trkpt lat="32.035376" lon="-110.639123">
        <ele>1068.0</ele>
      </trkpt>
      <trkpt lat="32.035432" lon="-110.638868">
        <ele>1069.4</ele>
      </trkpt>
      <trkpt lat="32.035655" lon="-110.639021">
        <ele>1068.0</ele>
      </trkpt>
      <trkpt lat="32.036002" lon="-110.638788">
        <ele>1070.1</ele>
      </trkpt>
      <trkpt lat="32.036053" lon="-110.638532">
        <ele>1071.5</ele>
      </trkpt>
      <trkpt lat="32.035995" lon="-110.637816">
        <ele>1076.0</ele>
      </trkpt>
      <trkpt lat="32.036358" lon="-110.637184">
        <ele>1068.5</ele>
      </trkpt>
      <trkpt lat="32.036461" lon="-110.63736">
        <ele>1066.4</ele>
      </trkpt>
      <trkpt lat="32.036633" lon="-110.637335">
        <ele>1066.4</ele>
      </trkpt>
      <trkpt lat="32.036732" lon="-110.63706">
        <ele>1067.1</ele>
      </trkpt>
      <trkpt lat="32.036803" lon="-110.637062">
        <ele>1068.0</ele>
      </trkpt>
      <trkpt lat="32.036772" lon="-110.636873">
        <ele>1068.5</ele>
      </trkpt>
      <trkpt lat="32.036944" lon="-110.635995">
        <ele>1073.1</ele>
      </trkpt>
      <trkpt lat="32.037075" lon="-110.635904">
        <ele>1073.5</ele>
      </trkpt>
      <trkpt lat="32.037061" lon="-110.635811">
        <ele>1074.0</ele>
      </trkpt>
      <trkpt lat="32.0372" lon="-110.63564">
        <ele>1074.0</ele>
      </trkpt>
      <trkpt lat="32.03723" lon="-110.635235">
        <ele>1074.1</ele>
      </trkpt>
      <trkpt lat="32.037751" lon="-110.634479">
        <ele>1082.4</ele>
      </trkpt>
      <trkpt lat="32.038186" lon="-110.634086">
        <ele>1084.4</ele>
      </trkpt>
      <trkpt lat="32.039066" lon="-110.633753">
        <ele>1088.5</ele>
      </trkpt>
      <trkpt lat="32.039447" lon="-110.633745">
        <ele>1090.0</ele>
      </trkpt>
      <trkpt lat="32.040188" lon="-110.63412">
        <ele>1096.5</ele>
      </trkpt>
      <trkpt lat="32.04032" lon="-110.63432">
        <ele>1097.0</ele>
      </trkpt>
      <trkpt lat="32.040723" lon="-110.63381">
        <ele>1093.0</ele>
      </trkpt>
      <trkpt lat="32.041123" lon="-110.633838">
        <ele>1094.5</ele>
      </trkpt>
      <trkpt lat="32.04137" lon="-110.633565">
        <ele>1096.8</ele>
      </trkpt>
      <trkpt lat="32.041724" lon="-110.633528">
        <ele>1099.5</ele>
      </trkpt>
      <trkpt lat="32.042306" lon="-110.632876">
        <ele>1099.5</ele>
      </trkpt>
      <trkpt lat="32.042299" lon="-110.632706">
        <ele>1098.5</ele>
      </trkpt>
      <trkpt lat="32.042581" lon="-110.632533">
        <ele>1099.5</ele>
      </trkpt>
      <trkpt lat="32.042772" lon="-110.632657">
        <ele>1101.0</ele>
      </trkpt>
      <trkpt lat="32.04308" lon="-110.632675">
        <ele>1102.5</ele>
      </trkpt>
      <trkpt lat="32.043187" lon="-110.632589">
        <ele>1103.8</ele>
      </trkpt>
      <trkpt lat="32.043201" lon="-110.632396">
        <ele>1104.5</ele>
      </trkpt>
      <trkpt lat="32.043304" lon="-110.632299">
        <ele>1107.0</ele>
      </trkpt>
      <trkpt lat="32.04358" lon="-110.63236">
        <ele>1109.0</ele>
      </trkpt>
      <trkpt lat="32.044359" lon="-110.632088">
        <ele>1110.8</ele>
      </trkpt>
      <trkpt lat="32.044489" lon="-110.631827">
        <ele>1112.8</ele>
      </trkpt>
      <trkpt lat="32.044835" lon="-110.632141">
        <ele>1116.5</ele>
      </trkpt>
      <trkpt lat="32.044956" lon="-110.631973">
        <ele>1119.0</ele>
      </trkpt>
      <trkpt lat="32.045042" lon="-110.632023">
        <ele>1121.0</ele>
      </trkpt>
      <trkpt lat="32.045062" lon="-110.632183">
        <ele>1120.5</ele>
      </trkpt>
      <trkpt lat="32.045338" lon="-110.632607">
        <ele>1117.0</ele>
      </trkpt>
      <trkpt lat="32.045591" lon="-110.633394">
        <ele>1113.4</ele>
      </trkpt>
      <trkpt lat="32.045702" lon="-110.633496">
        <ele>1113.1</ele>
      </trkpt>
      <trkpt lat="32.046034" lon="-110.634441">
        <ele>1105.0</ele>
      </trkpt>
      <trkpt lat="32.045937" lon="-110.635022">
        <ele>1102.1</ele>
      </trkpt>
      <trkpt lat="32.046062" lon="-110.635686">
        <ele>1090.8</ele>
      </trkpt>
      <trkpt lat="32.046213" lon="-110.635539">
        <ele>1086.8</ele>
      </trkpt>
      <trkpt lat="32.046664" lon="-110.635747">
        <ele>1082.0</ele>
      </trkpt>
      <trkpt lat="32.047266" lon="-110.635751">
        <ele>1075.0</ele>
      </trkpt>
      <trkpt lat="32.047581" lon="-110.636166">
        <ele>1073.5</ele>
      </trkpt>
      <trkpt lat="32.047722" lon="-110.636816">
        <ele>1070.1</ele>
      </trkpt>
      <trkpt lat="32.04757" lon="-110.637253">
        <ele>1065.5</ele>
      </trkpt>
      <trkpt lat="32.047221" lon="-110.637639">
        <ele>1062.5</ele>
      </trkpt>
      <trkpt lat="32.047016" lon="-110.637708">
        <ele>1059.1</ele>
      </trkpt>
      <trkpt lat="32.047331" lon="-110.637699">
        <ele>1060.0</ele>
      </trkpt>
      <trkpt lat="32.04757" lon="-110.637587">
        <ele>1058.4</ele>
      </trkpt>
      <trkpt lat="32.048004" lon="-110.637117">
        <ele>1058.4</ele>
      </trkpt>
      <trkpt lat="32.04808" lon="-110.637251">
        <ele>1055.8</ele>
      </trkpt>
      <trkpt lat="32.048209" lon="-110.637257">
        <ele>1053.8</ele>
      </trkpt>
      <trkpt lat="32.048389" lon="-110.637093">
        <ele>1052.4</ele>
      </trkpt>
      <trkpt lat="32.048377" lon="-110.636839">
        <ele>1053.5</ele>
      </trkpt>
      <trkpt lat="32.048081" lon="-110.636426">
        <ele>1057.1</ele>
      </trkpt>
      <trkpt lat="32.047663" lon="-110.635553">
        <ele>1061.8</ele>
      </trkpt>
      <trkpt lat="32.047263" lon="-110.635376">
        <ele>1064.8</ele>
      </trkpt>
      <trkpt lat="32.046749" lon="-110.635389">
        <ele>1069.1</ele>
      </trkpt>
      <trkpt lat="32.046517" lon="-110.635167">
        <ele>1071.0</ele>
      </trkpt>
      <trkpt lat="32.04667" lon="-110.634675">
        <ele>1068.0</ele>
      </trkpt>
      <trkpt lat="32.0467" lon="-110.634212">
        <ele>1069.4</ele>
      </trkpt>
      <trkpt lat="32.046565" lon="-110.633841">
        <ele>1070.0</ele>
      </trkpt>
      <trkpt lat="32.046695" lon="-110.633768">
        <ele>1069.0</ele>
      </trkpt>
      <trkpt lat="32.047302" lon="-110.634062">
        <ele>1063.0</ele>
      </trkpt>
      <trkpt lat="32.047407" lon="-110.63422">
        <ele>1061.5</ele>
      </trkpt>
      <trkpt lat="32.047696" lon="-110.634372">
        <ele>1060.0</ele>
      </trkpt>
      <trkpt lat="32.047886" lon="-110.634349">
        <ele>1058.5</ele>
      </trkpt>
      <trkpt lat="32.048198" lon="-110.633987">
        <ele>1055.4</ele>
      </trkpt>
      <trkpt lat="32.04825" lon="-110.634108">
        <ele>1053.4</ele>
      </trkpt>
      <trkpt lat="32.048018" lon="-110.634704">
        <ele>1047.0</ele>
      </trkpt>
      <trkpt lat="32.048256" lon="-110.634526">
        <ele>1048.0</ele>
      </trkpt>
      <trkpt lat="32.048271" lon="-110.634389">
        <ele>1048.1</ele>
      </trkpt>
      <trkpt lat="32.048474" lon="-110.63413">
        <ele>1045.4</ele>
      </trkpt>
      <trkpt lat="32.048398" lon="-110.63394">
        <ele>1047.5</ele>
      </trkpt>
      <trkpt lat="32.048505" lon="-110.633912">
        <ele>1048.0</ele>
      </trkpt>
      <trkpt lat="32.048529" lon="-110.633774">
        <ele>1049.0</ele>
      </trkpt>
      <trkpt lat="32.048446" lon="-110.633682">
        <ele>1049.4</ele>
      </trkpt>
      <trkpt lat="32.04883" lon="-110.633129">
        <ele>1048.8</ele>
      </trkpt>
      <trkpt lat="32.049107" lon="-110.632373">
        <ele>1051.5</ele>
      </trkpt>
      <trkpt lat="32.049244" lon="-110.632371">
        <ele>1048.0</ele>
      </trkpt>
      <trkpt lat="32.049788" lon="-110.632047">
        <ele>1044.5</ele>
      </trkpt>
      <trkpt lat="32.050133" lon="-110.631619">
        <ele>1042.5</ele>
      </trkpt>
      <trkpt lat="32.050203" lon="-110.631387">
        <ele>1041.0</ele>
      </trkpt>
      <trkpt lat="32.050503" lon="-110.631201">
        <ele>1040.0</ele>
      </trkpt>
      <trkpt lat="32.05057" lon="-110.630825">
        <ele>1040.4</ele>
      </trkpt>
      <trkpt lat="32.050317" lon="-110.630253">
        <ele>1042.5</ele>
      </trkpt>
      <trkpt lat="32.050458" lon="-110.629826">
        <ele>1044.8</ele>
      </trkpt>
      <trkpt lat="32.050347" lon="-110.629567">
        <ele>1047.5</ele>
      </trkpt>
      <trkpt lat="32.050373" lon="-110.629146">
        <ele>1049.0</ele>
      </trkpt>
      <trkpt lat="32.050648" lon="-110.629045">
        <ele>1049.0</ele>
      </trkpt>
      <trkpt lat="32.050586" lon="-110.628755">
        <ele>1050.0</ele>
      </trkpt>
      <trkpt lat="32.05078" lon="-110.628774">
        <ele>1049.8</ele>
      </trkpt>
      <trkpt lat="32.050829" lon="-110.62892">
        <ele>1049.8</ele>
      </trkpt>
      <trkpt lat="32.050917" lon="-110.628716">
        <ele>1052.0</ele>
      </trkpt>
      <trkpt lat="32.051063" lon="-110.628961">
        <ele>1054.1</ele>
      </trkpt>
      <trkpt lat="32.051353" lon="-110.629018">
        <ele>1058.0</ele>
      </trkpt>
      <trkpt lat="32.051276" lon="-110.629186">
        <ele>1055.4</ele>
      </trkpt>
      <trkpt lat="32.05145" lon="-110.629294">
        <ele>1056.4</ele>
      </trkpt>
      <trkpt lat="32.051417" lon="-110.629915">
        <ele>1054.1</ele>
      </trkpt>
      <trkpt lat="32.051546" lon="-110.629773">
        <ele>1051.0</ele>
      </trkpt>
      <trkpt lat="32.051758" lon="-110.629925">
        <ele>1051.4</ele>
      </trkpt>
      <trkpt lat="32.051658" lon="-110.630121">
        <ele>1049.0</ele>
      </trkpt>
      <trkpt lat="32.05171" lon="-110.63042">
        <ele>1048.5</ele>
      </trkpt>
      <trkpt lat="32.051867" lon="-110.630438">
        <ele>1049.8</ele>
      </trkpt>
      <trkpt lat="32.051793" lon="-110.630648">
        <ele>1048.4</ele>
      </trkpt>
      <trkpt lat="32.051944" lon="-110.63102">
        <ele>1047.1</ele>
      </trkpt>
      <trkpt lat="32.051853" lon="-110.631152">
        <ele>1047.5</ele>
      </trkpt>
      <trkpt lat="32.051899" lon="-110.631333">
        <ele>1048.8</ele>
      </trkpt>
      <trkpt lat="32.052003" lon="-110.63129">
        <ele>1049.1</ele>
      </trkpt>
      <trkpt lat="32.052591" lon="-110.631497">
        <ele>1053.8</ele>
      </trkpt>
      <trkpt lat="32.052777" lon="-110.631692">
        <ele>1054.1</ele>
      </trkpt>
      <trkpt lat="32.053015" lon="-110.631731">
        <ele>1055.1</ele>
      </trkpt>
      <trkpt lat="32.053438" lon="-110.631574">
        <ele>1058.4</ele>
      </trkpt>
      <trkpt lat="32.053724" lon="-110.631893">
        <ele>1060.5</ele>
      </trkpt>
      <trkpt lat="32.05371" lon="-110.632063">
        <ele>1061.8</ele>
      </trkpt>
      <trkpt lat="32.054451" lon="-110.632583">
        <ele>1068.8</ele>
      </trkpt>
      <trkpt lat="32.054462" lon="-110.632736">
        <ele>1068.0</ele>
      </trkpt>
      <trkpt lat="32.054617" lon="-110.632857">
        <ele>1067.4</ele>
      </trkpt>
      <trkpt lat="32.054949" lon="-110.632867">
        <ele>1067.4</ele>
      </trkpt>
      <trkpt lat="32.054546" lon="-110.633183">
        <ele>1062.0</ele>
      </trkpt>
      <trkpt lat="32.054758" lon="-110.633266">
        <ele>1060.1</ele>
      </trkpt>
      <trkpt lat="32.055391" lon="-110.632934">
        <ele>1064.4</ele>
      </trkpt>
      <trkpt lat="32.05572" lon="-110.6329">
        <ele>1063.4</ele>
      </trkpt>
      <trkpt lat="32.056361" lon="-110.632425">
        <ele>1063.1</ele>
      </trkpt>
      <trkpt lat="32.056556" lon="-110.63215">
        <ele>1063.4</ele>
      </trkpt>
      <trkpt lat="32.056928" lon="-110.631858">
        <ele>1065.4</ele>
      </trkpt>
      <trkpt lat="32.057432" lon="-110.631939">
        <ele>1063.4</ele>
      </trkpt>
      <trkpt lat="32.057676" lon="-110.631883">
        <ele>1063.0</ele>
      </trkpt>
      <trkpt lat="32.058546" lon="-110.631164">
        <ele>1068.1</ele>
      </trkpt>
      <trkpt lat="32.058923" lon="-110.631078">
        <ele>1068.1</ele>
      </trkpt>
      <trkpt lat="32.059561" lon="-110.630271">
        <ele>1064.8</ele>
      </trkpt>
      <trkpt lat="32.059655" lon="-110.629914">
        <ele>1060.4</ele>
      </trkpt>
      <trkpt lat="32.059905" lon="-110.629652">
        <ele>1061.5</ele>
      </trkpt>
      <trkpt lat="32.060004" lon="-110.629809">
        <ele>1061.8</ele>
      </trkpt>
      <trkpt lat="32.060091" lon="-110.629526">
        <ele>1065.1</ele>
      </trkpt>
      <trkpt lat="32.060504" lon="-110.628937">
        <ele>1072.8</ele>
      </trkpt>
      <trkpt lat="32.060795" lon="-110.628818">
        <ele>1075.0</ele>
      </trkpt>
      <trkpt lat="32.060882" lon="-110.62846">
        <ele>1074.0</ele>
      </trkpt>
      <trkpt lat="32.061048" lon="-110.628425">
        <ele>1074.5</ele>
      </trkpt>
      <trkpt lat="32.061216" lon="-110.628227">
        <ele>1075.5</ele>
      </trkpt>
      <trkpt lat="32.061433" lon="-110.628127">
        <ele>1078.1</ele>
      </trkpt>
      <trkpt lat="32.06139" lon="-110.628006">
        <ele>1076.1</ele>
      </trkpt>
      <trkpt lat="32.061673" lon="-110.627517">
        <ele>1075.8</ele>
      </trkpt>
      <trkpt lat="32.061703" lon="-110.627255">
        <ele>1073.1</ele>
      </trkpt>
      <trkpt lat="32.062027" lon="-110.62705">
        <ele>1072.5</ele>
      </trkpt>
      <trkpt lat="32.062557" lon="-110.626145">
        <ele>1073.0</ele>
      </trkpt>
      <trkpt lat="32.062759" lon="-110.626172">
        <ele>1073.5</ele>
      </trkpt>
      <trkpt lat="32.062686" lon="-110.625969">
        <ele>1073.1</ele>
      </trkpt>
      <trkpt lat="32.063131" lon="-110.624917">
        <ele>1073.0</ele>
      </trkpt>
      <trkpt lat="32.063108" lon="-110.624805">
        <ele>1073.0</ele>
      </trkpt>
      <trkpt lat="32.063269" lon="-110.624415">
        <ele>1075.0</ele>
      </trkpt>
      <trkpt lat="32.063352" lon="-110.623611">
        <ele>1073.1</ele>
      </trkpt>
      <trkpt lat="32.06347" lon="-110.623456">
        <ele>1073.0</ele>
      </trkpt>
      <trkpt lat="32.063457" lon="-110.623259">
        <ele>1073.0</ele>
      </trkpt>
      <trkpt lat="32.063643" lon="-110.623078">
        <ele>1075.1</ele>
      </trkpt>
      <trkpt lat="32.063721" lon="-110.622833">
        <ele>1078.1</ele>
      </trkpt>
      <trkpt lat="32.06467" lon="-110.621962">
        <ele>1080.8</ele>
      </trkpt>
      <trkpt lat="32.064737" lon="-110.621787">
        <ele>1081.0</ele>
      </trkpt>
      <trkpt lat="32.065054" lon="-110.621591">
        <ele>1081.4</ele>
      </trkpt>
      <trkpt lat="32.065288" lon="-110.621846">
        <ele>1085.5</ele>
      </trkpt>
      <trkpt lat="32.065199" lon="-110.622146">
        <ele>1087.4</ele>
      </trkpt>
      <trkpt lat="32.065657" lon="-110.621867">
        <ele>1093.5</ele>
      </trkpt>
      <trkpt lat="32.065782" lon="-110.621494">
        <ele>1092.4</ele>
      </trkpt>
      <trkpt lat="32.066274" lon="-110.621293">
        <ele>1097.1</ele>
      </trkpt>
      <trkpt lat="32.066578" lon="-110.621423">
        <ele>1098.1</ele>
      </trkpt>
      <trkpt lat="32.06653" lon="-110.621175">
        <ele>1094.8</ele>
      </trkpt>
      <trkpt lat="32.066744" lon="-110.620985">
        <ele>1097.4</ele>
      </trkpt>
      <trkpt lat="32.067574" lon="-110.620854">
        <ele>1107.1</ele>
      </trkpt>
      <trkpt lat="32.067984" lon="-110.621146">
        <ele>1115.0</ele>
      </trkpt>
      <trkpt lat="32.068125" lon="-110.621136">
        <ele>1114.1</ele>
      </trkpt>
      <trkpt lat="32.068404" lon="-110.621359">
        <ele>1112.4</ele>
      </trkpt>
      <trkpt lat="32.068471" lon="-110.620651">
        <ele>1108.4</ele>
      </trkpt>
      <trkpt lat="32.06879" lon="-110.620356">
        <ele>1107.0</ele>
      </trkpt>
      <trkpt lat="32.069194" lon="-110.620342">
        <ele>1107.8</ele>
      </trkpt>
      <trkpt lat="32.069619" lon="-110.620078">
        <ele>1106.8</ele>
      </trkpt>
      <trkpt lat="32.069857" lon="-110.620144">
        <ele>1107.8</ele>
      </trkpt>
      <trkpt lat="32.069986" lon="-110.620303">
        <ele>1110.5</ele>
      </trkpt>
      <trkpt lat="32.070037" lon="-110.620583">
        <ele>1117.1</ele>
      </trkpt>
      <trkpt lat="32.070154" lon="-110.620492">
        <ele>1113.4</ele>
      </trkpt>
      <trkpt lat="32.07023" lon="-110.62057">
        <ele>1113.4</ele>
      </trkpt>
      <trkpt lat="32.070734" lon="-110.620563">
        <ele>1113.1</ele>
      </trkpt>
      <trkpt lat="32.071132" lon="-110.620446">
        <ele>1116.1</ele>
      </trkpt>
      <trkpt lat="32.070614" lon="-110.620086">
        <ele>1109.5</ele>
      </trkpt>
      <trkpt lat="32.070455" lon="-110.62007">
        <ele>1107.4</ele>
      </trkpt>
      <trkpt lat="32.070352" lon="-110.619933">
        <ele>1105.5</ele>
      </trkpt>
      <trkpt lat="32.070357" lon="-110.619634">
        <ele>1104.4</ele>
      </trkpt>
      <trkpt lat="32.070588" lon="-110.619186">
        <ele>1104.0</ele>
      </trkpt>
      <trkpt lat="32.07092" lon="-110.618863">
        <ele>1105.0</ele>
      </trkpt>
      <trkpt lat="32.07157" lon="-110.61889">
        <ele>1109.0</ele>
      </trkpt>
      <trkpt lat="32.071554" lon="-110.618584">
        <ele>1107.5</ele>
      </trkpt>
      <trkpt lat="32.072097" lon="-110.618201">
        <ele>1110.8</ele>
      </trkpt>
      <trkpt lat="32.072353" lon="-110.618155">
        <ele>1113.0</ele>
      </trkpt>
      <trkpt lat="32.072508" lon="-110.618323">
        <ele>1113.8</ele>
      </trkpt>
      <trkpt lat="32.072764" lon="-110.618201">
        <ele>1111.5</ele>
      </trkpt>
      <trkpt lat="32.072909" lon="-110.618229">
        <ele>1110.1</ele>
      </trkpt>
      <trkpt lat="32.072941" lon="-110.618532">
        <ele>1113.0</ele>
      </trkpt>
      <trkpt lat="32.07336" lon="-110.618736">
        <ele>1111.5</ele>
      </trkpt>
      <trkpt lat="32.073611" lon="-110.6187">
        <ele>1109.4</ele>
      </trkpt>
      <trkpt lat="32.073583" lon="-110.618453">
        <ele>1106.4</ele>
      </trkpt>
      <trkpt lat="32.073659" lon="-110.618293">
        <ele>1104.1</ele>
      </trkpt>
      <trkpt lat="32.073931" lon="-110.618141">
        <ele>1102.1</ele>
      </trkpt>
      <trkpt lat="32.073935" lon="-110.618017">
        <ele>1100.8</ele>
      </trkpt>
      <trkpt lat="32.074196" lon="-110.617879">
        <ele>1099.4</ele>
      </trkpt>
      <trkpt lat="32.074433" lon="-110.617967">
        <ele>1100.1</ele>
      </trkpt>
      <trkpt lat="32.074421" lon="-110.618196">
        <ele>1100.8</ele>
      </trkpt>
      <trkpt lat="32.074576" lon="-110.618149">
        <ele>1100.0</ele>
      </trkpt>
      <trkpt lat="32.074647" lon="-110.618298">
        <ele>1100.8</ele>
      </trkpt>
      <trkpt lat="32.074603" lon="-110.618521">
        <ele>1103.4</ele>
      </trkpt>
      <trkpt lat="32.075152" lon="-110.618816">
        <ele>1106.1</ele>
      </trkpt>
      <trkpt lat="32.075662" lon="-110.620174">
        <ele>1114.4</ele>
      </trkpt>
      <trkpt lat="32.076133" lon="-110.620125">
        <ele>1106.8</ele>
      </trkpt>
      <trkpt lat="32.076262" lon="-110.619965">
        <ele>1105.0</ele>
      </trkpt>
      <trkpt lat="32.076347" lon="-110.619995">
        <ele>1104.5</ele>
      </trkpt>
      <trkpt lat="32.076507" lon="-110.619763">
        <ele>1101.5</ele>
      </trkpt>
      <trkpt lat="32.076813" lon="-110.619711">
        <ele>1101.1</ele>
      </trkpt>
      <trkpt lat="32.077446" lon="-110.619897">
        <ele>1100.1</ele>
      </trkpt>
      <trkpt lat="32.077694" lon="-110.619803">
        <ele>1099.0</ele>
      </trkpt>
      <trkpt lat="32.077845" lon="-110.61986">
        <ele>1099.1</ele>
      </trkpt>
      <trkpt lat="32.077978" lon="-110.620072">
        <ele>1100.5</ele>
      </trkpt>
      <trkpt lat="32.077995" lon="-110.620294">
        <ele>1101.4</ele>
      </trkpt>
      <trkpt lat="32.077762" lon="-110.620631">
        <ele>1106.8</ele>
      </trkpt>
      <trkpt lat="32.077688" lon="-110.620945">
        <ele>1105.4</ele>
      </trkpt>
      <trkpt lat="32.077733" lon="-110.621115">
        <ele>1103.1</ele>
      </trkpt>
      <trkpt lat="32.077624" lon="-110.621285">
        <ele>1099.8</ele>
      </trkpt>
      <trkpt lat="32.077638" lon="-110.621731">
        <ele>1098.5</ele>
      </trkpt>
      <trkpt lat="32.07793" lon="-110.62182">
        <ele>1096.0</ele>
      </trkpt>
      <trkpt lat="32.078049" lon="-110.622131">
        <ele>1095.1</ele>
      </trkpt>
      <trkpt lat="32.077962" lon="-110.622461">
        <ele>1095.0</ele>
      </trkpt>
      <trkpt lat="32.078249" lon="-110.622499">
        <ele>1092.5</ele>
      </trkpt>
      <trkpt lat="32.078235" lon="-110.622725">
        <ele>1092.1</ele>
      </trkpt>
      <trkpt lat="32.078086" lon="-110.622833">
        <ele>1092.5</ele>
      </trkpt>
      <trkpt lat="32.078088" lon="-110.622943">
        <ele>1092.8</ele>
      </trkpt>
      <trkpt lat="32.078204" lon="-110.622963">
        <ele>1092.4</ele>
      </trkpt>
      <trkpt lat="32.078254" lon="-110.623091">
        <ele>1092.4</ele>
      </trkpt>
      <trkpt lat="32.078012" lon="-110.623322">
        <ele>1093.0</ele>
      </trkpt>
      <trkpt lat="32.07803" lon="-110.62348">
        <ele>1093.0</ele>
      </trkpt>
      <trkpt lat="32.0785" lon="-110.623445">
        <ele>1090.4</ele>
      </trkpt>
      <trkpt lat="32.078863" lon="-110.623563">
        <ele>1090.0</ele>
      </trkpt>
      <trkpt lat="32.079008" lon="-110.62372">
        <ele>1089.5</ele>
      </trkpt>
      <trkpt lat="32.079026" lon="-110.623969">
        <ele>1089.0</ele>
      </trkpt>
      <trkpt lat="32.079279" lon="-110.624324">
        <ele>1087.4</ele>
      </trkpt>
      <trkpt lat="32.079648" lon="-110.624506">
        <ele>1086.1</ele>
      </trkpt>
      <trkpt lat="32.079715" lon="-110.624674">
        <ele>1086.0</ele>
      </trkpt>
      <trkpt lat="32.08005" lon="-110.624877">
        <ele>1084.8</ele>
      </trkpt>
      <trkpt lat="32.080558" lon="-110.624867">
        <ele>1082.0</ele>
      </trkpt>
      <trkpt lat="32.080827" lon="-110.624993">
        <ele>1080.5</ele>
      </trkpt>
      <trkpt lat="32.081037" lon="-110.625387">
        <ele>1079.8</ele>
      </trkpt>
      <trkpt lat="32.081328" lon="-110.625429">
        <ele>1079.0</ele>
      </trkpt>
      <trkpt lat="32.08156" lon="-110.62531">
        <ele>1077.4</ele>
      </trkpt>
      <trkpt lat="32.081615" lon="-110.625407">
        <ele>1077.1</ele>
      </trkpt>
      <trkpt lat="32.081789" lon="-110.625399">
        <ele>1077.0</ele>
      </trkpt>
      <trkpt lat="32.081975" lon="-110.625536">
        <ele>1076.8</ele>
      </trkpt>
      <trkpt lat="32.082048" lon="-110.625914">
        <ele>1078.1</ele>
      </trkpt>
      <trkpt lat="32.082275" lon="-110.626146">
        <ele>1079.1</ele>
      </trkpt>
      <trkpt lat="32.082895" lon="-110.626398">
        <ele>1079.0</ele>
      </trkpt>
      <trkpt lat="32.082982" lon="-110.626561">
        <ele>1079.0</ele>
      </trkpt>
      <trkpt lat="32.083322" lon="-110.626774">
        <ele>1078.4</ele>
      </trkpt>
      <trkpt lat="32.08372" lon="-110.626794">
        <ele>1077.4</ele>
      </trkpt>
      <trkpt lat="32.08409" lon="-110.626928">
        <ele>1076.8</ele>
      </trkpt>
      <trkpt lat="32.084235" lon="-110.62682">
        <ele>1076.1</ele>
      </trkpt>
      <trkpt lat="32.084533" lon="-110.626961">
        <ele>1076.0</ele>
      </trkpt>
      <trkpt lat="32.084696" lon="-110.626919">
        <ele>1076.0</ele>
      </trkpt>
      <trkpt lat="32.08491" lon="-110.62704">
        <ele>1076.0</ele>
      </trkpt>
      <trkpt lat="32.084955" lon="-110.62716">
        <ele>1076.0</ele>
      </trkpt>
      <trkpt lat="32.08527" lon="-110.62726">
        <ele>1076.0</ele>
      </trkpt>
      <trkpt lat="32.085473" lon="-110.627445">
        <ele>1076.0</ele>
      </trkpt>
      <trkpt lat="32.08589" lon="-110.627425">
        <ele>1075.5</ele>
      </trkpt>
      <trkpt lat="32.08608" lon="-110.627167">
        <ele>1075.0</ele>
      </trkpt>
      <trkpt lat="32.086506" lon="-110.626999">
        <ele>1074.4</ele>
      </trkpt>
      <trkpt lat="32.086692" lon="-110.626712">
        <ele>1074.0</ele>
      </trkpt>
      <trkpt lat="32.086883" lon="-110.626709">
        <ele>1074.0</ele>
      </trkpt>
      <trkpt lat="32.087018" lon="-110.626305">
        <ele>1073.0</ele>
      </trkpt>
      <trkpt lat="32.086931" lon="-110.626176">
        <ele>1073.0</ele>
      </trkpt>
      <trkpt lat="32.087043" lon="-110.626053">
        <ele>1073.0</ele>
      </trkpt>
      <trkpt lat="32.087485" lon="-110.625974">
        <ele>1072.0</ele>
      </trkpt>
      <trkpt lat="32.087707" lon="-110.625782">
        <ele>1071.4</ele>
      </trkpt>
      <trkpt lat="32.087829" lon="-110.625777">
        <ele>1071.0</ele>
      </trkpt>
      <trkpt lat="32.087992" lon="-110.625469">
        <ele>1070.5</ele>
      </trkpt>
      <trkpt lat="32.088445" lon="-110.62511">
        <ele>1069.5</ele>
      </trkpt>
      <trkpt lat="32.088576" lon="-110.625151">
        <ele>1069.1</ele>
      </trkpt>
      <trkpt lat="32.088915" lon="-110.624926">
        <ele>1067.5</ele>
      </trkpt>
      <trkpt lat="32.089163" lon="-110.624934">
        <ele>1067.1</ele>
      </trkpt>
      <trkpt lat="32.089401" lon="-110.624661">
        <ele>1065.5</ele>
      </trkpt>
      <trkpt lat="32.089886" lon="-110.624509">
        <ele>1063.1</ele>
      </trkpt>
      <trkpt lat="32.089685" lon="-110.624183">
        <ele>1063.0</ele>
      </trkpt>
      <trkpt lat="32.089734" lon="-110.623804">
        <ele>1062.1</ele>
      </trkpt>
      <trkpt lat="32.089843" lon="-110.623804">
        <ele>1062.0</ele>
      </trkpt>
      <trkpt lat="32.090013" lon="-110.62412">
        <ele>1061.4</ele>
      </trkpt>
      <trkpt lat="32.090131" lon="-110.624103">
        <ele>1061.0</ele>
      </trkpt>
      <trkpt lat="32.090173" lon="-110.623985">
        <ele>1061.0</ele>
      </trkpt>
      <trkpt lat="32.090258" lon="-110.623984">
        <ele>1061.1</ele>
      </trkpt>
      <trkpt lat="32.090334" lon="-110.624408">
        <ele>1062.8</ele>
      </trkpt>
      <trkpt lat="32.090425" lon="-110.624391">
        <ele>1063.0</ele>
      </trkpt>
      <trkpt lat="32.090591" lon="-110.62396">
        <ele>1061.8</ele>
      </trkpt>
      <trkpt lat="32.090919" lon="-110.624337">
        <ele>1062.8</ele>
      </trkpt>
      <trkpt lat="32.091121" lon="-110.624276">
        <ele>1063.0</ele>
      </trkpt>
      <trkpt lat="32.09122" lon="-110.624438">
        <ele>1062.8</ele>
      </trkpt>
      <trkpt lat="32.091332" lon="-110.624457">
        <ele>1062.4</ele>
      </trkpt>
      <trkpt lat="32.091687" lon="-110.625106">
        <ele>1061.0</ele>
      </trkpt>
      <trkpt lat="32.09154" lon="-110.625228">
        <ele>1061.0</ele>
      </trkpt>
      <trkpt lat="32.091617" lon="-110.625393">
        <ele>1061.0</ele>
      </trkpt>
      <trkpt lat="32.09198" lon="-110.625431">
        <ele>1060.5</ele>
      </trkpt>
      <trkpt lat="32.092453" lon="-110.625322">
        <ele>1059.1</ele>
      </trkpt>
      <trkpt lat="32.092643" lon="-110.625366">
        <ele>1058.8</ele>
      </trkpt>
      <trkpt lat="32.092709" lon="-110.625655">
        <ele>1058.8</ele>
      </trkpt>
      <trkpt lat="32.09302" lon="-110.625789">
        <ele>1057.0</ele>
      </trkpt>
      <trkpt lat="32.093458" lon="-110.625773">
        <ele>1055.5</ele>
      </trkpt>
      <trkpt lat="32.093682" lon="-110.625909">
        <ele>1054.0</ele>
      </trkpt>
      <trkpt lat="32.093988" lon="-110.625905">
        <ele>1052.5</ele>
      </trkpt>
      <trkpt lat="32.094158" lon="-110.626107">
        <ele>1052.0</ele>
      </trkpt>
      <trkpt lat="32.094876" lon="-110.626188">
        <ele>1049.8</ele>
      </trkpt>
      <trkpt lat="32.095013" lon="-110.626095">
        <ele>1049.1</ele>
      </trkpt>
      <trkpt lat="32.09509" lon="-110.626221">
        <ele>1049.0</ele>
      </trkpt>
      <trkpt lat="32.095239" lon="-110.626174">
        <ele>1048.8</ele>
      </trkpt>
      <trkpt lat="32.095267" lon="-110.62603">
        <ele>1048.5</ele>
      </trkpt>
      <trkpt lat="32.095442" lon="-110.62595">
        <ele>1048.4</ele>
      </trkpt>
      <trkpt lat="32.096015" lon="-110.626118">
        <ele>1046.5</ele>
      </trkpt>
      <trkpt lat="32.096178" lon="-110.62627">
        <ele>1045.8</ele>
      </trkpt>
      <trkpt lat="32.096293" lon="-110.626252">
        <ele>1045.4</ele>
      </trkpt>
      <trkpt lat="32.096367" lon="-110.626086">
        <ele>1045.5</ele>
      </trkpt>
      <trkpt lat="32.09651" lon="-110.62605">
        <ele>1045.5</ele>
      </trkpt>
      <trkpt lat="32.097073" lon="-110.626406">
        <ele>1043.0</ele>
      </trkpt>
      <trkpt lat="32.097206" lon="-110.626842">
        <ele>1041.5</ele>
      </trkpt>
      <trkpt lat="32.097613" lon="-110.626928">
        <ele>1040.4</ele>
      </trkpt>
      <trkpt lat="32.097772" lon="-110.626632">
        <ele>1039.5</ele>
      </trkpt>
      <trkpt lat="32.098011" lon="-110.626608">
        <ele>1038.8</ele>
      </trkpt>
      <trkpt lat="32.098174" lon="-110.626775">
        <ele>1038.1</ele>
      </trkpt>
      <trkpt lat="32.098656" lon="-110.626733">
        <ele>1037.0</ele>
      </trkpt>
      <trkpt lat="32.098737" lon="-110.626846">
        <ele>1037.0</ele>
      </trkpt>
      <trkpt lat="32.099062" lon="-110.626749">
        <ele>1036.5</ele>
      </trkpt>
      <trkpt lat="32.09952" lon="-110.626834">
        <ele>1036.0</ele>
      </trkpt>
      <trkpt lat="32.099722" lon="-110.626724">
        <ele>1034.0</ele>
      </trkpt>
      <trkpt lat="32.099758" lon="-110.626808">
        <ele>1034.1</ele>
      </trkpt>
      <trkpt lat="32.099654" lon="-110.62693">
        <ele>1035.0</ele>
      </trkpt>
      <trkpt lat="32.099666" lon="-110.627034">
        <ele>1034.8</ele>
      </trkpt>
      <trkpt lat="32.100211" lon="-110.626895">
        <ele>1031.5</ele>
      </trkpt>
      <trkpt lat="32.100327" lon="-110.627002">
        <ele>1031.1</ele>
      </trkpt>
      <trkpt lat="32.10063" lon="-110.62684">
        <ele>1029.4</ele>
      </trkpt>
      <trkpt lat="32.100735" lon="-110.626995">
        <ele>1029.0</ele>
      </trkpt>
      <trkpt lat="32.100962" lon="-110.627082">
        <ele>1028.0</ele>
      </trkpt>
      <trkpt lat="32.101114" lon="-110.627">
        <ele>1027.1</ele>
      </trkpt>
      <trkpt lat="32.101504" lon="-110.627026">
        <ele>1026.0</ele>
      </trkpt>
      <trkpt lat="32.101671" lon="-110.627211">
        <ele>1025.1</ele>
      </trkpt>
      <trkpt lat="32.102007" lon="-110.627246">
        <ele>1024.1</ele>
      </trkpt>
      <trkpt lat="32.102429" lon="-110.627645">
        <ele>1022.7</ele>
      </trkpt>
      <trkpt lat="32.102483" lon="-110.62781">
        <ele>1023.0</ele>
      </trkpt>
      <trkpt lat="32.102716" lon="-110.628041">
        <ele>1022.7</ele>
      </trkpt>
      <trkpt lat="32.103037" lon="-110.62801">
        <ele>1020.2</ele>
      </trkpt>
      <trkpt lat="32.10316" lon="-110.627886">
        <ele>1019.4</ele>
      </trkpt>
      <trkpt lat="32.103594" lon="-110.627821">
        <ele>1018.0</ele>
      </trkpt>
      <trkpt lat="32.103986" lon="-110.628344">
        <ele>1016.0</ele>
      </trkpt>
      <trkpt lat="32.104146" lon="-110.62834">
        <ele>1015.4</ele>
      </trkpt>
      <trkpt lat="32.104293" lon="-110.628627">
        <ele>1014.2</ele>
      </trkpt>
      <trkpt lat="32.104535" lon="-110.628651">
        <ele>1013.4</ele>
      </trkpt>
      <trkpt lat="32.10472" lon="-110.628904">
        <ele>1012.4</ele>
      </trkpt>
      <trkpt lat="32.104784" lon="-110.62941">
        <ele>1012.0</ele>
      </trkpt>
      <trkpt lat="32.104957" lon="-110.629928">
        <ele>1012.0</ele>
      </trkpt>
      <trkpt lat="32.105105" lon="-110.630062">
        <ele>1012.0</ele>
      </trkpt>
      <trkpt lat="32.105365" lon="-110.630094">
        <ele>1012.0</ele>
      </trkpt>
      <trkpt lat="32.105674" lon="-110.629966">
        <ele>1011.0</ele>
      </trkpt>
      <trkpt lat="32.105789" lon="-110.630211">
        <ele>1010.7</ele>
      </trkpt>
      <trkpt lat="32.105955" lon="-110.630064">
        <ele>1010.0</ele>
      </trkpt>
      <trkpt lat="32.106049" lon="-110.630185">
        <ele>1010.0</ele>
      </trkpt>
      <trkpt lat="32.106015" lon="-110.630443">
        <ele>1010.0</ele>
      </trkpt>
      <trkpt lat="32.106212" lon="-110.630632">
        <ele>1009.7</ele>
      </trkpt>
      <trkpt lat="32.106462" lon="-110.63071">
        <ele>1009.4</ele>
      </trkpt>
      <trkpt lat="32.106569" lon="-110.63059">
        <ele>1009.0</ele>
      </trkpt>
      <trkpt lat="32.106636" lon="-110.630706">
        <ele>1008.7</ele>
      </trkpt>
      <trkpt lat="32.10676" lon="-110.630724">
        <ele>1008.4</ele>
      </trkpt>
      <trkpt lat="32.107124" lon="-110.630465">
        <ele>1006.7</ele>
      </trkpt>
      <trkpt lat="32.107401" lon="-110.630396">
        <ele>1005.7</ele>
      </trkpt>
      <trkpt lat="32.107926" lon="-110.630478">
        <ele>1003.4</ele>
      </trkpt>
      <trkpt lat="32.107953" lon="-110.630722">
        <ele>1002.7</ele>
      </trkpt>
      <trkpt lat="32.108356" lon="-110.630887">
        <ele>1001.4</ele>
      </trkpt>
      <trkpt lat="32.108465" lon="-110.63111">
        <ele>1000.7</ele>
      </trkpt>
      <trkpt lat="32.108396" lon="-110.63134">
        <ele>1000.4</ele>
      </trkpt>
      <trkpt lat="32.10857" lon="-110.631658">
        <ele>1000.0</ele>
      </trkpt>
      <trkpt lat="32.10888" lon="-110.631734">
        <ele>999.4</ele>
      </trkpt>
      <trkpt lat="32.108935" lon="-110.63182">
        <ele>999.5</ele>
      </trkpt>
      <trkpt lat="32.109281" lon="-110.631839">
        <ele>999.7</ele>
      </trkpt>
      <trkpt lat="32.109313" lon="-110.632038">
        <ele>999.5</ele>
      </trkpt>
      <trkpt lat="32.109428" lon="-110.632037">
        <ele>999.0</ele>
      </trkpt>
      <trkpt lat="32.109743" lon="-110.632353">
        <ele>999.0</ele>
      </trkpt>
      <trkpt lat="32.109706" lon="-110.632482">
        <ele>999.0</ele>
      </trkpt>
      <trkpt lat="32.109814" lon="-110.632554">
        <ele>998.7</ele>
      </trkpt>
      <trkpt lat="32.109997" lon="-110.6325">
        <ele>998.0</ele>
      </trkpt>
      <trkpt lat="32.110512" lon="-110.632911">
        <ele>997.5</ele>
      </trkpt>
      <trkpt lat="32.110493" lon="-110.633071">
        <ele>998.2</ele>
      </trkpt>
      <trkpt lat="32.110681" lon="-110.633052">
        <ele>997.4</ele>
      </trkpt>
      <trkpt lat="32.11084" lon="-110.632912">
        <ele>995.5</ele>
      </trkpt>
      <trkpt lat="32.110988" lon="-110.632908">
        <ele>994.7</ele>
      </trkpt>
      <trkpt lat="32.11105" lon="-110.632806">
        <ele>993.7</ele>
      </trkpt>
      <trkpt lat="32.111839" lon="-110.632962">
        <ele>990.2</ele>
      </trkpt>
      <trkpt lat="32.1119" lon="-110.633126">
        <ele>989.7</ele>
      </trkpt>
      <trkpt lat="32.112451" lon="-110.632982">
        <ele>988.2</ele>
      </trkpt>
      <trkpt lat="32.112599" lon="-110.63303">
        <ele>988.0</ele>
      </trkpt>
      <trkpt lat="32.112654" lon="-110.63327">
        <ele>988.0</ele>
      </trkpt>
      <trkpt lat="32.112889" lon="-110.633484">
        <ele>988.0</ele>
      </trkpt>
      <trkpt lat="32.112938" lon="-110.633835">
        <ele>987.5</ele>
      </trkpt>
      <trkpt lat="32.113066" lon="-110.633791">
        <ele>987.0</ele>
      </trkpt>
      <trkpt lat="32.113493" lon="-110.634189">
        <ele>987.2</ele>
      </trkpt>
      <trkpt lat="32.113731" lon="-110.634196">
        <ele>987.0</ele>
      </trkpt>
      <trkpt lat="32.113962" lon="-110.634569">
        <ele>987.0</ele>
      </trkpt>
      <trkpt lat="32.11425" lon="-110.63449">
        <ele>986.0</ele>
      </trkpt>
      <trkpt lat="32.114402" lon="-110.634699">
        <ele>986.0</ele>
      </trkpt>
      <trkpt lat="32.11457" lon="-110.634712">
        <ele>986.0</ele>
      </trkpt>
      <trkpt lat="32.114995" lon="-110.634967">
        <ele>985.0</ele>
      </trkpt>
      <trkpt lat="32.115026" lon="-110.635084">
        <ele>985.0</ele>
      </trkpt>
      <trkpt lat="32.11551" lon="-110.635293">
        <ele>984.0</ele>
      </trkpt>
      <trkpt lat="32.115761" lon="-110.635302">
        <ele>983.4</ele>
      </trkpt>
      <trkpt lat="32.115978" lon="-110.63513">
        <ele>982.2</ele>
      </trkpt>
      <trkpt lat="32.11686" lon="-110.635263">
        <ele>976.5</ele>
      </trkpt>
      <trkpt lat="32.117095" lon="-110.635123">
        <ele>975.7</ele>
      </trkpt>
      <trkpt lat="32.117182" lon="-110.634947">
        <ele>975.2</ele>
      </trkpt>
      <trkpt lat="32.117672" lon="-110.635065">
        <ele>975.0</ele>
      </trkpt>
      <trkpt lat="32.117956" lon="-110.635561">
        <ele>975.0</ele>
      </trkpt>
      <trkpt lat="32.118482" lon="-110.635509">
        <ele>974.0</ele>
      </trkpt>
      <trkpt lat="32.118721" lon="-110.635615">
        <ele>973.2</ele>
      </trkpt>
      <trkpt lat="32.118969" lon="-110.635568">
        <ele>972.2</ele>
      </trkpt>
      <trkpt lat="32.119053" lon="-110.635635">
        <ele>972.2</ele>
      </trkpt>
      <trkpt lat="32.119019" lon="-110.636009">
        <ele>973.0</ele>
      </trkpt>
      <trkpt lat="32.119334" lon="-110.635972">
        <ele>972.7</ele>
      </trkpt>
      <trkpt lat="32.119414" lon="-110.636265">
        <ele>973.4</ele>
      </trkpt>
      <trkpt lat="32.1199" lon="-110.63666">
        <ele>974.0</ele>
      </trkpt>
      <trkpt lat="32.120162" lon="-110.637066">
        <ele>973.2</ele>
      </trkpt>
      <trkpt lat="32.120201" lon="-110.637492">
        <ele>972.2</ele>
      </trkpt>
      <trkpt lat="32.120386" lon="-110.63753">
        <ele>970.0</ele>
      </trkpt>
      <trkpt lat="32.120489" lon="-110.63782">
        <ele>969.0</ele>
      </trkpt>
      <trkpt lat="32.120626" lon="-110.63791">
        <ele>967.7</ele>
      </trkpt>
      <trkpt lat="32.12063" lon="-110.638034">
        <ele>967.0</ele>
      </trkpt>
      <trkpt lat="32.120998" lon="-110.638446">
        <ele>965.2</ele>
      </trkpt>
      <trkpt lat="32.121225" lon="-110.638575">
        <ele>964.5</ele>
      </trkpt>
      <trkpt lat="32.121299" lon="-110.63893">
        <ele>963.2</ele>
      </trkpt>
      <trkpt lat="32.121166" lon="-110.638895">
        <ele>963.0</ele>
      </trkpt>
      <trkpt lat="32.120981" lon="-110.63899">
        <ele>963.0</ele>
      </trkpt>
      <trkpt lat="32.121163" lon="-110.639342">
        <ele>962.0</ele>
      </trkpt>
      <trkpt lat="32.121322" lon="-110.639335">
        <ele>962.0</ele>
      </trkpt>
      <trkpt lat="32.12124" lon="-110.63953">
        <ele>961.5</ele>
      </trkpt>
      <trkpt lat="32.121265" lon="-110.639704">
        <ele>961.2</ele>
      </trkpt>
      <trkpt lat="32.121398" lon="-110.639808">
        <ele>962.2</ele>
      </trkpt>
      <trkpt lat="32.121564" lon="-110.640408">
        <ele>960.0</ele>
      </trkpt>
      <trkpt lat="32.122115" lon="-110.640668">
        <ele>957.5</ele>
      </trkpt>
      <trkpt lat="32.122405" lon="-110.640554">
        <ele>957.7</ele>
      </trkpt>
      <trkpt lat="32.122497" lon="-110.640694">
        <ele>955.7</ele>
      </trkpt>
      <trkpt lat="32.122662" lon="-110.64064">
        <ele>956.2</ele>
      </trkpt>
      <trkpt lat="32.122734" lon="-110.640738">
        <ele>955.7</ele>
      </trkpt>
      <trkpt lat="32.123025" lon="-110.640742">
        <ele>955.2</ele>
      </trkpt>
      <trkpt lat="32.123164" lon="-110.641067">
        <ele>953.0</ele>
      </trkpt>
      <trkpt lat="32.123282" lon="-110.641116">
        <ele>953.0</ele>
      </trkpt>
      <trkpt lat="32.12332" lon="-110.641344">
        <ele>952.0</ele>
      </trkpt>
      <trkpt lat="32.123386" lon="-110.641352">
        <ele>952.0</ele>
      </trkpt>
      <trkpt lat="32.123541" lon="-110.641801">
        <ele>951.0</ele>
      </trkpt>
      <trkpt lat="32.12418" lon="-110.64232">
        <ele>948.7</ele>
      </trkpt>
      <trkpt lat="32.124211" lon="-110.642561">
        <ele>948.0</ele>
      </trkpt>
      <trkpt lat="32.124577" lon="-110.64307">
        <ele>947.0</ele>
      </trkpt>
      <trkpt lat="32.124541" lon="-110.643318">
        <ele>947.0</ele>
      </trkpt>
      <trkpt lat="32.124782" lon="-110.643626">
        <ele>946.0</ele>
      </trkpt>
      <trkpt lat="32.124682" lon="-110.64395">
        <ele>946.0</ele>
      </trkpt>
      <trkpt lat="32.124927" lon="-110.644855">
        <ele>947.0</ele>
      </trkpt>
      <trkpt lat="32.125258" lon="-110.644974">
        <ele>944.0</ele>
      </trkpt>
      <trkpt lat="32.125231" lon="-110.64556">
        <ele>944.7</ele>
      </trkpt>
      <trkpt lat="32.125121" lon="-110.645695">
        <ele>946.0</ele>
      </trkpt>
      <trkpt lat="32.125081" lon="-110.64628">
        <ele>946.7</ele>
      </trkpt>
      <trkpt lat="32.125211" lon="-110.64642">
        <ele>946.2</ele>
      </trkpt>
      <trkpt lat="32.125116" lon="-110.646575">
        <ele>946.7</ele>
      </trkpt>
      <trkpt lat="32.124498" lon="-110.646568">
        <ele>950.4</ele>
      </trkpt>
      <trkpt lat="32.124496" lon="-110.646783">
        <ele>950.0</ele>
      </trkpt>
      <trkpt lat="32.124212" lon="-110.647089">
        <ele>951.2</ele>
      </trkpt>
      <trkpt lat="32.123941" lon="-110.647117">
        <ele>953.0</ele>
      </trkpt>
      <trkpt lat="32.123786" lon="-110.647289">
        <ele>953.0</ele>
      </trkpt>
      <trkpt lat="32.123677" lon="-110.64721">
        <ele>954.0</ele>
      </trkpt>
      <trkpt lat="32.123465" lon="-110.647481">
        <ele>954.5</ele>
      </trkpt>
      <trkpt lat="32.123327" lon="-110.647486">
        <ele>954.7</ele>
      </trkpt>
      <trkpt lat="32.12315" lon="-110.647326">
        <ele>956.7</ele>
      </trkpt>
      <trkpt lat="32.123009" lon="-110.647438">
        <ele>957.0</ele>
      </trkpt>
      <trkpt lat="32.123112" lon="-110.647633">
        <ele>956.5</ele>
      </trkpt>
      <trkpt lat="32.123063" lon="-110.647899">
        <ele>955.2</ele>
      </trkpt>
      <trkpt lat="32.122687" lon="-110.648527">
        <ele>953.4</ele>
      </trkpt>
      <trkpt lat="32.122323" lon="-110.648632">
        <ele>953.0</ele>
      </trkpt>
      <trkpt lat="32.122171" lon="-110.648797">
        <ele>953.0</ele>
      </trkpt>
      <trkpt lat="32.121738" lon="-110.649009">
        <ele>952.2</ele>
      </trkpt>
      <trkpt lat="32.121467" lon="-110.649506">
        <ele>953.0</ele>
      </trkpt>
      <trkpt lat="32.121459" lon="-110.649693">
        <ele>952.4</ele>
      </trkpt>
      <trkpt lat="32.120897" lon="-110.650311">
        <ele>950.0</ele>
      </trkpt>
      <trkpt lat="32.120806" lon="-110.650651">
        <ele>952.0</ele>
      </trkpt>
      <trkpt lat="32.120559" lon="-110.651002">
        <ele>952.4</ele>
      </trkpt>
      <trkpt lat="32.120072" lon="-110.651304">
        <ele>951.7</ele>
      </trkpt>
      <trkpt lat="32.11995" lon="-110.651545">
        <ele>951.4</ele>
      </trkpt>
      <trkpt lat="32.118966" lon="-110.651349">
        <ele>956.0</ele>
      </trkpt>
      <trkpt lat="32.118696" lon="-110.651401">
        <ele>957.0</ele>
      </trkpt>
      <trkpt lat="32.118696" lon="-110.653065">
        <ele>953.0</ele>
      </trkpt>
      <trkpt lat="32.118523" lon="-110.653306">
        <ele>952.4</ele>
      </trkpt>
      <trkpt lat="32.116131" lon="-110.65337">
        <ele>955.5</ele>
      </trkpt>
      <trkpt lat="32.115214" lon="-110.653247">
        <ele>958.7</ele>
      </trkpt>
      <trkpt lat="32.114835" lon="-110.653323">
        <ele>961.4</ele>
      </trkpt>
      <trkpt lat="32.104269" lon="-110.653373">
        <ele>990.4</ele>
      </trkpt>
      <trkpt lat="32.10418" lon="-110.653452">
        <ele>991.0</ele>
      </trkpt>
      <trkpt lat="32.104286" lon="-110.665109">
        <ele>975.5</ele>
      </trkpt>
      <trkpt lat="32.104146" lon="-110.665546">
        <ele>975.2</ele>
      </trkpt>
      <trkpt lat="32.104004" lon="-110.665691">
        <ele>976.0</ele>
      </trkpt>
      <trkpt lat="32.10288" lon="-110.665256">
        <ele>981.5</ele>
      </trkpt>
      <trkpt lat="32.102485" lon="-110.664519">
        <ele>985.5</ele>
      </trkpt>
      <trkpt lat="32.102071" lon="-110.664051">
        <ele>987.4</ele>
      </trkpt>
      <trkpt lat="32.101709" lon="-110.663899">
        <ele>989.0</ele>
      </trkpt>
      <trkpt lat="32.101109" lon="-110.663924">
        <ele>991.0</ele>
      </trkpt>
      <trkpt lat="32.100445" lon="-110.663688">
        <ele>993.5</ele>
      </trkpt>
      <trkpt lat="32.099904" lon="-110.663119">
        <ele>997.4</ele>
      </trkpt>
      <trkpt lat="32.099497" lon="-110.662838">
        <ele>1000.0</ele>
      </trkpt>
      <trkpt lat="32.09827" lon="-110.662639">
        <ele>1001.0</ele>
      </trkpt>
      <trkpt lat="32.097515" lon="-110.662247">
        <ele>1002.0</ele>
      </trkpt>
      <trkpt lat="32.096544" lon="-110.662041">
        <ele>1001.0</ele>
      </trkpt>
      <trkpt lat="32.095047" lon="-110.661988">
        <ele>1001.0</ele>
      </trkpt>
      <trkpt lat="32.094693" lon="-110.662137">
        <ele>1000.0</ele>
      </trkpt>
      <trkpt lat="32.094417" lon="-110.662493">
        <ele>997.5</ele>
      </trkpt>
      <trkpt lat="32.094144" lon="-110.663209">
        <ele>993.4</ele>
      </trkpt>
      <trkpt lat="32.093597" lon="-110.663601">
        <ele>991.2</ele>
      </trkpt>
      <trkpt lat="32.0933" lon="-110.663972">
        <ele>991.0</ele>
      </trkpt>
      <trkpt lat="32.093111" lon="-110.66472">
        <ele>991.0</ele>
      </trkpt>
      <trkpt lat="32.093153" lon="-110.665376">
        <ele>990.2</ele>
      </trkpt>
      <trkpt lat="32.09308" lon="-110.665761">
        <ele>990.0</ele>
      </trkpt>
      <trkpt lat="32.09282" lon="-110.666343">
        <ele>990.4</ele>
      </trkpt>
      <trkpt lat="32.092867" lon="-110.667027">
        <ele>992.7</ele>
      </trkpt>
      <trkpt lat="32.092813" lon="-110.667819">
        <ele>998.2</ele>
      </trkpt>
      <trkpt lat="32.092973" lon="-110.668447">
        <ele>998.7</ele>
      </trkpt>
      <trkpt lat="32.093317" lon="-110.668994">
        <ele>997.5</ele>
      </trkpt>
      <trkpt lat="32.093634" lon="-110.669969">
        <ele>993.4</ele>
      </trkpt>
      <trkpt lat="32.093527" lon="-110.670737">
        <ele>990.0</ele>
      </trkpt>
      <trkpt lat="32.093327" lon="-110.671164">
        <ele>989.4</ele>
      </trkpt>
      <trkpt lat="32.093006" lon="-110.671551">
        <ele>989.7</ele>
      </trkpt>
      <trkpt lat="32.092458" lon="-110.671887">
        <ele>992.2</ele>
      </trkpt>
      <trkpt lat="32.091457" lon="-110.672076">
        <ele>995.4</ele>
      </trkpt>
      <trkpt lat="32.090612" lon="-110.672662">
        <ele>997.0</ele>
      </trkpt>
      <trkpt lat="32.090587" lon="-110.672764">
        <ele>997.0</ele>
      </trkpt>
      <trkpt lat="32.090683" lon="-110.672908">
        <ele>997.0</ele>
      </trkpt>
      <trkpt lat="32.09097" lon="-110.673063">
        <ele>996.0</ele>
      </trkpt>
      <trkpt lat="32.091292" lon="-110.673536">
        <ele>993.5</ele>
      </trkpt>
      <trkpt lat="32.092002" lon="-110.674294">
        <ele>991.7</ele>
      </trkpt>
      <trkpt lat="32.092264" lon="-110.674819">
        <ele>990.7</ele>
      </trkpt>
      <trkpt lat="32.092581" lon="-110.675083">
        <ele>990.2</ele>
      </trkpt>
      <trkpt lat="32.092894" lon="-110.675596">
        <ele>989.5</ele>
      </trkpt>
      <trkpt lat="32.093162" lon="-110.675838">
        <ele>988.5</ele>
      </trkpt>
      <trkpt lat="32.093623" lon="-110.676651">
        <ele>988.0</ele>
      </trkpt>
      <trkpt lat="32.094379" lon="-110.677733">
        <ele>985.7</ele>
      </trkpt>
      <trkpt lat="32.094822" lon="-110.678541">
        <ele>980.2</ele>
      </trkpt>
      <trkpt lat="32.095005" lon="-110.678732">
        <ele>979.2</ele>
      </trkpt>
      <trkpt lat="32.095686" lon="-110.67993">
        <ele>977.0</ele>
      </trkpt>
      <trkpt lat="32.095877" lon="-110.680684">
        <ele>977.2</ele>
      </trkpt>
      <trkpt lat="32.09594" lon="-110.682163">
        <ele>976.7</ele>
      </trkpt>
      <trkpt lat="32.096857" lon="-110.685613">
        <ele>965.5</ele>
      </trkpt>
      <trkpt lat="32.097873" lon="-110.687804">
        <ele>964.0</ele>
      </trkpt>
      <trkpt lat="32.098433" lon="-110.688619">
        <ele>962.7</ele>
      </trkpt>
      <trkpt lat="32.100222" lon="-110.690722">
        <ele>955.0</ele>
      </trkpt>
      <trkpt lat="32.100727" lon="-110.691472">
        <ele>953.0</ele>
      </trkpt>
      <trkpt lat="32.106094" lon="-110.696646">
        <ele>942.4</ele>
      </trkpt>
      <trkpt lat="32.108386" lon="-110.699087">
        <ele>934.2</ele>
      </trkpt>
      <trkpt lat="32.117027" lon="-110.707417">
        <ele>910.7</ele>
      </trkpt>
      <trkpt lat="32.117962" lon="-110.708231">
        <ele>909.0</ele>
      </trkpt>
      <trkpt lat="32.120424" lon="-110.710105">
        <ele>902.7</ele>
      </trkpt>
      <trkpt lat="32.121215" lon="-110.710861">
        <ele>903.0</ele>
      </trkpt>
      <trkpt lat="32.127253" lon="-110.719933">
        <ele>894.5</ele>
      </trkpt>
      <trkpt lat="32.12814" lon="-110.722067">
        <ele>889.5</ele>
      </trkpt>
      <trkpt lat="32.129804" lon="-110.728559">
        <ele>884.4</ele>
      </trkpt>
      <trkpt lat="32.13039" lon="-110.730053">
        <ele>882.7</ele>
      </trkpt>
      <trkpt lat="32.132029" lon="-110.731944">
        <ele>880.5</ele>
      </trkpt>
      <trkpt lat="32.132154" lon="-110.733649">
        <ele>882.7</ele>
      </trkpt>
      <trkpt lat="32.132116" lon="-110.734231">
        <ele>882.2</ele>
      </trkpt>
      <trkpt lat="32.140493" lon="-110.7341">
        <ele>878.2</ele>
      </trkpt>
      <trkpt lat="32.143189" lon="-110.73415">
        <ele>877.7</ele>
      </trkpt>
      <trkpt lat="32.143602" lon="-110.734259">
        <ele>877.5</ele>
      </trkpt>
      <trkpt lat="32.145274" lon="-110.735036">
        <ele>877.7</ele>
      </trkpt>
      <trkpt lat="32.14569" lon="-110.73514">
        <ele>881.0</ele>
      </trkpt>
      <trkpt lat="32.146382" lon="-110.735122">
        <ele>885.0</ele>
      </trkpt>
      <trkpt lat="32.14947" lon="-110.73458">
        <ele>893.4</ele>
      </trkpt>
      <trkpt lat="32.151348" lon="-110.733974">
        <ele>901.7</ele>
      </trkpt>
      <trkpt lat="32.151698" lon="-110.734017">
        <ele>902.0</ele>
      </trkpt>
      <trkpt lat="32.152932" lon="-110.734529">
        <ele>902.0</ele>
      </trkpt>
      <trkpt lat="32.153559" lon="-110.73465">
        <ele>902.7</ele>
      </trkpt>
      <trkpt lat="32.15753" lon="-110.73396">
        <ele>913.0</ele>
      </trkpt>
      <trkpt lat="32.158358" lon="-110.733953">
        <ele>916.7</ele>
      </trkpt>
      <trkpt lat="32.159425" lon="-110.734227">
        <ele>920.2</ele>
      </trkpt>
      <trkpt lat="32.160407" lon="-110.734798">
        <ele>924.4</ele>
      </trkpt>
      <trkpt lat="32.161127" lon="-110.735478">
        <ele>925.5</ele>
      </trkpt>
      <trkpt lat="32.161896" lon="-110.736464">
        <ele>922.0</ele>
      </trkpt>
      <trkpt lat="32.162805" lon="-110.737276">
        <ele>917.0</ele>
      </trkpt>
      <trkpt lat="32.16395" lon="-110.73781">
        <ele>924.2</ele>
      </trkpt>
      <trkpt lat="32.16491" lon="-110.73797">
        <ele>925.0</ele>
      </trkpt>
      <trkpt lat="32.220837" lon="-110.73804">
        <ele>843.2</ele>
      </trkpt>
      <trkpt lat="32.220878" lon="-110.721024">
        <ele>840.5</ele>
      </trkpt>
      <trkpt lat="32.22185" lon="-110.72096">
        <ele>838.0</ele>
      </trkpt>
      <trkpt lat="32.223032" lon="-110.721035">
        <ele>834.4</ele>
      </trkpt>
      <trkpt lat="32.22376" lon="-110.72091">
        <ele>832.5</ele>
      </trkpt>
      <trkpt lat="32.224095" lon="-110.721031">
        <ele>832.0</ele>
      </trkpt>
      <trkpt lat="32.22486" lon="-110.720906">
        <ele>830.0</ele>
      </trkpt>
      <trkpt lat="32.22514" lon="-110.72097">
        <ele>829.2</ele>
      </trkpt>
      <trkpt lat="32.226641" lon="-110.72095">
        <ele>828.0</ele>
      </trkpt>
      <trkpt lat="32.226989" lon="-110.721036">
        <ele>827.2</ele>
      </trkpt>
      <trkpt lat="32.227229" lon="-110.720968">
        <ele>826.5</ele>
      </trkpt>
      <trkpt lat="32.22784" lon="-110.7211">
        <ele>825.7</ele>
      </trkpt>
      <trkpt lat="32.22835" lon="-110.72099">
        <ele>824.7</ele>
      </trkpt>
      <trkpt lat="32.23152" lon="-110.72097">
        <ele>819.5</ele>
      </trkpt>
      <trkpt lat="32.233646" lon="-110.721058">
        <ele>816.7</ele>
      </trkpt>
      <trkpt lat="32.233693" lon="-110.720958">
        <ele>816.5</ele>
      </trkpt>
      <trkpt lat="32.247304" lon="-110.720867">
        <ele>812.7</ele>
      </trkpt>
      <trkpt lat="32.247309" lon="-110.717936">
        <ele>819.7</ele>
      </trkpt>
      <trkpt lat="32.247791" lon="-110.717153">
        <ele>821.2</ele>
      </trkpt>
      <trkpt lat="32.247895" lon="-110.716787">
        <ele>821.7</ele>
      </trkpt>
      <trkpt lat="32.247928" lon="-110.71617">
        <ele>823.4</ele>
      </trkpt>
      <trkpt lat="32.248212" lon="-110.715595">
        <ele>825.4</ele>
      </trkpt>
      <trkpt lat="32.24897" lon="-110.715055">
        <ele>827.5</ele>
      </trkpt>
      <trkpt lat="32.249252" lon="-110.714724">
        <ele>828.0</ele>
      </trkpt>
      <trkpt lat="32.24947" lon="-110.714033">
        <ele>828.0</ele>
      </trkpt>
      <trkpt lat="32.249464" lon="-110.711763">
        <ele>829.5</ele>
      </trkpt>
      <trkpt lat="32.248568" lon="-110.711499">
        <ele>829.5</ele>
      </trkpt>
      <trkpt lat="32.248137" lon="-110.711106">
        <ele>828.5</ele>
      </trkpt>
      <trkpt lat="32.24792" lon="-110.710778">
        <ele>827.4</ele>
      </trkpt>
      <trkpt lat="32.247736" lon="-110.710226">
        <ele>826.0</ele>
      </trkpt>
      <trkpt lat="32.247689" lon="-110.709489">
        <ele>825.5</ele>
      </trkpt>
      <trkpt lat="32.24799" lon="-110.70827">
        <ele>826.7</ele>
      </trkpt>
      <trkpt lat="32.247985" lon="-110.708018">
        <ele>827.0</ele>
      </trkpt>
      <trkpt lat="32.247822" lon="-110.707488">
        <ele>827.0</ele>
      </trkpt>
      <trkpt lat="32.247638" lon="-110.707235">
        <ele>826.5</ele>
      </trkpt>
      <trkpt lat="32.246713" lon="-110.706571">
        <ele>826.4</ele>
      </trkpt>
      <trkpt lat="32.247084" lon="-110.705657">
        <ele>828.2</ele>
      </trkpt>
      <trkpt lat="32.247529" lon="-110.705198">
        <ele>830.2</ele>
      </trkpt>
      <trkpt lat="32.248432" lon="-110.704758">
        <ele>832.5</ele>
      </trkpt>
      <trkpt lat="32.249037" lon="-110.704242">
        <ele>835.0</ele>
      </trkpt>
      <trkpt lat="32.250087" lon="-110.703825">
        <ele>838.7</ele>
      </trkpt>
      <trkpt lat="32.248502" lon="-110.697653">
        <ele>837.4</ele>
      </trkpt>
      <trkpt lat="32.248452" lon="-110.697111">
        <ele>836.7</ele>
      </trkpt>
      <trkpt lat="32.24902" lon="-110.69488">
        <ele>842.0</ele>
      </trkpt>
      <trkpt lat="32.249071" lon="-110.694437">
        <ele>844.7</ele>
      </trkpt>
      <trkpt lat="32.248967" lon="-110.693647">
        <ele>844.7</ele>
      </trkpt>
      <trkpt lat="32.248581" lon="-110.692257">
        <ele>841.4</ele>
      </trkpt>
      <trkpt lat="32.24851" lon="-110.69159">
        <ele>840.0</ele>
      </trkpt>
      <trkpt lat="32.248606" lon="-110.690866">
        <ele>840.0</ele>
      </trkpt>
      <trkpt lat="32.24987" lon="-110.68782">
        <ele>843.0</ele>
      </trkpt>
      <trkpt lat="32.250411" lon="-110.68595">
        <ele>844.0</ele>
      </trkpt>
      <trkpt lat="32.251786" lon="-110.682301">
        <ele>847.2</ele>
      </trkpt>
      <trkpt lat="32.25208" lon="-110.68051">
        <ele>849.5</ele>
      </trkpt>
      <trkpt lat="32.252012" lon="-110.678945">
        <ele>849.4</ele>
      </trkpt>
      <trkpt lat="32.253106" lon="-110.676503">
        <ele>854.7</ele>
      </trkpt>
      <trkpt lat="32.25403" lon="-110.67532">
        <ele>852.5</ele>
      </trkpt>
      <trkpt lat="32.25405" lon="-110.67508">
        <ele>852.0</ele>
      </trkpt>
      <trkpt lat="32.253618" lon="-110.674293">
        <ele>854.5</ele>
      </trkpt>
      <trkpt lat="32.253495" lon="-110.673885">
        <ele>856.2</ele>
      </trkpt>
      <trkpt lat="32.25358" lon="-110.67357">
        <ele>857.0</ele>
      </trkpt>
      <trkpt lat="32.253529" lon="-110.673269">
        <ele>860.0</ele>
      </trkpt>
      <trkpt lat="32.253352" lon="-110.673014">
        <ele>861.5</ele>
      </trkpt>
      <trkpt lat="32.253346" lon="-110.672829">
        <ele>864.4</ele>
      </trkpt>
      <trkpt lat="32.253602" lon="-110.672579">
        <ele>864.4</ele>
      </trkpt>
      <trkpt lat="32.25359" lon="-110.672447">
        <ele>865.5</ele>
      </trkpt>
      <trkpt lat="32.253262" lon="-110.672624">
        <ele>869.4</ele>
      </trkpt>
      <trkpt lat="32.25246" lon="-110.67242">
        <ele>878.7</ele>
      </trkpt>
      <trkpt lat="32.251941" lon="-110.672609">
        <ele>882.4</ele>
      </trkpt>
      <trkpt lat="32.25161" lon="-110.67241">
        <ele>885.2</ele>
      </trkpt>
      <trkpt lat="32.25143" lon="-110.67196">
        <ele>887.0</ele>
      </trkpt>
      <trkpt lat="32.25143" lon="-110.67171">
        <ele>887.4</ele>
      </trkpt>
      <trkpt lat="32.25154" lon="-110.671436">
        <ele>888.7</ele>
      </trkpt>
      <trkpt lat="32.25236" lon="-110.67064">
        <ele>899.4</ele>
      </trkpt>
      <trkpt lat="32.252671" lon="-110.669991">
        <ele>904.5</ele>
      </trkpt>
      <trkpt lat="32.25301" lon="-110.66967">
        <ele>908.2</ele>
      </trkpt>
      <trkpt lat="32.253328" lon="-110.668691">
        <ele>922.7</ele>
      </trkpt>
      <trkpt lat="32.253853" lon="-110.668411">
        <ele>931.7</ele>
      </trkpt>
      <trkpt lat="32.25424" lon="-110.66835">
        <ele>934.5</ele>
      </trkpt>
      <trkpt lat="32.254427" lon="-110.668142">
        <ele>936.7</ele>
      </trkpt>
      <trkpt lat="32.25466" lon="-110.66745">
        <ele>941.7</ele>
      </trkpt>
      <trkpt lat="32.25464" lon="-110.66624">
        <ele>945.5</ele>
      </trkpt>
      <trkpt lat="32.25446" lon="-110.66592">
        <ele>947.5</ele>
      </trkpt>
      <trkpt lat="32.254159" lon="-110.665654">
        <ele>949.2</ele>
      </trkpt>
      <trkpt lat="32.254038" lon="-110.66543">
        <ele>950.4</ele>
      </trkpt>
      <trkpt lat="32.254061" lon="-110.665133">
        <ele>951.0</ele>
      </trkpt>
      <trkpt lat="32.254567" lon="-110.664668">
        <ele>958.4</ele>
      </trkpt>
      <trkpt lat="32.254598" lon="-110.664526">
        <ele>960.2</ele>
      </trkpt>
      <trkpt lat="32.254931" lon="-110.664244">
        <ele>962.4</ele>
      </trkpt>
      <trkpt lat="32.25495" lon="-110.663997">
        <ele>963.7</ele>
      </trkpt>
      <trkpt lat="32.255152" lon="-110.663604">
        <ele>965.4</ele>
      </trkpt>
      <trkpt lat="32.255474" lon="-110.663405">
        <ele>968.0</ele>
      </trkpt>
      <trkpt lat="32.256093" lon="-110.663521">
        <ele>972.4</ele>
      </trkpt>
      <trkpt lat="32.256036" lon="-110.663361">
        <ele>973.0</ele>
      </trkpt>
      <trkpt lat="32.256543" lon="-110.663177">
        <ele>978.4</ele>
      </trkpt>
      <trkpt lat="32.256535" lon="-110.662984">
        <ele>978.2</ele>
      </trkpt>
      <trkpt lat="32.256298" lon="-110.662727">
        <ele>980.0</ele>
      </trkpt>
      <trkpt lat="32.256445" lon="-110.662155">
        <ele>984.7</ele>
      </trkpt>
      <trkpt lat="32.256698" lon="-110.66199">
        <ele>986.0</ele>
      </trkpt>
      <trkpt lat="32.25671" lon="-110.661484">
        <ele>986.5</ele>
      </trkpt>
      <trkpt lat="32.256805" lon="-110.661435">
        <ele>985.7</ele>
      </trkpt>
      <trkpt lat="32.256943" lon="-110.66089">
        <ele>984.4</ele>
      </trkpt>
      <trkpt lat="32.257247" lon="-110.660796">
        <ele>983.0</ele>
      </trkpt>
      <trkpt lat="32.257285" lon="-110.660684">
        <ele>983.5</ele>
      </trkpt>
      <trkpt lat="32.257596" lon="-110.660543">
        <ele>987.0</ele>
      </trkpt>
      <trkpt lat="32.25792" lon="-110.660186">
        <ele>987.7</ele>
      </trkpt>
      <trkpt lat="32.258488" lon="-110.660345">
        <ele>988.2</ele>
      </trkpt>
      <trkpt lat="32.258609" lon="-110.659941">
        <ele>990.0</ele>
      </trkpt>
      <trkpt lat="32.259065" lon="-110.659225">
        <ele>990.4</ele>
      </trkpt>
      <trkpt lat="32.258992" lon="-110.659159">
        <ele>991.5</ele>
      </trkpt>
      <trkpt lat="32.259086" lon="-110.659125">
        <ele>991.5</ele>
      </trkpt>
      <trkpt lat="32.259057" lon="-110.65893">
        <ele>994.5</ele>
      </trkpt>
      <trkpt lat="32.259135" lon="-110.658821">
        <ele>995.5</ele>
      </trkpt>
      <trkpt lat="32.259059" lon="-110.65848">
        <ele>999.5</ele>
      </trkpt>
      <trkpt lat="32.259275" lon="-110.657841">
        <ele>1007.5</ele>
      </trkpt>
      <trkpt lat="32.259466" lon="-110.657549">
        <ele>1013.4</ele>
      </trkpt>
      <trkpt lat="32.259324" lon="-110.657367">
        <ele>1014.2</ele>
      </trkpt>
      <trkpt lat="32.259088" lon="-110.656552">
        <ele>1017.0</ele>
      </trkpt>
      <trkpt lat="32.258938" lon="-110.656507">
        <ele>1016.2</ele>
      </trkpt>
      <trkpt lat="32.258521" lon="-110.655886">
        <ele>1017.5</ele>
      </trkpt>
      <trkpt lat="32.258559" lon="-110.655674">
        <ele>1021.5</ele>
      </trkpt>
      <trkpt lat="32.25898" lon="-110.65558">
        <ele>1025.1</ele>
      </trkpt>
      <trkpt lat="32.25947" lon="-110.65574">
        <ele>1029.5</ele>
      </trkpt>
      <trkpt lat="32.25976" lon="-110.65608">
        <ele>1033.1</ele>
      </trkpt>
      <trkpt lat="32.259995" lon="-110.656056">
        <ele>1036.1</ele>
      </trkpt>
      <trkpt lat="32.260137" lon="-110.655447">
        <ele>1046.0</ele>
      </trkpt>
      <trkpt lat="32.260745" lon="-110.654778">
        <ele>1052.1</ele>
      </trkpt>
      <trkpt lat="32.261015" lon="-110.654829">
        <ele>1053.5</ele>
      </trkpt>
      <trkpt lat="32.26113" lon="-110.654629">
        <ele>1055.5</ele>
      </trkpt>
      <trkpt lat="32.261058" lon="-110.654323">
        <ele>1059.0</ele>
      </trkpt>
      <trkpt lat="32.260779" lon="-110.653791">
        <ele>1065.8</ele>
      </trkpt>
      <trkpt lat="32.26021" lon="-110.65356">
        <ele>1070.1</ele>
      </trkpt>
      <trkpt lat="32.26019" lon="-110.65347">
        <ele>1071.8</ele>
      </trkpt>
      <trkpt lat="32.26036" lon="-110.65324">
        <ele>1074.0</ele>
      </trkpt>
      <trkpt lat="32.26079" lon="-110.653302">
        <ele>1079.8</ele>
      </trkpt>
      <trkpt lat="32.261477" lon="-110.65325">
        <ele>1085.5</ele>
      </trkpt>
      <trkpt lat="32.261789" lon="-110.65303">
        <ele>1087.8</ele>
      </trkpt>
      <trkpt lat="32.262333" lon="-110.652913">
        <ele>1092.4</ele>
      </trkpt>
      <trkpt lat="32.2624" lon="-110.652825">
        <ele>1093.1</ele>
      </trkpt>
      <trkpt lat="32.262362" lon="-110.65275">
        <ele>1094.0</ele>
      </trkpt>
      <trkpt lat="32.261559" lon="-110.652574">
        <ele>1097.5</ele>
      </trkpt>
      <trkpt lat="32.261428" lon="-110.652414">
        <ele>1101.0</ele>
      </trkpt>
      <trkpt lat="32.261412" lon="-110.65201">
        <ele>1102.8</ele>
      </trkpt>
      <trkpt lat="32.261184" lon="-110.65159">
        <ele>1108.0</ele>
      </trkpt>
      <trkpt lat="32.261179" lon="-110.65141">
        <ele>1112.0</ele>
      </trkpt>
      <trkpt lat="32.263222" lon="-110.651092">
        <ele>1131.5</ele>
      </trkpt>
      <trkpt lat="32.263832" lon="-110.65068">
        <ele>1137.5</ele>
      </trkpt>
      <trkpt lat="32.263843" lon="-110.650561">
        <ele>1140.4</ele>
      </trkpt>
      <trkpt lat="32.263509" lon="-110.650587">
        <ele>1143.0</ele>
      </trkpt>
      <trkpt lat="32.262613" lon="-110.650155">
        <ele>1153.4</ele>
      </trkpt>
      <trkpt lat="32.262448" lon="-110.649774">
        <ele>1156.8</ele>
      </trkpt>
      <trkpt lat="32.26198" lon="-110.649503">
        <ele>1158.1</ele>
      </trkpt>
      <trkpt lat="32.261875" lon="-110.649345">
        <ele>1159.0</ele>
      </trkpt>
      <trkpt lat="32.26189" lon="-110.64921">
        <ele>1160.4</ele>
      </trkpt>
      <trkpt lat="32.262771" lon="-110.649045">
        <ele>1167.4</ele>
      </trkpt>
      <trkpt lat="32.263542" lon="-110.648004">
        <ele>1173.5</ele>
      </trkpt>
      <trkpt lat="32.263634" lon="-110.64766">
        <ele>1176.5</ele>
      </trkpt>
      <trkpt lat="32.26362" lon="-110.64609">
        <ele>1186.1</ele>
      </trkpt>
      <trkpt lat="32.26388" lon="-110.64597">
        <ele>1187.1</ele>
      </trkpt>
      <trkpt lat="32.264145" lon="-110.646042">
        <ele>1189.1</ele>
      </trkpt>
      <trkpt lat="32.264249" lon="-110.646188">
        <ele>1190.8</ele>
      </trkpt>
      <trkpt lat="32.26444" lon="-110.646918">
        <ele>1194.8</ele>
      </trkpt>
      <trkpt lat="32.26455" lon="-110.64697">
        <ele>1197.8</ele>
      </trkpt>
      <trkpt lat="32.26482" lon="-110.64687">
        <ele>1200.4</ele>
      </trkpt>
      <trkpt lat="32.26543" lon="-110.647183">
        <ele>1199.4</ele>
      </trkpt>
      <trkpt lat="32.265818" lon="-110.647005">
        <ele>1196.4</ele>
      </trkpt>
      <trkpt lat="32.266607" lon="-110.646913">
        <ele>1193.5</ele>
      </trkpt>
      <trkpt lat="32.267153" lon="-110.646021">
        <ele>1194.5</ele>
      </trkpt>
      <trkpt lat="32.267785" lon="-110.644672">
        <ele>1199.0</ele>
      </trkpt>
      <trkpt lat="32.269184" lon="-110.644007">
        <ele>1204.8</ele>
      </trkpt>
      <trkpt lat="32.269398" lon="-110.643646">
        <ele>1207.1</ele>
      </trkpt>
      <trkpt lat="32.26938" lon="-110.64343">
        <ele>1207.8</ele>
      </trkpt>
      <trkpt lat="32.269204" lon="-110.643061">
        <ele>1209.5</ele>
      </trkpt>
      <trkpt lat="32.26908" lon="-110.64243">
        <ele>1214.0</ele>
      </trkpt>
      <trkpt lat="32.269408" lon="-110.641709">
        <ele>1220.4</ele>
      </trkpt>
      <trkpt lat="32.26963" lon="-110.64092">
        <ele>1229.4</ele>
      </trkpt>
      <trkpt lat="32.26988" lon="-110.64046">
        <ele>1232.1</ele>
      </trkpt>
      <trkpt lat="32.269979" lon="-110.639414">
        <ele>1228.4</ele>
      </trkpt>
      <trkpt lat="32.270947" lon="-110.638454">
        <ele>1223.4</ele>
      </trkpt>
      <trkpt lat="32.271169" lon="-110.63808">
        <ele>1223.4</ele>
      </trkpt>
      <trkpt lat="32.27136" lon="-110.63798">
        <ele>1223.1</ele>
      </trkpt>
      <trkpt lat="32.27227" lon="-110.63808">
        <ele>1220.5</ele>
      </trkpt>
      <trkpt lat="32.272564" lon="-110.638348">
        <ele>1216.4</ele>
      </trkpt>
      <trkpt lat="32.272803" lon="-110.638445">
        <ele>1212.0</ele>
      </trkpt>
      <trkpt lat="32.273184" lon="-110.638376">
        <ele>1205.1</ele>
      </trkpt>
      <trkpt lat="32.274814" lon="-110.637462">
        <ele>1200.5</ele>
      </trkpt>
      <trkpt lat="32.275613" lon="-110.637543">
        <ele>1203.8</ele>
      </trkpt>
      <trkpt lat="32.275909" lon="-110.637415">
        <ele>1201.4</ele>
      </trkpt>
      <trkpt lat="32.276068" lon="-110.637146">
        <ele>1199.4</ele>
      </trkpt>
      <trkpt lat="32.276398" lon="-110.635062">
        <ele>1199.0</ele>
      </trkpt>
      <trkpt lat="32.276919" lon="-110.633945">
        <ele>1201.0</ele>
      </trkpt>
      <trkpt lat="32.277144" lon="-110.633733">
        <ele>1202.0</ele>
      </trkpt>
      <trkpt lat="32.277904" lon="-110.633469">
        <ele>1205.8</ele>
      </trkpt>
      <trkpt lat="32.27882" lon="-110.633402">
        <ele>1206.5</ele>
      </trkpt>
      <trkpt lat="32.280714" lon="-110.63391">
        <ele>1204.8</ele>
      </trkpt>
      <trkpt lat="32.281469" lon="-110.633435">
        <ele>1205.0</ele>
      </trkpt>
      <trkpt lat="32.28137" lon="-110.63301">
        <ele>1206.1</ele>
      </trkpt>
      <trkpt lat="32.280996" lon="-110.63251">
        <ele>1208.0</ele>
      </trkpt>
      <trkpt lat="32.28099" lon="-110.63232">
        <ele>1209.0</ele>
      </trkpt>
      <trkpt lat="32.28074" lon="-110.63194">
        <ele>1210.1</ele>
      </trkpt>
      <trkpt lat="32.28072" lon="-110.63178">
        <ele>1210.5</ele>
      </trkpt>
      <trkpt lat="32.280935" lon="-110.63156">
        <ele>1211.0</ele>
      </trkpt>
      <trkpt lat="32.281114" lon="-110.631517">
        <ele>1210.8</ele>
      </trkpt>
      <trkpt lat="32.281219" lon="-110.631284">
        <ele>1210.1</ele>
      </trkpt>
      <trkpt lat="32.281827" lon="-110.63092">
        <ele>1207.8</ele>
      </trkpt>
      <trkpt lat="32.28185" lon="-110.6307">
        <ele>1205.8</ele>
      </trkpt>
      <trkpt lat="32.28147" lon="-110.63016">
        <ele>1199.4</ele>
      </trkpt>
      <trkpt lat="32.28135" lon="-110.63034">
        <ele>1198.1</ele>
      </trkpt>
      <trkpt lat="32.280988" lon="-110.630347">
        <ele>1196.1</ele>
      </trkpt>
      <trkpt lat="32.2809" lon="-110.63024">
        <ele>1195.8</ele>
      </trkpt>
      <trkpt lat="32.28078" lon="-110.63025">
        <ele>1195.0</ele>
      </trkpt>
      <trkpt lat="32.280701" lon="-110.630378">
        <ele>1195.1</ele>
      </trkpt>
      <trkpt lat="32.280409" lon="-110.630359">
        <ele>1195.1</ele>
      </trkpt>
      <trkpt lat="32.28029" lon="-110.63022">
        <ele>1195.1</ele>
      </trkpt>
      <trkpt lat="32.28029" lon="-110.62991">
        <ele>1194.4</ele>
      </trkpt>
      <trkpt lat="32.279743" lon="-110.629245">
        <ele>1186.8</ele>
      </trkpt>
      <trkpt lat="32.27964" lon="-110.62879">
        <ele>1188.4</ele>
      </trkpt>
      <trkpt lat="32.280422" lon="-110.628001">
        <ele>1187.4</ele>
      </trkpt>
      <trkpt lat="32.281197" lon="-110.627779">
        <ele>1183.4</ele>
      </trkpt>
      <trkpt lat="32.28181" lon="-110.62723">
        <ele>1176.5</ele>
      </trkpt>
      <trkpt lat="32.282097" lon="-110.626741">
        <ele>1166.4</ele>
      </trkpt>
      <trkpt lat="32.28235" lon="-110.62657">
        <ele>1163.4</ele>
      </trkpt>
      <trkpt lat="32.28266" lon="-110.62669">
        <ele>1159.0</ele>
      </trkpt>
      <trkpt lat="32.28288" lon="-110.62658">
        <ele>1160.0</ele>
      </trkpt>
      <trkpt lat="32.28294" lon="-110.62641">
        <ele>1161.1</ele>
      </trkpt>
      <trkpt lat="32.282729" lon="-110.62605">
        <ele>1161.4</ele>
      </trkpt>
      <trkpt lat="32.28226" lon="-110.62595">
        <ele>1153.0</ele>
      </trkpt>
      <trkpt lat="32.2823" lon="-110.6257">
        <ele>1151.4</ele>
      </trkpt>
      <trkpt lat="32.28197" lon="-110.62517">
        <ele>1146.0</ele>
      </trkpt>
      <trkpt lat="32.281917" lon="-110.624358">
        <ele>1140.8</ele>
      </trkpt>
      <trkpt lat="32.28161" lon="-110.62394">
        <ele>1135.4</ele>
      </trkpt>
      <trkpt lat="32.281574" lon="-110.623766">
        <ele>1134.5</ele>
      </trkpt>
      <trkpt lat="32.28134" lon="-110.62363">
        <ele>1133.5</ele>
      </trkpt>
      <trkpt lat="32.280648" lon="-110.623723">
        <ele>1133.0</ele>
      </trkpt>
      <trkpt lat="32.279989" lon="-110.62345">
        <ele>1133.0</ele>
      </trkpt>
      <trkpt lat="32.27976" lon="-110.6235">
        <ele>1133.0</ele>
      </trkpt>
      <trkpt lat="32.279207" lon="-110.623913">
        <ele>1133.0</ele>
      </trkpt>
      <trkpt lat="32.27848" lon="-110.62408">
        <ele>1131.1</ele>
      </trkpt>
      <trkpt lat="32.277991" lon="-110.623707">
        <ele>1129.0</ele>
      </trkpt>
      <trkpt lat="32.27794" lon="-110.62342">
        <ele>1127.0</ele>
      </trkpt>
      <trkpt lat="32.277571" lon="-110.62298">
        <ele>1122.5</ele>
      </trkpt>
      <trkpt lat="32.277281" lon="-110.622868">
        <ele>1121.5</ele>
      </trkpt>
      <trkpt lat="32.27722" lon="-110.62276">
        <ele>1122.1</ele>
      </trkpt>
      <trkpt lat="32.27657" lon="-110.62273">
        <ele>1129.5</ele>
      </trkpt>
      <trkpt lat="32.27642" lon="-110.62281">
        <ele>1128.8</ele>
      </trkpt>
      <trkpt lat="32.27595" lon="-110.62279">
        <ele>1125.8</ele>
      </trkpt>
      <trkpt lat="32.2755" lon="-110.62259">
        <ele>1127.4</ele>
      </trkpt>
      <trkpt lat="32.27532" lon="-110.62226">
        <ele>1131.5</ele>
      </trkpt>
      <trkpt lat="32.27534" lon="-110.622">
        <ele>1133.0</ele>
      </trkpt>
      <trkpt lat="32.275055" lon="-110.620808">
        <ele>1124.5</ele>
      </trkpt>
      <trkpt lat="32.27509" lon="-110.619839">
        <ele>1124.8</ele>
      </trkpt>
      <trkpt lat="32.275259" lon="-110.619166">
        <ele>1128.8</ele>
      </trkpt>
      <trkpt lat="32.27528" lon="-110.61866">
        <ele>1131.5</ele>
      </trkpt>
      <trkpt lat="32.27537" lon="-110.61854">
        <ele>1131.8</ele>
      </trkpt>
      <trkpt lat="32.27512" lon="-110.61776">
        <ele>1136.1</ele>
      </trkpt>
      <trkpt lat="32.27525" lon="-110.61751">
        <ele>1138.1</ele>
      </trkpt>
      <trkpt lat="32.27536" lon="-110.61641">
        <ele>1152.4</ele>
      </trkpt>
      <trkpt lat="32.275222" lon="-110.615534">
        <ele>1160.0</ele>
      </trkpt>
      <trkpt lat="32.27526" lon="-110.61446">
        <ele>1170.0</ele>
      </trkpt>
      <trkpt lat="32.27544" lon="-110.61412">
        <ele>1171.1</ele>
      </trkpt>
      <trkpt lat="32.27532" lon="-110.61341">
        <ele>1172.0</ele>
      </trkpt>
      <trkpt lat="32.27512" lon="-110.61315">
        <ele>1176.5</ele>
      </trkpt>
      <trkpt lat="32.27526" lon="-110.61206">
        <ele>1178.5</ele>
      </trkpt>
      <trkpt lat="32.27518" lon="-110.61196">
        <ele>1178.8</ele>
      </trkpt>
      <trkpt lat="32.27467" lon="-110.61192">
        <ele>1179.4</ele>
      </trkpt>
      <trkpt lat="32.27441" lon="-110.61172">
        <ele>1177.5</ele>
      </trkpt>
      <trkpt lat="32.27427" lon="-110.61143">
        <ele>1174.8</ele>
      </trkpt>
      <trkpt lat="32.274169" lon="-110.61062">
        <ele>1171.8</ele>
      </trkpt>
      <trkpt lat="32.27423" lon="-110.61038">
        <ele>1171.4</ele>
      </trkpt>
      <trkpt lat="32.274155" lon="-110.60979">
        <ele>1170.8</ele>
      </trkpt>
      <trkpt lat="32.27438" lon="-110.609">
        <ele>1166.5</ele>
      </trkpt>
      <trkpt lat="32.27476" lon="-110.60868">
        <ele>1164.8</ele>
      </trkpt>
      <trkpt lat="32.27503" lon="-110.60866">
        <ele>1164.8</ele>
      </trkpt>
      <trkpt lat="32.27509" lon="-110.60851">
        <ele>1164.5</ele>
      </trkpt>
      <trkpt lat="32.275019" lon="-110.60803">
        <ele>1164.4</ele>
      </trkpt>
      <trkpt lat="32.27523" lon="-110.60749">
        <ele>1165.1</ele>
      </trkpt>
      <trkpt lat="32.27499" lon="-110.60697">
        <ele>1164.4</ele>
      </trkpt>
      <trkpt lat="32.27514" lon="-110.606613">
        <ele>1164.4</ele>
      </trkpt>
      <trkpt lat="32.27508" lon="-110.60622">
        <ele>1164.8</ele>
      </trkpt>
      <trkpt lat="32.275163" lon="-110.60597">
        <ele>1164.8</ele>
      </trkpt>
      <trkpt lat="32.27514" lon="-110.60567">
        <ele>1165.5</ele>
      </trkpt>
      <trkpt lat="32.27526" lon="-110.60532">
        <ele>1167.1</ele>
      </trkpt>
      <trkpt lat="32.27539" lon="-110.60438">
        <ele>1170.1</ele>
      </trkpt>
      <trkpt lat="32.27525" lon="-110.60404">
        <ele>1170.8</ele>
      </trkpt>
      <trkpt lat="32.27532" lon="-110.60375">
        <ele>1171.0</ele>
      </trkpt>
      <trkpt lat="32.27541" lon="-110.60369">
        <ele>1171.0</ele>
      </trkpt>
      <trkpt lat="32.275711" lon="-110.603761">
        <ele>1171.1</ele>
      </trkpt>
      <trkpt lat="32.276111" lon="-110.604007">
        <ele>1171.5</ele>
      </trkpt>
      <trkpt lat="32.27669" lon="-110.60385">
        <ele>1174.1</ele>
      </trkpt>
      <trkpt lat="32.27702" lon="-110.60396">
        <ele>1176.1</ele>
      </trkpt>
      <trkpt lat="32.27722" lon="-110.60385">
        <ele>1177.0</ele>
      </trkpt>
      <trkpt lat="32.27714" lon="-110.60363">
        <ele>1176.1</ele>
      </trkpt>
      <trkpt lat="32.2775" lon="-110.60286">
        <ele>1172.1</ele>
      </trkpt>
      <trkpt lat="32.278032" lon="-110.602624">
        <ele>1170.4</ele>
      </trkpt>
      <trkpt lat="32.27828" lon="-110.60233">
        <ele>1171.0</ele>
      </trkpt>
      <trkpt lat="32.27835" lon="-110.60212">
        <ele>1171.4</ele>
      </trkpt>
      <trkpt lat="32.27852" lon="-110.602043">
        <ele>1171.1</ele>
      </trkpt>
      <trkpt lat="32.27864" lon="-110.60186">
        <ele>1171.0</ele>
      </trkpt>
      <trkpt lat="32.27879" lon="-110.6018">
        <ele>1170.8</ele>
      </trkpt>
      <trkpt lat="32.27893" lon="-110.60151">
        <ele>1172.4</ele>
      </trkpt>
      <trkpt lat="32.279252" lon="-110.601243">
        <ele>1173.8</ele>
      </trkpt>
      <trkpt lat="32.27935" lon="-110.60083">
        <ele>1177.4</ele>
      </trkpt>
      <trkpt lat="32.27973" lon="-110.60061">
        <ele>1180.1</ele>
      </trkpt>
      <trkpt lat="32.2797" lon="-110.60025">
        <ele>1180.8</ele>
      </trkpt>
      <trkpt lat="32.27947" lon="-110.59994">
        <ele>1182.8</ele>
      </trkpt>
      <trkpt lat="32.27955" lon="-110.59969">
        <ele>1184.0</ele>
      </trkpt>
      <trkpt lat="32.27937" lon="-110.59954">
        <ele>1186.1</ele>
      </trkpt>
      <trkpt lat="32.27942" lon="-110.59906">
        <ele>1193.8</ele>
      </trkpt>
      <trkpt lat="32.279339" lon="-110.59887">
        <ele>1195.0</ele>
      </trkpt>
      <trkpt lat="32.27939" lon="-110.59864">
        <ele>1199.5</ele>
      </trkpt>
      <trkpt lat="32.2791" lon="-110.598381">
        <ele>1205.5</ele>
      </trkpt>
      <trkpt lat="32.279094" lon="-110.597867">
        <ele>1213.8</ele>
      </trkpt>
      <trkpt lat="32.27893" lon="-110.59755">
        <ele>1219.1</ele>
      </trkpt>
      <trkpt lat="32.2791" lon="-110.59726">
        <ele>1217.4</ele>
      </trkpt>
      <trkpt lat="32.27938" lon="-110.59719">
        <ele>1215.8</ele>
      </trkpt>
      <trkpt lat="32.27964" lon="-110.59695">
        <ele>1212.8</ele>
      </trkpt>
      <trkpt lat="32.27955" lon="-110.59673">
        <ele>1211.1</ele>
      </trkpt>
      <trkpt lat="32.27959" lon="-110.596494">
        <ele>1208.1</ele>
      </trkpt>
      <trkpt lat="32.279831" lon="-110.596122">
        <ele>1204.8</ele>
      </trkpt>
      <trkpt lat="32.27971" lon="-110.59567">
        <ele>1202.5</ele>
      </trkpt>
      <trkpt lat="32.27977" lon="-110.59552">
        <ele>1203.1</ele>
      </trkpt>
      <trkpt lat="32.27973" lon="-110.59511">
        <ele>1203.8</ele>
      </trkpt>
      <trkpt lat="32.27986" lon="-110.59499">
        <ele>1205.5</ele>
      </trkpt>
      <trkpt lat="32.28011" lon="-110.59505">
        <ele>1210.8</ele>
      </trkpt>
      <trkpt lat="32.28022" lon="-110.59491">
        <ele>1213.4</ele>
      </trkpt>
      <trkpt lat="32.2808" lon="-110.59491">
        <ele>1221.0</ele>
      </trkpt>
      <trkpt lat="32.281" lon="-110.59501">
        <ele>1222.5</ele>
      </trkpt>
      <trkpt lat="32.28105" lon="-110.59519">
        <ele>1223.1</ele>
      </trkpt>
      <trkpt lat="32.28116" lon="-110.59525">
        <ele>1226.4</ele>
      </trkpt>
      <trkpt lat="32.28137" lon="-110.59507">
        <ele>1228.0</ele>
      </trkpt>
      <trkpt lat="32.28168" lon="-110.59498">
        <ele>1230.0</ele>
      </trkpt>
      <trkpt lat="32.282141" lon="-110.594675">
        <ele>1235.4</ele>
      </trkpt>
      <trkpt lat="32.282229" lon="-110.594515">
        <ele>1237.5</ele>
      </trkpt>
      <trkpt lat="32.28241" lon="-110.59442">
        <ele>1241.1</ele>
      </trkpt>
      <trkpt lat="32.282567" lon="-110.593617">
        <ele>1243.8</ele>
      </trkpt>
      <trkpt lat="32.282553" lon="-110.59335">
        <ele>1242.4</ele>
      </trkpt>
      <trkpt lat="32.28264" lon="-110.59307">
        <ele>1241.1</ele>
      </trkpt>
      <trkpt lat="32.28246" lon="-110.59265">
        <ele>1237.1</ele>
      </trkpt>
      <trkpt lat="32.282631" lon="-110.592301">
        <ele>1236.4</ele>
      </trkpt>
      <trkpt lat="32.28333" lon="-110.59176">
        <ele>1239.1</ele>
      </trkpt>
      <trkpt lat="32.283734" lon="-110.591854">
        <ele>1241.0</ele>
      </trkpt>
      <trkpt lat="32.28421" lon="-110.59174">
        <ele>1243.0</ele>
      </trkpt>
      <trkpt lat="32.284878" lon="-110.59197">
        <ele>1243.1</ele>
      </trkpt>
      <trkpt lat="32.285462" lon="-110.591979">
        <ele>1243.0</ele>
      </trkpt>
      <trkpt lat="32.285721" lon="-110.591728">
        <ele>1244.4</ele>
      </trkpt>
      <trkpt lat="32.28593" lon="-110.59176">
        <ele>1246.4</ele>
      </trkpt>
      <trkpt lat="32.286458" lon="-110.592222">
        <ele>1253.1</ele>
      </trkpt>
      <trkpt lat="32.28656" lon="-110.592655">
        <ele>1254.5</ele>
      </trkpt>
      <trkpt lat="32.28647" lon="-110.5929">
        <ele>1254.5</ele>
      </trkpt>
      <trkpt lat="32.286591" lon="-110.593476">
        <ele>1256.0</ele>
      </trkpt>
      <trkpt lat="32.28667" lon="-110.593541">
        <ele>1256.4</ele>
      </trkpt>
      <trkpt lat="32.286959" lon="-110.59344">
        <ele>1258.4</ele>
      </trkpt>
      <trkpt lat="32.287056" lon="-110.593519">
        <ele>1259.5</ele>
      </trkpt>
      <trkpt lat="32.287312" lon="-110.593447">
        <ele>1262.5</ele>
      </trkpt>
      <trkpt lat="32.287944" lon="-110.593519">
        <ele>1264.8</ele>
      </trkpt>
      <trkpt lat="32.288106" lon="-110.593109">
        <ele>1268.5</ele>
      </trkpt>
      <trkpt lat="32.28828" lon="-110.59295">
        <ele>1268.8</ele>
      </trkpt>
      <trkpt lat="32.28839" lon="-110.59267">
        <ele>1268.1</ele>
      </trkpt>
      <trkpt lat="32.288507" lon="-110.592753">
        <ele>1265.1</ele>
      </trkpt>
      <trkpt lat="32.28882" lon="-110.59266">
        <ele>1260.1</ele>
      </trkpt>
      <trkpt lat="32.289077" lon="-110.592456">
        <ele>1256.5</ele>
      </trkpt>
      <trkpt lat="32.28931" lon="-110.59243">
        <ele>1255.0</ele>
      </trkpt>
      <trkpt lat="32.2898" lon="-110.59196">
        <ele>1256.1</ele>
      </trkpt>
      <trkpt lat="32.289921" lon="-110.591931">
        <ele>1256.5</ele>
      </trkpt>
      <trkpt lat="32.290098" lon="-110.591049">
        <ele>1258.1</ele>
      </trkpt>
      <trkpt lat="32.2903" lon="-110.59081">
        <ele>1258.5</ele>
      </trkpt>
      <trkpt lat="32.29029" lon="-110.59069">
        <ele>1258.0</ele>
      </trkpt>
      <trkpt lat="32.289876" lon="-110.59037">
        <ele>1256.1</ele>
      </trkpt>
      <trkpt lat="32.28979" lon="-110.59019">
        <ele>1255.0</ele>
      </trkpt>
      <trkpt lat="32.289763" lon="-110.589814">
        <ele>1252.1</ele>
      </trkpt>
      <trkpt lat="32.290176" lon="-110.589098">
        <ele>1246.1</ele>
      </trkpt>
      <trkpt lat="32.290399" lon="-110.588493">
        <ele>1243.1</ele>
      </trkpt>
      <trkpt lat="32.29058" lon="-110.588309">
        <ele>1242.5</ele>
      </trkpt>
      <trkpt lat="32.29074" lon="-110.58766">
        <ele>1241.1</ele>
      </trkpt>
      <trkpt lat="32.290868" lon="-110.58753">
        <ele>1240.1</ele>
      </trkpt>
      <trkpt lat="32.29099" lon="-110.58676">
        <ele>1233.4</ele>
      </trkpt>
      <trkpt lat="32.291137" lon="-110.586621">
        <ele>1233.1</ele>
      </trkpt>
      <trkpt lat="32.291198" lon="-110.586392">
        <ele>1233.0</ele>
      </trkpt>
      <trkpt lat="32.29114" lon="-110.58601">
        <ele>1232.0</ele>
      </trkpt>
      <trkpt lat="32.291386" lon="-110.585635">
        <ele>1232.5</ele>
      </trkpt>
      <trkpt lat="32.29123" lon="-110.58488">
        <ele>1231.1</ele>
      </trkpt>
      <trkpt lat="32.29126" lon="-110.58428">
        <ele>1231.5</ele>
      </trkpt>
      <trkpt lat="32.290928" lon="-110.584113">
        <ele>1231.1</ele>
      </trkpt>
      <trkpt lat="32.290621" lon="-110.583494">
        <ele>1231.4</ele>
      </trkpt>
      <trkpt lat="32.290457" lon="-110.582701">
        <ele>1230.5</ele>
      </trkpt>
      <trkpt lat="32.290526" lon="-110.58241">
        <ele>1230.8</ele>
      </trkpt>
      <trkpt lat="32.290421" lon="-110.582089">
        <ele>1230.0</ele>
      </trkpt>
      <trkpt lat="32.2905" lon="-110.58103">
        <ele>1226.5</ele>
      </trkpt>
      <trkpt lat="32.290401" lon="-110.58052">
        <ele>1224.1</ele>
      </trkpt>
      <trkpt lat="32.290554" lon="-110.579944">
        <ele>1223.0</ele>
      </trkpt>
      <trkpt lat="32.290332" lon="-110.579506">
        <ele>1221.5</ele>
      </trkpt>
      <trkpt lat="32.29023" lon="-110.57861">
        <ele>1224.5</ele>
      </trkpt>
      <trkpt lat="32.290039" lon="-110.57833">
        <ele>1225.5</ele>
      </trkpt>
      <trkpt lat="32.289955" lon="-110.577723">
        <ele>1227.0</ele>
      </trkpt>
      <trkpt lat="32.290137" lon="-110.577238">
        <ele>1228.0</ele>
      </trkpt>
      <trkpt lat="32.29028" lon="-110.576306">
        <ele>1230.1</ele>
      </trkpt>
      <trkpt lat="32.290154" lon="-110.575953">
        <ele>1230.4</ele>
      </trkpt>
      <trkpt lat="32.289689" lon="-110.575554">
        <ele>1229.5</ele>
      </trkpt>
      <trkpt lat="32.289327" lon="-110.576111">
        <ele>1226.8</ele>
      </trkpt>
      <trkpt lat="32.289073" lon="-110.577124">
        <ele>1223.1</ele>
      </trkpt>
      <trkpt lat="32.28858" lon="-110.577451">
        <ele>1221.1</ele>
      </trkpt>
      <trkpt lat="32.28814" lon="-110.578186">
        <ele>1219.5</ele>
      </trkpt>
      <trkpt lat="32.28773" lon="-110.57817">
        <ele>1219.0</ele>
      </trkpt>
      <trkpt lat="32.287557" lon="-110.577953">
        <ele>1219.0</ele>
      </trkpt>
      <trkpt lat="32.286338" lon="-110.57736">
        <ele>1218.0</ele>
      </trkpt>
      <trkpt lat="32.285888" lon="-110.577345">
        <ele>1216.5</ele>
      </trkpt>
      <trkpt lat="32.285086" lon="-110.576944">
        <ele>1212.4</ele>
      </trkpt>
      <trkpt lat="32.2845" lon="-110.57677">
        <ele>1209.1</ele>
      </trkpt>
      <trkpt lat="32.284399" lon="-110.57661">
        <ele>1209.0</ele>
      </trkpt>
      <trkpt lat="32.283504" lon="-110.576408">
        <ele>1208.1</ele>
      </trkpt>
      <trkpt lat="32.283388" lon="-110.576452">
        <ele>1208.0</ele>
      </trkpt>
      <trkpt lat="32.281959" lon="-110.576227">
        <ele>1207.8</ele>
      </trkpt>
      <trkpt lat="32.281869" lon="-110.57608">
        <ele>1207.0</ele>
      </trkpt>
      <trkpt lat="32.28161" lon="-110.57599">
        <ele>1206.4</ele>
      </trkpt>
      <trkpt lat="32.28141" lon="-110.57564">
        <ele>1206.0</ele>
      </trkpt>
      <trkpt lat="32.281362" lon="-110.575341">
        <ele>1206.0</ele>
      </trkpt>
      <trkpt lat="32.281526" lon="-110.574487">
        <ele>1207.1</ele>
      </trkpt>
      <trkpt lat="32.281748" lon="-110.573967">
        <ele>1208.0</ele>
      </trkpt>
      <trkpt lat="32.281942" lon="-110.572876">
        <ele>1210.0</ele>
      </trkpt>
      <trkpt lat="32.281875" lon="-110.571927">
        <ele>1212.1</ele>
      </trkpt>
      <trkpt lat="32.282086" lon="-110.571416">
        <ele>1213.0</ele>
      </trkpt>
      <trkpt lat="32.282406" lon="-110.571188">
        <ele>1213.1</ele>
      </trkpt>
      <trkpt lat="32.28255" lon="-110.570948">
        <ele>1213.5</ele>
      </trkpt>
      <trkpt lat="32.28273" lon="-110.56999">
        <ele>1214.4</ele>
      </trkpt>
      <trkpt lat="32.282943" lon="-110.569762">
        <ele>1215.1</ele>
      </trkpt>
      <trkpt lat="32.283265" lon="-110.568856">
        <ele>1216.0</ele>
      </trkpt>
      <trkpt lat="32.283254" lon="-110.568697">
        <ele>1216.0</ele>
      </trkpt>
      <trkpt lat="32.283444" lon="-110.568769">
        <ele>1216.0</ele>
      </trkpt>
      <trkpt lat="32.283792" lon="-110.569235">
        <ele>1216.0</ele>
      </trkpt>
      <trkpt lat="32.284014" lon="-110.569326">
        <ele>1216.0</ele>
      </trkpt>
      <trkpt lat="32.284087" lon="-110.569643">
        <ele>1216.1</ele>
      </trkpt>
      <trkpt lat="32.28506" lon="-110.56974">
        <ele>1219.8</ele>
      </trkpt>
      <trkpt lat="32.285756" lon="-110.569456">
        <ele>1221.0</ele>
      </trkpt>
      <trkpt lat="32.285926" lon="-110.569074">
        <ele>1221.0</ele>
      </trkpt>
      <trkpt lat="32.286191" lon="-110.568787">
        <ele>1221.1</ele>
      </trkpt>
      <trkpt lat="32.286737" lon="-110.56869">
        <ele>1221.4</ele>
      </trkpt>
      <trkpt lat="32.28699" lon="-110.56874">
        <ele>1221.4</ele>
      </trkpt>
      <trkpt lat="32.28822" lon="-110.568587">
        <ele>1224.8</ele>
      </trkpt>
      <trkpt lat="32.288691" lon="-110.568386">
        <ele>1227.1</ele>
      </trkpt>
      <trkpt lat="32.289085" lon="-110.568371">
        <ele>1230.0</ele>
      </trkpt>
      <trkpt lat="32.28936" lon="-110.56809">
        <ele>1230.5</ele>
      </trkpt>
      <trkpt lat="32.29002" lon="-110.56788">
        <ele>1232.0</ele>
      </trkpt>
      <trkpt lat="32.29021" lon="-110.56825">
        <ele>1234.1</ele>
      </trkpt>
      <trkpt lat="32.29054" lon="-110.56839">
        <ele>1235.8</ele>
      </trkpt>
      <trkpt lat="32.291069" lon="-110.568231">
        <ele>1235.4</ele>
      </trkpt>
      <trkpt lat="32.291573" lon="-110.568579">
        <ele>1235.4</ele>
      </trkpt>
      <trkpt lat="32.291556" lon="-110.56881">
        <ele>1238.1</ele>
      </trkpt>
      <trkpt lat="32.292005" lon="-110.569034">
        <ele>1238.5</ele>
      </trkpt>
      <trkpt lat="32.292361" lon="-110.569338">
        <ele>1240.5</ele>
      </trkpt>
      <trkpt lat="32.292476" lon="-110.569329">
        <ele>1241.4</ele>
      </trkpt>
      <trkpt lat="32.292675" lon="-110.569488">
        <ele>1242.1</ele>
      </trkpt>
      <trkpt lat="32.292893" lon="-110.569496">
        <ele>1243.0</ele>
      </trkpt>
      <trkpt lat="32.29298" lon="-110.569327">
        <ele>1243.1</ele>
      </trkpt>
      <trkpt lat="32.29318" lon="-110.569289">
        <ele>1243.5</ele>
      </trkpt>
      <trkpt lat="32.293736" lon="-110.569419">
        <ele>1245.5</ele>
      </trkpt>
      <trkpt lat="32.29419" lon="-110.56978">
        <ele>1250.8</ele>
      </trkpt>
      <trkpt lat="32.294272" lon="-110.569994">
        <ele>1252.5</ele>
      </trkpt>
      <trkpt lat="32.29459" lon="-110.57007">
        <ele>1254.0</ele>
      </trkpt>
      <trkpt lat="32.295212" lon="-110.569881">
        <ele>1256.0</ele>
      </trkpt>
      <trkpt lat="32.295477" lon="-110.570161">
        <ele>1256.8</ele>
      </trkpt>
      <trkpt lat="32.29587" lon="-110.57037">
        <ele>1258.4</ele>
      </trkpt>
      <trkpt lat="32.296211" lon="-110.570736">
        <ele>1260.8</ele>
      </trkpt>
      <trkpt lat="32.296912" lon="-110.570349">
        <ele>1266.1</ele>
      </trkpt>
      <trkpt lat="32.297354" lon="-110.570207">
        <ele>1270.0</ele>
      </trkpt>
      <trkpt lat="32.297849" lon="-110.569809">
        <ele>1271.1</ele>
      </trkpt>
      <trkpt lat="32.297908" lon="-110.569572">
        <ele>1275.4</ele>
      </trkpt>
      <trkpt lat="32.297866" lon="-110.569378">
        <ele>1274.5</ele>
      </trkpt>
      <trkpt lat="32.29816" lon="-110.56969">
        <ele>1278.5</ele>
      </trkpt>
      <trkpt lat="32.29864" lon="-110.569824">
        <ele>1282.5</ele>
      </trkpt>
      <trkpt lat="32.298982" lon="-110.569555">
        <ele>1282.5</ele>
      </trkpt>
      <trkpt lat="32.299521" lon="-110.569499">
        <ele>1279.8</ele>
      </trkpt>
      <trkpt lat="32.299714" lon="-110.569311">
        <ele>1279.0</ele>
      </trkpt>
      <trkpt lat="32.29975" lon="-110.56913">
        <ele>1278.8</ele>
      </trkpt>
      <trkpt lat="32.300078" lon="-110.569575">
        <ele>1280.1</ele>
      </trkpt>
      <trkpt lat="32.30021" lon="-110.56941">
        <ele>1281.4</ele>
      </trkpt>
      <trkpt lat="32.30066" lon="-110.569238">
        <ele>1283.0</ele>
      </trkpt>
      <trkpt lat="32.300868" lon="-110.568969">
        <ele>1282.0</ele>
      </trkpt>
      <trkpt lat="32.300764" lon="-110.568838">
        <ele>1283.0</ele>
      </trkpt>
      <trkpt lat="32.300702" lon="-110.5685">
        <ele>1282.0</ele>
      </trkpt>
      <trkpt lat="32.301298" lon="-110.568368">
        <ele>1287.4</ele>
      </trkpt>
      <trkpt lat="32.301389" lon="-110.56811">
        <ele>1286.5</ele>
      </trkpt>
      <trkpt lat="32.301623" lon="-110.567859">
        <ele>1287.4</ele>
      </trkpt>
      <trkpt lat="32.301903" lon="-110.567844">
        <ele>1290.8</ele>
      </trkpt>
      <trkpt lat="32.30205" lon="-110.56811">
        <ele>1293.5</ele>
      </trkpt>
      <trkpt lat="32.302371" lon="-110.568189">
        <ele>1297.0</ele>
      </trkpt>
      <trkpt lat="32.302529" lon="-110.568379">
        <ele>1299.4</ele>
      </trkpt>
      <trkpt lat="32.302529" lon="-110.568803">
        <ele>1303.0</ele>
      </trkpt>
      <trkpt lat="32.302674" lon="-110.569099">
        <ele>1303.8</ele>
      </trkpt>
      <trkpt lat="32.30301" lon="-110.56907">
        <ele>1304.0</ele>
      </trkpt>
      <trkpt lat="32.303234" lon="-110.56922">
        <ele>1305.4</ele>
      </trkpt>
      <trkpt lat="32.303606" lon="-110.569255">
        <ele>1308.0</ele>
      </trkpt>
      <trkpt lat="32.303948" lon="-110.568884">
        <ele>1311.0</ele>
      </trkpt>
      <trkpt lat="32.304378" lon="-110.568925">
        <ele>1314.5</ele>
      </trkpt>
      <trkpt lat="32.304789" lon="-110.568783">
        <ele>1316.4</ele>
      </trkpt>
      <trkpt lat="32.304978" lon="-110.568954">
        <ele>1318.0</ele>
      </trkpt>
      <trkpt lat="32.30509" lon="-110.568928">
        <ele>1318.5</ele>
      </trkpt>
      <trkpt lat="32.305419" lon="-110.56915">
        <ele>1321.8</ele>
      </trkpt>
      <trkpt lat="32.305403" lon="-110.569381">
        <ele>1324.8</ele>
      </trkpt>
      <trkpt lat="32.305587" lon="-110.570298">
        <ele>1329.0</ele>
      </trkpt>
      <trkpt lat="32.305909" lon="-110.570726">
        <ele>1331.4</ele>
      </trkpt>
      <trkpt lat="32.30597" lon="-110.57098">
        <ele>1333.1</ele>
      </trkpt>
      <trkpt lat="32.30592" lon="-110.571487">
        <ele>1334.1</ele>
      </trkpt>
      <trkpt lat="32.305757" lon="-110.571817">
        <ele>1336.0</ele>
      </trkpt>
      <trkpt lat="32.30614" lon="-110.572252">
        <ele>1331.5</ele>
      </trkpt>
      <trkpt lat="32.306108" lon="-110.572653">
        <ele>1332.4</ele>
      </trkpt>
      <trkpt lat="32.305976" lon="-110.572782">
        <ele>1333.5</ele>
      </trkpt>
      <trkpt lat="32.306035" lon="-110.573101">
        <ele>1332.0</ele>
      </trkpt>
      <trkpt lat="32.306271" lon="-110.573217">
        <ele>1327.5</ele>
      </trkpt>
      <trkpt lat="32.306299" lon="-110.573639">
        <ele>1327.4</ele>
      </trkpt>
      <trkpt lat="32.306182" lon="-110.573961">
        <ele>1328.0</ele>
      </trkpt>
      <trkpt lat="32.30625" lon="-110.57425">
        <ele>1326.1</ele>
      </trkpt>
      <trkpt lat="32.306423" lon="-110.574357">
        <ele>1325.1</ele>
      </trkpt>
      <trkpt lat="32.306913" lon="-110.574108">
        <ele>1321.4</ele>
      </trkpt>
      <trkpt lat="32.307032" lon="-110.574195">
        <ele>1320.1</ele>
      </trkpt>
      <trkpt lat="32.307406" lon="-110.574092">
        <ele>1319.0</ele>
      </trkpt>
      <trkpt lat="32.30753" lon="-110.57386">
        <ele>1318.5</ele>
      </trkpt>
      <trkpt lat="32.307749" lon="-110.573786">
        <ele>1318.0</ele>
      </trkpt>
      <trkpt lat="32.308301" lon="-110.573958">
        <ele>1317.0</ele>
      </trkpt>
      <trkpt lat="32.30836" lon="-110.57433">
        <ele>1317.1</ele>
      </trkpt>
      <trkpt lat="32.309103" lon="-110.574653">
        <ele>1322.4</ele>
      </trkpt>
      <trkpt lat="32.309221" lon="-110.574633">
        <ele>1323.5</ele>
      </trkpt>
      <trkpt lat="32.309545" lon="-110.574247">
        <ele>1326.8</ele>
      </trkpt>
      <trkpt lat="32.309872" lon="-110.574128">
        <ele>1328.8</ele>
      </trkpt>
      <trkpt lat="32.310768" lon="-110.574569">
        <ele>1333.4</ele>
      </trkpt>
      <trkpt lat="32.311051" lon="-110.574619">
        <ele>1337.4</ele>
      </trkpt>
      <trkpt lat="32.311248" lon="-110.574516">
        <ele>1339.0</ele>
      </trkpt>
      <trkpt lat="32.311492" lon="-110.575056">
        <ele>1342.0</ele>
      </trkpt>
      <trkpt lat="32.311543" lon="-110.575836">
        <ele>1345.4</ele>
      </trkpt>
      <trkpt lat="32.311633" lon="-110.57595">
        <ele>1347.4</ele>
      </trkpt>
      <trkpt lat="32.312115" lon="-110.575923">
        <ele>1347.5</ele>
      </trkpt>
      <trkpt lat="32.312272" lon="-110.576481">
        <ele>1352.5</ele>
      </trkpt>
      <trkpt lat="32.312693" lon="-110.576692">
        <ele>1353.0</ele>
      </trkpt>
      <trkpt lat="32.312927" lon="-110.57696">
        <ele>1354.0</ele>
      </trkpt>
      <trkpt lat="32.313737" lon="-110.577475">
        <ele>1354.1</ele>
      </trkpt>
      <trkpt lat="32.314194" lon="-110.577582">
        <ele>1355.1</ele>
      </trkpt>
      <trkpt lat="32.314427" lon="-110.577988">
        <ele>1358.4</ele>
      </trkpt>
      <trkpt lat="32.315066" lon="-110.578448">
        <ele>1369.0</ele>
      </trkpt>
      <trkpt lat="32.315334" lon="-110.578805">
        <ele>1374.8</ele>
      </trkpt>
      <trkpt lat="32.315562" lon="-110.578846">
        <ele>1380.5</ele>
      </trkpt>
      <trkpt lat="32.315579" lon="-110.57914">
        <ele>1387.5</ele>
      </trkpt>
      <trkpt lat="32.316045" lon="-110.580172">
        <ele>1396.5</ele>
      </trkpt>
      <trkpt lat="32.316032" lon="-110.581298">
        <ele>1402.0</ele>
      </trkpt>
      <trkpt lat="32.316105" lon="-110.58161">
        <ele>1401.4</ele>
      </trkpt>
      <trkpt lat="32.316051" lon="-110.582127">
        <ele>1397.0</ele>
      </trkpt>
      <trkpt lat="32.316287" lon="-110.583406">
        <ele>1380.1</ele>
      </trkpt>
      <trkpt lat="32.316535" lon="-110.583742">
        <ele>1380.4</ele>
      </trkpt>
      <trkpt lat="32.316485" lon="-110.583936">
        <ele>1381.4</ele>
      </trkpt>
      <trkpt lat="32.316679" lon="-110.584129">
        <ele>1381.8</ele>
      </trkpt>
      <trkpt lat="32.316775" lon="-110.584521">
        <ele>1386.0</ele>
      </trkpt>
      <trkpt lat="32.316704" lon="-110.58462">
        <ele>1381.1</ele>
      </trkpt>
      <trkpt lat="32.316806" lon="-110.58508">
        <ele>1382.8</ele>
      </trkpt>
      <trkpt lat="32.317176" lon="-110.585697">
        <ele>1381.1</ele>
      </trkpt>
      <trkpt lat="32.317617" lon="-110.58609">
        <ele>1380.5</ele>
      </trkpt>
      <trkpt lat="32.317757" lon="-110.58666">
        <ele>1378.8</ele>
      </trkpt>
      <trkpt lat="32.31769" lon="-110.587486">
        <ele>1370.8</ele>
      </trkpt>
      <trkpt lat="32.317456" lon="-110.58794">
        <ele>1367.8</ele>
      </trkpt>
      <trkpt lat="32.31769" lon="-110.588454">
        <ele>1364.1</ele>
      </trkpt>
      <trkpt lat="32.317749" lon="-110.589028">
        <ele>1359.0</ele>
      </trkpt>
      <trkpt lat="32.3175" lon="-110.589701">
        <ele>1355.5</ele>
      </trkpt>
      <trkpt lat="32.317419" lon="-110.590396">
        <ele>1353.8</ele>
      </trkpt>
      <trkpt lat="32.317557" lon="-110.590944">
        <ele>1352.5</ele>
      </trkpt>
      <trkpt lat="32.317462" lon="-110.591274">
        <ele>1349.4</ele>
      </trkpt>
      <trkpt lat="32.31714" lon="-110.59177">
        <ele>1346.5</ele>
      </trkpt>
      <trkpt lat="32.316782" lon="-110.592044">
        <ele>1343.1</ele>
      </trkpt>
      <trkpt lat="32.317338" lon="-110.591938">
        <ele>1337.5</ele>
      </trkpt>
      <trkpt lat="32.317729" lon="-110.592474">
        <ele>1325.1</ele>
      </trkpt>
      <trkpt lat="32.317769" lon="-110.59294">
        <ele>1317.1</ele>
      </trkpt>
      <trkpt lat="32.31806" lon="-110.5932">
        <ele>1316.1</ele>
      </trkpt>
      <trkpt lat="32.318171" lon="-110.593649">
        <ele>1308.5</ele>
      </trkpt>
      <trkpt lat="32.318683" lon="-110.59381">
        <ele>1299.0</ele>
      </trkpt>
      <trkpt lat="32.318924" lon="-110.59371">
        <ele>1295.8</ele>
      </trkpt>
      <trkpt lat="32.3192" lon="-110.594378">
        <ele>1293.1</ele>
      </trkpt>
      <trkpt lat="32.319195" lon="-110.595018">
        <ele>1290.0</ele>
      </trkpt>
      <trkpt lat="32.319026" lon="-110.595267">
        <ele>1284.4</ele>
      </trkpt>
      <trkpt lat="32.318834" lon="-110.596286">
        <ele>1280.1</ele>
      </trkpt>
      <trkpt lat="32.31899" lon="-110.596394">
        <ele>1281.4</ele>
      </trkpt>
      <trkpt lat="32.319218" lon="-110.596344">
        <ele>1281.8</ele>
      </trkpt>
      <trkpt lat="32.31937" lon="-110.596473">
        <ele>1277.1</ele>
      </trkpt>
      <trkpt lat="32.31919" lon="-110.596937">
        <ele>1269.1</ele>
      </trkpt>
      <trkpt lat="32.319207" lon="-110.597165">
        <ele>1266.4</ele>
      </trkpt>
      <trkpt lat="32.319287" lon="-110.597231">
        <ele>1265.0</ele>
      </trkpt>
      <trkpt lat="32.31947" lon="-110.596948">
        <ele>1265.5</ele>
      </trkpt>
      <trkpt lat="32.319871" lon="-110.596894">
        <ele>1260.0</ele>
      </trkpt>
      <trkpt lat="32.320062" lon="-110.597028">
        <ele>1253.8</ele>
      </trkpt>
      <trkpt lat="32.320155" lon="-110.597335">
        <ele>1254.1</ele>
      </trkpt>
      <trkpt lat="32.320254" lon="-110.597324">
        <ele>1255.1</ele>
      </trkpt>
      <trkpt lat="32.32058" lon="-110.597575">
        <ele>1256.5</ele>
      </trkpt>
      <trkpt lat="32.320435" lon="-110.598004">
        <ele>1248.4</ele>
      </trkpt>
      <trkpt lat="32.320248" lon="-110.598129">
        <ele>1245.4</ele>
      </trkpt>
      <trkpt lat="32.320092" lon="-110.59858">
        <ele>1243.0</ele>
      </trkpt>
      <trkpt lat="32.320296" lon="-110.598902">
        <ele>1244.0</ele>
      </trkpt>
      <trkpt lat="32.320534" lon="-110.598986">
        <ele>1243.5</ele>
      </trkpt>
      <trkpt lat="32.320503" lon="-110.599115">
        <ele>1242.4</ele>
      </trkpt>
      <trkpt lat="32.320265" lon="-110.599233">
        <ele>1239.1</ele>
      </trkpt>
      <trkpt lat="32.320107" lon="-110.59973">
        <ele>1233.0</ele>
      </trkpt>
      <trkpt lat="32.320164" lon="-110.599923">
        <ele>1234.0</ele>
      </trkpt>
      <trkpt lat="32.320593" lon="-110.600105">
        <ele>1237.4</ele>
      </trkpt>
      <trkpt lat="32.321008" lon="-110.600616">
        <ele>1231.0</ele>
      </trkpt>
      <trkpt lat="32.320991" lon="-110.600852">
        <ele>1228.5</ele>
      </trkpt>
      <trkpt lat="32.32085" lon="-110.60099">
        <ele>1226.0</ele>
      </trkpt>
      <trkpt lat="32.320839" lon="-110.601336">
        <ele>1225.5</ele>
      </trkpt>
      <trkpt lat="32.320549" lon="-110.601694">
        <ele>1227.4</ele>
      </trkpt>
      <trkpt lat="32.320404" lon="-110.601654">
        <ele>1227.8</ele>
      </trkpt>
      <trkpt lat="32.320475" lon="-110.601927">
        <ele>1229.5</ele>
      </trkpt>
      <trkpt lat="32.320424" lon="-110.602086">
        <ele>1230.0</ele>
      </trkpt>
      <trkpt lat="32.32072" lon="-110.602658">
        <ele>1231.5</ele>
      </trkpt>
      <trkpt lat="32.320438" lon="-110.60304">
        <ele>1235.5</ele>
      </trkpt>
      <trkpt lat="32.320307" lon="-110.603519">
        <ele>1231.1</ele>
      </trkpt>
      <trkpt lat="32.319989" lon="-110.604046">
        <ele>1232.8</ele>
      </trkpt>
      <trkpt lat="32.320044" lon="-110.604633">
        <ele>1238.8</ele>
      </trkpt>
      <trkpt lat="32.319789" lon="-110.605125">
        <ele>1242.5</ele>
      </trkpt>
      <trkpt lat="32.319707" lon="-110.605152">
        <ele>1243.4</ele>
      </trkpt>
      <trkpt lat="32.319589" lon="-110.605551">
        <ele>1244.5</ele>
      </trkpt>
      <trkpt lat="32.319616" lon="-110.60618">
        <ele>1254.1</ele>
      </trkpt>
      <trkpt lat="32.320059" lon="-110.60646">
        <ele>1257.8</ele>
      </trkpt>
      <trkpt lat="32.320172" lon="-110.607821">
        <ele>1256.1</ele>
      </trkpt>
      <trkpt lat="32.320582" lon="-110.608095">
        <ele>1256.0</ele>
      </trkpt>
      <trkpt lat="32.32065" lon="-110.60841">
        <ele>1255.4</ele>
      </trkpt>
      <trkpt lat="32.320445" lon="-110.608917">
        <ele>1255.0</ele>
      </trkpt>
      <trkpt lat="32.32072" lon="-110.60949">
        <ele>1254.4</ele>
      </trkpt>
      <trkpt lat="32.32092" lon="-110.6096">
        <ele>1255.0</ele>
      </trkpt>
      <trkpt lat="32.321165" lon="-110.60991">
        <ele>1255.4</ele>
      </trkpt>
      <trkpt lat="32.32127" lon="-110.60993">
        <ele>1255.1</ele>
      </trkpt>
      <trkpt lat="32.321364" lon="-110.610174">
        <ele>1255.0</ele>
      </trkpt>
      <trkpt lat="32.321605" lon="-110.61016">
        <ele>1256.8</ele>
      </trkpt>
      <trkpt lat="32.321903" lon="-110.609899">
        <ele>1257.1</ele>
      </trkpt>
      <trkpt lat="32.322113" lon="-110.609243">
        <ele>1255.8</ele>
      </trkpt>
      <trkpt lat="32.322288" lon="-110.608968">
        <ele>1254.5</ele>
      </trkpt>
      <trkpt lat="32.32238" lon="-110.60914">
        <ele>1254.0</ele>
      </trkpt>
      <trkpt lat="32.32231" lon="-110.60944">
        <ele>1253.0</ele>
      </trkpt>
      <trkpt lat="32.322457" lon="-110.609568">
        <ele>1253.5</ele>
      </trkpt>
      <trkpt lat="32.322566" lon="-110.609868">
        <ele>1254.8</ele>
      </trkpt>
      <trkpt lat="32.323183" lon="-110.609593">
        <ele>1267.5</ele>
      </trkpt>
      <trkpt lat="32.323548" lon="-110.610129">
        <ele>1261.1</ele>
      </trkpt>
      <trkpt lat="32.323558" lon="-110.610408">
        <ele>1260.1</ele>
      </trkpt>
      <trkpt lat="32.323684" lon="-110.610649">
        <ele>1261.4</ele>
      </trkpt>
      <trkpt lat="32.323635" lon="-110.610915">
        <ele>1259.4</ele>
      </trkpt>
      <trkpt lat="32.32334" lon="-110.61128">
        <ele>1256.1</ele>
      </trkpt>
      <trkpt lat="32.323397" lon="-110.61148">
        <ele>1256.4</ele>
      </trkpt>
      <trkpt lat="32.323113" lon="-110.611738">
        <ele>1255.0</ele>
      </trkpt>
      <trkpt lat="32.323126" lon="-110.612159">
        <ele>1254.4</ele>
      </trkpt>
      <trkpt lat="32.322918" lon="-110.6126">
        <ele>1246.0</ele>
      </trkpt>
      <trkpt lat="32.322645" lon="-110.612945">
        <ele>1242.1</ele>
      </trkpt>
      <trkpt lat="32.322609" lon="-110.613196">
        <ele>1243.1</ele>
      </trkpt>
      <trkpt lat="32.32248" lon="-110.61318">
        <ele>1238.5</ele>
      </trkpt>
      <trkpt lat="32.32244" lon="-110.61327">
        <ele>1240.1</ele>
      </trkpt>
      <trkpt lat="32.322507" lon="-110.613325">
        <ele>1238.4</ele>
      </trkpt>
      <trkpt lat="32.322426" lon="-110.613812">
        <ele>1234.8</ele>
      </trkpt>
      <trkpt lat="32.322754" lon="-110.613708">
        <ele>1236.0</ele>
      </trkpt>
      <trkpt lat="32.322715" lon="-110.614028">
        <ele>1231.8</ele>
      </trkpt>
      <trkpt lat="32.322634" lon="-110.614084">
        <ele>1231.0</ele>
      </trkpt>
      <trkpt lat="32.32262" lon="-110.614603">
        <ele>1232.1</ele>
      </trkpt>
      <trkpt lat="32.322862" lon="-110.61499">
        <ele>1236.4</ele>
      </trkpt>
      <trkpt lat="32.322646" lon="-110.616655">
        <ele>1229.5</ele>
      </trkpt>
      <trkpt lat="32.322775" lon="-110.616877">
        <ele>1228.1</ele>
      </trkpt>
      <trkpt lat="32.322521" lon="-110.617113">
        <ele>1227.4</ele>
      </trkpt>
      <trkpt lat="32.322285" lon="-110.617703">
        <ele>1224.5</ele>
      </trkpt>
      <trkpt lat="32.32206" lon="-110.618025">
        <ele>1222.8</ele>
      </trkpt>
      <trkpt lat="32.322049" lon="-110.618329">
        <ele>1221.5</ele>
      </trkpt>
      <trkpt lat="32.322163" lon="-110.61883">
        <ele>1220.0</ele>
      </trkpt>
      <trkpt lat="32.32202" lon="-110.618957">
        <ele>1220.0</ele>
      </trkpt>
      <trkpt lat="32.321908" lon="-110.619319">
        <ele>1220.0</ele>
      </trkpt>
      <trkpt lat="32.321817" lon="-110.61939">
        <ele>1219.5</ele>
      </trkpt>
      <trkpt lat="32.321375" lon="-110.620528">
        <ele>1218.8</ele>
      </trkpt>
      <trkpt lat="32.321207" lon="-110.620658">
        <ele>1218.5</ele>
      </trkpt>
      <trkpt lat="32.320994" lon="-110.620649">
        <ele>1218.4</ele>
      </trkpt>
      <trkpt lat="32.320926" lon="-110.62076">
        <ele>1218.1</ele>
      </trkpt>
      <trkpt lat="32.320928" lon="-110.621983">
        <ele>1218.0</ele>
      </trkpt>
      <trkpt lat="32.320798" lon="-110.622685">
        <ele>1218.4</ele>
      </trkpt>
      <trkpt lat="32.320535" lon="-110.623122">
        <ele>1219.0</ele>
      </trkpt>
      <trkpt lat="32.320805" lon="-110.623366">
        <ele>1219.0</ele>
      </trkpt>
      <trkpt lat="32.32085" lon="-110.623936">
        <ele>1220.1</ele>
      </trkpt>
      <trkpt lat="32.320659" lon="-110.624263">
        <ele>1221.0</ele>
      </trkpt>
      <trkpt lat="32.320666" lon="-110.624457">
        <ele>1221.4</ele>
      </trkpt>
      <trkpt lat="32.320346" lon="-110.624905">
        <ele>1221.4</ele>
      </trkpt>
      <trkpt lat="32.320225" lon="-110.625227">
        <ele>1221.5</ele>
      </trkpt>
      <trkpt lat="32.319663" lon="-110.625834">
        <ele>1224.1</ele>
      </trkpt>
      <trkpt lat="32.319304" lon="-110.626022">
        <ele>1226.0</ele>
      </trkpt>
      <trkpt lat="32.319055" lon="-110.626043">
        <ele>1226.0</ele>
      </trkpt>
      <trkpt lat="32.31884" lon="-110.626559">
        <ele>1234.0</ele>
      </trkpt>
      <trkpt lat="32.318908" lon="-110.62724">
        <ele>1242.0</ele>
      </trkpt>
      <trkpt lat="32.318697" lon="-110.627701">
        <ele>1242.4</ele>
      </trkpt>
      <trkpt lat="32.319043" lon="-110.628269">
        <ele>1234.5</ele>
      </trkpt>
      <trkpt lat="32.31915" lon="-110.628613">
        <ele>1234.0</ele>
      </trkpt>
      <trkpt lat="32.319009" lon="-110.628957">
        <ele>1232.5</ele>
      </trkpt>
      <trkpt lat="32.319519" lon="-110.62992">
        <ele>1230.5</ele>
      </trkpt>
      <trkpt lat="32.31962" lon="-110.630376">
        <ele>1229.0</ele>
      </trkpt>
      <trkpt lat="32.319535" lon="-110.630707">
        <ele>1228.4</ele>
      </trkpt>
      <trkpt lat="32.319425" lon="-110.630744">
        <ele>1229.0</ele>
      </trkpt>
      <trkpt lat="32.31911" lon="-110.631363">
        <ele>1229.8</ele>
      </trkpt>
      <trkpt lat="32.318806" lon="-110.631636">
        <ele>1230.8</ele>
      </trkpt>
      <trkpt lat="32.318713" lon="-110.631883">
        <ele>1231.1</ele>
      </trkpt>
      <trkpt lat="32.318331" lon="-110.63234">
        <ele>1236.5</ele>
      </trkpt>
      <trkpt lat="32.31864" lon="-110.633263">
        <ele>1236.5</ele>
      </trkpt>
      <trkpt lat="32.318235" lon="-110.632957">
        <ele>1230.8</ele>
      </trkpt>
      <trkpt lat="32.318112" lon="-110.634553">
        <ele>1223.5</ele>
      </trkpt>
      <trkpt lat="32.318285" lon="-110.63528">
        <ele>1227.5</ele>
      </trkpt>
      <trkpt lat="32.318533" lon="-110.635612">
        <ele>1226.5</ele>
      </trkpt>
      <trkpt lat="32.318708" lon="-110.635655">
        <ele>1225.0</ele>
      </trkpt>
      <trkpt lat="32.318857" lon="-110.635851">
        <ele>1223.5</ele>
      </trkpt>
      <trkpt lat="32.318874" lon="-110.636247">
        <ele>1222.4</ele>
      </trkpt>
      <trkpt lat="32.319049" lon="-110.636329">
        <ele>1221.8</ele>
      </trkpt>
      <trkpt lat="32.31892" lon="-110.63682">
        <ele>1220.0</ele>
      </trkpt>
      <trkpt lat="32.318987" lon="-110.637096">
        <ele>1219.8</ele>
      </trkpt>
      <trkpt lat="32.318941" lon="-110.637445">
        <ele>1218.5</ele>
      </trkpt>
      <trkpt lat="32.318998" lon="-110.63777">
        <ele>1216.5</ele>
      </trkpt>
      <trkpt lat="32.319487" lon="-110.638456">
        <ele>1213.1</ele>
      </trkpt>
      <trkpt lat="32.319511" lon="-110.63898">
        <ele>1215.4</ele>
      </trkpt>
      <trkpt lat="32.319253" lon="-110.639686">
        <ele>1220.0</ele>
      </trkpt>
      <trkpt lat="32.319361" lon="-110.639895">
        <ele>1219.4</ele>
      </trkpt>
      <trkpt lat="32.319231" lon="-110.640001">
        <ele>1218.8</ele>
      </trkpt>
      <trkpt lat="32.319175" lon="-110.640935">
        <ele>1213.4</ele>
      </trkpt>
      <trkpt lat="32.319392" lon="-110.641406">
        <ele>1207.4</ele>
      </trkpt>
      <trkpt lat="32.319542" lon="-110.641474">
        <ele>1207.8</ele>
      </trkpt>
      <trkpt lat="32.319676" lon="-110.641852">
        <ele>1208.4</ele>
      </trkpt>
      <trkpt lat="32.319518" lon="-110.642992">
        <ele>1207.0</ele>
      </trkpt>
      <trkpt lat="32.319246" lon="-110.643813">
        <ele>1207.0</ele>
      </trkpt>
      <trkpt lat="32.319471" lon="-110.64445">
        <ele>1206.8</ele>
      </trkpt>
      <trkpt lat="32.32" lon="-110.644748">
        <ele>1203.4</ele>
      </trkpt>
      <trkpt lat="32.320238" lon="-110.64543">
        <ele>1206.4</ele>
      </trkpt>
      <trkpt lat="32.320458" lon="-110.645719">
        <ele>1201.1</ele>
      </trkpt>
      <trkpt lat="32.320462" lon="-110.646061">
        <ele>1197.0</ele>
      </trkpt>
      <trkpt lat="32.320634" lon="-110.646449">
        <ele>1195.0</ele>
      </trkpt>
      <trkpt lat="32.321123" lon="-110.646536">
        <ele>1191.0</ele>
      </trkpt>
      <trkpt lat="32.321354" lon="-110.646683">
        <ele>1192.1</ele>
      </trkpt>
      <trkpt lat="32.321506" lon="-110.64713">
        <ele>1188.8</ele>
      </trkpt>
      <trkpt lat="32.321494" lon="-110.647329">
        <ele>1186.1</ele>
      </trkpt>
      <trkpt lat="32.321717" lon="-110.647209">
        <ele>1183.1</ele>
      </trkpt>
      <trkpt lat="32.321761" lon="-110.647271">
        <ele>1181.5</ele>
      </trkpt>
      <trkpt lat="32.32159" lon="-110.647605">
        <ele>1182.4</ele>
      </trkpt>
      <trkpt lat="32.321879" lon="-110.648156">
        <ele>1177.4</ele>
      </trkpt>
      <trkpt lat="32.322049" lon="-110.648282">
        <ele>1177.5</ele>
      </trkpt>
      <trkpt lat="32.32209" lon="-110.64845">
        <ele>1179.1</ele>
      </trkpt>
      <trkpt lat="32.32222" lon="-110.64845">
        <ele>1180.1</ele>
      </trkpt>
      <trkpt lat="32.322614" lon="-110.648754">
        <ele>1182.8</ele>
      </trkpt>
      <trkpt lat="32.32256" lon="-110.6491">
        <ele>1183.5</ele>
      </trkpt>
      <trkpt lat="32.322679" lon="-110.649936">
        <ele>1183.0</ele>
      </trkpt>
      <trkpt lat="32.322499" lon="-110.6507">
        <ele>1182.1</ele>
      </trkpt>
      <trkpt lat="32.322674" lon="-110.651254">
        <ele>1182.4</ele>
      </trkpt>
      <trkpt lat="32.32305" lon="-110.65153">
        <ele>1183.5</ele>
      </trkpt>
      <trkpt lat="32.32338" lon="-110.65156">
        <ele>1186.8</ele>
      </trkpt>
      <trkpt lat="32.32365" lon="-110.65188">
        <ele>1191.4</ele>
      </trkpt>
      <trkpt lat="32.32387" lon="-110.6529">
        <ele>1189.0</ele>
      </trkpt>
      <trkpt lat="32.324133" lon="-110.653453">
        <ele>1190.0</ele>
      </trkpt>
      <trkpt lat="32.32408" lon="-110.6539">
        <ele>1190.4</ele>
      </trkpt>
      <trkpt lat="32.324365" lon="-110.654804">
        <ele>1190.8</ele>
      </trkpt>
      <trkpt lat="32.324398" lon="-110.655144">
        <ele>1191.0</ele>
      </trkpt>
      <trkpt lat="32.324526" lon="-110.655393">
        <ele>1191.8</ele>
      </trkpt>
      <trkpt lat="32.324379" lon="-110.65635">
        <ele>1194.0</ele>
      </trkpt>
      <trkpt lat="32.32437" lon="-110.657121">
        <ele>1194.5</ele>
      </trkpt>
      <trkpt lat="32.324432" lon="-110.657391">
        <ele>1195.8</ele>
      </trkpt>
      <trkpt lat="32.32483" lon="-110.65787">
        <ele>1199.1</ele>
      </trkpt>
      <trkpt lat="32.32499" lon="-110.65819">
        <ele>1200.1</ele>
      </trkpt>
      <trkpt lat="32.325699" lon="-110.659082">
        <ele>1202.0</ele>
      </trkpt>
      <trkpt lat="32.32598" lon="-110.65962">
        <ele>1203.0</ele>
      </trkpt>
      <trkpt lat="32.326093" lon="-110.660161">
        <ele>1205.0</ele>
      </trkpt>
      <trkpt lat="32.32598" lon="-110.66091">
        <ele>1208.8</ele>
      </trkpt>
      <trkpt lat="32.326008" lon="-110.661353">
        <ele>1211.5</ele>
      </trkpt>
      <trkpt lat="32.32586" lon="-110.6617">
        <ele>1214.5</ele>
      </trkpt>
      <trkpt lat="32.325512" lon="-110.663214">
        <ele>1225.0</ele>
      </trkpt>
      <trkpt lat="32.32562" lon="-110.66399">
        <ele>1227.1</ele>
      </trkpt>
      <trkpt lat="32.325499" lon="-110.66433">
        <ele>1228.0</ele>
      </trkpt>
      <trkpt lat="32.325553" lon="-110.664801">
        <ele>1227.8</ele>
      </trkpt>
      <trkpt lat="32.325473" lon="-110.665038">
        <ele>1227.1</ele>
      </trkpt>
      <trkpt lat="32.325468" lon="-110.666068">
        <ele>1223.5</ele>
      </trkpt>
      <trkpt lat="32.32524" lon="-110.666475">
        <ele>1220.8</ele>
      </trkpt>
      <trkpt lat="32.325192" lon="-110.667411">
        <ele>1218.4</ele>
      </trkpt>
      <trkpt lat="32.324973" lon="-110.668591">
        <ele>1213.1</ele>
      </trkpt>
      <trkpt lat="32.32486" lon="-110.66878">
        <ele>1212.5</ele>
      </trkpt>
      <trkpt lat="32.324877" lon="-110.669754">
        <ele>1212.5</ele>
      </trkpt>
      <trkpt lat="32.325012" lon="-110.670425">
        <ele>1215.1</ele>
      </trkpt>
      <trkpt lat="32.325372" lon="-110.670908">
        <ele>1216.4</ele>
      </trkpt>
      <trkpt lat="32.325483" lon="-110.671418">
        <ele>1218.0</ele>
      </trkpt>
      <trkpt lat="32.325629" lon="-110.671611">
        <ele>1218.8</ele>
      </trkpt>
      <trkpt lat="32.325832" lon="-110.671702">
        <ele>1219.1</ele>
      </trkpt>
      <trkpt lat="32.325937" lon="-110.671885">
        <ele>1220.5</ele>
      </trkpt>
      <trkpt lat="32.327137" lon="-110.672222">
        <ele>1235.5</ele>
      </trkpt>
      <trkpt lat="32.327306" lon="-110.672164">
        <ele>1240.5</ele>
      </trkpt>
      <trkpt lat="32.328133" lon="-110.672306">
        <ele>1246.0</ele>
      </trkpt>
      <trkpt lat="32.328415" lon="-110.672236">
        <ele>1248.0</ele>
      </trkpt>
      <trkpt lat="32.328513" lon="-110.672511">
        <ele>1253.5</ele>
      </trkpt>
      <trkpt lat="32.32911" lon="-110.673454">
        <ele>1260.8</ele>
      </trkpt>
      <trkpt lat="32.329686" lon="-110.673753">
        <ele>1257.5</ele>
      </trkpt>
      <trkpt lat="32.329782" lon="-110.674316">
        <ele>1250.0</ele>
      </trkpt>
      <trkpt lat="32.329467" lon="-110.674579">
        <ele>1241.4</ele>
      </trkpt>
      <trkpt lat="32.329661" lon="-110.675128">
        <ele>1246.1</ele>
      </trkpt>
      <trkpt lat="32.330075" lon="-110.67537">
        <ele>1254.4</ele>
      </trkpt>
      <trkpt lat="32.33061" lon="-110.675043">
        <ele>1263.0</ele>
      </trkpt>
      <trkpt lat="32.330934" lon="-110.674628">
        <ele>1267.8</ele>
      </trkpt>
      <trkpt lat="32.331229" lon="-110.67452">
        <ele>1274.8</ele>
      </trkpt>
      <trkpt lat="32.33118" lon="-110.67478">
        <ele>1281.0</ele>
      </trkpt>
      <trkpt lat="32.331255" lon="-110.674854">
        <ele>1282.5</ele>
      </trkpt>
      <trkpt lat="32.33137" lon="-110.675495">
        <ele>1297.8</ele>
      </trkpt>
      <trkpt lat="32.33153" lon="-110.67562">
        <ele>1301.4</ele>
      </trkpt>
      <trkpt lat="32.331915" lon="-110.675654">
        <ele>1301.1</ele>
      </trkpt>
      <trkpt lat="32.331954" lon="-110.675736">
        <ele>1300.0</ele>
      </trkpt>
      <trkpt lat="32.33235" lon="-110.67578">
        <ele>1291.8</ele>
      </trkpt>
      <trkpt lat="32.332709" lon="-110.676044">
        <ele>1284.5</ele>
      </trkpt>
      <trkpt lat="32.33307" lon="-110.67602">
        <ele>1287.4</ele>
      </trkpt>
      <trkpt lat="32.33328" lon="-110.676258">
        <ele>1286.8</ele>
      </trkpt>
      <trkpt lat="32.333171" lon="-110.676372">
        <ele>1286.5</ele>
      </trkpt>
      <trkpt lat="32.333179" lon="-110.676635">
        <ele>1289.1</ele>
      </trkpt>
      <trkpt lat="32.333312" lon="-110.676886">
        <ele>1292.8</ele>
      </trkpt>
      <trkpt lat="32.333264" lon="-110.677415">
        <ele>1296.4</ele>
      </trkpt>
      <trkpt lat="32.333368" lon="-110.677701">
        <ele>1302.5</ele>
      </trkpt>
      <trkpt lat="32.333349" lon="-110.678404">
        <ele>1306.8</ele>
      </trkpt>
      <trkpt lat="32.333199" lon="-110.67901">
        <ele>1312.4</ele>
      </trkpt>
      <trkpt lat="32.333284" lon="-110.679344">
        <ele>1317.4</ele>
      </trkpt>
      <trkpt lat="32.333264" lon="-110.679924">
        <ele>1323.4</ele>
      </trkpt>
      <trkpt lat="32.333415" lon="-110.680235">
        <ele>1332.4</ele>
      </trkpt>
      <trkpt lat="32.333365" lon="-110.681062">
        <ele>1348.1</ele>
      </trkpt>
      <trkpt lat="32.333672" lon="-110.680721">
        <ele>1349.5</ele>
      </trkpt>
      <trkpt lat="32.334387" lon="-110.680535">
        <ele>1361.8</ele>
      </trkpt>
      <trkpt lat="32.334491" lon="-110.680438">
        <ele>1364.0</ele>
      </trkpt>
      <trkpt lat="32.334369" lon="-110.680071">
        <ele>1361.5</ele>
      </trkpt>
      <trkpt lat="32.334502" lon="-110.680125">
        <ele>1365.0</ele>
      </trkpt>
      <trkpt lat="32.334667" lon="-110.680457">
        <ele>1371.5</ele>
      </trkpt>
      <trkpt lat="32.334677" lon="-110.68007">
        <ele>1371.0</ele>
      </trkpt>
      <trkpt lat="32.33482" lon="-110.679913">
        <ele>1372.4</ele>
      </trkpt>
      <trkpt lat="32.335141" lon="-110.679813">
        <ele>1376.0</ele>
      </trkpt>
      <trkpt lat="32.334997" lon="-110.680244">
        <ele>1383.5</ele>
      </trkpt>
      <trkpt lat="32.335014" lon="-110.680408">
        <ele>1387.1</ele>
      </trkpt>
      <trkpt lat="32.335234" lon="-110.680247">
        <ele>1392.4</ele>
      </trkpt>
      <trkpt lat="32.33547" lon="-110.68025">
        <ele>1396.4</ele>
      </trkpt>
      <trkpt lat="32.335908" lon="-110.680623">
        <ele>1410.1</ele>
      </trkpt>
      <trkpt lat="32.335653" lon="-110.680662">
        <ele>1415.5</ele>
      </trkpt>
      <trkpt lat="32.335448" lon="-110.68086">
        <ele>1419.4</ele>
      </trkpt>
      <trkpt lat="32.335434" lon="-110.681192">
        <ele>1427.4</ele>
      </trkpt>
      <trkpt lat="32.335056" lon="-110.681824">
        <ele>1436.1</ele>
      </trkpt>
      <trkpt lat="32.335469" lon="-110.681667">
        <ele>1445.0</ele>
      </trkpt>
      <trkpt lat="32.335684" lon="-110.681435">
        <ele>1444.8</ele>
      </trkpt>
      <trkpt lat="32.336064" lon="-110.681924">
        <ele>1461.5</ele>
      </trkpt>
      <trkpt lat="32.336632" lon="-110.682025">
        <ele>1454.1</ele>
      </trkpt>
      <trkpt lat="32.337246" lon="-110.681953">
        <ele>1462.8</ele>
      </trkpt>
      <trkpt lat="32.337694" lon="-110.682363">
        <ele>1475.8</ele>
      </trkpt>
      <trkpt lat="32.337722" lon="-110.682524">
        <ele>1477.5</ele>
      </trkpt>
      <trkpt lat="32.337933" lon="-110.682754">
        <ele>1478.0</ele>
      </trkpt>
      <trkpt lat="32.337817" lon="-110.68293">
        <ele>1478.5</ele>
      </trkpt>
      <trkpt lat="32.337685" lon="-110.682857">
        <ele>1481.0</ele>
      </trkpt>
      <trkpt lat="32.337443" lon="-110.683297">
        <ele>1478.0</ele>
      </trkpt>
      <trkpt lat="32.337438" lon="-110.683624">
        <ele>1474.8</ele>
      </trkpt>
      <trkpt lat="32.337817" lon="-110.683285">
        <ele>1472.0</ele>
      </trkpt>
      <trkpt lat="32.338208" lon="-110.683419">
        <ele>1469.5</ele>
      </trkpt>
      <trkpt lat="32.33785" lon="-110.683532">
        <ele>1461.5</ele>
      </trkpt>
      <trkpt lat="32.337714" lon="-110.683942">
        <ele>1454.5</ele>
      </trkpt>
      <trkpt lat="32.337812" lon="-110.684281">
        <ele>1449.1</ele>
      </trkpt>
      <trkpt lat="32.337798" lon="-110.684674">
        <ele>1445.4</ele>
      </trkpt>
      <trkpt lat="32.337741" lon="-110.684656">
        <ele>1445.8</ele>
      </trkpt>
      <trkpt lat="32.337514" lon="-110.685017">
        <ele>1442.4</ele>
      </trkpt>
      <trkpt lat="32.337184" lon="-110.685171">
        <ele>1440.8</ele>
      </trkpt>
      <trkpt lat="32.337043" lon="-110.685127">
        <ele>1440.5</ele>
      </trkpt>
      <trkpt lat="32.336961" lon="-110.685237">
        <ele>1439.0</ele>
      </trkpt>
      <trkpt lat="32.337252" lon="-110.685406">
        <ele>1430.0</ele>
      </trkpt>
      <trkpt lat="32.337525" lon="-110.685416">
        <ele>1426.1</ele>
      </trkpt>
      <trkpt lat="32.337839" lon="-110.685253">
        <ele>1423.8</ele>
      </trkpt>
      <trkpt lat="32.337721" lon="-110.685531">
        <ele>1415.4</ele>
      </trkpt>
      <trkpt lat="32.33773" lon="-110.685985">
        <ele>1405.5</ele>
      </trkpt>
      <trkpt lat="32.337524" lon="-110.686124">
        <ele>1403.4</ele>
      </trkpt>
      <trkpt lat="32.33703" lon="-110.68623">
        <ele>1394.0</ele>
      </trkpt>
      <trkpt lat="32.337065" lon="-110.686601">
        <ele>1389.0</ele>
      </trkpt>
      <trkpt lat="32.336924" lon="-110.687085">
        <ele>1379.5</ele>
      </trkpt>
      <trkpt lat="32.33695" lon="-110.688118">
        <ele>1365.1</ele>
      </trkpt>
      <trkpt lat="32.337176" lon="-110.688343">
        <ele>1357.4</ele>
      </trkpt>
      <trkpt lat="32.337159" lon="-110.688141">
        <ele>1359.5</ele>
      </trkpt>
      <trkpt lat="32.337564" lon="-110.687989">
        <ele>1356.1</ele>
      </trkpt>
      <trkpt lat="32.337603" lon="-110.687857">
        <ele>1355.5</ele>
      </trkpt>
      <trkpt lat="32.337773" lon="-110.68799">
        <ele>1353.8</ele>
      </trkpt>
      <trkpt lat="32.338169" lon="-110.68809">
        <ele>1345.4</ele>
      </trkpt>
      <trkpt lat="32.337999" lon="-110.688287">
        <ele>1344.8</ele>
      </trkpt>
      <trkpt lat="32.337919" lon="-110.688539">
        <ele>1342.1</ele>
      </trkpt>
      <trkpt lat="32.33826" lon="-110.68872">
        <ele>1334.5</ele>
      </trkpt>
      <trkpt lat="32.338098" lon="-110.68936">
        <ele>1333.5</ele>
      </trkpt>
      <trkpt lat="32.33791" lon="-110.6896">
        <ele>1333.1</ele>
      </trkpt>
      <trkpt lat="32.337921" lon="-110.690188">
        <ele>1333.5</ele>
      </trkpt>
      <trkpt lat="32.3378" lon="-110.69041">
        <ele>1332.0</ele>
      </trkpt>
      <trkpt lat="32.33753" lon="-110.69059">
        <ele>1329.4</ele>
      </trkpt>
      <trkpt lat="32.33694" lon="-110.69191">
        <ele>1323.8</ele>
      </trkpt>
      <trkpt lat="32.336661" lon="-110.692034">
        <ele>1320.8</ele>
      </trkpt>
      <trkpt lat="32.336238" lon="-110.692606">
        <ele>1317.1</ele>
      </trkpt>
      <trkpt lat="32.336337" lon="-110.692986">
        <ele>1320.5</ele>
      </trkpt>
      <trkpt lat="32.33598" lon="-110.693012">
        <ele>1317.1</ele>
      </trkpt>
      <trkpt lat="32.335946" lon="-110.69313">
        <ele>1318.1</ele>
      </trkpt>
      <trkpt lat="32.336061" lon="-110.693624">
        <ele>1323.8</ele>
      </trkpt>
      <trkpt lat="32.335976" lon="-110.693684">
        <ele>1324.1</ele>
      </trkpt>
      <trkpt lat="32.335569" lon="-110.693505">
        <ele>1321.8</ele>
      </trkpt>
      <trkpt lat="32.335231" lon="-110.69356">
        <ele>1321.1</ele>
      </trkpt>
      <trkpt lat="32.335096" lon="-110.693923">
        <ele>1325.0</ele>
      </trkpt>
      <trkpt lat="32.334961" lon="-110.693949">
        <ele>1323.5</ele>
      </trkpt>
      <trkpt lat="32.334876" lon="-110.693801">
        <ele>1321.4</ele>
      </trkpt>
      <trkpt lat="32.334654" lon="-110.693812">
        <ele>1319.4</ele>
      </trkpt>
      <trkpt lat="32.334488" lon="-110.693966">
        <ele>1319.0</ele>
      </trkpt>
      <trkpt lat="32.334434" lon="-110.694193">
        <ele>1320.4</ele>
      </trkpt>
      <trkpt lat="32.334533" lon="-110.69482">
        <ele>1316.5</ele>
      </trkpt>
      <trkpt lat="32.334722" lon="-110.695154">
        <ele>1315.5</ele>
      </trkpt>
      <trkpt lat="32.334541" lon="-110.695373">
        <ele>1315.0</ele>
      </trkpt>
      <trkpt lat="32.334251" lon="-110.695426">
        <ele>1315.0</ele>
      </trkpt>
      <trkpt lat="32.333999" lon="-110.696096">
        <ele>1318.0</ele>
      </trkpt>
      <trkpt lat="32.333993" lon="-110.69691">
        <ele>1329.0</ele>
      </trkpt>
      <trkpt lat="32.334373" lon="-110.697235">
        <ele>1333.0</ele>
      </trkpt>
      <trkpt lat="32.334676" lon="-110.69729">
        <ele>1333.8</ele>
      </trkpt>
      <trkpt lat="32.33502" lon="-110.698181">
        <ele>1348.8</ele>
      </trkpt>
      <trkpt lat="32.33491" lon="-110.698055">
        <ele>1348.4</ele>
      </trkpt>
      <trkpt lat="32.334229" lon="-110.697749">
        <ele>1352.5</ele>
      </trkpt>
      <trkpt lat="32.334742" lon="-110.698287">
        <ele>1360.4</ele>
      </trkpt>
      <trkpt lat="32.33502" lon="-110.698707">
        <ele>1361.5</ele>
      </trkpt>
      <trkpt lat="32.334961" lon="-110.69916">
        <ele>1370.4</ele>
      </trkpt>
      <trkpt lat="32.335046" lon="-110.699369">
        <ele>1372.8</ele>
      </trkpt>
      <trkpt lat="32.335062" lon="-110.699804">
        <ele>1376.8</ele>
      </trkpt>
      <trkpt lat="32.334988" lon="-110.699953">
        <ele>1378.5</ele>
      </trkpt>
      <trkpt lat="32.335085" lon="-110.700092">
        <ele>1372.8</ele>
      </trkpt>
      <trkpt lat="32.33513" lon="-110.700644">
        <ele>1370.8</ele>
      </trkpt>
      <trkpt lat="32.33525" lon="-110.70102">
        <ele>1372.4</ele>
      </trkpt>
      <trkpt lat="32.335405" lon="-110.701159">
        <ele>1369.5</ele>
      </trkpt>
      <trkpt lat="32.336005" lon="-110.702205">
        <ele>1366.1</ele>
      </trkpt>
      <trkpt lat="32.336083" lon="-110.702783">
        <ele>1367.8</ele>
      </trkpt>
      <trkpt lat="32.336218" lon="-110.702841">
        <ele>1365.0</ele>
      </trkpt>
      <trkpt lat="32.336582" lon="-110.703714">
        <ele>1364.0</ele>
      </trkpt>
      <trkpt lat="32.33643" lon="-110.70422">
        <ele>1369.1</ele>
      </trkpt>
      <trkpt lat="32.336303" lon="-110.704138">
        <ele>1371.1</ele>
      </trkpt>
      <trkpt lat="32.33626" lon="-110.70452">
        <ele>1375.8</ele>
      </trkpt>
      <trkpt lat="32.33599" lon="-110.70471">
        <ele>1379.0</ele>
      </trkpt>
      <trkpt lat="32.336115" lon="-110.704951">
        <ele>1383.1</ele>
      </trkpt>
      <trkpt lat="32.33609" lon="-110.70571">
        <ele>1392.4</ele>
      </trkpt>
      <trkpt lat="32.336182" lon="-110.705921">
        <ele>1391.0</ele>
      </trkpt>
      <trkpt lat="32.336095" lon="-110.706184">
        <ele>1392.1</ele>
      </trkpt>
      <trkpt lat="32.336419" lon="-110.706555">
        <ele>1390.1</ele>
      </trkpt>
      <trkpt lat="32.336508" lon="-110.706834">
        <ele>1392.1</ele>
      </trkpt>
      <trkpt lat="32.336425" lon="-110.706965">
        <ele>1394.1</ele>
      </trkpt>
      <trkpt lat="32.336391" lon="-110.707305">
        <ele>1398.5</ele>
      </trkpt>
      <trkpt lat="32.33628" lon="-110.70742">
        <ele>1400.8</ele>
      </trkpt>
      <trkpt lat="32.336036" lon="-110.708411">
        <ele>1409.1</ele>
      </trkpt>
      <trkpt lat="32.33617" lon="-110.708578">
        <ele>1407.5</ele>
      </trkpt>
      <trkpt lat="32.336182" lon="-110.708859">
        <ele>1409.4</ele>
      </trkpt>
      <trkpt lat="32.336336" lon="-110.709">
        <ele>1411.5</ele>
      </trkpt>
      <trkpt lat="32.336412" lon="-110.709385">
        <ele>1414.5</ele>
      </trkpt>
      <trkpt lat="32.336622" lon="-110.709558">
        <ele>1415.4</ele>
      </trkpt>
      <trkpt lat="32.336616" lon="-110.70989">
        <ele>1419.1</ele>
      </trkpt>
      <trkpt lat="32.336866" lon="-110.70983">
        <ele>1419.1</ele>
      </trkpt>
      <trkpt lat="32.336858" lon="-110.710026">
        <ele>1419.0</ele>
      </trkpt>
      <trkpt lat="32.337038" lon="-110.710161">
        <ele>1416.5</ele>
      </trkpt>
      <trkpt lat="32.337131" lon="-110.709918">
        <ele>1413.8</ele>
      </trkpt>
      <trkpt lat="32.337345" lon="-110.709752">
        <ele>1413.1</ele>
      </trkpt>
      <trkpt lat="32.337255" lon="-110.710149">
        <ele>1414.0</ele>
      </trkpt>
      <trkpt lat="32.337328" lon="-110.710323">
        <ele>1418.5</ele>
      </trkpt>
      <trkpt lat="32.33738" lon="-110.71003">
        <ele>1419.4</ele>
      </trkpt>
      <trkpt lat="32.33753" lon="-110.70984">
        <ele>1419.4</ele>
      </trkpt>
      <trkpt lat="32.337497" lon="-110.710028">
        <ele>1423.1</ele>
      </trkpt>
      <trkpt lat="32.337784" lon="-110.710481">
        <ele>1434.1</ele>
      </trkpt>
      <trkpt lat="32.337674" lon="-110.710652">
        <ele>1435.1</ele>
      </trkpt>
      <trkpt lat="32.337673" lon="-110.710926">
        <ele>1436.8</ele>
      </trkpt>
      <trkpt lat="32.337839" lon="-110.711261">
        <ele>1444.4</ele>
      </trkpt>
      <trkpt lat="32.337801" lon="-110.711639">
        <ele>1449.1</ele>
      </trkpt>
      <trkpt lat="32.33768" lon="-110.711889">
        <ele>1450.4</ele>
      </trkpt>
      <trkpt lat="32.337714" lon="-110.712332">
        <ele>1451.1</ele>
      </trkpt>
      <trkpt lat="32.337541" lon="-110.713466">
        <ele>1461.8</ele>
      </trkpt>
      <trkpt lat="32.337708" lon="-110.713588">
        <ele>1464.5</ele>
      </trkpt>
      <trkpt lat="32.337653" lon="-110.714074">
        <ele>1472.5</ele>
      </trkpt>
      <trkpt lat="32.337272" lon="-110.7143">
        <ele>1471.4</ele>
      </trkpt>
      <trkpt lat="32.33748" lon="-110.714265">
        <ele>1477.4</ele>
      </trkpt>
      <trkpt lat="32.33753" lon="-110.714654">
        <ele>1486.8</ele>
      </trkpt>
      <trkpt lat="32.337198" lon="-110.715469">
        <ele>1490.0</ele>
      </trkpt>
      <trkpt lat="32.337179" lon="-110.715842">
        <ele>1496.0</ele>
      </trkpt>
      <trkpt lat="32.33762" lon="-110.71615">
        <ele>1494.4</ele>
      </trkpt>
      <trkpt lat="32.337817" lon="-110.716431">
        <ele>1495.4</ele>
      </trkpt>
      <trkpt lat="32.337763" lon="-110.716949">
        <ele>1497.0</ele>
      </trkpt>
      <trkpt lat="32.337649" lon="-110.71709">
        <ele>1495.8</ele>
      </trkpt>
      <trkpt lat="32.337294" lon="-110.71714">
        <ele>1496.5</ele>
      </trkpt>
      <trkpt lat="32.337446" lon="-110.71789">
        <ele>1488.4</ele>
      </trkpt>
      <trkpt lat="32.337395" lon="-110.718119">
        <ele>1487.8</ele>
      </trkpt>
      <trkpt lat="32.337037" lon="-110.718367">
        <ele>1486.1</ele>
      </trkpt>
      <trkpt lat="32.336954" lon="-110.718273">
        <ele>1486.1</ele>
      </trkpt>
      <trkpt lat="32.33661" lon="-110.718301">
        <ele>1485.4</ele>
      </trkpt>
      <trkpt lat="32.336393" lon="-110.71873">
        <ele>1485.1</ele>
      </trkpt>
      <trkpt lat="32.336146" lon="-110.71858">
        <ele>1487.4</ele>
      </trkpt>
      <trkpt lat="32.336126" lon="-110.718888">
        <ele>1487.0</ele>
      </trkpt>
      <trkpt lat="32.336047" lon="-110.718918">
        <ele>1486.8</ele>
      </trkpt>
      <trkpt lat="32.336064" lon="-110.719305">
        <ele>1482.8</ele>
      </trkpt>
      <trkpt lat="32.335904" lon="-110.719385">
        <ele>1483.5</ele>
      </trkpt>
      <trkpt lat="32.335895" lon="-110.719856">
        <ele>1481.5</ele>
      </trkpt>
      <trkpt lat="32.336176" lon="-110.719817">
        <ele>1476.5</ele>
      </trkpt>
      <trkpt lat="32.336396" lon="-110.71943">
        <ele>1475.8</ele>
      </trkpt>
      <trkpt lat="32.336633" lon="-110.719305">
        <ele>1475.0</ele>
      </trkpt>
      <trkpt lat="32.33679" lon="-110.719437">
        <ele>1474.8</ele>
      </trkpt>
      <trkpt lat="32.338025" lon="-110.718737">
        <ele>1474.5</ele>
      </trkpt>
      <trkpt lat="32.339101" lon="-110.717648">
        <ele>1475.5</ele>
      </trkpt>
      <trkpt lat="32.339239" lon="-110.71781">
        <ele>1474.0</ele>
      </trkpt>
      <trkpt lat="32.340134" lon="-110.717456">
        <ele>1476.0</ele>
      </trkpt>
      <trkpt lat="32.3403" lon="-110.717309">
        <ele>1477.0</ele>
      </trkpt>
      <trkpt lat="32.34066" lon="-110.717294">
        <ele>1478.4</ele>
      </trkpt>
      <trkpt lat="32.340829" lon="-110.717547">
        <ele>1483.1</ele>
      </trkpt>
      <trkpt lat="32.341458" lon="-110.717895">
        <ele>1488.0</ele>
      </trkpt>
      <trkpt lat="32.341627" lon="-110.718132">
        <ele>1488.0</ele>
      </trkpt>
      <trkpt lat="32.341876" lon="-110.718261">
        <ele>1490.0</ele>
      </trkpt>
      <trkpt lat="32.342056" lon="-110.717991">
        <ele>1495.5</ele>
      </trkpt>
      <trkpt lat="32.34288" lon="-110.718296">
        <ele>1499.5</ele>
      </trkpt>
      <trkpt lat="32.34353" lon="-110.7184">
        <ele>1508.8</ele>
      </trkpt>
      <trkpt lat="32.345497" lon="-110.718455">
        <ele>1523.0</ele>
      </trkpt>
      <trkpt lat="32.34599" lon="-110.7183">
        <ele>1531.8</ele>
      </trkpt>
      <trkpt lat="32.347" lon="-110.71757">
        <ele>1537.0</ele>
      </trkpt>
      <trkpt lat="32.34751" lon="-110.717528">
        <ele>1535.5</ele>
      </trkpt>
      <trkpt lat="32.347924" lon="-110.717806">
        <ele>1537.1</ele>
      </trkpt>
      <trkpt lat="32.34812" lon="-110.71825">
        <ele>1540.8</ele>
      </trkpt>
      <trkpt lat="32.34812" lon="-110.71871">
        <ele>1544.4</ele>
      </trkpt>
      <trkpt lat="32.34787" lon="-110.71955">
        <ele>1548.1</ele>
      </trkpt>
      <trkpt lat="32.347837" lon="-110.72015">
        <ele>1555.4</ele>
      </trkpt>
      <trkpt lat="32.348215" lon="-110.722037">
        <ele>1561.8</ele>
      </trkpt>
      <trkpt lat="32.348616" lon="-110.723115">
        <ele>1572.8</ele>
      </trkpt>
      <trkpt lat="32.34902" lon="-110.7237">
        <ele>1578.5</ele>
      </trkpt>
      <trkpt lat="32.35024" lon="-110.72483">
        <ele>1590.1</ele>
      </trkpt>
      <trkpt lat="32.35069" lon="-110.72496">
        <ele>1598.0</ele>
      </trkpt>
      <trkpt lat="32.35243" lon="-110.72477">
        <ele>1606.4</ele>
      </trkpt>
      <trkpt lat="32.35275" lon="-110.72455">
        <ele>1610.5</ele>
      </trkpt>
      <trkpt lat="32.35323" lon="-110.7238">
        <ele>1613.8</ele>
      </trkpt>
      <trkpt lat="32.354087" lon="-110.722943">
        <ele>1611.5</ele>
      </trkpt>
      <trkpt lat="32.354433" lon="-110.722819">
        <ele>1602.8</ele>
      </trkpt>
      <trkpt lat="32.354675" lon="-110.722933">
        <ele>1590.8</ele>
      </trkpt>
      <trkpt lat="32.354881" lon="-110.723251">
        <ele>1588.5</ele>
      </trkpt>
      <trkpt lat="32.354858" lon="-110.72368">
        <ele>1593.8</ele>
      </trkpt>
      <trkpt lat="32.354678" lon="-110.724322">
        <ele>1598.1</ele>
      </trkpt>
      <trkpt lat="32.35465" lon="-110.72478">
        <ele>1602.0</ele>
      </trkpt>
      <trkpt lat="32.354737" lon="-110.725186">
        <ele>1602.5</ele>
      </trkpt>
      <trkpt lat="32.355069" lon="-110.72575">
        <ele>1605.8</ele>
      </trkpt>
      <trkpt lat="32.355629" lon="-110.72612">
        <ele>1614.5</ele>
      </trkpt>
      <trkpt lat="32.35602" lon="-110.72609">
        <ele>1621.1</ele>
      </trkpt>
      <trkpt lat="32.356724" lon="-110.725785">
        <ele>1625.1</ele>
      </trkpt>
      <trkpt lat="32.357425" lon="-110.725763">
        <ele>1629.8</ele>
      </trkpt>
      <trkpt lat="32.357652" lon="-110.725612">
        <ele>1631.8</ele>
      </trkpt>
      <trkpt lat="32.357886" lon="-110.725181">
        <ele>1636.8</ele>
      </trkpt>
      <trkpt lat="32.357912" lon="-110.724272">
        <ele>1642.8</ele>
      </trkpt>
      <trkpt lat="32.35813" lon="-110.72326">
        <ele>1644.1</ele>
      </trkpt>
      <trkpt lat="32.358449" lon="-110.7229">
        <ele>1645.1</ele>
      </trkpt>
      <trkpt lat="32.359054" lon="-110.722595">
        <ele>1646.5</ele>
      </trkpt>
      <trkpt lat="32.359422" lon="-110.722227">
        <ele>1647.1</ele>
      </trkpt>
      <trkpt lat="32.360261" lon="-110.721851">
        <ele>1648.0</ele>
      </trkpt>
      <trkpt lat="32.360614" lon="-110.721558">
        <ele>1648.5</ele>
      </trkpt>
      <trkpt lat="32.360987" lon="-110.720985">
        <ele>1648.4</ele>
      </trkpt>
      <trkpt lat="32.36166" lon="-110.72037">
        <ele>1655.0</ele>
      </trkpt>
      <trkpt lat="32.36188" lon="-110.72003">
        <ele>1661.4</ele>
      </trkpt>
      <trkpt lat="32.3622" lon="-110.71878">
        <ele>1671.4</ele>
      </trkpt>
      <trkpt lat="32.362156" lon="-110.717572">
        <ele>1671.5</ele>
      </trkpt>
      <trkpt lat="32.36179" lon="-110.71651">
        <ele>1668.4</ele>
      </trkpt>
      <trkpt lat="32.361736" lon="-110.71601">
        <ele>1671.0</ele>
      </trkpt>
      <trkpt lat="32.36195" lon="-110.714986">
        <ele>1671.8</ele>
      </trkpt>
      <trkpt lat="32.36266" lon="-110.71446">
        <ele>1673.4</ele>
      </trkpt>
      <trkpt lat="32.362948" lon="-110.714123">
        <ele>1673.5</ele>
      </trkpt>
      <trkpt lat="32.36347" lon="-110.71295">
        <ele>1669.5</ele>
      </trkpt>
      <trkpt lat="32.363934" lon="-110.712309">
        <ele>1675.0</ele>
      </trkpt>
      <trkpt lat="32.364254" lon="-110.711223">
        <ele>1682.5</ele>
      </trkpt>
      <trkpt lat="32.365786" lon="-110.709249">
        <ele>1695.1</ele>
      </trkpt>
      <trkpt lat="32.366419" lon="-110.70874">
        <ele>1700.4</ele>
      </trkpt>
      <trkpt lat="32.367257" lon="-110.707774">
        <ele>1711.4</ele>
      </trkpt>
      <trkpt lat="32.367506" lon="-110.706797">
        <ele>1716.0</ele>
      </trkpt>
      <trkpt lat="32.368012" lon="-110.706177">
        <ele>1725.4</ele>
      </trkpt>
      <trkpt lat="32.368328" lon="-110.705595">
        <ele>1725.1</ele>
      </trkpt>
      <trkpt lat="32.369022" lon="-110.703865">
        <ele>1737.5</ele>
      </trkpt>
      <trkpt lat="32.369715" lon="-110.702942">
        <ele>1743.4</ele>
      </trkpt>
      <trkpt lat="32.370009" lon="-110.702205">
        <ele>1749.5</ele>
      </trkpt>
      <trkpt lat="32.370759" lon="-110.701391">
        <ele>1756.5</ele>
      </trkpt>
      <trkpt lat="32.370977" lon="-110.70093">
        <ele>1762.4</ele>
      </trkpt>
      <trkpt lat="32.371021" lon="-110.700238">
        <ele>1765.5</ele>
      </trkpt>
      <trkpt lat="32.37116" lon="-110.6998">
        <ele>1768.4</ele>
      </trkpt>
      <trkpt lat="32.37183" lon="-110.69878">
        <ele>1772.1</ele>
      </trkpt>
      <trkpt lat="32.371935" lon="-110.698413">
        <ele>1772.8</ele>
      </trkpt>
      <trkpt lat="32.37211" lon="-110.69674">
        <ele>1779.1</ele>
      </trkpt>
      <trkpt lat="32.37263" lon="-110.695022">
        <ele>1781.5</ele>
      </trkpt>
      <trkpt lat="32.373117" lon="-110.694018">
        <ele>1783.8</ele>
      </trkpt>
      <trkpt lat="32.37399" lon="-110.691179">
        <ele>1790.1</ele>
      </trkpt>
      <trkpt lat="32.37492" lon="-110.68926">
        <ele>1805.1</ele>
      </trkpt>
      <trkpt lat="32.375424" lon="-110.688693">
        <ele>1809.1</ele>
      </trkpt>
      <trkpt lat="32.376089" lon="-110.68831">
        <ele>1814.0</ele>
      </trkpt>
      <trkpt lat="32.376869" lon="-110.68761">
        <ele>1811.5</ele>
      </trkpt>
      <trkpt lat="32.377187" lon="-110.687518">
        <ele>1809.8</ele>
      </trkpt>
      <trkpt lat="32.37744" lon="-110.68755">
        <ele>1813.4</ele>
      </trkpt>
      <trkpt lat="32.37773" lon="-110.68773">
        <ele>1815.0</ele>
      </trkpt>
      <trkpt lat="32.37801" lon="-110.68826">
        <ele>1818.1</ele>
      </trkpt>
      <trkpt lat="32.378" lon="-110.68877">
        <ele>1819.0</ele>
      </trkpt>
      <trkpt lat="32.37786" lon="-110.68913">
        <ele>1819.5</ele>
      </trkpt>
      <trkpt lat="32.377429" lon="-110.689633">
        <ele>1823.4</ele>
      </trkpt>
      <trkpt lat="32.37695" lon="-110.69083">
        <ele>1833.5</ele>
      </trkpt>
      <trkpt lat="32.3769" lon="-110.69154">
        <ele>1836.0</ele>
      </trkpt>
      <trkpt lat="32.37677" lon="-110.69189">
        <ele>1837.4</ele>
      </trkpt>
      <trkpt lat="32.375487" lon="-110.693033">
        <ele>1852.1</ele>
      </trkpt>
      <trkpt lat="32.375342" lon="-110.69334">
        <ele>1857.4</ele>
      </trkpt>
      <trkpt lat="32.37533" lon="-110.69363">
        <ele>1858.8</ele>
      </trkpt>
      <trkpt lat="32.37559" lon="-110.69451">
        <ele>1862.4</ele>
      </trkpt>
      <trkpt lat="32.375594" lon="-110.694947">
        <ele>1864.5</ele>
      </trkpt>
      <trkpt lat="32.375186" lon="-110.697729">
        <ele>1883.1</ele>
      </trkpt>
      <trkpt lat="32.374871" lon="-110.698605">
        <ele>1885.8</ele>
      </trkpt>
      <trkpt lat="32.37487" lon="-110.69901">
        <ele>1890.4</ele>
      </trkpt>
      <trkpt lat="32.37509" lon="-110.69992">
        <ele>1897.4</ele>
      </trkpt>
      <trkpt lat="32.37504" lon="-110.70028">
        <ele>1900.5</ele>
      </trkpt>
      <trkpt lat="32.374485" lon="-110.701071">
        <ele>1907.0</ele>
      </trkpt>
      <trkpt lat="32.373635" lon="-110.701853">
        <ele>1916.1</ele>
      </trkpt>
      <trkpt lat="32.373492" lon="-110.702248">
        <ele>1917.1</ele>
      </trkpt>
      <trkpt lat="32.373419" lon="-110.702882">
        <ele>1916.0</ele>
      </trkpt>
      <trkpt lat="32.373468" lon="-110.703431">
        <ele>1916.1</ele>
      </trkpt>
      <trkpt lat="32.373175" lon="-110.704576">
        <ele>1929.0</ele>
      </trkpt>
      <trkpt lat="32.37333" lon="-110.70591">
        <ele>1931.5</ele>
      </trkpt>
      <trkpt lat="32.37314" lon="-110.70649">
        <ele>1931.1</ele>
      </trkpt>
      <trkpt lat="32.372895" lon="-110.706674">
        <ele>1932.5</ele>
      </trkpt>
      <trkpt lat="32.372614" lon="-110.706746">
        <ele>1938.5</ele>
      </trkpt>
      <trkpt lat="32.372036" lon="-110.706691">
        <ele>1943.0</ele>
      </trkpt>
      <trkpt lat="32.371681" lon="-110.706793">
        <ele>1945.5</ele>
      </trkpt>
      <trkpt lat="32.371226" lon="-110.70723">
        <ele>1949.5</ele>
      </trkpt>
      <trkpt lat="32.371017" lon="-110.707686">
        <ele>1953.0</ele>
      </trkpt>
      <trkpt lat="32.37046" lon="-110.70963">
        <ele>1958.1</ele>
      </trkpt>
      <trkpt lat="32.369852" lon="-110.710345">
        <ele>1960.8</ele>
      </trkpt>
      <trkpt lat="32.36972" lon="-110.710644">
        <ele>1966.4</ele>
      </trkpt>
      <trkpt lat="32.36959" lon="-110.71182">
        <ele>1977.1</ele>
      </trkpt>
      <trkpt lat="32.36937" lon="-110.7121">
        <ele>1979.5</ele>
      </trkpt>
      <trkpt lat="32.368749" lon="-110.712493">
        <ele>1984.8</ele>
      </trkpt>
      <trkpt lat="32.367677" lon="-110.714561">
        <ele>1993.4</ele>
      </trkpt>
      <trkpt lat="32.367646" lon="-110.714857">
        <ele>1995.8</ele>
      </trkpt>
      <trkpt lat="32.367775" lon="-110.716101">
        <ele>2004.0</ele>
      </trkpt>
      <trkpt lat="32.368015" lon="-110.716411">
        <ele>2005.4</ele>
      </trkpt>
      <trkpt lat="32.36824" lon="-110.716544">
        <ele>2007.0</ele>
      </trkpt>
      <trkpt lat="32.368684" lon="-110.716576">
        <ele>2011.1</ele>
      </trkpt>
      <trkpt lat="32.368948" lon="-110.716409">
        <ele>2021.0</ele>
      </trkpt>
      <trkpt lat="32.3694" lon="-110.71539">
        <ele>2029.8</ele>
      </trkpt>
      <trkpt lat="32.369765" lon="-110.71503">
        <ele>2034.1</ele>
      </trkpt>
      <trkpt lat="32.37021" lon="-110.7138">
        <ele>2041.5</ele>
      </trkpt>
      <trkpt lat="32.37024" lon="-110.712744">
        <ele>2041.5</ele>
      </trkpt>
      <trkpt lat="32.37066" lon="-110.7115">
        <ele>2038.5</ele>
      </trkpt>
      <trkpt lat="32.371028" lon="-110.710864">
        <ele>2038.0</ele>
      </trkpt>
      <trkpt lat="32.372028" lon="-110.709919">
        <ele>2035.4</ele>
      </trkpt>
      <trkpt lat="32.37249" lon="-110.709341">
        <ele>2033.5</ele>
      </trkpt>
      <trkpt lat="32.373103" lon="-110.708838">
        <ele>2032.1</ele>
      </trkpt>
      <trkpt lat="32.374167" lon="-110.708301">
        <ele>2031.5</ele>
      </trkpt>
      <trkpt lat="32.374496" lon="-110.708006">
        <ele>2033.4</ele>
      </trkpt>
      <trkpt lat="32.375394" lon="-110.705672">
        <ele>2045.4</ele>
      </trkpt>
      <trkpt lat="32.375408" lon="-110.705302">
        <ele>2051.8</ele>
      </trkpt>
      <trkpt lat="32.375069" lon="-110.704247">
        <ele>2058.8</ele>
      </trkpt>
      <trkpt lat="32.375133" lon="-110.703742">
        <ele>2057.3</ele>
      </trkpt>
      <trkpt lat="32.37565" lon="-110.702613">
        <ele>2060.8</ele>
      </trkpt>
      <trkpt lat="32.375915" lon="-110.702437">
        <ele>2065.1</ele>
      </trkpt>
      <trkpt lat="32.37663" lon="-110.70236">
        <ele>2068.1</ele>
      </trkpt>
      <trkpt lat="32.37689" lon="-110.70216">
        <ele>2070.1</ele>
      </trkpt>
      <trkpt lat="32.377211" lon="-110.701284">
        <ele>2074.1</ele>
      </trkpt>
      <trkpt lat="32.37748" lon="-110.700882">
        <ele>2078.0</ele>
      </trkpt>
      <trkpt lat="32.377723" lon="-110.700261">
        <ele>2082.1</ele>
      </trkpt>
      <trkpt lat="32.377896" lon="-110.700065">
        <ele>2087.1</ele>
      </trkpt>
      <trkpt lat="32.378642" lon="-110.699713">
        <ele>2091.3</ele>
      </trkpt>
      <trkpt lat="32.378999" lon="-110.69921">
        <ele>2096.3</ele>
      </trkpt>
      <trkpt lat="32.37906" lon="-110.69867">
        <ele>2101.8</ele>
      </trkpt>
      <trkpt lat="32.378988" lon="-110.69792">
        <ele>2108.0</ele>
      </trkpt>
      <trkpt lat="32.379224" lon="-110.697302">
        <ele>2106.8</ele>
      </trkpt>
      <trkpt lat="32.381321" lon="-110.695805">
        <ele>2109.1</ele>
      </trkpt>
      <trkpt lat="32.38283" lon="-110.694415">
        <ele>2128.6</ele>
      </trkpt>
      <trkpt lat="32.383415" lon="-110.694215">
        <ele>2124.6</ele>
      </trkpt>
      <trkpt lat="32.383901" lon="-110.694164">
        <ele>2119.3</ele>
      </trkpt>
      <trkpt lat="32.384827" lon="-110.694456">
        <ele>2119.1</ele>
      </trkpt>
      <trkpt lat="32.385999" lon="-110.695541">
        <ele>2130.6</ele>
      </trkpt>
      <trkpt lat="32.38656" lon="-110.69576">
        <ele>2137.1</ele>
      </trkpt>
      <trkpt lat="32.386969" lon="-110.69576">
        <ele>2143.6</ele>
      </trkpt>
      <trkpt lat="32.387692" lon="-110.69535">
        <ele>2145.6</ele>
      </trkpt>
      <trkpt lat="32.388275" lon="-110.694663">
        <ele>2144.0</ele>
      </trkpt>
      <trkpt lat="32.388716" lon="-110.694537">
        <ele>2144.1</ele>
      </trkpt>
      <trkpt lat="32.389547" lon="-110.694916">
        <ele>2155.6</ele>
      </trkpt>
      <trkpt lat="32.390389" lon="-110.694934">
        <ele>2157.0</ele>
      </trkpt>
      <trkpt lat="32.390583" lon="-110.695051">
        <ele>2157.0</ele>
      </trkpt>
      <trkpt lat="32.391067" lon="-110.695873">
        <ele>2165.6</ele>
      </trkpt>
      <trkpt lat="32.392274" lon="-110.697042">
        <ele>2176.6</ele>
      </trkpt>
      <trkpt lat="32.392623" lon="-110.697187">
        <ele>2181.3</ele>
      </trkpt>
      <trkpt lat="32.39295" lon="-110.69714">
        <ele>2184.0</ele>
      </trkpt>
      <trkpt lat="32.393206" lon="-110.69697">
        <ele>2186.1</ele>
      </trkpt>
      <trkpt lat="32.393825" lon="-110.695572">
        <ele>2191.8</ele>
      </trkpt>
      <trkpt lat="32.394843" lon="-110.694739">
        <ele>2202.3</ele>
      </trkpt>
      <trkpt lat="32.395111" lon="-110.694255">
        <ele>2205.1</ele>
      </trkpt>
      <trkpt lat="32.39512" lon="-110.6939">
        <ele>2204.3</ele>
      </trkpt>
      <trkpt lat="32.394658" lon="-110.692897">
        <ele>2201.8</ele>
      </trkpt>
      <trkpt lat="32.394618" lon="-110.692291">
        <ele>2203.0</ele>
      </trkpt>
      <trkpt lat="32.394779" lon="-110.691917">
        <ele>2205.0</ele>
      </trkpt>
      <trkpt lat="32.397011" lon="-110.689747">
        <ele>2217.1</ele>
      </trkpt>
      <trkpt lat="32.397373" lon="-110.689524">
        <ele>2218.6</ele>
      </trkpt>
      <trkpt lat="32.39779" lon="-110.689583">
        <ele>2220.0</ele>
      </trkpt>
      <trkpt lat="32.398542" lon="-110.690134">
        <ele>2236.0</ele>
      </trkpt>
      <trkpt lat="32.398865" lon="-110.690238">
        <ele>2246.6</ele>
      </trkpt>
      <trkpt lat="32.400216" lon="-110.690097">
        <ele>2243.6</ele>
      </trkpt>
      <trkpt lat="32.400664" lon="-110.69027">
        <ele>2245.1</ele>
      </trkpt>
      <trkpt lat="32.401131" lon="-110.690637">
        <ele>2249.0</ele>
      </trkpt>
      <trkpt lat="32.40149" lon="-110.691468">
        <ele>2250.3</ele>
      </trkpt>
      <trkpt lat="32.401795" lon="-110.693258">
        <ele>2258.8</ele>
      </trkpt>
      <trkpt lat="32.401677" lon="-110.693795">
        <ele>2259.3</ele>
      </trkpt>
      <trkpt lat="32.400575" lon="-110.695852">
        <ele>2282.0</ele>
      </trkpt>
      <trkpt lat="32.400547" lon="-110.696261">
        <ele>2285.0</ele>
      </trkpt>
      <trkpt lat="32.40092" lon="-110.697777">
        <ele>2278.8</ele>
      </trkpt>
      <trkpt lat="32.40068" lon="-110.698947">
        <ele>2287.0</ele>
      </trkpt>
      <trkpt lat="32.400836" lon="-110.699632">
        <ele>2289.8</ele>
      </trkpt>
      <trkpt lat="32.401662" lon="-110.700886">
        <ele>2298.1</ele>
      </trkpt>
      <trkpt lat="32.401969" lon="-110.701092">
        <ele>2301.6</ele>
      </trkpt>
      <trkpt lat="32.40247" lon="-110.7011">
        <ele>2308.6</ele>
      </trkpt>
      <trkpt lat="32.40312" lon="-110.700445">
        <ele>2313.8</ele>
      </trkpt>
      <trkpt lat="32.404049" lon="-110.700345">
        <ele>2321.1</ele>
      </trkpt>
      <trkpt lat="32.404942" lon="-110.699532">
        <ele>2330.1</ele>
      </trkpt>
      <trkpt lat="32.405242" lon="-110.699461">
        <ele>2333.8</ele>
      </trkpt>
      <trkpt lat="32.40551" lon="-110.699507">
        <ele>2332.0</ele>
      </trkpt>
      <trkpt lat="32.406017" lon="-110.699846">
        <ele>2327.0</ele>
      </trkpt>
      <trkpt lat="32.406343" lon="-110.70054">
        <ele>2332.3</ele>
      </trkpt>
      <trkpt lat="32.406377" lon="-110.701054">
        <ele>2334.0</ele>
      </trkpt>
      <trkpt lat="32.406218" lon="-110.702287">
        <ele>2344.1</ele>
      </trkpt>
      <trkpt lat="32.40625" lon="-110.70289">
        <ele>2346.1</ele>
      </trkpt>
      <trkpt lat="32.406384" lon="-110.703334">
        <ele>2347.6</ele>
      </trkpt>
      <trkpt lat="32.406553" lon="-110.703602">
        <ele>2352.3</ele>
      </trkpt>
      <trkpt lat="32.406868" lon="-110.70386">
        <ele>2357.6</ele>
      </trkpt>
      <trkpt lat="32.40916" lon="-110.704448">
        <ele>2369.1</ele>
      </trkpt>
      <trkpt lat="32.409492" lon="-110.704736">
        <ele>2369.0</ele>
      </trkpt>
      <trkpt lat="32.409686" lon="-110.705268">
        <ele>2368.0</ele>
      </trkpt>
      <trkpt lat="32.40963" lon="-110.70674">
        <ele>2382.0</ele>
      </trkpt>
      <trkpt lat="32.410249" lon="-110.70804">
        <ele>2383.3</ele>
      </trkpt>
      <trkpt lat="32.410325" lon="-110.708443">
        <ele>2382.6</ele>
      </trkpt>
      <trkpt lat="32.410212" lon="-110.708932">
        <ele>2386.3</ele>
      </trkpt>
      <trkpt lat="32.409982" lon="-110.709184">
        <ele>2390.3</ele>
      </trkpt>
      <trkpt lat="32.409292" lon="-110.709471">
        <ele>2398.8</ele>
      </trkpt>
      <trkpt lat="32.409048" lon="-110.709766">
        <ele>2400.0</ele>
      </trkpt>
      <trkpt lat="32.408929" lon="-110.71011">
        <ele>2399.0</ele>
      </trkpt>
      <trkpt lat="32.408724" lon="-110.71206">
        <ele>2407.3</ele>
      </trkpt>
      <trkpt lat="32.408806" lon="-110.712611">
        <ele>2410.3</ele>
      </trkpt>
      <trkpt lat="32.409154" lon="-110.713182">
        <ele>2415.1</ele>
      </trkpt>
      <trkpt lat="32.410727" lon="-110.71444">
        <ele>2420.8</ele>
      </trkpt>
      <trkpt lat="32.410963" lon="-110.714992">
        <ele>2421.8</ele>
      </trkpt>
      <trkpt lat="32.41096" lon="-110.71557">
        <ele>2424.0</ele>
      </trkpt>
      <trkpt lat="32.410742" lon="-110.716226">
        <ele>2427.3</ele>
      </trkpt>
      <trkpt lat="32.410674" lon="-110.716828">
        <ele>2428.8</ele>
      </trkpt>
      <trkpt lat="32.41085" lon="-110.71767">
        <ele>2433.0</ele>
      </trkpt>
      <trkpt lat="32.410766" lon="-110.72007">
        <ele>2446.8</ele>
      </trkpt>
      <trkpt lat="32.411096" lon="-110.7218">
        <ele>2457.8</ele>
      </trkpt>
      <trkpt lat="32.411144" lon="-110.722531">
        <ele>2460.0</ele>
      </trkpt>
      <trkpt lat="32.410974" lon="-110.723022">
        <ele>2461.1</ele>
      </trkpt>
      <trkpt lat="32.41008" lon="-110.72362">
        <ele>2466.8</ele>
      </trkpt>
      <trkpt lat="32.409867" lon="-110.724086">
        <ele>2470.1</ele>
      </trkpt>
      <trkpt lat="32.41026" lon="-110.72701">
        <ele>2492.0</ele>
      </trkpt>
      <trkpt lat="32.41055" lon="-110.72786">
        <ele>2493.1</ele>
      </trkpt>
      <trkpt lat="32.41221" lon="-110.73066">
        <ele>2491.0</ele>
      </trkpt>
      <trkpt lat="32.412915" lon="-110.731306">
        <ele>2488.3</ele>
      </trkpt>
      <trkpt lat="32.413193" lon="-110.731187">
        <ele>2490.8</ele>
      </trkpt>
      <trkpt lat="32.413424" lon="-110.73143">
        <ele>2494.3</ele>
      </trkpt>
      <trkpt lat="32.413763" lon="-110.731539">
        <ele>2497.0</ele>
      </trkpt>
      <trkpt lat="32.414647" lon="-110.731321">
        <ele>2505.1</ele>
      </trkpt>
      <trkpt lat="32.415408" lon="-110.731464">
        <ele>2509.6</ele>
      </trkpt>
      <trkpt lat="32.41602" lon="-110.731841">
        <ele>2507.6</ele>
      </trkpt>
      <trkpt lat="32.416744" lon="-110.733924">
        <ele>2498.0</ele>
      </trkpt>
      <trkpt lat="32.417819" lon="-110.734574">
        <ele>2491.3</ele>
      </trkpt>
      <trkpt lat="32.418117" lon="-110.734589">
        <ele>2491.0</ele>
      </trkpt>
      <trkpt lat="32.418778" lon="-110.734819">
        <ele>2490.1</ele>
      </trkpt>
      <trkpt lat="32.419424" lon="-110.734798">
        <ele>2481.3</ele>
      </trkpt>
      <trkpt lat="32.420181" lon="-110.734352">
        <ele>2477.1</ele>
      </trkpt>
      <trkpt lat="32.420523" lon="-110.734265">
        <ele>2476.3</ele>
      </trkpt>
      <trkpt lat="32.420737" lon="-110.73401">
        <ele>2474.6</ele>
      </trkpt>
      <trkpt lat="32.421093" lon="-110.733837">
        <ele>2471.1</ele>
      </trkpt>
      <trkpt lat="32.421218" lon="-110.733643">
        <ele>2468.8</ele>
      </trkpt>
      <trkpt lat="32.42107" lon="-110.733202">
        <ele>2465.8</ele>
      </trkpt>
      <trkpt lat="32.420945" lon="-110.733105">
        <ele>2463.3</ele>
      </trkpt>
      <trkpt lat="32.420685" lon="-110.733143">
        <ele>2458.8</ele>
      </trkpt>
      <trkpt lat="32.420319" lon="-110.73368">
        <ele>2452.3</ele>
      </trkpt>
      <trkpt lat="32.419859" lon="-110.7337">
        <ele>2454.0</ele>
      </trkpt>
      <trkpt lat="32.419945" lon="-110.732823">
        <ele>2447.1</ele>
      </trkpt>
      <trkpt lat="32.419798" lon="-110.73214">
        <ele>2445.3</ele>
      </trkpt>
      <trkpt lat="32.419511" lon="-110.731948">
        <ele>2439.3</ele>
      </trkpt>
      <trkpt lat="32.418625" lon="-110.73215">
        <ele>2437.1</ele>
      </trkpt>
      <trkpt lat="32.418602" lon="-110.731986">
        <ele>2437.8</ele>
      </trkpt>
      <trkpt lat="32.418875" lon="-110.731268">
        <ele>2434.3</ele>
      </trkpt>
      <trkpt lat="32.41883" lon="-110.730794">
        <ele>2423.3</ele>
      </trkpt>
      <trkpt lat="32.419005" lon="-110.730781">
        <ele>2421.1</ele>
      </trkpt>
      <trkpt lat="32.41903" lon="-110.730899">
        <ele>2421.0</ele>
      </trkpt>
      <trkpt lat="32.419336" lon="-110.73111">
        <ele>2419.0</ele>
      </trkpt>
      <trkpt lat="32.419607" lon="-110.731135">
        <ele>2418.3</ele>
      </trkpt>
      <trkpt lat="32.41979" lon="-110.73128">
        <ele>2415.3</ele>
      </trkpt>
      <trkpt lat="32.420053" lon="-110.731239">
        <ele>2413.6</ele>
      </trkpt>
      <trkpt lat="32.420768" lon="-110.731622">
        <ele>2410.0</ele>
      </trkpt>
      <trkpt lat="32.421275" lon="-110.731733">
        <ele>2407.0</ele>
      </trkpt>
      <trkpt lat="32.421415" lon="-110.731851">
        <ele>2406.8</ele>
      </trkpt>
      <trkpt lat="32.421863" lon="-110.731955">
        <ele>2402.6</ele>
      </trkpt>
      <trkpt lat="32.422365" lon="-110.73233">
        <ele>2400.6</ele>
      </trkpt>
      <trkpt lat="32.422804" lon="-110.733229">
        <ele>2399.0</ele>
      </trkpt>
      <trkpt lat="32.422997" lon="-110.734378">
        <ele>2392.3</ele>
      </trkpt>
      <trkpt lat="32.423122" lon="-110.734696">
        <ele>2392.8</ele>
      </trkpt>
      <trkpt lat="32.423595" lon="-110.735314">
        <ele>2386.1</ele>
      </trkpt>
      <trkpt lat="32.423743" lon="-110.736139">
        <ele>2379.3</ele>
      </trkpt>
      <trkpt lat="32.424087" lon="-110.737115">
        <ele>2374.3</ele>
      </trkpt>
      <trkpt lat="32.424062" lon="-110.73724">
        <ele>2374.8</ele>
      </trkpt>
      <trkpt lat="32.424194" lon="-110.737602">
        <ele>2373.6</ele>
      </trkpt>
      <trkpt lat="32.424416" lon="-110.737897">
        <ele>2370.1</ele>
      </trkpt>
      <trkpt lat="32.424616" lon="-110.738448">
        <ele>2370.0</ele>
      </trkpt>
      <trkpt lat="32.424677" lon="-110.738923">
        <ele>2374.3</ele>
      </trkpt>
      <trkpt lat="32.424962" lon="-110.739317">
        <ele>2363.6</ele>
      </trkpt>
      <trkpt lat="32.425305" lon="-110.739542">
        <ele>2361.8</ele>
      </trkpt>
      <trkpt lat="32.425933" lon="-110.740493">
        <ele>2354.1</ele>
      </trkpt>
      <trkpt lat="32.426127" lon="-110.740953">
        <ele>2352.3</ele>
      </trkpt>
      <trkpt lat="32.426218" lon="-110.740962">
        <ele>2352.1</ele>
      </trkpt>
      <trkpt lat="32.42662" lon="-110.741776">
        <ele>2349.1</ele>
      </trkpt>
      <trkpt lat="32.426865" lon="-110.741586">
        <ele>2348.3</ele>
      </trkpt>
      <trkpt lat="32.427238" lon="-110.741525">
        <ele>2353.1</ele>
      </trkpt>
      <trkpt lat="32.427348" lon="-110.741595">
        <ele>2355.0</ele>
      </trkpt>
      <trkpt lat="32.427512" lon="-110.741927">
        <ele>2360.6</ele>
      </trkpt>
      <trkpt lat="32.427354" lon="-110.742198">
        <ele>2355.8</ele>
      </trkpt>
      <trkpt lat="32.427331" lon="-110.743152">
        <ele>2356.1</ele>
      </trkpt>
      <trkpt lat="32.427636" lon="-110.744324">
        <ele>2355.6</ele>
      </trkpt>
      <trkpt lat="32.427548" lon="-110.745036">
        <ele>2353.0</ele>
      </trkpt>
      <trkpt lat="32.427649" lon="-110.74517">
        <ele>2354.1</ele>
      </trkpt>
      <trkpt lat="32.427795" lon="-110.745806">
        <ele>2350.8</ele>
      </trkpt>
      <trkpt lat="32.427574" lon="-110.746093">
        <ele>2354.6</ele>
      </trkpt>
      <trkpt lat="32.427484" lon="-110.746069">
        <ele>2354.1</ele>
      </trkpt>
      <trkpt lat="32.427194" lon="-110.7463">
        <ele>2354.3</ele>
      </trkpt>
      <trkpt lat="32.426972" lon="-110.746789">
        <ele>2359.0</ele>
      </trkpt>
      <trkpt lat="32.426876" lon="-110.747355">
        <ele>2353.0</ele>
      </trkpt>
      <trkpt lat="32.426888" lon="-110.747852">
        <ele>2353.8</ele>
      </trkpt>
      <trkpt lat="32.426738" lon="-110.748133">
        <ele>2356.3</ele>
      </trkpt>
      <trkpt lat="32.426133" lon="-110.748198">
        <ele>2354.8</ele>
      </trkpt>
      <trkpt lat="32.425384" lon="-110.749094">
        <ele>2345.8</ele>
      </trkpt>
      <trkpt lat="32.425412" lon="-110.749379">
        <ele>2347.0</ele>
      </trkpt>
      <trkpt lat="32.42508" lon="-110.750051">
        <ele>2334.6</ele>
      </trkpt>
      <trkpt lat="32.424726" lon="-110.750165">
        <ele>2326.1</ele>
      </trkpt>
      <trkpt lat="32.424762" lon="-110.750064">
        <ele>2326.8</ele>
      </trkpt>
      <trkpt lat="32.424672" lon="-110.750029">
        <ele>2321.3</ele>
      </trkpt>
      <trkpt lat="32.424449" lon="-110.750535">
        <ele>2307.6</ele>
      </trkpt>
      <trkpt lat="32.424675" lon="-110.751182">
        <ele>2310.3</ele>
      </trkpt>
      <trkpt lat="32.425117" lon="-110.751583">
        <ele>2303.6</ele>
      </trkpt>
      <trkpt lat="32.425334" lon="-110.751464">
        <ele>2308.8</ele>
      </trkpt>
      <trkpt lat="32.42609" lon="-110.751611">
        <ele>2293.1</ele>
      </trkpt>
      <trkpt lat="32.426239" lon="-110.751455">
        <ele>2299.3</ele>
      </trkpt>
      <trkpt lat="32.42676" lon="-110.751372">
        <ele>2289.3</ele>
      </trkpt>
      <trkpt lat="32.427259" lon="-110.751471">
        <ele>2275.3</ele>
      </trkpt>
      <trkpt lat="32.427073" lon="-110.751876">
        <ele>2264.8</ele>
      </trkpt>
      <trkpt lat="32.426923" lon="-110.752019">
        <ele>2260.1</ele>
      </trkpt>
      <trkpt lat="32.426845" lon="-110.752539">
        <ele>2261.0</ele>
      </trkpt>
      <trkpt lat="32.427131" lon="-110.753114">
        <ele>2277.1</ele>
      </trkpt>
      <trkpt lat="32.427037" lon="-110.753709">
        <ele>2253.1</ele>
      </trkpt>
      <trkpt lat="32.427042" lon="-110.754302">
        <ele>2255.0</ele>
      </trkpt>
      <trkpt lat="32.427194" lon="-110.754443">
        <ele>2257.3</ele>
      </trkpt>
      <trkpt lat="32.427279" lon="-110.754827">
        <ele>2260.0</ele>
      </trkpt>
      <trkpt lat="32.427664" lon="-110.755446">
        <ele>2262.3</ele>
      </trkpt>
      <trkpt lat="32.42796" lon="-110.755631">
        <ele>2262.6</ele>
      </trkpt>
      <trkpt lat="32.428637" lon="-110.75558">
        <ele>2266.6</ele>
      </trkpt>
      <trkpt lat="32.42888" lon="-110.755693">
        <ele>2270.3</ele>
      </trkpt>
      <trkpt lat="32.429356" lon="-110.755528">
        <ele>2271.3</ele>
      </trkpt>
      <trkpt lat="32.429724" lon="-110.755506">
        <ele>2273.1</ele>
      </trkpt>
      <trkpt lat="32.430028" lon="-110.755611">
        <ele>2274.1</ele>
      </trkpt>
      <trkpt lat="32.430207" lon="-110.75587">
        <ele>2276.1</ele>
      </trkpt>
      <trkpt lat="32.430737" lon="-110.755932">
        <ele>2276.3</ele>
      </trkpt>
      <trkpt lat="32.431165" lon="-110.756129">
        <ele>2278.0</ele>
      </trkpt>
      <trkpt lat="32.431419" lon="-110.756402">
        <ele>2281.1</ele>
      </trkpt>
      <trkpt lat="32.431655" lon="-110.756841">
        <ele>2288.1</ele>
      </trkpt>
      <trkpt lat="32.431826" lon="-110.756946">
        <ele>2287.6</ele>
      </trkpt>
      <trkpt lat="32.432569" lon="-110.757086">
        <ele>2288.0</ele>
      </trkpt>
      <trkpt lat="32.432927" lon="-110.757331">
        <ele>2293.8</ele>
      </trkpt>
      <trkpt lat="32.433613" lon="-110.757141">
        <ele>2295.8</ele>
      </trkpt>
      <trkpt lat="32.434739" lon="-110.757815">
        <ele>2310.3</ele>
      </trkpt>
      <trkpt lat="32.435147" lon="-110.757729">
        <ele>2310.1</ele>
      </trkpt>
      <trkpt lat="32.435845" lon="-110.758344">
        <ele>2317.8</ele>
      </trkpt>
      <trkpt lat="32.436048" lon="-110.758635">
        <ele>2320.8</ele>
      </trkpt>
      <trkpt lat="32.436971" lon="-110.758849">
        <ele>2321.8</ele>
      </trkpt>
      <trkpt lat="32.437765" lon="-110.759391">
        <ele>2328.1</ele>
      </trkpt>
      <trkpt lat="32.438547" lon="-110.759216">
        <ele>2329.0</ele>
      </trkpt>
      <trkpt lat="32.439739" lon="-110.759513">
        <ele>2334.8</ele>
      </trkpt>
      <trkpt lat="32.442059" lon="-110.759549">
        <ele>2348.1</ele>
      </trkpt>
      <trkpt lat="32.442926" lon="-110.759831">
        <ele>2355.0</ele>
      </trkpt>
      <trkpt lat="32.443224" lon="-110.76001">
        <ele>2358.0</ele>
      </trkpt>
      <trkpt lat="32.444623" lon="-110.760467">
        <ele>2369.6</ele>
      </trkpt>
      <trkpt lat="32.44512" lon="-110.760474">
        <ele>2374.0</ele>
      </trkpt>
      <trkpt lat="32.445563" lon="-110.760202">
        <ele>2378.3</ele>
      </trkpt>
      <trkpt lat="32.445943" lon="-110.759766">
        <ele>2386.8</ele>
      </trkpt>
      <trkpt lat="32.446472" lon="-110.758309">
        <ele>2395.8</ele>
      </trkpt>
      <trkpt lat="32.44665" lon="-110.75843">
        <ele>2394.6</ele>
      </trkpt>
      <trkpt lat="32.44672" lon="-110.75864">
        <ele>2394.3</ele>
      </trkpt>
      <trkpt lat="32.44612" lon="-110.76081">
        <ele>2401.6</ele>
      </trkpt>
      <trkpt lat="32.44615" lon="-110.76164">
        <ele>2410.1</ele>
      </trkpt>
      <trkpt lat="32.4467" lon="-110.76285">
        <ele>2418.0</ele>
      </trkpt>
      <trkpt lat="32.44688" lon="-110.76346">
        <ele>2422.6</ele>
      </trkpt>
      <trkpt lat="32.44759" lon="-110.76472">
        <ele>2430.3</ele>
      </trkpt>
      <trkpt lat="32.447719" lon="-110.7659">
        <ele>2433.6</ele>
      </trkpt>
      <trkpt lat="32.448279" lon="-110.76762">
        <ele>2438.3</ele>
      </trkpt>
      <trkpt lat="32.448369" lon="-110.7683">
        <ele>2444.6</ele>
      </trkpt>
      <trkpt lat="32.44831" lon="-110.769177">
        <ele>2451.0</ele>
      </trkpt>
      <trkpt lat="32.44838" lon="-110.76943">
        <ele>2455.3</ele>
      </trkpt>
      <trkpt lat="32.44854" lon="-110.76887">
        <ele>2456.3</ele>
      </trkpt>
      <trkpt lat="32.448529" lon="-110.76863">
        <ele>2457.8</ele>
      </trkpt>
      <trkpt lat="32.44878" lon="-110.76835">
        <ele>2461.3</ele>
      </trkpt>
      <trkpt lat="32.44894" lon="-110.76796">
        <ele>2465.6</ele>
      </trkpt>
      <trkpt lat="32.44912" lon="-110.76798">
        <ele>2464.8</ele>
      </trkpt>
      <trkpt lat="32.45012" lon="-110.76856">
        <ele>2448.1</ele>
      </trkpt>
      <trkpt lat="32.45051" lon="-110.76848">
        <ele>2437.0</ele>
      </trkpt>
      <trkpt lat="32.450879" lon="-110.76882">
        <ele>2429.6</ele>
      </trkpt>
      <trkpt lat="32.45162" lon="-110.7686">
        <ele>2414.1</ele>
      </trkpt>
      <trkpt lat="32.45161" lon="-110.76835">
        <ele>2404.6</ele>
      </trkpt>
      <trkpt lat="32.45217" lon="-110.76823">
        <ele>2391.0</ele>
      </trkpt>
      <trkpt lat="32.452379" lon="-110.76801">
        <ele>2383.6</ele>
      </trkpt>
      <trkpt lat="32.45288" lon="-110.76772">
        <ele>2371.8</ele>
      </trkpt>
      <trkpt lat="32.45335" lon="-110.76758">
        <ele>2362.1</ele>
      </trkpt>
      <trkpt lat="32.45364" lon="-110.76737">
        <ele>2352.0</ele>
      </trkpt>
      <trkpt lat="32.45418" lon="-110.76726">
        <ele>2346.1</ele>
      </trkpt>
      <trkpt lat="32.45479" lon="-110.76675">
        <ele>2340.1</ele>
      </trkpt>
      <trkpt lat="32.45489" lon="-110.76645">
        <ele>2328.0</ele>
      </trkpt>
      <trkpt lat="32.45541" lon="-110.76604">
        <ele>2319.0</ele>
      </trkpt>
      <trkpt lat="32.45644" lon="-110.76565">
        <ele>2302.8</ele>
      </trkpt>
      <trkpt lat="32.45677" lon="-110.76539">
        <ele>2300.3</ele>
      </trkpt>
      <trkpt lat="32.45702" lon="-110.7656">
        <ele>2296.0</ele>
      </trkpt>
      <trkpt lat="32.45698" lon="-110.76546">
        <ele>2295.3</ele>
      </trkpt>
      <trkpt lat="32.45721" lon="-110.76574">
        <ele>2289.0</ele>
      </trkpt>
      <trkpt lat="32.45722" lon="-110.7659">
        <ele>2286.0</ele>
      </trkpt>
      <trkpt lat="32.45744" lon="-110.76574">
        <ele>2282.6</ele>
      </trkpt>
      <trkpt lat="32.45745" lon="-110.7659">
        <ele>2279.6</ele>
      </trkpt>
      <trkpt lat="32.45763" lon="-110.76571">
        <ele>2275.0</ele>
      </trkpt>
      <trkpt lat="32.45765" lon="-110.76587">
        <ele>2268.6</ele>
      </trkpt>
      <trkpt lat="32.45792" lon="-110.76576">
        <ele>2262.1</ele>
      </trkpt>
      <trkpt lat="32.45812" lon="-110.76582">
        <ele>2255.6</ele>
      </trkpt>
      <trkpt lat="32.458199" lon="-110.76574">
        <ele>2249.3</ele>
      </trkpt>
      <trkpt lat="32.45932" lon="-110.76592">
        <ele>2227.3</ele>
      </trkpt>
      <trkpt lat="32.46016" lon="-110.76647">
        <ele>2216.1</ele>
      </trkpt>
      <trkpt lat="32.46094" lon="-110.76656">
        <ele>2195.6</ele>
      </trkpt>
      <trkpt lat="32.46195" lon="-110.76688">
        <ele>2180.1</ele>
      </trkpt>
      <trkpt lat="32.46253" lon="-110.76675">
        <ele>2177.3</ele>
      </trkpt>
      <trkpt lat="32.46284" lon="-110.7669">
        <ele>2176.3</ele>
      </trkpt>
      <trkpt lat="32.46295" lon="-110.76709">
        <ele>2175.1</ele>
      </trkpt>
      <trkpt lat="32.46338" lon="-110.76707">
        <ele>2168.0</ele>
      </trkpt>
      <trkpt lat="32.46385" lon="-110.76678">
        <ele>2163.6</ele>
      </trkpt>
      <trkpt lat="32.46435" lon="-110.76674">
        <ele>2153.1</ele>
      </trkpt>
      <trkpt lat="32.46479" lon="-110.76651">
        <ele>2145.0</ele>
      </trkpt>
      <trkpt lat="32.46517" lon="-110.76655">
        <ele>2142.8</ele>
      </trkpt>
      <trkpt lat="32.46537" lon="-110.76636">
        <ele>2140.3</ele>
      </trkpt>
      <trkpt lat="32.46571" lon="-110.76649">
        <ele>2134.8</ele>
      </trkpt>
      <trkpt lat="32.46707" lon="-110.76597">
        <ele>2119.0</ele>
      </trkpt>
      <trkpt lat="32.46761" lon="-110.76626">
        <ele>2109.0</ele>
      </trkpt>
      <trkpt lat="32.468" lon="-110.7663">
        <ele>2099.8</ele>
      </trkpt>
      <trkpt lat="32.46826" lon="-110.76621">
        <ele>2084.8</ele>
      </trkpt>
      <trkpt lat="32.468519" lon="-110.76626">
        <ele>2079.6</ele>
      </trkpt>
      <trkpt lat="32.46864" lon="-110.76602">
        <ele>2074.3</ele>
      </trkpt>
      <trkpt lat="32.46885" lon="-110.76598">
        <ele>2064.1</ele>
      </trkpt>
      <trkpt lat="32.46974" lon="-110.76627">
        <ele>2049.6</ele>
      </trkpt>
      <trkpt lat="32.47003" lon="-110.76605">
        <ele>2043.4</ele>
      </trkpt>
      <trkpt lat="32.47036" lon="-110.76602">
        <ele>2040.8</ele>
      </trkpt>
      <trkpt lat="32.47097" lon="-110.76576">
        <ele>2031.5</ele>
      </trkpt>
      <trkpt lat="32.47146" lon="-110.76604">
        <ele>2018.8</ele>
      </trkpt>
      <trkpt lat="32.47142" lon="-110.76636">
        <ele>2010.4</ele>
      </trkpt>
      <trkpt lat="32.47175" lon="-110.76621">
        <ele>2003.5</ele>
      </trkpt>
      <trkpt lat="32.47186" lon="-110.76574">
        <ele>1997.8</ele>
      </trkpt>
      <trkpt lat="32.47197" lon="-110.76575">
        <ele>1988.1</ele>
      </trkpt>
      <trkpt lat="32.47202" lon="-110.76588">
        <ele>1982.8</ele>
      </trkpt>
      <trkpt lat="32.47272" lon="-110.76571">
        <ele>1959.8</ele>
      </trkpt>
      <trkpt lat="32.47299" lon="-110.76551">
        <ele>1951.5</ele>
      </trkpt>
      <trkpt lat="32.47343" lon="-110.76543">
        <ele>1945.8</ele>
      </trkpt>
      <trkpt lat="32.47376" lon="-110.76551">
        <ele>1941.4</ele>
      </trkpt>
      <trkpt lat="32.47414" lon="-110.76538">
        <ele>1933.8</ele>
      </trkpt>
      <trkpt lat="32.47468" lon="-110.76563">
        <ele>1930.4</ele>
      </trkpt>
      <trkpt lat="32.47466" lon="-110.76553">
        <ele>1927.8</ele>
      </trkpt>
      <trkpt lat="32.47491" lon="-110.76606">
        <ele>1916.0</ele>
      </trkpt>
      <trkpt lat="32.47527" lon="-110.7663">
        <ele>1911.1</ele>
      </trkpt>
      <trkpt lat="32.47563" lon="-110.76677">
        <ele>1895.8</ele>
      </trkpt>
      <trkpt lat="32.47558" lon="-110.76692">
        <ele>1892.5</ele>
      </trkpt>
      <trkpt lat="32.47605" lon="-110.76695">
        <ele>1887.5</ele>
      </trkpt>
      <trkpt lat="32.47634" lon="-110.76721">
        <ele>1882.0</ele>
      </trkpt>
      <trkpt lat="32.47726" lon="-110.76709">
        <ele>1862.0</ele>
      </trkpt>
      <trkpt lat="32.4773" lon="-110.76738">
        <ele>1855.5</ele>
      </trkpt>
      <trkpt lat="32.47773" lon="-110.7676">
        <ele>1852.0</ele>
      </trkpt>
      <trkpt lat="32.47818" lon="-110.7683">
        <ele>1832.5</ele>
      </trkpt>
      <trkpt lat="32.47849" lon="-110.76843">
        <ele>1823.0</ele>
      </trkpt>
      <trkpt lat="32.47923" lon="-110.76756">
        <ele>1813.5</ele>
      </trkpt>
      <trkpt lat="32.47947" lon="-110.76762">
        <ele>1802.1</ele>
      </trkpt>
      <trkpt lat="32.47963" lon="-110.76785">
        <ele>1793.5</ele>
      </trkpt>
      <trkpt lat="32.47981" lon="-110.76751">
        <ele>1783.4</ele>
      </trkpt>
      <trkpt lat="32.4797" lon="-110.76669">
        <ele>1771.0</ele>
      </trkpt>
      <trkpt lat="32.47976" lon="-110.76648">
        <ele>1763.8</ele>
      </trkpt>
      <trkpt lat="32.47972" lon="-110.76612">
        <ele>1755.4</ele>
      </trkpt>
      <trkpt lat="32.480249" lon="-110.76577">
        <ele>1742.4</ele>
      </trkpt>
      <trkpt lat="32.480289" lon="-110.76565">
        <ele>1736.5</ele>
      </trkpt>
      <trkpt lat="32.48044" lon="-110.76559">
        <ele>1731.8</ele>
      </trkpt>
      <trkpt lat="32.480379" lon="-110.76536">
        <ele>1728.5</ele>
      </trkpt>
      <trkpt lat="32.48061" lon="-110.76529">
        <ele>1725.1</ele>
      </trkpt>
      <trkpt lat="32.48044" lon="-110.76505">
        <ele>1722.4</ele>
      </trkpt>
      <trkpt lat="32.48059" lon="-110.76504">
        <ele>1721.0</ele>
      </trkpt>
      <trkpt lat="32.48079" lon="-110.76486">
        <ele>1722.4</ele>
      </trkpt>
      <trkpt lat="32.48044" lon="-110.76445">
        <ele>1724.5</ele>
      </trkpt>
      <trkpt lat="32.48044" lon="-110.76432">
        <ele>1727.5</ele>
      </trkpt>
      <trkpt lat="32.48004" lon="-110.76396">
        <ele>1730.4</ele>
      </trkpt>
      <trkpt lat="32.47999" lon="-110.76369">
        <ele>1733.0</ele>
      </trkpt>
      <trkpt lat="32.47941" lon="-110.76316">
        <ele>1740.5</ele>
      </trkpt>
      <trkpt lat="32.47934" lon="-110.76266">
        <ele>1744.4</ele>
      </trkpt>
      <trkpt lat="32.47919" lon="-110.76229">
        <ele>1748.5</ele>
      </trkpt>
      <trkpt lat="32.47934" lon="-110.76212">
        <ele>1758.0</ele>
      </trkpt>
      <trkpt lat="32.47943" lon="-110.76175">
        <ele>1762.0</ele>
      </trkpt>
      <trkpt lat="32.47967" lon="-110.76146">
        <ele>1767.1</ele>
      </trkpt>
      <trkpt lat="32.47988" lon="-110.76145">
        <ele>1772.4</ele>
      </trkpt>
      <trkpt lat="32.48028" lon="-110.76104">
        <ele>1775.1</ele>
      </trkpt>
      <trkpt lat="32.48039" lon="-110.76114">
        <ele>1777.5</ele>
      </trkpt>
      <trkpt lat="32.4804" lon="-110.7613">
        <ele>1781.1</ele>
      </trkpt>
      <trkpt lat="32.48109" lon="-110.76077">
        <ele>1792.0</ele>
      </trkpt>
      <trkpt lat="32.48107" lon="-110.76062">
        <ele>1796.4</ele>
      </trkpt>
      <trkpt lat="32.48097" lon="-110.76055">
        <ele>1800.8</ele>
      </trkpt>
      <trkpt lat="32.48099" lon="-110.76041">
        <ele>1804.8</ele>
      </trkpt>
      <trkpt lat="32.4814" lon="-110.76015">
        <ele>1809.4</ele>
      </trkpt>
      <trkpt lat="32.4814" lon="-110.76005">
        <ele>1815.0</ele>
      </trkpt>
      <trkpt lat="32.48114" lon="-110.75998">
        <ele>1820.8</ele>
      </trkpt>
      <trkpt lat="32.48105" lon="-110.75976">
        <ele>1825.0</ele>
      </trkpt>
      <trkpt lat="32.48142" lon="-110.75954">
        <ele>1835.4</ele>
      </trkpt>
      <trkpt lat="32.48138" lon="-110.75944">
        <ele>1841.0</ele>
      </trkpt>
      <trkpt lat="32.48115" lon="-110.75945">
        <ele>1845.8</ele>
      </trkpt>
      <trkpt lat="32.48078" lon="-110.75925">
        <ele>1851.0</ele>
      </trkpt>
      <trkpt lat="32.48114" lon="-110.75914">
        <ele>1865.8</ele>
      </trkpt>
      <trkpt lat="32.48071" lon="-110.75891">
        <ele>1871.4</ele>
      </trkpt>
      <trkpt lat="32.47988" lon="-110.759">
        <ele>1885.0</ele>
      </trkpt>
      <trkpt lat="32.47981" lon="-110.75886">
        <ele>1891.1</ele>
      </trkpt>
      <trkpt lat="32.48003" lon="-110.75835">
        <ele>1896.5</ele>
      </trkpt>
      <trkpt lat="32.48048" lon="-110.75797">
        <ele>1908.0</ele>
      </trkpt>
      <trkpt lat="32.48055" lon="-110.75824">
        <ele>1918.0</ele>
      </trkpt>
      <trkpt lat="32.48104" lon="-110.75741">
        <ele>1928.8</ele>
      </trkpt>
      <trkpt lat="32.48167" lon="-110.75697">
        <ele>1945.0</ele>
      </trkpt>
      <trkpt lat="32.48217" lon="-110.75688">
        <ele>1954.0</ele>
      </trkpt>
      <trkpt lat="32.48255" lon="-110.75631">
        <ele>1964.0</ele>
      </trkpt>
      <trkpt lat="32.48303" lon="-110.75611">
        <ele>1975.4</ele>
      </trkpt>
      <trkpt lat="32.4835" lon="-110.75548">
        <ele>1986.8</ele>
      </trkpt>
      <trkpt lat="32.48372" lon="-110.75496">
        <ele>1997.0</ele>
      </trkpt>
      <trkpt lat="32.48429" lon="-110.75461">
        <ele>2007.1</ele>
      </trkpt>
      <trkpt lat="32.4846" lon="-110.75423">
        <ele>2015.0</ele>
      </trkpt>
      <trkpt lat="32.48451" lon="-110.75363">
        <ele>2023.5</ele>
      </trkpt>
      <trkpt lat="32.48429" lon="-110.75361">
        <ele>2031.0</ele>
      </trkpt>
      <trkpt lat="32.484189" lon="-110.75306">
        <ele>2037.0</ele>
      </trkpt>
      <trkpt lat="32.48381" lon="-110.75256">
        <ele>2042.1</ele>
      </trkpt>
      <trkpt lat="32.48386" lon="-110.7524">
        <ele>2047.8</ele>
      </trkpt>
      <trkpt lat="32.48406" lon="-110.75221">
        <ele>2052.3</ele>
      </trkpt>
      <trkpt lat="32.48408" lon="-110.75203">
        <ele>2057.8</ele>
      </trkpt>
      <trkpt lat="32.48377" lon="-110.75127">
        <ele>2069.3</ele>
      </trkpt>
      <trkpt lat="32.48339" lon="-110.75104">
        <ele>2075.1</ele>
      </trkpt>
      <trkpt lat="32.48328" lon="-110.75049">
        <ele>2083.0</ele>
      </trkpt>
      <trkpt lat="32.48297" lon="-110.75026">
        <ele>2089.6</ele>
      </trkpt>
      <trkpt lat="32.48232" lon="-110.74943">
        <ele>2096.1</ele>
      </trkpt>
      <trkpt lat="32.4818" lon="-110.74911">
        <ele>2099.0</ele>
      </trkpt>
      <trkpt lat="32.48149" lon="-110.7492">
        <ele>2102.8</ele>
      </trkpt>
      <trkpt lat="32.481299" lon="-110.748979">
        <ele>2103.8</ele>
      </trkpt>
      <trkpt lat="32.481647" lon="-110.748682">
        <ele>2112.8</ele>
      </trkpt>
      <trkpt lat="32.482526" lon="-110.748505">
        <ele>2139.0</ele>
      </trkpt>
      <trkpt lat="32.483252" lon="-110.748907">
        <ele>2153.0</ele>
      </trkpt>
      <trkpt lat="32.483615" lon="-110.748845">
        <ele>2156.3</ele>
      </trkpt>
      <trkpt lat="32.484045" lon="-110.748919">
        <ele>2158.0</ele>
      </trkpt>
      <trkpt lat="32.484333" lon="-110.749316">
        <ele>2159.1</ele>
      </trkpt>
      <trkpt lat="32.484721" lon="-110.749415">
        <ele>2162.6</ele>
      </trkpt>
      <trkpt lat="32.485326" lon="-110.749348">
        <ele>2166.3</ele>
      </trkpt>
      <trkpt lat="32.485957" lon="-110.749495">
        <ele>2170.3</ele>
      </trkpt>
      <trkpt lat="32.486567" lon="-110.749961">
        <ele>2180.3</ele>
      </trkpt>
      <trkpt lat="32.486587" lon="-110.750131">
        <ele>2180.8</ele>
      </trkpt>
      <trkpt lat="32.486696" lon="-110.750142">
        <ele>2183.1</ele>
      </trkpt>
      <trkpt lat="32.486759" lon="-110.74998">
        <ele>2188.8</ele>
      </trkpt>
      <trkpt lat="32.487816" lon="-110.749444">
        <ele>2209.0</ele>
      </trkpt>
      <trkpt lat="32.488889" lon="-110.74867">
        <ele>2231.8</ele>
      </trkpt>
      <trkpt lat="32.489417" lon="-110.748576">
        <ele>2237.0</ele>
      </trkpt>
      <trkpt lat="32.48931" lon="-110.74839">
        <ele>2242.3</ele>
      </trkpt>
      <trkpt lat="32.489739" lon="-110.748556">
        <ele>2248.1</ele>
      </trkpt>
      <trkpt lat="32.491798" lon="-110.748823">
        <ele>2265.6</ele>
      </trkpt>
      <trkpt lat="32.492742" lon="-110.749105">
        <ele>2264.3</ele>
      </trkpt>
      <trkpt lat="32.493147" lon="-110.748816">
        <ele>2266.8</ele>
      </trkpt>
      <trkpt lat="32.493654" lon="-110.748742">
        <ele>2266.6</ele>
      </trkpt>
      <trkpt lat="32.494428" lon="-110.748842">
        <ele>2270.0</ele>
      </trkpt>
      <trkpt lat="32.495965" lon="-110.748366">
        <ele>2283.0</ele>
      </trkpt>
      <trkpt lat="32.496677" lon="-110.748567">
        <ele>2276.6</ele>
      </trkpt>
      <trkpt lat="32.497464" lon="-110.749141">
        <ele>2274.8</ele>
      </trkpt>
      <trkpt lat="32.498154" lon="-110.748727">
        <ele>2289.0</ele>
      </trkpt>
      <trkpt lat="32.498461" lon="-110.748639">
        <ele>2292.1</ele>
      </trkpt>
      <trkpt lat="32.498748" lon="-110.748416">
        <ele>2289.1</ele>
      </trkpt>
      <trkpt lat="32.499329" lon="-110.748628">
        <ele>2273.3</ele>
      </trkpt>
      <trkpt lat="32.49926" lon="-110.748722">
        <ele>2272.0</ele>
      </trkpt>
      <trkpt lat="32.499449" lon="-110.748769">
        <ele>2265.8</ele>
      </trkpt>
      <trkpt lat="32.499339" lon="-110.749015">
        <ele>2256.6</ele>
      </trkpt>
      <trkpt lat="32.499561" lon="-110.749054">
        <ele>2249.8</ele>
      </trkpt>
      <trkpt lat="32.49974" lon="-110.748569">
        <ele>2249.6</ele>
      </trkpt>
      <trkpt lat="32.500163" lon="-110.747826">
        <ele>2230.6</ele>
      </trkpt>
      <trkpt lat="32.500807" lon="-110.74747">
        <ele>2231.8</ele>
      </trkpt>
      <trkpt lat="32.50197" lon="-110.745785">
        <ele>2253.8</ele>
      </trkpt>
      <trkpt lat="32.502308" lon="-110.745922">
        <ele>2257.6</ele>
      </trkpt>
      <trkpt lat="32.502522" lon="-110.745859">
        <ele>2258.3</ele>
      </trkpt>
      <trkpt lat="32.502623" lon="-110.745701">
        <ele>2257.1</ele>
      </trkpt>
      <trkpt lat="32.50304" lon="-110.74568">
        <ele>2257.6</ele>
      </trkpt>
      <trkpt lat="32.50338" lon="-110.745552">
        <ele>2262.3</ele>
      </trkpt>
      <trkpt lat="32.50347" lon="-110.74538">
        <ele>2266.6</ele>
      </trkpt>
      <trkpt lat="32.503729" lon="-110.745207">
        <ele>2268.8</ele>
      </trkpt>
      <trkpt lat="32.504286" lon="-110.745308">
        <ele>2265.8</ele>
      </trkpt>
      <trkpt lat="32.504333" lon="-110.745249">
        <ele>2266.0</ele>
      </trkpt>
      <trkpt lat="32.504664" lon="-110.7454">
        <ele>2269.3</ele>
      </trkpt>
      <trkpt lat="32.505176" lon="-110.745483">
        <ele>2269.6</ele>
      </trkpt>
      <trkpt lat="32.505741" lon="-110.745904">
        <ele>2261.1</ele>
      </trkpt>
      <trkpt lat="32.505967" lon="-110.746209">
        <ele>2257.1</ele>
      </trkpt>
      <trkpt lat="32.506275" lon="-110.746279">
        <ele>2256.3</ele>
      </trkpt>
      <trkpt lat="32.50669" lon="-110.74621">
        <ele>2256.1</ele>
      </trkpt>
      <trkpt lat="32.50688" lon="-110.74629">
        <ele>2255.1</ele>
      </trkpt>
      <trkpt lat="32.508141" lon="-110.747355">
        <ele>2253.0</ele>
      </trkpt>
      <trkpt lat="32.50868" lon="-110.747632">
        <ele>2252.3</ele>
      </trkpt>
      <trkpt lat="32.509435" lon="-110.748814">
        <ele>2241.0</ele>
      </trkpt>
      <trkpt lat="32.510123" lon="-110.749503">
        <ele>2244.3</ele>
      </trkpt>
      <trkpt lat="32.510289" lon="-110.74997">
        <ele>2248.8</ele>
      </trkpt>
      <trkpt lat="32.510267" lon="-110.751093">
        <ele>2243.1</ele>
      </trkpt>
      <trkpt lat="32.510531" lon="-110.751543">
        <ele>2241.3</ele>
      </trkpt>
      <trkpt lat="32.510658" lon="-110.751567">
        <ele>2240.8</ele>
      </trkpt>
      <trkpt lat="32.511052" lon="-110.75139">
        <ele>2238.8</ele>
      </trkpt>
      <trkpt lat="32.512385" lon="-110.751999">
        <ele>2222.3</ele>
      </trkpt>
      <trkpt lat="32.513585" lon="-110.751635">
        <ele>2206.1</ele>
      </trkpt>
      <trkpt lat="32.513973" lon="-110.751183">
        <ele>2188.3</ele>
      </trkpt>
      <trkpt lat="32.513731" lon="-110.751908">
        <ele>2187.6</ele>
      </trkpt>
      <trkpt lat="32.513582" lon="-110.75211">
        <ele>2185.0</ele>
      </trkpt>
      <trkpt lat="32.513928" lon="-110.752019">
        <ele>2176.6</ele>
      </trkpt>
      <trkpt lat="32.514122" lon="-110.751784">
        <ele>2164.3</ele>
      </trkpt>
      <trkpt lat="32.514578" lon="-110.751834">
        <ele>2149.6</ele>
      </trkpt>
      <trkpt lat="32.514747" lon="-110.751541">
        <ele>2146.3</ele>
      </trkpt>
      <trkpt lat="32.51522" lon="-110.751866">
        <ele>2134.6</ele>
      </trkpt>
      <trkpt lat="32.51645" lon="-110.75223">
        <ele>2106.3</ele>
      </trkpt>
      <trkpt lat="32.51701" lon="-110.752205">
        <ele>2088.3</ele>
      </trkpt>
      <trkpt lat="32.51827" lon="-110.752341">
        <ele>2049.1</ele>
      </trkpt>
      <trkpt lat="32.518473" lon="-110.752483">
        <ele>2046.5</ele>
      </trkpt>
      <trkpt lat="32.51946" lon="-110.752691">
        <ele>2033.5</ele>
      </trkpt>
      <trkpt lat="32.520069" lon="-110.7527">
        <ele>2028.0</ele>
      </trkpt>
      <trkpt lat="32.520378" lon="-110.752805">
        <ele>2022.5</ele>
      </trkpt>
      <trkpt lat="32.52121" lon="-110.752639">
        <ele>2012.5</ele>
      </trkpt>
      <trkpt lat="32.522306" lon="-110.752737">
        <ele>2020.5</ele>
      </trkpt>
      <trkpt lat="32.523947" lon="-110.752202">
        <ele>2029.1</ele>
      </trkpt>
      <trkpt lat="32.524271" lon="-110.751857">
        <ele>2026.5</ele>
      </trkpt>
      <trkpt lat="32.52506" lon="-110.75212">
        <ele>2011.8</ele>
      </trkpt>
      <trkpt lat="32.525503" lon="-110.752426">
        <ele>2004.0</ele>
      </trkpt>
      <trkpt lat="32.525726" lon="-110.752475">
        <ele>1998.5</ele>
      </trkpt>
      <trkpt lat="32.52629" lon="-110.752244">
        <ele>1994.4</ele>
      </trkpt>
      <trkpt lat="32.52676" lon="-110.752755">
        <ele>1986.8</ele>
      </trkpt>
      <trkpt lat="32.527143" lon="-110.752813">
        <ele>1980.5</ele>
      </trkpt>
      <trkpt lat="32.527434" lon="-110.752684">
        <ele>1977.8</ele>
      </trkpt>
      <trkpt lat="32.527718" lon="-110.752766">
        <ele>1977.0</ele>
      </trkpt>
      <trkpt lat="32.528799" lon="-110.75423">
        <ele>1964.8</ele>
      </trkpt>
      <trkpt lat="32.529086" lon="-110.754481">
        <ele>1957.1</ele>
      </trkpt>
      <trkpt lat="32.529705" lon="-110.754629">
        <ele>1955.8</ele>
      </trkpt>
      <trkpt lat="32.53054" lon="-110.755003">
        <ele>1956.1</ele>
      </trkpt>
      <trkpt lat="32.531703" lon="-110.755">
        <ele>1960.5</ele>
      </trkpt>
      <trkpt lat="32.532449" lon="-110.755577">
        <ele>1959.0</ele>
      </trkpt>
      <trkpt lat="32.5332" lon="-110.755821">
        <ele>1957.5</ele>
      </trkpt>
      <trkpt lat="32.533357" lon="-110.755968">
        <ele>1958.0</ele>
      </trkpt>
      <trkpt lat="32.533606" lon="-110.756016">
        <ele>1959.5</ele>
      </trkpt>
      <trkpt lat="32.533882" lon="-110.756396">
        <ele>1963.8</ele>
      </trkpt>
      <trkpt lat="32.533904" lon="-110.756596">
        <ele>1965.5</ele>
      </trkpt>
      <trkpt lat="32.534329" lon="-110.756771">
        <ele>1963.0</ele>
      </trkpt>
      <trkpt lat="32.534388" lon="-110.756893">
        <ele>1962.1</ele>
      </trkpt>
      <trkpt lat="32.53481" lon="-110.757">
        <ele>1960.4</ele>
      </trkpt>
      <trkpt lat="32.535826" lon="-110.756712">
        <ele>1957.5</ele>
      </trkpt>
      <trkpt lat="32.536735" lon="-110.757334">
        <ele>1943.0</ele>
      </trkpt>
      <trkpt lat="32.537748" lon="-110.757532">
        <ele>1931.0</ele>
      </trkpt>
      <trkpt lat="32.538074" lon="-110.757442">
        <ele>1923.1</ele>
      </trkpt>
      <trkpt lat="32.538338" lon="-110.757553">
        <ele>1917.4</ele>
      </trkpt>
      <trkpt lat="32.538739" lon="-110.757428">
        <ele>1907.1</ele>
      </trkpt>
      <trkpt lat="32.538879" lon="-110.757531">
        <ele>1904.4</ele>
      </trkpt>
      <trkpt lat="32.539039" lon="-110.75749">
        <ele>1901.8</ele>
      </trkpt>
      <trkpt lat="32.539475" lon="-110.757612">
        <ele>1898.0</ele>
      </trkpt>
      <trkpt lat="32.539807" lon="-110.757552">
        <ele>1897.8</ele>
      </trkpt>
      <trkpt lat="32.54043" lon="-110.757872">
        <ele>1906.5</ele>
      </trkpt>
      <trkpt lat="32.541407" lon="-110.757887">
        <ele>1910.1</ele>
      </trkpt>
      <trkpt lat="32.54242" lon="-110.758317">
        <ele>1908.5</ele>
      </trkpt>
      <trkpt lat="32.543132" lon="-110.758483">
        <ele>1908.8</ele>
      </trkpt>
      <trkpt lat="32.543729" lon="-110.758875">
        <ele>1907.1</ele>
      </trkpt>
      <trkpt lat="32.544297" lon="-110.759021">
        <ele>1906.1</ele>
      </trkpt>
      <trkpt lat="32.544677" lon="-110.758917">
        <ele>1904.8</ele>
      </trkpt>
      <trkpt lat="32.545532" lon="-110.759037">
        <ele>1896.0</ele>
      </trkpt>
      <trkpt lat="32.546788" lon="-110.758584">
        <ele>1868.4</ele>
      </trkpt>
      <trkpt lat="32.54687" lon="-110.7583">
        <ele>1861.1</ele>
      </trkpt>
      <trkpt lat="32.547628" lon="-110.758104">
        <ele>1864.5</ele>
      </trkpt>
      <trkpt lat="32.547945" lon="-110.758158">
        <ele>1865.1</ele>
      </trkpt>
      <trkpt lat="32.548296" lon="-110.758058">
        <ele>1869.0</ele>
      </trkpt>
      <trkpt lat="32.548516" lon="-110.758105">
        <ele>1868.5</ele>
      </trkpt>
      <trkpt lat="32.548679" lon="-110.75826">
        <ele>1865.0</ele>
      </trkpt>
      <trkpt lat="32.548796" lon="-110.758172">
        <ele>1861.5</ele>
      </trkpt>
      <trkpt lat="32.5489" lon="-110.7578">
        <ele>1856.5</ele>
      </trkpt>
      <trkpt lat="32.548755" lon="-110.757263">
        <ele>1847.8</ele>
      </trkpt>
      <trkpt lat="32.548526" lon="-110.756845">
        <ele>1843.5</ele>
      </trkpt>
      <trkpt lat="32.548437" lon="-110.756488">
        <ele>1839.4</ele>
      </trkpt>
      <trkpt lat="32.548687" lon="-110.755495">
        <ele>1817.5</ele>
      </trkpt>
      <trkpt lat="32.54882" lon="-110.755317">
        <ele>1812.4</ele>
      </trkpt>
      <trkpt lat="32.549799" lon="-110.754707">
        <ele>1809.1</ele>
      </trkpt>
      <trkpt lat="32.550539" lon="-110.754529">
        <ele>1816.8</ele>
      </trkpt>
      <trkpt lat="32.550918" lon="-110.75421">
        <ele>1817.1</ele>
      </trkpt>
      <trkpt lat="32.551833" lon="-110.75431">
        <ele>1813.4</ele>
      </trkpt>
      <trkpt lat="32.552403" lon="-110.754763">
        <ele>1804.8</ele>
      </trkpt>
      <trkpt lat="32.552748" lon="-110.754677">
        <ele>1805.0</ele>
      </trkpt>
      <trkpt lat="32.55323" lon="-110.754713">
        <ele>1804.1</ele>
      </trkpt>
      <trkpt lat="32.553858" lon="-110.755096">
        <ele>1794.1</ele>
      </trkpt>
      <trkpt lat="32.554369" lon="-110.755047">
        <ele>1794.5</ele>
      </trkpt>
      <trkpt lat="32.555168" lon="-110.755435">
        <ele>1787.4</ele>
      </trkpt>
      <trkpt lat="32.555355" lon="-110.755421">
        <ele>1787.0</ele>
      </trkpt>
      <trkpt lat="32.555684" lon="-110.754976">
        <ele>1787.4</ele>
      </trkpt>
      <trkpt lat="32.556112" lon="-110.754893">
        <ele>1774.4</ele>
      </trkpt>
      <trkpt lat="32.556539" lon="-110.755061">
        <ele>1768.1</ele>
      </trkpt>
      <trkpt lat="32.557104" lon="-110.754719">
        <ele>1754.0</ele>
      </trkpt>
      <trkpt lat="32.557387" lon="-110.754766">
        <ele>1743.8</ele>
      </trkpt>
      <trkpt lat="32.557516" lon="-110.754655">
        <ele>1738.1</ele>
      </trkpt>
      <trkpt lat="32.557907" lon="-110.754958">
        <ele>1728.1</ele>
      </trkpt>
      <trkpt lat="32.558096" lon="-110.754976">
        <ele>1724.1</ele>
      </trkpt>
      <trkpt lat="32.558849" lon="-110.755751">
        <ele>1711.4</ele>
      </trkpt>
      <trkpt lat="32.559263" lon="-110.756016">
        <ele>1707.1</ele>
      </trkpt>
      <trkpt lat="32.559842" lon="-110.756114">
        <ele>1699.1</ele>
      </trkpt>
      <trkpt lat="32.56025" lon="-110.756736">
        <ele>1686.5</ele>
      </trkpt>
      <trkpt lat="32.560415" lon="-110.757232">
        <ele>1677.8</ele>
      </trkpt>
      <trkpt lat="32.560841" lon="-110.757556">
        <ele>1675.0</ele>
      </trkpt>
      <trkpt lat="32.561104" lon="-110.757293">
        <ele>1678.4</ele>
      </trkpt>
      <trkpt lat="32.56141" lon="-110.757142">
        <ele>1668.5</ele>
      </trkpt>
      <trkpt lat="32.562085" lon="-110.756085">
        <ele>1638.8</ele>
      </trkpt>
      <trkpt lat="32.561574" lon="-110.755655">
        <ele>1628.4</ele>
      </trkpt>
      <trkpt lat="32.561853" lon="-110.755589">
        <ele>1622.1</ele>
      </trkpt>
      <trkpt lat="32.561968" lon="-110.755434">
        <ele>1617.1</ele>
      </trkpt>
      <trkpt lat="32.562646" lon="-110.755431">
        <ele>1609.5</ele>
      </trkpt>
      <trkpt lat="32.563243" lon="-110.755929">
        <ele>1599.1</ele>
      </trkpt>
      <trkpt lat="32.563901" lon="-110.755758">
        <ele>1581.5</ele>
      </trkpt>
      <trkpt lat="32.564534" lon="-110.754892">
        <ele>1571.8</ele>
      </trkpt>
      <trkpt lat="32.56489" lon="-110.754552">
        <ele>1565.8</ele>
      </trkpt>
      <trkpt lat="32.565058" lon="-110.754655">
        <ele>1565.1</ele>
      </trkpt>
      <trkpt lat="32.565342" lon="-110.754604">
        <ele>1567.1</ele>
      </trkpt>
      <trkpt lat="32.565392" lon="-110.754488">
        <ele>1568.4</ele>
      </trkpt>
      <trkpt lat="32.56577" lon="-110.754529">
        <ele>1572.8</ele>
      </trkpt>
      <trkpt lat="32.566122" lon="-110.754714">
        <ele>1576.0</ele>
      </trkpt>
      <trkpt lat="32.566592" lon="-110.754531">
        <ele>1581.4</ele>
      </trkpt>
      <trkpt lat="32.567047" lon="-110.754572">
        <ele>1588.5</ele>
      </trkpt>
      <trkpt lat="32.56718" lon="-110.753803">
        <ele>1592.4</ele>
      </trkpt>
      <trkpt lat="32.567619" lon="-110.753397">
        <ele>1597.4</ele>
      </trkpt>
      <trkpt lat="32.568174" lon="-110.753612">
        <ele>1596.4</ele>
      </trkpt>
      <trkpt lat="32.568649" lon="-110.753618">
        <ele>1599.0</ele>
      </trkpt>
      <trkpt lat="32.568857" lon="-110.753741">
        <ele>1600.8</ele>
      </trkpt>
      <trkpt lat="32.569339" lon="-110.753788">
        <ele>1606.1</ele>
      </trkpt>
      <trkpt lat="32.569505" lon="-110.753713">
        <ele>1609.8</ele>
      </trkpt>
      <trkpt lat="32.570199" lon="-110.752818">
        <ele>1634.8</ele>
      </trkpt>
      <trkpt lat="32.570605" lon="-110.752597">
        <ele>1637.4</ele>
      </trkpt>
      <trkpt lat="32.570912" lon="-110.752564">
        <ele>1639.8</ele>
      </trkpt>
      <trkpt lat="32.571821" lon="-110.752111">
        <ele>1634.8</ele>
      </trkpt>
      <trkpt lat="32.572454" lon="-110.752013">
        <ele>1631.4</ele>
      </trkpt>
      <trkpt lat="32.573588" lon="-110.751658">
        <ele>1634.8</ele>
      </trkpt>
      <trkpt lat="32.573712" lon="-110.751549">
        <ele>1635.8</ele>
      </trkpt>
      <trkpt lat="32.574709" lon="-110.751441">
        <ele>1637.1</ele>
      </trkpt>
      <trkpt lat="32.574866" lon="-110.751143">
        <ele>1627.0</ele>
      </trkpt>
      <trkpt lat="32.574973" lon="-110.751177">
        <ele>1627.5</ele>
      </trkpt>
      <trkpt lat="32.57518" lon="-110.750965">
        <ele>1629.1</ele>
      </trkpt>
      <trkpt lat="32.575245" lon="-110.750765">
        <ele>1628.8</ele>
      </trkpt>
      <trkpt lat="32.575138" lon="-110.750613">
        <ele>1625.1</ele>
      </trkpt>
      <trkpt lat="32.575077" lon="-110.750208">
        <ele>1626.5</ele>
      </trkpt>
      <trkpt lat="32.575134" lon="-110.75008">
        <ele>1627.8</ele>
      </trkpt>
      <trkpt lat="32.575021" lon="-110.749669">
        <ele>1625.0</ele>
      </trkpt>
      <trkpt lat="32.575176" lon="-110.74924">
        <ele>1623.8</ele>
      </trkpt>
      <trkpt lat="32.575059" lon="-110.749011">
        <ele>1622.5</ele>
      </trkpt>
      <trkpt lat="32.575069" lon="-110.748795">
        <ele>1624.8</ele>
      </trkpt>
      <trkpt lat="32.574843" lon="-110.748453">
        <ele>1623.0</ele>
      </trkpt>
      <trkpt lat="32.574889" lon="-110.748257">
        <ele>1624.0</ele>
      </trkpt>
      <trkpt lat="32.575175" lon="-110.748109">
        <ele>1621.8</ele>
      </trkpt>
      <trkpt lat="32.57518" lon="-110.747712">
        <ele>1614.4</ele>
      </trkpt>
      <trkpt lat="32.575327" lon="-110.747094">
        <ele>1610.8</ele>
      </trkpt>
      <trkpt lat="32.57499" lon="-110.746591">
        <ele>1605.5</ele>
      </trkpt>
      <trkpt lat="32.574922" lon="-110.745823">
        <ele>1613.4</ele>
      </trkpt>
      <trkpt lat="32.574796" lon="-110.74556">
        <ele>1611.4</ele>
      </trkpt>
      <trkpt lat="32.575021" lon="-110.74517">
        <ele>1610.4</ele>
      </trkpt>
      <trkpt lat="32.574824" lon="-110.744987">
        <ele>1604.4</ele>
      </trkpt>
      <trkpt lat="32.574807" lon="-110.744742">
        <ele>1604.0</ele>
      </trkpt>
      <trkpt lat="32.574334" lon="-110.744475">
        <ele>1597.5</ele>
      </trkpt>
      <trkpt lat="32.574785" lon="-110.744209">
        <ele>1597.8</ele>
      </trkpt>
      <trkpt lat="32.57488" lon="-110.744058">
        <ele>1597.4</ele>
      </trkpt>
      <trkpt lat="32.574832" lon="-110.743539">
        <ele>1589.8</ele>
      </trkpt>
      <trkpt lat="32.574503" lon="-110.743595">
        <ele>1588.1</ele>
      </trkpt>
      <trkpt lat="32.574402" lon="-110.743802">
        <ele>1586.8</ele>
      </trkpt>
      <trkpt lat="32.574295" lon="-110.743573">
        <ele>1581.4</ele>
      </trkpt>
      <trkpt lat="32.574288" lon="-110.743198">
        <ele>1579.0</ele>
      </trkpt>
      <trkpt lat="32.574409" lon="-110.743002">
        <ele>1577.5</ele>
      </trkpt>
      <trkpt lat="32.574804" lon="-110.742686">
        <ele>1574.8</ele>
      </trkpt>
      <trkpt lat="32.574672" lon="-110.742636">
        <ele>1572.4</ele>
      </trkpt>
      <trkpt lat="32.574468" lon="-110.742728">
        <ele>1572.0</ele>
      </trkpt>
      <trkpt lat="32.574648" lon="-110.742377">
        <ele>1564.4</ele>
      </trkpt>
      <trkpt lat="32.575117" lon="-110.742113">
        <ele>1559.8</ele>
      </trkpt>
      <trkpt lat="32.575015" lon="-110.741594">
        <ele>1548.1</ele>
      </trkpt>
      <trkpt lat="32.575252" lon="-110.741372">
        <ele>1548.4</ele>
      </trkpt>
      <trkpt lat="32.575073" lon="-110.741313">
        <ele>1544.0</ele>
      </trkpt>
      <trkpt lat="32.575251" lon="-110.741112">
        <ele>1540.8</ele>
      </trkpt>
      <trkpt lat="32.574925" lon="-110.741205">
        <ele>1538.4</ele>
      </trkpt>
      <trkpt lat="32.574903" lon="-110.741031">
        <ele>1534.5</ele>
      </trkpt>
      <trkpt lat="32.575434" lon="-110.740638">
        <ele>1529.0</ele>
      </trkpt>
      <trkpt lat="32.575615" lon="-110.740679">
        <ele>1532.0</ele>
      </trkpt>
      <trkpt lat="32.575479" lon="-110.740252">
        <ele>1524.8</ele>
      </trkpt>
      <trkpt lat="32.575516" lon="-110.740067">
        <ele>1521.5</ele>
      </trkpt>
      <trkpt lat="32.575257" lon="-110.740018">
        <ele>1518.4</ele>
      </trkpt>
      <trkpt lat="32.57509" lon="-110.73983">
        <ele>1514.8</ele>
      </trkpt>
      <trkpt lat="32.575032" lon="-110.739902">
        <ele>1514.0</ele>
      </trkpt>
      <trkpt lat="32.575018" lon="-110.739811">
        <ele>1512.8</ele>
      </trkpt>
      <trkpt lat="32.574948" lon="-110.739924">
        <ele>1513.8</ele>
      </trkpt>
      <trkpt lat="32.574908" lon="-110.739824">
        <ele>1512.5</ele>
      </trkpt>
      <trkpt lat="32.574876" lon="-110.740053">
        <ele>1513.8</ele>
      </trkpt>
      <trkpt lat="32.574767" lon="-110.73994">
        <ele>1512.1</ele>
      </trkpt>
      <trkpt lat="32.574551" lon="-110.739338">
        <ele>1510.5</ele>
      </trkpt>
      <trkpt lat="32.573799" lon="-110.739186">
        <ele>1515.5</ele>
      </trkpt>
      <trkpt lat="32.573312" lon="-110.738758">
        <ele>1509.5</ele>
      </trkpt>
      <trkpt lat="32.573216" lon="-110.73848">
        <ele>1503.8</ele>
      </trkpt>
      <trkpt lat="32.572514" lon="-110.738024">
        <ele>1505.8</ele>
      </trkpt>
      <trkpt lat="32.572345" lon="-110.737805">
        <ele>1506.8</ele>
      </trkpt>
      <trkpt lat="32.571958" lon="-110.7376">
        <ele>1512.8</ele>
      </trkpt>
      <trkpt lat="32.57198" lon="-110.73732">
        <ele>1509.8</ele>
      </trkpt>
      <trkpt lat="32.572317" lon="-110.737099">
        <ele>1506.4</ele>
      </trkpt>
      <trkpt lat="32.572743" lon="-110.737008">
        <ele>1505.4</ele>
      </trkpt>
      <trkpt lat="32.572721" lon="-110.736546">
        <ele>1506.1</ele>
      </trkpt>
      <trkpt lat="32.572408" lon="-110.736206">
        <ele>1504.8</ele>
      </trkpt>
      <trkpt lat="32.572524" lon="-110.736004">
        <ele>1503.4</ele>
      </trkpt>
      <trkpt lat="32.572698" lon="-110.735977">
        <ele>1501.4</ele>
      </trkpt>
      <trkpt lat="32.572795" lon="-110.735788">
        <ele>1498.0</ele>
      </trkpt>
      <trkpt lat="32.572902" lon="-110.735782">
        <ele>1497.0</ele>
      </trkpt>
      <trkpt lat="32.573095" lon="-110.735573">
        <ele>1491.1</ele>
      </trkpt>
      <trkpt lat="32.573327" lon="-110.735021">
        <ele>1488.1</ele>
      </trkpt>
      <trkpt lat="32.573303" lon="-110.734873">
        <ele>1488.5</ele>
      </trkpt>
      <trkpt lat="32.573194" lon="-110.734825">
        <ele>1488.1</ele>
      </trkpt>
      <trkpt lat="32.573183" lon="-110.734593">
        <ele>1486.5</ele>
      </trkpt>
      <trkpt lat="32.573323" lon="-110.734307">
        <ele>1481.1</ele>
      </trkpt>
      <trkpt lat="32.573473" lon="-110.734319">
        <ele>1481.4</ele>
      </trkpt>
      <trkpt lat="32.574167" lon="-110.733996">
        <ele>1474.5</ele>
      </trkpt>
      <trkpt lat="32.573808" lon="-110.733729">
        <ele>1465.1</ele>
      </trkpt>
      <trkpt lat="32.574008" lon="-110.733419">
        <ele>1460.1</ele>
      </trkpt>
      <trkpt lat="32.573842" lon="-110.733352">
        <ele>1456.8</ele>
      </trkpt>
      <trkpt lat="32.573825" lon="-110.733243">
        <ele>1453.5</ele>
      </trkpt>
      <trkpt lat="32.574016" lon="-110.73293">
        <ele>1448.8</ele>
      </trkpt>
      <trkpt lat="32.573945" lon="-110.732502">
        <ele>1444.4</ele>
      </trkpt>
      <trkpt lat="32.573985" lon="-110.732305">
        <ele>1441.5</ele>
      </trkpt>
      <trkpt lat="32.573915" lon="-110.731725">
        <ele>1445.0</ele>
      </trkpt>
      <trkpt lat="32.573801" lon="-110.731504">
        <ele>1439.1</ele>
      </trkpt>
      <trkpt lat="32.573891" lon="-110.730858">
        <ele>1438.5</ele>
      </trkpt>
      <trkpt lat="32.574485" lon="-110.730317">
        <ele>1426.8</ele>
      </trkpt>
      <trkpt lat="32.574306" lon="-110.730274">
        <ele>1424.1</ele>
      </trkpt>
      <trkpt lat="32.574826" lon="-110.730048">
        <ele>1418.0</ele>
      </trkpt>
      <trkpt lat="32.574761" lon="-110.72997">
        <ele>1416.0</ele>
      </trkpt>
      <trkpt lat="32.574852" lon="-110.729879">
        <ele>1414.1</ele>
      </trkpt>
      <trkpt lat="32.574765" lon="-110.729766">
        <ele>1412.8</ele>
      </trkpt>
      <trkpt lat="32.574824" lon="-110.729662">
        <ele>1412.1</ele>
      </trkpt>
      <trkpt lat="32.574658" lon="-110.729496">
        <ele>1411.0</ele>
      </trkpt>
      <trkpt lat="32.574727" lon="-110.729259">
        <ele>1409.8</ele>
      </trkpt>
      <trkpt lat="32.574678" lon="-110.728645">
        <ele>1403.1</ele>
      </trkpt>
      <trkpt lat="32.575181" lon="-110.727986">
        <ele>1402.1</ele>
      </trkpt>
      <trkpt lat="32.575293" lon="-110.727461">
        <ele>1398.1</ele>
      </trkpt>
      <trkpt lat="32.575232" lon="-110.72705">
        <ele>1395.0</ele>
      </trkpt>
      <trkpt lat="32.57531" lon="-110.726814">
        <ele>1394.0</ele>
      </trkpt>
      <trkpt lat="32.575812" lon="-110.726446">
        <ele>1392.4</ele>
      </trkpt>
      <trkpt lat="32.575992" lon="-110.726421">
        <ele>1392.1</ele>
      </trkpt>
      <trkpt lat="32.576143" lon="-110.726123">
        <ele>1391.0</ele>
      </trkpt>
      <trkpt lat="32.577095" lon="-110.726082">
        <ele>1383.8</ele>
      </trkpt>
      <trkpt lat="32.577565" lon="-110.726246">
        <ele>1379.1</ele>
      </trkpt>
      <trkpt lat="32.577821" lon="-110.725896">
        <ele>1371.4</ele>
      </trkpt>
      <trkpt lat="32.57772" lon="-110.72541">
        <ele>1372.1</ele>
      </trkpt>
      <trkpt lat="32.577768" lon="-110.725236">
        <ele>1370.5</ele>
      </trkpt>
      <trkpt lat="32.578234" lon="-110.725015">
        <ele>1365.5</ele>
      </trkpt>
      <trkpt lat="32.578508" lon="-110.72512">
        <ele>1364.4</ele>
      </trkpt>
      <trkpt lat="32.578936" lon="-110.725095">
        <ele>1363.5</ele>
      </trkpt>
      <trkpt lat="32.579133" lon="-110.724964">
        <ele>1363.4</ele>
      </trkpt>
      <trkpt lat="32.579535" lon="-110.724997">
        <ele>1363.8</ele>
      </trkpt>
      <trkpt lat="32.579833" lon="-110.724645">
        <ele>1367.0</ele>
      </trkpt>
      <trkpt lat="32.580025" lon="-110.724669">
        <ele>1370.1</ele>
      </trkpt>
      <trkpt lat="32.580061" lon="-110.72458">
        <ele>1370.8</ele>
      </trkpt>
      <trkpt lat="32.579973" lon="-110.724324">
        <ele>1371.4</ele>
      </trkpt>
      <trkpt lat="32.580038" lon="-110.724254">
        <ele>1373.0</ele>
      </trkpt>
      <trkpt lat="32.580539" lon="-110.724675">
        <ele>1377.8</ele>
      </trkpt>
      <trkpt lat="32.580478" lon="-110.723897">
        <ele>1383.0</ele>
      </trkpt>
      <trkpt lat="32.580621" lon="-110.723961">
        <ele>1388.8</ele>
      </trkpt>
      <trkpt lat="32.580812" lon="-110.723653">
        <ele>1387.4</ele>
      </trkpt>
      <trkpt lat="32.580999" lon="-110.722921">
        <ele>1379.0</ele>
      </trkpt>
      <trkpt lat="32.580942" lon="-110.722832">
        <ele>1378.4</ele>
      </trkpt>
      <trkpt lat="32.581193" lon="-110.722637">
        <ele>1378.8</ele>
      </trkpt>
      <trkpt lat="32.581195" lon="-110.722442">
        <ele>1377.5</ele>
      </trkpt>
      <trkpt lat="32.581073" lon="-110.722332">
        <ele>1376.8</ele>
      </trkpt>
      <trkpt lat="32.581014" lon="-110.722063">
        <ele>1374.0</ele>
      </trkpt>
      <trkpt lat="32.580807" lon="-110.721865">
        <ele>1371.5</ele>
      </trkpt>
      <trkpt lat="32.580993" lon="-110.721761">
        <ele>1368.0</ele>
      </trkpt>
      <trkpt lat="32.580703" lon="-110.721601">
        <ele>1366.5</ele>
      </trkpt>
      <trkpt lat="32.580945" lon="-110.721534">
        <ele>1364.1</ele>
      </trkpt>
      <trkpt lat="32.580891" lon="-110.721428">
        <ele>1361.8</ele>
      </trkpt>
      <trkpt lat="32.580388" lon="-110.721198">
        <ele>1357.5</ele>
      </trkpt>
      <trkpt lat="32.580481" lon="-110.721021">
        <ele>1354.8</ele>
      </trkpt>
      <trkpt lat="32.580934" lon="-110.720744">
        <ele>1350.8</ele>
      </trkpt>
      <trkpt lat="32.580968" lon="-110.720541">
        <ele>1349.1</ele>
      </trkpt>
      <trkpt lat="32.580883" lon="-110.720496">
        <ele>1349.5</ele>
      </trkpt>
      <trkpt lat="32.580671" lon="-110.719933">
        <ele>1343.1</ele>
      </trkpt>
      <trkpt lat="32.58126" lon="-110.719809">
        <ele>1345.0</ele>
      </trkpt>
      <trkpt lat="32.581471" lon="-110.719528">
        <ele>1344.5</ele>
      </trkpt>
      <trkpt lat="32.582318" lon="-110.719038">
        <ele>1340.8</ele>
      </trkpt>
      <trkpt lat="32.583036" lon="-110.718479">
        <ele>1337.8</ele>
      </trkpt>
      <trkpt lat="32.583056" lon="-110.718231">
        <ele>1333.8</ele>
      </trkpt>
      <trkpt lat="32.582949" lon="-110.718148">
        <ele>1333.1</ele>
      </trkpt>
      <trkpt lat="32.582894" lon="-110.717623">
        <ele>1331.4</ele>
      </trkpt>
      <trkpt lat="32.58296" lon="-110.717193">
        <ele>1330.0</ele>
      </trkpt>
      <trkpt lat="32.582869" lon="-110.716944">
        <ele>1329.4</ele>
      </trkpt>
      <trkpt lat="32.582963" lon="-110.716068">
        <ele>1324.4</ele>
      </trkpt>
      <trkpt lat="32.583816" lon="-110.715223">
        <ele>1321.1</ele>
      </trkpt>
      <trkpt lat="32.583888" lon="-110.714986">
        <ele>1320.8</ele>
      </trkpt>
      <trkpt lat="32.583874" lon="-110.714627">
        <ele>1319.1</ele>
      </trkpt>
      <trkpt lat="32.584041" lon="-110.71438">
        <ele>1317.8</ele>
      </trkpt>
      <trkpt lat="32.584619" lon="-110.714046">
        <ele>1315.5</ele>
      </trkpt>
      <trkpt lat="32.584699" lon="-110.71385">
        <ele>1313.5</ele>
      </trkpt>
      <trkpt lat="32.584932" lon="-110.713629">
        <ele>1313.0</ele>
      </trkpt>
      <trkpt lat="32.585364" lon="-110.713902">
        <ele>1313.8</ele>
      </trkpt>
      <trkpt lat="32.585503" lon="-110.713873">
        <ele>1314.0</ele>
      </trkpt>
      <trkpt lat="32.585924" lon="-110.714245">
        <ele>1315.8</ele>
      </trkpt>
      <trkpt lat="32.586427" lon="-110.71425">
        <ele>1315.5</ele>
      </trkpt>
      <trkpt lat="32.586649" lon="-110.714146">
        <ele>1314.0</ele>
      </trkpt>
      <trkpt lat="32.586885" lon="-110.71431">
        <ele>1314.5</ele>
      </trkpt>
      <trkpt lat="32.586896" lon="-110.714536">
        <ele>1316.0</ele>
      </trkpt>
      <trkpt lat="32.587201" lon="-110.714634">
        <ele>1317.0</ele>
      </trkpt>
      <trkpt lat="32.587532" lon="-110.714923">
        <ele>1317.0</ele>
      </trkpt>
      <trkpt lat="32.587795" lon="-110.715527">
        <ele>1317.0</ele>
      </trkpt>
      <trkpt lat="32.58807" lon="-110.715445">
        <ele>1317.0</ele>
      </trkpt>
      <trkpt lat="32.588315" lon="-110.715495">
        <ele>1317.8</ele>
      </trkpt>
      <trkpt lat="32.589101" lon="-110.71534">
        <ele>1313.1</ele>
      </trkpt>
      <trkpt lat="32.589498" lon="-110.715088">
        <ele>1309.0</ele>
      </trkpt>
      <trkpt lat="32.590255" lon="-110.71502">
        <ele>1304.4</ele>
      </trkpt>
      <trkpt lat="32.59082" lon="-110.714824">
        <ele>1301.1</ele>
      </trkpt>
      <trkpt lat="32.591178" lon="-110.715283">
        <ele>1302.8</ele>
      </trkpt>
      <trkpt lat="32.591391" lon="-110.715349">
        <ele>1303.4</ele>
      </trkpt>
      <trkpt lat="32.591658" lon="-110.715648">
        <ele>1304.1</ele>
      </trkpt>
      <trkpt lat="32.591977" lon="-110.715609">
        <ele>1304.4</ele>
      </trkpt>
      <trkpt lat="32.592076" lon="-110.715943">
        <ele>1304.0</ele>
      </trkpt>
      <trkpt lat="32.592185" lon="-110.716007">
        <ele>1304.0</ele>
      </trkpt>
      <trkpt lat="32.592301" lon="-110.716316">
        <ele>1304.0</ele>
      </trkpt>
      <trkpt lat="32.592602" lon="-110.716349">
        <ele>1304.0</ele>
      </trkpt>
      <trkpt lat="32.592716" lon="-110.716466">
        <ele>1304.1</ele>
      </trkpt>
      <trkpt lat="32.592939" lon="-110.716462">
        <ele>1305.1</ele>
      </trkpt>
      <trkpt lat="32.593114" lon="-110.716078">
        <ele>1305.0</ele>
      </trkpt>
      <trkpt lat="32.59379" lon="-110.715662">
        <ele>1303.0</ele>
      </trkpt>
      <trkpt lat="32.594363" lon="-110.715726">
        <ele>1304.0</ele>
      </trkpt>
      <trkpt lat="32.594999" lon="-110.715573">
        <ele>1304.0</ele>
      </trkpt>
      <trkpt lat="32.595148" lon="-110.715409">
        <ele>1303.4</ele>
      </trkpt>
      <trkpt lat="32.595163" lon="-110.715122">
        <ele>1302.0</ele>
      </trkpt>
      <trkpt lat="32.595077" lon="-110.714826">
        <ele>1301.0</ele>
      </trkpt>
      <trkpt lat="32.595177" lon="-110.714677">
        <ele>1299.8</ele>
      </trkpt>
      <trkpt lat="32.595354" lon="-110.714679">
        <ele>1299.0</ele>
      </trkpt>
      <trkpt lat="32.595674" lon="-110.714388">
        <ele>1298.4</ele>
      </trkpt>
      <trkpt lat="32.595678" lon="-110.714171">
        <ele>1297.1</ele>
      </trkpt>
      <trkpt lat="32.596007" lon="-110.71385">
        <ele>1295.4</ele>
      </trkpt>
      <trkpt lat="32.596368" lon="-110.713807">
        <ele>1294.0</ele>
      </trkpt>
      <trkpt lat="32.596485" lon="-110.713628">
        <ele>1292.8</ele>
      </trkpt>
      <trkpt lat="32.596659" lon="-110.713742">
        <ele>1292.0</ele>
      </trkpt>
      <trkpt lat="32.596625" lon="-110.713949">
        <ele>1292.0</ele>
      </trkpt>
      <trkpt lat="32.596991" lon="-110.714166">
        <ele>1292.5</ele>
      </trkpt>
      <trkpt lat="32.597429" lon="-110.714195">
        <ele>1292.0</ele>
      </trkpt>
      <trkpt lat="32.597792" lon="-110.713738">
        <ele>1292.0</ele>
      </trkpt>
      <trkpt lat="32.59809" lon="-110.713807">
        <ele>1291.0</ele>
      </trkpt>
      <trkpt lat="32.598458" lon="-110.713543">
        <ele>1288.5</ele>
      </trkpt>
      <trkpt lat="32.598689" lon="-110.713523">
        <ele>1287.5</ele>
      </trkpt>
      <trkpt lat="32.598773" lon="-110.713409">
        <ele>1287.0</ele>
      </trkpt>
      <trkpt lat="32.599302" lon="-110.713388">
        <ele>1285.1</ele>
      </trkpt>
      <trkpt lat="32.599677" lon="-110.713247">
        <ele>1283.0</ele>
      </trkpt>
      <trkpt lat="32.599795" lon="-110.713046">
        <ele>1282.0</ele>
      </trkpt>
      <trkpt lat="32.600138" lon="-110.712942">
        <ele>1280.0</ele>
      </trkpt>
      <trkpt lat="32.600167" lon="-110.712535">
        <ele>1280.0</ele>
      </trkpt>
      <trkpt lat="32.60079" lon="-110.71173">
        <ele>1278.0</ele>
      </trkpt>
      <trkpt lat="32.600769" lon="-110.71149">
        <ele>1277.5</ele>
      </trkpt>
      <trkpt lat="32.600989" lon="-110.711286">
        <ele>1277.4</ele>
      </trkpt>
      <trkpt lat="32.601522" lon="-110.711174">
        <ele>1277.4</ele>
      </trkpt>
      <trkpt lat="32.601512" lon="-110.710984">
        <ele>1275.8</ele>
      </trkpt>
      <trkpt lat="32.601824" lon="-110.710534">
        <ele>1272.5</ele>
      </trkpt>
      <trkpt lat="32.60205" lon="-110.710581">
        <ele>1273.0</ele>
      </trkpt>
      <trkpt lat="32.60275" lon="-110.710469">
        <ele>1269.0</ele>
      </trkpt>
      <trkpt lat="32.602882" lon="-110.71058">
        <ele>1268.1</ele>
      </trkpt>
      <trkpt lat="32.603203" lon="-110.710633">
        <ele>1266.4</ele>
      </trkpt>
      <trkpt lat="32.603264" lon="-110.710765">
        <ele>1264.0</ele>
      </trkpt>
      <trkpt lat="32.603425" lon="-110.710763">
        <ele>1262.1</ele>
      </trkpt>
      <trkpt lat="32.603447" lon="-110.711166">
        <ele>1260.0</ele>
      </trkpt>
      <trkpt lat="32.603704" lon="-110.711159">
        <ele>1258.4</ele>
      </trkpt>
      <trkpt lat="32.60391" lon="-110.711301">
        <ele>1259.5</ele>
      </trkpt>
      <trkpt lat="32.604146" lon="-110.711202">
        <ele>1259.0</ele>
      </trkpt>
      <trkpt lat="32.604196" lon="-110.711085">
        <ele>1258.4</ele>
      </trkpt>
      <trkpt lat="32.604762" lon="-110.711066">
        <ele>1257.4</ele>
      </trkpt>
      <trkpt lat="32.604855" lon="-110.710959">
        <ele>1257.0</ele>
      </trkpt>
      <trkpt lat="32.604931" lon="-110.710611">
        <ele>1255.1</ele>
      </trkpt>
      <trkpt lat="32.605353" lon="-110.70994">
        <ele>1250.5</ele>
      </trkpt>
      <trkpt lat="32.605352" lon="-110.709749">
        <ele>1249.5</ele>
      </trkpt>
      <trkpt lat="32.605455" lon="-110.709626">
        <ele>1249.0</ele>
      </trkpt>
      <trkpt lat="32.605824" lon="-110.709508">
        <ele>1247.8</ele>
      </trkpt>
      <trkpt lat="32.606088" lon="-110.709305">
        <ele>1246.5</ele>
      </trkpt>
      <trkpt lat="32.606246" lon="-110.709382">
        <ele>1247.0</ele>
      </trkpt>
      <trkpt lat="32.606382" lon="-110.709192">
        <ele>1246.4</ele>
      </trkpt>
      <trkpt lat="32.606464" lon="-110.709251">
        <ele>1247.0</ele>
      </trkpt>
      <trkpt lat="32.606775" lon="-110.709147">
        <ele>1248.4</ele>
      </trkpt>
      <trkpt lat="32.606819" lon="-110.709294">
        <ele>1249.8</ele>
      </trkpt>
      <trkpt lat="32.607464" lon="-110.709683">
        <ele>1255.8</ele>
      </trkpt>
      <trkpt lat="32.607632" lon="-110.709893">
        <ele>1257.0</ele>
      </trkpt>
      <trkpt lat="32.607658" lon="-110.710076">
        <ele>1256.4</ele>
      </trkpt>
      <trkpt lat="32.607833" lon="-110.710294">
        <ele>1255.4</ele>
      </trkpt>
      <trkpt lat="32.608063" lon="-110.710261">
        <ele>1254.4</ele>
      </trkpt>
      <trkpt lat="32.608286" lon="-110.710454">
        <ele>1254.5</ele>
      </trkpt>
      <trkpt lat="32.608327" lon="-110.71071">
        <ele>1256.0</ele>
      </trkpt>
      <trkpt lat="32.608472" lon="-110.710878">
        <ele>1256.5</ele>
      </trkpt>
      <trkpt lat="32.608562" lon="-110.711181">
        <ele>1258.4</ele>
      </trkpt>
      <trkpt lat="32.608773" lon="-110.71147">
        <ele>1261.4</ele>
      </trkpt>
      <trkpt lat="32.608877" lon="-110.7115">
        <ele>1261.4</ele>
      </trkpt>
      <trkpt lat="32.609035" lon="-110.711397">
        <ele>1260.4</ele>
      </trkpt>
      <trkpt lat="32.609159" lon="-110.711427">
        <ele>1259.5</ele>
      </trkpt>
      <trkpt lat="32.609234" lon="-110.711587">
        <ele>1259.0</ele>
      </trkpt>
      <trkpt lat="32.609433" lon="-110.711706">
        <ele>1257.5</ele>
      </trkpt>
      <trkpt lat="32.610069" lon="-110.711482">
        <ele>1254.5</ele>
      </trkpt>
      <trkpt lat="32.610281" lon="-110.711647">
        <ele>1254.1</ele>
      </trkpt>
      <trkpt lat="32.610368" lon="-110.711941">
        <ele>1254.8</ele>
      </trkpt>
      <trkpt lat="32.610827" lon="-110.712105">
        <ele>1256.8</ele>
      </trkpt>
      <trkpt lat="32.611002" lon="-110.713057">
        <ele>1260.0</ele>
      </trkpt>
      <trkpt lat="32.611339" lon="-110.713111">
        <ele>1258.4</ele>
      </trkpt>
      <trkpt lat="32.611679" lon="-110.712935">
        <ele>1257.0</ele>
      </trkpt>
      <trkpt lat="32.611995" lon="-110.713084">
        <ele>1255.0</ele>
      </trkpt>
      <trkpt lat="32.612166" lon="-110.712999">
        <ele>1254.5</ele>
      </trkpt>
      <trkpt lat="32.612516" lon="-110.713306">
        <ele>1255.0</ele>
      </trkpt>
      <trkpt lat="32.613048" lon="-110.71315">
        <ele>1254.4</ele>
      </trkpt>
      <trkpt lat="32.613169" lon="-110.712885">
        <ele>1252.5</ele>
      </trkpt>
      <trkpt lat="32.61394" lon="-110.712464">
        <ele>1244.4</ele>
      </trkpt>
      <trkpt lat="32.614066" lon="-110.712292">
        <ele>1244.0</ele>
      </trkpt>
      <trkpt lat="32.61423" lon="-110.712384">
        <ele>1243.4</ele>
      </trkpt>
      <trkpt lat="32.614427" lon="-110.713177">
        <ele>1244.5</ele>
      </trkpt>
      <trkpt lat="32.614524" lon="-110.713232">
        <ele>1245.0</ele>
      </trkpt>
      <trkpt lat="32.614877" lon="-110.713034">
        <ele>1244.0</ele>
      </trkpt>
      <trkpt lat="32.615026" lon="-110.713336">
        <ele>1243.0</ele>
      </trkpt>
      <trkpt lat="32.615113" lon="-110.713251">
        <ele>1243.0</ele>
      </trkpt>
      <trkpt lat="32.615285" lon="-110.713349">
        <ele>1243.4</ele>
      </trkpt>
      <trkpt lat="32.615343" lon="-110.713182">
        <ele>1243.1</ele>
      </trkpt>
      <trkpt lat="32.61546" lon="-110.713379">
        <ele>1244.0</ele>
      </trkpt>
      <trkpt lat="32.61584" lon="-110.713372">
        <ele>1246.0</ele>
      </trkpt>
      <trkpt lat="32.615935" lon="-110.713611">
        <ele>1246.8</ele>
      </trkpt>
      <trkpt lat="32.616186" lon="-110.713369">
        <ele>1245.8</ele>
      </trkpt>
      <trkpt lat="32.616677" lon="-110.71339">
        <ele>1245.0</ele>
      </trkpt>
      <trkpt lat="32.616757" lon="-110.713318">
        <ele>1245.1</ele>
      </trkpt>
      <trkpt lat="32.616909" lon="-110.713494">
        <ele>1246.0</ele>
      </trkpt>
      <trkpt lat="32.617075" lon="-110.713394">
        <ele>1245.8</ele>
      </trkpt>
      <trkpt lat="32.617109" lon="-110.713532">
        <ele>1245.4</ele>
      </trkpt>
      <trkpt lat="32.617296" lon="-110.713571">
        <ele>1245.0</ele>
      </trkpt>
      <trkpt lat="32.617351" lon="-110.713805">
        <ele>1244.1</ele>
      </trkpt>
      <trkpt lat="32.617609" lon="-110.714161">
        <ele>1244.0</ele>
      </trkpt>
      <trkpt lat="32.617938" lon="-110.713964">
        <ele>1242.4</ele>
      </trkpt>
      <trkpt lat="32.617995" lon="-110.714073">
        <ele>1241.4</ele>
      </trkpt>
      <trkpt lat="32.618419" lon="-110.714279">
        <ele>1236.0</ele>
      </trkpt>
      <trkpt lat="32.618366" lon="-110.714666">
        <ele>1233.1</ele>
      </trkpt>
      <trkpt lat="32.61851" lon="-110.714816">
        <ele>1231.8</ele>
      </trkpt>
      <trkpt lat="32.618848" lon="-110.714904">
        <ele>1229.5</ele>
      </trkpt>
      <trkpt lat="32.619138" lon="-110.714777">
        <ele>1229.4</ele>
      </trkpt>
      <trkpt lat="32.619418" lon="-110.714821">
        <ele>1231.0</ele>
      </trkpt>
      <trkpt lat="32.619602" lon="-110.715155">
        <ele>1235.0</ele>
      </trkpt>
      <trkpt lat="32.619869" lon="-110.715062">
        <ele>1236.5</ele>
      </trkpt>
      <trkpt lat="32.620012" lon="-110.715115">
        <ele>1238.0</ele>
      </trkpt>
      <trkpt lat="32.620294" lon="-110.71611">
        <ele>1245.5</ele>
      </trkpt>
      <trkpt lat="32.620292" lon="-110.716379">
        <ele>1245.5</ele>
      </trkpt>
      <trkpt lat="32.620103" lon="-110.716647">
        <ele>1245.0</ele>
      </trkpt>
      <trkpt lat="32.619906" lon="-110.717274">
        <ele>1245.0</ele>
      </trkpt>
      <trkpt lat="32.619999" lon="-110.717464">
        <ele>1245.0</ele>
      </trkpt>
      <trkpt lat="32.620365" lon="-110.717581">
        <ele>1244.0</ele>
      </trkpt>
      <trkpt lat="32.620447" lon="-110.717526">
        <ele>1243.1</ele>
      </trkpt>
      <trkpt lat="32.62115" lon="-110.717884">
        <ele>1237.5</ele>
      </trkpt>
      <trkpt lat="32.621676" lon="-110.717826">
        <ele>1235.1</ele>
      </trkpt>
      <trkpt lat="32.622617" lon="-110.718026">
        <ele>1233.0</ele>
      </trkpt>
      <trkpt lat="32.623013" lon="-110.718234">
        <ele>1232.0</ele>
      </trkpt>
      <trkpt lat="32.623254" lon="-110.718083">
        <ele>1230.8</ele>
      </trkpt>
      <trkpt lat="32.623396" lon="-110.717819">
        <ele>1227.4</ele>
      </trkpt>
      <trkpt lat="32.623609" lon="-110.717771">
        <ele>1225.1</ele>
      </trkpt>
      <trkpt lat="32.623641" lon="-110.71768">
        <ele>1224.5</ele>
      </trkpt>
      <trkpt lat="32.624218" lon="-110.717602">
        <ele>1219.1</ele>
      </trkpt>
      <trkpt lat="32.624329" lon="-110.71748">
        <ele>1218.1</ele>
      </trkpt>
      <trkpt lat="32.624817" lon="-110.717349">
        <ele>1216.5</ele>
      </trkpt>
      <trkpt lat="32.624498" lon="-110.718057">
        <ele>1216.4</ele>
      </trkpt>
      <trkpt lat="32.624499" lon="-110.718361">
        <ele>1216.0</ele>
      </trkpt>
      <trkpt lat="32.624392" lon="-110.718633">
        <ele>1216.0</ele>
      </trkpt>
      <trkpt lat="32.624436" lon="-110.718841">
        <ele>1216.0</ele>
      </trkpt>
      <trkpt lat="32.624321" lon="-110.71899">
        <ele>1216.0</ele>
      </trkpt>
      <trkpt lat="32.624223" lon="-110.718963">
        <ele>1216.4</ele>
      </trkpt>
      <trkpt lat="32.623987" lon="-110.719295">
        <ele>1217.0</ele>
      </trkpt>
      <trkpt lat="32.623714" lon="-110.719483">
        <ele>1217.5</ele>
      </trkpt>
      <trkpt lat="32.62364" lon="-110.719942">
        <ele>1218.8</ele>
      </trkpt>
      <trkpt lat="32.623413" lon="-110.720068">
        <ele>1220.0</ele>
      </trkpt>
      <trkpt lat="32.623505" lon="-110.720685">
        <ele>1228.0</ele>
      </trkpt>
      <trkpt lat="32.623589" lon="-110.720778">
        <ele>1228.5</ele>
      </trkpt>
      <trkpt lat="32.623545" lon="-110.720862">
        <ele>1228.8</ele>
      </trkpt>
      <trkpt lat="32.623184" lon="-110.720974">
        <ele>1228.5</ele>
      </trkpt>
      <trkpt lat="32.623168" lon="-110.721662">
        <ele>1233.0</ele>
      </trkpt>
      <trkpt lat="32.623044" lon="-110.722083">
        <ele>1236.4</ele>
      </trkpt>
      <trkpt lat="32.623122" lon="-110.722647">
        <ele>1242.4</ele>
      </trkpt>
      <trkpt lat="32.622669" lon="-110.722702">
        <ele>1240.8</ele>
      </trkpt>
      <trkpt lat="32.622647" lon="-110.722854">
        <ele>1242.4</ele>
      </trkpt>
      <trkpt lat="32.62243" lon="-110.722885">
        <ele>1241.0</ele>
      </trkpt>
      <trkpt lat="32.622087" lon="-110.72321">
        <ele>1245.4</ele>
      </trkpt>
      <trkpt lat="32.622045" lon="-110.723969">
        <ele>1251.8</ele>
      </trkpt>
      <trkpt lat="32.62195" lon="-110.724138">
        <ele>1253.0</ele>
      </trkpt>
      <trkpt lat="32.621941" lon="-110.72447">
        <ele>1256.4</ele>
      </trkpt>
      <trkpt lat="32.622337" lon="-110.724778">
        <ele>1265.0</ele>
      </trkpt>
      <trkpt lat="32.622487" lon="-110.725047">
        <ele>1268.4</ele>
      </trkpt>
      <trkpt lat="32.622475" lon="-110.725201">
        <ele>1268.5</ele>
      </trkpt>
      <trkpt lat="32.622256" lon="-110.725327">
        <ele>1266.8</ele>
      </trkpt>
      <trkpt lat="32.622056" lon="-110.725775">
        <ele>1272.4</ele>
      </trkpt>
      <trkpt lat="32.622073" lon="-110.726012">
        <ele>1277.4</ele>
      </trkpt>
      <trkpt lat="32.621741" lon="-110.726609">
        <ele>1281.8</ele>
      </trkpt>
      <trkpt lat="32.621395" lon="-110.726882">
        <ele>1281.4</ele>
      </trkpt>
      <trkpt lat="32.620935" lon="-110.727956">
        <ele>1286.5</ele>
      </trkpt>
      <trkpt lat="32.620964" lon="-110.729725">
        <ele>1294.4</ele>
      </trkpt>
      <trkpt lat="32.621236" lon="-110.730231">
        <ele>1291.8</ele>
      </trkpt>
      <trkpt lat="32.621107" lon="-110.730598">
        <ele>1293.0</ele>
      </trkpt>
      <trkpt lat="32.620778" lon="-110.730711">
        <ele>1294.1</ele>
      </trkpt>
      <trkpt lat="32.620666" lon="-110.730664">
        <ele>1295.0</ele>
      </trkpt>
      <trkpt lat="32.62052" lon="-110.73077">
        <ele>1294.8</ele>
      </trkpt>
      <trkpt lat="32.620264" lon="-110.730792">
        <ele>1297.1</ele>
      </trkpt>
      <trkpt lat="32.620269" lon="-110.730874">
        <ele>1295.5</ele>
      </trkpt>
      <trkpt lat="32.620579" lon="-110.731077">
        <ele>1290.5</ele>
      </trkpt>
      <trkpt lat="32.620691" lon="-110.731425">
        <ele>1290.0</ele>
      </trkpt>
      <trkpt lat="32.620634" lon="-110.731504">
        <ele>1290.0</ele>
      </trkpt>
      <trkpt lat="32.620666" lon="-110.73192">
        <ele>1290.4</ele>
      </trkpt>
      <trkpt lat="32.620511" lon="-110.73256">
        <ele>1289.8</ele>
      </trkpt>
      <trkpt lat="32.620734" lon="-110.732388">
        <ele>1289.0</ele>
      </trkpt>
      <trkpt lat="32.621008" lon="-110.73188">
        <ele>1287.0</ele>
      </trkpt>
      <trkpt lat="32.621955" lon="-110.731296">
        <ele>1282.0</ele>
      </trkpt>
      <trkpt lat="32.622056" lon="-110.731317">
        <ele>1281.4</ele>
      </trkpt>
      <trkpt lat="32.622238" lon="-110.731044">
        <ele>1280.1</ele>
      </trkpt>
      <trkpt lat="32.622805" lon="-110.73099">
        <ele>1280.4</ele>
      </trkpt>
      <trkpt lat="32.622934" lon="-110.731127">
        <ele>1280.1</ele>
      </trkpt>
      <trkpt lat="32.623165" lon="-110.73116">
        <ele>1278.5</ele>
      </trkpt>
      <trkpt lat="32.623218" lon="-110.731434">
        <ele>1278.5</ele>
      </trkpt>
      <trkpt lat="32.623612" lon="-110.731356">
        <ele>1275.5</ele>
      </trkpt>
      <trkpt lat="32.623697" lon="-110.731481">
        <ele>1274.8</ele>
      </trkpt>
      <trkpt lat="32.624223" lon="-110.731487">
        <ele>1269.0</ele>
      </trkpt>
      <trkpt lat="32.62451" lon="-110.731323">
        <ele>1267.0</ele>
      </trkpt>
      <trkpt lat="32.624696" lon="-110.731466">
        <ele>1266.8</ele>
      </trkpt>
      <trkpt lat="32.624893" lon="-110.731397">
        <ele>1266.0</ele>
      </trkpt>
      <trkpt lat="32.625134" lon="-110.731491">
        <ele>1265.4</ele>
      </trkpt>
      <trkpt lat="32.625434" lon="-110.731463">
        <ele>1262.8</ele>
      </trkpt>
      <trkpt lat="32.626215" lon="-110.731932">
        <ele>1256.0</ele>
      </trkpt>
      <trkpt lat="32.626489" lon="-110.731688">
        <ele>1254.4</ele>
      </trkpt>
      <trkpt lat="32.626941" lon="-110.731548">
        <ele>1250.5</ele>
      </trkpt>
      <trkpt lat="32.62692" lon="-110.73143">
        <ele>1250.8</ele>
      </trkpt>
      <trkpt lat="32.627316" lon="-110.731325">
        <ele>1243.5</ele>
      </trkpt>
      <trkpt lat="32.62736" lon="-110.731228">
        <ele>1243.4</ele>
      </trkpt>
      <trkpt lat="32.627853" lon="-110.731158">
        <ele>1243.0</ele>
      </trkpt>
      <trkpt lat="32.627944" lon="-110.731269">
        <ele>1243.0</ele>
      </trkpt>
      <trkpt lat="32.628227" lon="-110.731267">
        <ele>1242.5</ele>
      </trkpt>
      <trkpt lat="32.628453" lon="-110.731157">
        <ele>1242.0</ele>
      </trkpt>
      <trkpt lat="32.628591" lon="-110.731198">
        <ele>1242.0</ele>
      </trkpt>
      <trkpt lat="32.628449" lon="-110.731836">
        <ele>1244.1</ele>
      </trkpt>
      <trkpt lat="32.628199" lon="-110.732136">
        <ele>1249.4</ele>
      </trkpt>
      <trkpt lat="32.628165" lon="-110.732576">
        <ele>1252.8</ele>
      </trkpt>
      <trkpt lat="32.628227" lon="-110.732813">
        <ele>1253.1</ele>
      </trkpt>
      <trkpt lat="32.628191" lon="-110.733406">
        <ele>1255.5</ele>
      </trkpt>
      <trkpt lat="32.628278" lon="-110.733728">
        <ele>1258.4</ele>
      </trkpt>
      <trkpt lat="32.628489" lon="-110.733943">
        <ele>1261.0</ele>
      </trkpt>
      <trkpt lat="32.628546" lon="-110.73422">
        <ele>1259.0</ele>
      </trkpt>
      <trkpt lat="32.628418" lon="-110.734517">
        <ele>1260.5</ele>
      </trkpt>
      <trkpt lat="32.628483" lon="-110.734577">
        <ele>1260.4</ele>
      </trkpt>
      <trkpt lat="32.628844" lon="-110.734492">
        <ele>1256.0</ele>
      </trkpt>
      <trkpt lat="32.629162" lon="-110.734674">
        <ele>1255.5</ele>
      </trkpt>
      <trkpt lat="32.629356" lon="-110.734914">
        <ele>1252.4</ele>
      </trkpt>
      <trkpt lat="32.629745" lon="-110.73506">
        <ele>1250.0</ele>
      </trkpt>
      <trkpt lat="32.630091" lon="-110.735363">
        <ele>1246.1</ele>
      </trkpt>
      <trkpt lat="32.630125" lon="-110.735693">
        <ele>1245.0</ele>
      </trkpt>
      <trkpt lat="32.629849" lon="-110.736014">
        <ele>1248.8</ele>
      </trkpt>
      <trkpt lat="32.630648" lon="-110.73623">
        <ele>1247.4</ele>
      </trkpt>
      <trkpt lat="32.630471" lon="-110.736466">
        <ele>1252.4</ele>
      </trkpt>
      <trkpt lat="32.630526" lon="-110.736736">
        <ele>1255.1</ele>
      </trkpt>
      <trkpt lat="32.630637" lon="-110.736727">
        <ele>1254.1</ele>
      </trkpt>
      <trkpt lat="32.63083" lon="-110.737022">
        <ele>1255.1</ele>
      </trkpt>
      <trkpt lat="32.631583" lon="-110.737199">
        <ele>1245.4</ele>
      </trkpt>
      <trkpt lat="32.631839" lon="-110.736935">
        <ele>1243.8</ele>
      </trkpt>
      <trkpt lat="32.63206" lon="-110.73697">
        <ele>1244.5</ele>
      </trkpt>
      <trkpt lat="32.631726" lon="-110.73726">
        <ele>1244.8</ele>
      </trkpt>
      <trkpt lat="32.631695" lon="-110.737424">
        <ele>1244.8</ele>
      </trkpt>
      <trkpt lat="32.631825" lon="-110.737417">
        <ele>1243.4</ele>
      </trkpt>
      <trkpt lat="32.632002" lon="-110.737585">
        <ele>1242.0</ele>
      </trkpt>
      <trkpt lat="32.632207" lon="-110.737634">
        <ele>1238.1</ele>
      </trkpt>
      <trkpt lat="32.632106" lon="-110.738562">
        <ele>1237.8</ele>
      </trkpt>
      <trkpt lat="32.631915" lon="-110.739386">
        <ele>1239.1</ele>
      </trkpt>
      <trkpt lat="32.63205" lon="-110.739918">
        <ele>1239.8</ele>
      </trkpt>
      <trkpt lat="32.632362" lon="-110.739563">
        <ele>1239.5</ele>
      </trkpt>
      <trkpt lat="32.63308" lon="-110.739603">
        <ele>1247.4</ele>
      </trkpt>
      <trkpt lat="32.63527" lon="-110.740203">
        <ele>1258.4</ele>
      </trkpt>
      <trkpt lat="32.635733" lon="-110.74006">
        <ele>1260.4</ele>
      </trkpt>
      <trkpt lat="32.636024" lon="-110.739835">
        <ele>1260.1</ele>
      </trkpt>
      <trkpt lat="32.63636" lon="-110.73924">
        <ele>1256.1</ele>
      </trkpt>
      <trkpt lat="32.636809" lon="-110.73684">
        <ele>1252.1</ele>
      </trkpt>
      <trkpt lat="32.63711" lon="-110.7363">
        <ele>1252.4</ele>
      </trkpt>
      <trkpt lat="32.63749" lon="-110.73609">
        <ele>1253.0</ele>
      </trkpt>
      <trkpt lat="32.63796" lon="-110.7361">
        <ele>1251.8</ele>
      </trkpt>
      <trkpt lat="32.63856" lon="-110.7363">
        <ele>1251.0</ele>
      </trkpt>
      <trkpt lat="32.63893" lon="-110.73631">
        <ele>1251.0</ele>
      </trkpt>
      <trkpt lat="32.63997" lon="-110.735957">
        <ele>1254.8</ele>
      </trkpt>
      <trkpt lat="32.640803" lon="-110.735783">
        <ele>1256.5</ele>
      </trkpt>
      <trkpt lat="32.642327" lon="-110.73524">
        <ele>1257.1</ele>
      </trkpt>
      <trkpt lat="32.642863" lon="-110.735257">
        <ele>1259.1</ele>
      </trkpt>
      <trkpt lat="32.64394" lon="-110.735587">
        <ele>1262.8</ele>
      </trkpt>
      <trkpt lat="32.644427" lon="-110.735507">
        <ele>1261.4</ele>
      </trkpt>
      <trkpt lat="32.645273" lon="-110.735197">
        <ele>1252.5</ele>
      </trkpt>
      <trkpt lat="32.64584" lon="-110.735157">
        <ele>1252.8</ele>
      </trkpt>
      <trkpt lat="32.646752" lon="-110.734307">
        <ele>1252.8</ele>
      </trkpt>
      <trkpt lat="32.64706" lon="-110.73383">
        <ele>1252.8</ele>
      </trkpt>
      <trkpt lat="32.64728" lon="-110.73369">
        <ele>1252.1</ele>
      </trkpt>
      <trkpt lat="32.648193" lon="-110.733503">
        <ele>1250.5</ele>
      </trkpt>
      <trkpt lat="32.648403" lon="-110.73329">
        <ele>1250.4</ele>
      </trkpt>
      <trkpt lat="32.6485" lon="-110.73283">
        <ele>1250.1</ele>
      </trkpt>
      <trkpt lat="32.64869" lon="-110.73258">
        <ele>1248.8</ele>
      </trkpt>
      <trkpt lat="32.649749" lon="-110.732137">
        <ele>1244.0</ele>
      </trkpt>
      <trkpt lat="32.650404" lon="-110.731513">
        <ele>1240.5</ele>
      </trkpt>
      <trkpt lat="32.650924" lon="-110.731336">
        <ele>1242.4</ele>
      </trkpt>
      <trkpt lat="32.650637" lon="-110.732034">
        <ele>1234.8</ele>
      </trkpt>
      <trkpt lat="32.650869" lon="-110.73208">
        <ele>1231.5</ele>
      </trkpt>
      <trkpt lat="32.652523" lon="-110.731206">
        <ele>1220.4</ele>
      </trkpt>
      <trkpt lat="32.652633" lon="-110.731276">
        <ele>1221.4</ele>
      </trkpt>
      <trkpt lat="32.652665" lon="-110.73117">
        <ele>1221.5</ele>
      </trkpt>
      <trkpt lat="32.653078" lon="-110.730896">
        <ele>1221.8</ele>
      </trkpt>
      <trkpt lat="32.653284" lon="-110.73087">
        <ele>1222.8</ele>
      </trkpt>
      <trkpt lat="32.653652" lon="-110.730583">
        <ele>1228.8</ele>
      </trkpt>
      <trkpt lat="32.65395" lon="-110.730615">
        <ele>1232.4</ele>
      </trkpt>
      <trkpt lat="32.654162" lon="-110.730306">
        <ele>1232.8</ele>
      </trkpt>
      <trkpt lat="32.654435" lon="-110.730212">
        <ele>1230.5</ele>
      </trkpt>
      <trkpt lat="32.654515" lon="-110.730305">
        <ele>1229.8</ele>
      </trkpt>
      <trkpt lat="32.654579" lon="-110.73073">
        <ele>1224.4</ele>
      </trkpt>
      <trkpt lat="32.654662" lon="-110.730725">
        <ele>1225.8</ele>
      </trkpt>
      <trkpt lat="32.654693" lon="-110.730895">
        <ele>1223.4</ele>
      </trkpt>
      <trkpt lat="32.654857" lon="-110.730893">
        <ele>1220.1</ele>
      </trkpt>
      <trkpt lat="32.65599" lon="-110.731599">
        <ele>1219.5</ele>
      </trkpt>
      <trkpt lat="32.657097" lon="-110.731827">
        <ele>1214.8</ele>
      </trkpt>
      <trkpt lat="32.657277" lon="-110.731768">
        <ele>1214.0</ele>
      </trkpt>
      <trkpt lat="32.657744" lon="-110.731979">
        <ele>1212.5</ele>
      </trkpt>
      <trkpt lat="32.657803" lon="-110.732364">
        <ele>1211.1</ele>
      </trkpt>
      <trkpt lat="32.657946" lon="-110.732677">
        <ele>1208.8</ele>
      </trkpt>
      <trkpt lat="32.658341" lon="-110.732918">
        <ele>1208.0</ele>
      </trkpt>
      <trkpt lat="32.658565" lon="-110.732901">
        <ele>1207.5</ele>
      </trkpt>
      <trkpt lat="32.658637" lon="-110.732985">
        <ele>1209.4</ele>
      </trkpt>
      <trkpt lat="32.659303" lon="-110.733137">
        <ele>1216.8</ele>
      </trkpt>
      <trkpt lat="32.659332" lon="-110.733235">
        <ele>1214.8</ele>
      </trkpt>
      <trkpt lat="32.659912" lon="-110.733487">
        <ele>1209.4</ele>
      </trkpt>
      <trkpt lat="32.66058" lon="-110.733254">
        <ele>1206.8</ele>
      </trkpt>
      <trkpt lat="32.661558" lon="-110.733329">
        <ele>1207.5</ele>
      </trkpt>
      <trkpt lat="32.66171" lon="-110.733194">
        <ele>1205.5</ele>
      </trkpt>
      <trkpt lat="32.661805" lon="-110.733537">
        <ele>1202.5</ele>
      </trkpt>
      <trkpt lat="32.661696" lon="-110.733613">
        <ele>1202.8</ele>
      </trkpt>
      <trkpt lat="32.662529" lon="-110.733835">
        <ele>1189.4</ele>
      </trkpt>
      <trkpt lat="32.662898" lon="-110.733778">
        <ele>1186.0</ele>
      </trkpt>
      <trkpt lat="32.662951" lon="-110.733611">
        <ele>1185.4</ele>
      </trkpt>
      <trkpt lat="32.663397" lon="-110.733274">
        <ele>1186.0</ele>
      </trkpt>
      <trkpt lat="32.663606" lon="-110.73288">
        <ele>1182.8</ele>
      </trkpt>
      <trkpt lat="32.663809" lon="-110.732733">
        <ele>1178.8</ele>
      </trkpt>
      <trkpt lat="32.663902" lon="-110.732761">
        <ele>1176.8</ele>
      </trkpt>
      <trkpt lat="32.664234" lon="-110.732584">
        <ele>1172.1</ele>
      </trkpt>
      <trkpt lat="32.66473" lon="-110.73266">
        <ele>1169.0</ele>
      </trkpt>
      <trkpt lat="32.665025" lon="-110.732345">
        <ele>1162.4</ele>
      </trkpt>
      <trkpt lat="32.664842" lon="-110.732131">
        <ele>1160.1</ele>
      </trkpt>
      <trkpt lat="32.664979" lon="-110.73194">
        <ele>1160.1</ele>
      </trkpt>
      <trkpt lat="32.665706" lon="-110.732773">
        <ele>1153.1</ele>
      </trkpt>
      <trkpt lat="32.665664" lon="-110.733227">
        <ele>1149.5</ele>
      </trkpt>
      <trkpt lat="32.666229" lon="-110.733056">
        <ele>1143.5</ele>
      </trkpt>
      <trkpt lat="32.666384" lon="-110.732808">
        <ele>1139.1</ele>
      </trkpt>
      <trkpt lat="32.666494" lon="-110.733089">
        <ele>1136.1</ele>
      </trkpt>
      <trkpt lat="32.666535" lon="-110.732858">
        <ele>1134.4</ele>
      </trkpt>
      <trkpt lat="32.666717" lon="-110.732991">
        <ele>1127.8</ele>
      </trkpt>
      <trkpt lat="32.666705" lon="-110.732865">
        <ele>1126.5</ele>
      </trkpt>
      <trkpt lat="32.667082" lon="-110.732873">
        <ele>1121.0</ele>
      </trkpt>
      <trkpt lat="32.666776" lon="-110.733557">
        <ele>1121.5</ele>
      </trkpt>
      <trkpt lat="32.666623" lon="-110.733687">
        <ele>1123.8</ele>
      </trkpt>
      <trkpt lat="32.666711" lon="-110.733664">
        <ele>1124.4</ele>
      </trkpt>
      <trkpt lat="32.666603" lon="-110.73405">
        <ele>1130.0</ele>
      </trkpt>
      <trkpt lat="32.666399" lon="-110.734327">
        <ele>1134.1</ele>
      </trkpt>
      <trkpt lat="32.666808" lon="-110.734244">
        <ele>1136.1</ele>
      </trkpt>
      <trkpt lat="32.666598" lon="-110.73461">
        <ele>1142.8</ele>
      </trkpt>
      <trkpt lat="32.667248" lon="-110.734507">
        <ele>1154.1</ele>
      </trkpt>
      <trkpt lat="32.667598" lon="-110.7347">
        <ele>1160.8</ele>
      </trkpt>
      <trkpt lat="32.667702" lon="-110.73528">
        <ele>1166.1</ele>
      </trkpt>
      <trkpt lat="32.667648" lon="-110.735529">
        <ele>1168.8</ele>
      </trkpt>
      <trkpt lat="32.66791" lon="-110.73606">
        <ele>1172.4</ele>
      </trkpt>
      <trkpt lat="32.668" lon="-110.736756">
        <ele>1177.0</ele>
      </trkpt>
      <trkpt lat="32.668196" lon="-110.737189">
        <ele>1176.8</ele>
      </trkpt>
      <trkpt lat="32.668474" lon="-110.737467">
        <ele>1179.1</ele>
      </trkpt>
      <trkpt lat="32.667879" lon="-110.738299">
        <ele>1181.4</ele>
      </trkpt>
      <trkpt lat="32.668024" lon="-110.738772">
        <ele>1178.8</ele>
      </trkpt>
      <trkpt lat="32.668343" lon="-110.739157">
        <ele>1176.5</ele>
      </trkpt>
      <trkpt lat="32.66887" lon="-110.739477">
        <ele>1176.8</ele>
      </trkpt>
      <trkpt lat="32.66932" lon="-110.739583">
        <ele>1173.4</ele>
      </trkpt>
      <trkpt lat="32.6695" lon="-110.739522">
        <ele>1171.8</ele>
      </trkpt>
      <trkpt lat="32.669702" lon="-110.739258">
        <ele>1167.4</ele>
      </trkpt>
      <trkpt lat="32.669822" lon="-110.739307">
        <ele>1166.5</ele>
      </trkpt>
      <trkpt lat="32.669882" lon="-110.739533">
        <ele>1165.0</ele>
      </trkpt>
      <trkpt lat="32.670049" lon="-110.739342">
        <ele>1161.4</ele>
      </trkpt>
      <trkpt lat="32.670121" lon="-110.739357">
        <ele>1161.5</ele>
      </trkpt>
      <trkpt lat="32.670085" lon="-110.73976">
        <ele>1162.5</ele>
      </trkpt>
      <trkpt lat="32.670203" lon="-110.739713">
        <ele>1159.1</ele>
      </trkpt>
      <trkpt lat="32.670409" lon="-110.73941">
        <ele>1150.5</ele>
      </trkpt>
      <trkpt lat="32.67047" lon="-110.73999">
        <ele>1148.5</ele>
      </trkpt>
      <trkpt lat="32.670301" lon="-110.740257">
        <ele>1148.0</ele>
      </trkpt>
      <trkpt lat="32.670398" lon="-110.740421">
        <ele>1143.8</ele>
      </trkpt>
      <trkpt lat="32.670949" lon="-110.740277">
        <ele>1136.8</ele>
      </trkpt>
      <trkpt lat="32.670935" lon="-110.74">
        <ele>1134.5</ele>
      </trkpt>
      <trkpt lat="32.67102" lon="-110.739869">
        <ele>1134.5</ele>
      </trkpt>
      <trkpt lat="32.671338" lon="-110.739796">
        <ele>1136.8</ele>
      </trkpt>
      <trkpt lat="32.671253" lon="-110.739956">
        <ele>1142.0</ele>
      </trkpt>
      <trkpt lat="32.671427" lon="-110.739993">
        <ele>1142.1</ele>
      </trkpt>
      <trkpt lat="32.671304" lon="-110.74026">
        <ele>1144.5</ele>
      </trkpt>
      <trkpt lat="32.67147" lon="-110.74055">
        <ele>1148.5</ele>
      </trkpt>
      <trkpt lat="32.671487" lon="-110.740805">
        <ele>1149.8</ele>
      </trkpt>
      <trkpt lat="32.671345" lon="-110.740949">
        <ele>1152.8</ele>
      </trkpt>
      <trkpt lat="32.67145" lon="-110.741115">
        <ele>1156.4</ele>
      </trkpt>
      <trkpt lat="32.671239" lon="-110.741292">
        <ele>1159.5</ele>
      </trkpt>
      <trkpt lat="32.671427" lon="-110.741477">
        <ele>1161.5</ele>
      </trkpt>
      <trkpt lat="32.67136" lon="-110.741558">
        <ele>1163.8</ele>
      </trkpt>
      <trkpt lat="32.67145" lon="-110.74182">
        <ele>1169.4</ele>
      </trkpt>
      <trkpt lat="32.671337" lon="-110.742156">
        <ele>1172.8</ele>
      </trkpt>
      <trkpt lat="32.671507" lon="-110.742813">
        <ele>1174.8</ele>
      </trkpt>
      <trkpt lat="32.67145" lon="-110.743195">
        <ele>1175.0</ele>
      </trkpt>
      <trkpt lat="32.671579" lon="-110.743661">
        <ele>1176.5</ele>
      </trkpt>
      <trkpt lat="32.67202" lon="-110.74392">
        <ele>1174.0</ele>
      </trkpt>
      <trkpt lat="32.672732" lon="-110.743982">
        <ele>1173.0</ele>
      </trkpt>
      <trkpt lat="32.672838" lon="-110.743911">
        <ele>1172.5</ele>
      </trkpt>
      <trkpt lat="32.672629" lon="-110.744473">
        <ele>1171.1</ele>
      </trkpt>
      <trkpt lat="32.672432" lon="-110.744559">
        <ele>1171.0</ele>
      </trkpt>
      <trkpt lat="32.672705" lon="-110.744582">
        <ele>1168.4</ele>
      </trkpt>
      <trkpt lat="32.673053" lon="-110.744251">
        <ele>1164.4</ele>
      </trkpt>
      <trkpt lat="32.673104" lon="-110.7441">
        <ele>1163.0</ele>
      </trkpt>
      <trkpt lat="32.67313" lon="-110.744335">
        <ele>1160.5</ele>
      </trkpt>
      <trkpt lat="32.673001" lon="-110.744447">
        <ele>1162.4</ele>
      </trkpt>
      <trkpt lat="32.672902" lon="-110.744805">
        <ele>1158.8</ele>
      </trkpt>
      <trkpt lat="32.672708" lon="-110.744985">
        <ele>1157.4</ele>
      </trkpt>
      <trkpt lat="32.672891" lon="-110.744997">
        <ele>1155.0</ele>
      </trkpt>
      <trkpt lat="32.67316" lon="-110.74477">
        <ele>1153.5</ele>
      </trkpt>
      <trkpt lat="32.673113" lon="-110.745077">
        <ele>1148.8</ele>
      </trkpt>
      <trkpt lat="32.673026" lon="-110.74517">
        <ele>1148.4</ele>
      </trkpt>
      <trkpt lat="32.673119" lon="-110.745277">
        <ele>1145.1</ele>
      </trkpt>
      <trkpt lat="32.673321" lon="-110.745173">
        <ele>1143.1</ele>
      </trkpt>
      <trkpt lat="32.673315" lon="-110.74474">
        <ele>1145.4</ele>
      </trkpt>
      <trkpt lat="32.673444" lon="-110.744931">
        <ele>1139.4</ele>
      </trkpt>
      <trkpt lat="32.673975" lon="-110.744937">
        <ele>1139.8</ele>
      </trkpt>
      <trkpt lat="32.674233" lon="-110.745437">
        <ele>1145.1</ele>
      </trkpt>
      <trkpt lat="32.674537" lon="-110.745625">
        <ele>1149.8</ele>
      </trkpt>
      <trkpt lat="32.674633" lon="-110.745572">
        <ele>1151.8</ele>
      </trkpt>
      <trkpt lat="32.67469" lon="-110.74572">
        <ele>1151.5</ele>
      </trkpt>
      <trkpt lat="32.67488" lon="-110.745788">
        <ele>1155.4</ele>
      </trkpt>
      <trkpt lat="32.675281" lon="-110.746573">
        <ele>1161.8</ele>
      </trkpt>
      <trkpt lat="32.67548" lon="-110.746699">
        <ele>1161.0</ele>
      </trkpt>
      <trkpt lat="32.675818" lon="-110.746716">
        <ele>1158.4</ele>
      </trkpt>
      <trkpt lat="32.676192" lon="-110.7466">
        <ele>1154.8</ele>
      </trkpt>
      <trkpt lat="32.676212" lon="-110.746365">
        <ele>1156.0</ele>
      </trkpt>
      <trkpt lat="32.676479" lon="-110.746321">
        <ele>1152.4</ele>
      </trkpt>
      <trkpt lat="32.676946" lon="-110.746564">
        <ele>1144.4</ele>
      </trkpt>
      <trkpt lat="32.67777" lon="-110.746453">
        <ele>1135.4</ele>
      </trkpt>
      <trkpt lat="32.677576" lon="-110.746801">
        <ele>1133.8</ele>
      </trkpt>
      <trkpt lat="32.677332" lon="-110.746898">
        <ele>1135.0</ele>
      </trkpt>
      <trkpt lat="32.677301" lon="-110.747092">
        <ele>1130.1</ele>
      </trkpt>
      <trkpt lat="32.677646" lon="-110.747057">
        <ele>1125.0</ele>
      </trkpt>
      <trkpt lat="32.677658" lon="-110.747567">
        <ele>1120.8</ele>
      </trkpt>
      <trkpt lat="32.677567" lon="-110.747873">
        <ele>1121.0</ele>
      </trkpt>
      <trkpt lat="32.677734" lon="-110.747602">
        <ele>1120.4</ele>
      </trkpt>
      <trkpt lat="32.678471" lon="-110.747512">
        <ele>1126.5</ele>
      </trkpt>
      <trkpt lat="32.678665" lon="-110.747262">
        <ele>1127.0</ele>
      </trkpt>
      <trkpt lat="32.67877" lon="-110.747286">
        <ele>1129.4</ele>
      </trkpt>
      <trkpt lat="32.678565" lon="-110.747772">
        <ele>1133.4</ele>
      </trkpt>
      <trkpt lat="32.678378" lon="-110.747768">
        <ele>1132.1</ele>
      </trkpt>
      <trkpt lat="32.678103" lon="-110.747941">
        <ele>1133.1</ele>
      </trkpt>
      <trkpt lat="32.677968" lon="-110.748395">
        <ele>1135.0</ele>
      </trkpt>
      <trkpt lat="32.678134" lon="-110.748229">
        <ele>1137.4</ele>
      </trkpt>
      <trkpt lat="32.678606" lon="-110.74811">
        <ele>1141.4</ele>
      </trkpt>
      <trkpt lat="32.678877" lon="-110.748275">
        <ele>1145.4</ele>
      </trkpt>
      <trkpt lat="32.678675" lon="-110.74852">
        <ele>1149.8</ele>
      </trkpt>
      <trkpt lat="32.67871" lon="-110.748802">
        <ele>1156.0</ele>
      </trkpt>
      <trkpt lat="32.678516" lon="-110.748897">
        <ele>1156.1</ele>
      </trkpt>
      <trkpt lat="32.678472" lon="-110.74913">
        <ele>1159.1</ele>
      </trkpt>
      <trkpt lat="32.678583" lon="-110.749249">
        <ele>1160.8</ele>
      </trkpt>
      <trkpt lat="32.678572" lon="-110.749556">
        <ele>1164.1</ele>
      </trkpt>
      <trkpt lat="32.678825" lon="-110.750029">
        <ele>1165.5</ele>
      </trkpt>
      <trkpt lat="32.679097" lon="-110.750279">
        <ele>1167.1</ele>
      </trkpt>
      <trkpt lat="32.679305" lon="-110.750343">
        <ele>1167.1</ele>
      </trkpt>
      <trkpt lat="32.679768" lon="-110.750153">
        <ele>1161.4</ele>
      </trkpt>
      <trkpt lat="32.680115" lon="-110.74987">
        <ele>1158.8</ele>
      </trkpt>
      <trkpt lat="32.680145" lon="-110.750458">
        <ele>1153.5</ele>
      </trkpt>
      <trkpt lat="32.680484" lon="-110.750313">
        <ele>1149.1</ele>
      </trkpt>
      <trkpt lat="32.680737" lon="-110.749893">
        <ele>1149.0</ele>
      </trkpt>
      <trkpt lat="32.680847" lon="-110.750244">
        <ele>1146.0</ele>
      </trkpt>
      <trkpt lat="32.680725" lon="-110.750801">
        <ele>1141.4</ele>
      </trkpt>
      <trkpt lat="32.681292" lon="-110.750587">
        <ele>1134.8</ele>
      </trkpt>
      <trkpt lat="32.681269" lon="-110.75097">
        <ele>1134.4</ele>
      </trkpt>
      <trkpt lat="32.681606" lon="-110.750954">
        <ele>1135.4</ele>
      </trkpt>
      <trkpt lat="32.681949" lon="-110.751151">
        <ele>1136.5</ele>
      </trkpt>
      <trkpt lat="32.681976" lon="-110.751909">
        <ele>1130.4</ele>
      </trkpt>
      <trkpt lat="32.682192" lon="-110.751449">
        <ele>1129.0</ele>
      </trkpt>
      <trkpt lat="32.682243" lon="-110.751671">
        <ele>1125.4</ele>
      </trkpt>
      <trkpt lat="32.682062" lon="-110.752283">
        <ele>1122.1</ele>
      </trkpt>
      <trkpt lat="32.682416" lon="-110.751913">
        <ele>1119.4</ele>
      </trkpt>
      <trkpt lat="32.682851" lon="-110.752054">
        <ele>1111.1</ele>
      </trkpt>
      <trkpt lat="32.683304" lon="-110.752393">
        <ele>1116.8</ele>
      </trkpt>
      <trkpt lat="32.683393" lon="-110.752256">
        <ele>1118.1</ele>
      </trkpt>
      <trkpt lat="32.683484" lon="-110.75227">
        <ele>1119.5</ele>
      </trkpt>
      <trkpt lat="32.683577" lon="-110.753003">
        <ele>1124.4</ele>
      </trkpt>
      <trkpt lat="32.684128" lon="-110.753745">
        <ele>1126.8</ele>
      </trkpt>
      <trkpt lat="32.684924" lon="-110.754584">
        <ele>1131.1</ele>
      </trkpt>
      <trkpt lat="32.684354" lon="-110.754557">
        <ele>1134.4</ele>
      </trkpt>
      <trkpt lat="32.684568" lon="-110.75468">
        <ele>1135.4</ele>
      </trkpt>
      <trkpt lat="32.684264" lon="-110.754703">
        <ele>1137.1</ele>
      </trkpt>
      <trkpt lat="32.684113" lon="-110.754883">
        <ele>1139.4</ele>
      </trkpt>
      <trkpt lat="32.685041" lon="-110.755425">
        <ele>1144.4</ele>
      </trkpt>
      <trkpt lat="32.68515" lon="-110.7559">
        <ele>1145.8</ele>
      </trkpt>
      <trkpt lat="32.68558" lon="-110.75629">
        <ele>1144.0</ele>
      </trkpt>
      <trkpt lat="32.686442" lon="-110.756519">
        <ele>1146.0</ele>
      </trkpt>
      <trkpt lat="32.686748" lon="-110.756501">
        <ele>1146.4</ele>
      </trkpt>
      <trkpt lat="32.68733" lon="-110.756701">
        <ele>1155.5</ele>
      </trkpt>
      <trkpt lat="32.687589" lon="-110.756551">
        <ele>1158.1</ele>
      </trkpt>
      <trkpt lat="32.687758" lon="-110.756678">
        <ele>1159.0</ele>
      </trkpt>
      <trkpt lat="32.68797" lon="-110.756446">
        <ele>1160.0</ele>
      </trkpt>
      <trkpt lat="32.688387" lon="-110.756551">
        <ele>1160.0</ele>
      </trkpt>
      <trkpt lat="32.688688" lon="-110.756515">
        <ele>1159.4</ele>
      </trkpt>
      <trkpt lat="32.68891" lon="-110.75667">
        <ele>1154.1</ele>
      </trkpt>
      <trkpt lat="32.689495" lon="-110.75661">
        <ele>1145.0</ele>
      </trkpt>
      <trkpt lat="32.690004" lon="-110.75673">
        <ele>1139.0</ele>
      </trkpt>
      <trkpt lat="32.690573" lon="-110.756456">
        <ele>1136.4</ele>
      </trkpt>
      <trkpt lat="32.690586" lon="-110.756773">
        <ele>1132.8</ele>
      </trkpt>
      <trkpt lat="32.690688" lon="-110.756832">
        <ele>1129.5</ele>
      </trkpt>
      <trkpt lat="32.690852" lon="-110.757219">
        <ele>1119.0</ele>
      </trkpt>
      <trkpt lat="32.691038" lon="-110.757199">
        <ele>1117.1</ele>
      </trkpt>
      <trkpt lat="32.691266" lon="-110.756957">
        <ele>1117.0</ele>
      </trkpt>
      <trkpt lat="32.69193" lon="-110.75726">
        <ele>1116.4</ele>
      </trkpt>
      <trkpt lat="32.692068" lon="-110.757205">
        <ele>1116.5</ele>
      </trkpt>
      <trkpt lat="32.692161" lon="-110.756987">
        <ele>1117.0</ele>
      </trkpt>
      <trkpt lat="32.692566" lon="-110.756683">
        <ele>1114.1</ele>
      </trkpt>
      <trkpt lat="32.692813" lon="-110.756867">
        <ele>1114.1</ele>
      </trkpt>
      <trkpt lat="32.693247" lon="-110.756408">
        <ele>1109.0</ele>
      </trkpt>
      <trkpt lat="32.693951" lon="-110.756361">
        <ele>1109.0</ele>
      </trkpt>
      <trkpt lat="32.694175" lon="-110.756448">
        <ele>1109.0</ele>
      </trkpt>
      <trkpt lat="32.694578" lon="-110.756386">
        <ele>1111.0</ele>
      </trkpt>
      <trkpt lat="32.694803" lon="-110.756451">
        <ele>1115.0</ele>
      </trkpt>
      <trkpt lat="32.695349" lon="-110.756299">
        <ele>1121.0</ele>
      </trkpt>
      <trkpt lat="32.69598" lon="-110.756423">
        <ele>1122.0</ele>
      </trkpt>
      <trkpt lat="32.696682" lon="-110.75628">
        <ele>1122.0</ele>
      </trkpt>
      <trkpt lat="32.696983" lon="-110.756448">
        <ele>1121.8</ele>
      </trkpt>
      <trkpt lat="32.697201" lon="-110.756453">
        <ele>1122.0</ele>
      </trkpt>
      <trkpt lat="32.697319" lon="-110.75664">
        <ele>1122.0</ele>
      </trkpt>
      <trkpt lat="32.69765" lon="-110.75667">
        <ele>1124.0</ele>
      </trkpt>
      <trkpt lat="32.697777" lon="-110.756487">
        <ele>1125.1</ele>
      </trkpt>
      <trkpt lat="32.698528" lon="-110.756305">
        <ele>1132.8</ele>
      </trkpt>
      <trkpt lat="32.699458" lon="-110.75632">
        <ele>1133.8</ele>
      </trkpt>
      <trkpt lat="32.699447" lon="-110.756776">
        <ele>1131.4</ele>
      </trkpt>
      <trkpt lat="32.699604" lon="-110.756828">
        <ele>1130.4</ele>
      </trkpt>
      <trkpt lat="32.699606" lon="-110.756707">
        <ele>1131.0</ele>
      </trkpt>
      <trkpt lat="32.699779" lon="-110.756717">
        <ele>1129.8</ele>
      </trkpt>
      <trkpt lat="32.699989" lon="-110.757061">
        <ele>1129.0</ele>
      </trkpt>
      <trkpt lat="32.700136" lon="-110.757151">
        <ele>1128.8</ele>
      </trkpt>
      <trkpt lat="32.700508" lon="-110.757033">
        <ele>1129.0</ele>
      </trkpt>
      <trkpt lat="32.700761" lon="-110.757175">
        <ele>1129.0</ele>
      </trkpt>
      <trkpt lat="32.701113" lon="-110.757076">
        <ele>1130.0</ele>
      </trkpt>
      <trkpt lat="32.701269" lon="-110.757269">
        <ele>1130.0</ele>
      </trkpt>
      <trkpt lat="32.701727" lon="-110.757099">
        <ele>1132.0</ele>
      </trkpt>
      <trkpt lat="32.701969" lon="-110.757201">
        <ele>1133.0</ele>
      </trkpt>
      <trkpt lat="32.702202" lon="-110.757125">
        <ele>1134.0</ele>
      </trkpt>
      <trkpt lat="32.702613" lon="-110.757255">
        <ele>1134.0</ele>
      </trkpt>
      <trkpt lat="32.702764" lon="-110.757197">
        <ele>1134.0</ele>
      </trkpt>
      <trkpt lat="32.702939" lon="-110.75736">
        <ele>1133.0</ele>
      </trkpt>
      <trkpt lat="32.703187" lon="-110.75722">
        <ele>1133.1</ele>
      </trkpt>
      <trkpt lat="32.703303" lon="-110.756976">
        <ele>1134.0</ele>
      </trkpt>
      <trkpt lat="32.703477" lon="-110.757226">
        <ele>1134.1</ele>
      </trkpt>
      <trkpt lat="32.703839" lon="-110.757181">
        <ele>1136.1</ele>
      </trkpt>
      <trkpt lat="32.70406" lon="-110.75728">
        <ele>1137.8</ele>
      </trkpt>
      <trkpt lat="32.704276" lon="-110.757096">
        <ele>1139.8</ele>
      </trkpt>
      <trkpt lat="32.704538" lon="-110.757191">
        <ele>1141.1</ele>
      </trkpt>
      <trkpt lat="32.704849" lon="-110.757469">
        <ele>1143.4</ele>
      </trkpt>
      <trkpt lat="32.70499" lon="-110.757379">
        <ele>1144.8</ele>
      </trkpt>
      <trkpt lat="32.70541" lon="-110.757414">
        <ele>1146.5</ele>
      </trkpt>
      <trkpt lat="32.705596" lon="-110.757607">
        <ele>1146.1</ele>
      </trkpt>
      <trkpt lat="32.70592" lon="-110.75754">
        <ele>1146.0</ele>
      </trkpt>
      <trkpt lat="32.706172" lon="-110.757868">
        <ele>1147.8</ele>
      </trkpt>
      <trkpt lat="32.706643" lon="-110.758117">
        <ele>1149.4</ele>
      </trkpt>
      <trkpt lat="32.706803" lon="-110.758039">
        <ele>1151.5</ele>
      </trkpt>
      <trkpt lat="32.706939" lon="-110.757806">
        <ele>1154.1</ele>
      </trkpt>
      <trkpt lat="32.70731" lon="-110.757992">
        <ele>1157.5</ele>
      </trkpt>
      <trkpt lat="32.707428" lon="-110.757937">
        <ele>1158.0</ele>
      </trkpt>
      <trkpt lat="32.707732" lon="-110.758146">
        <ele>1158.8</ele>
      </trkpt>
      <trkpt lat="32.707893" lon="-110.758158">
        <ele>1159.0</ele>
      </trkpt>
      <trkpt lat="32.708122" lon="-110.75834">
        <ele>1159.4</ele>
      </trkpt>
      <trkpt lat="32.708658" lon="-110.758317">
        <ele>1162.8</ele>
      </trkpt>
      <trkpt lat="32.708965" lon="-110.7585">
        <ele>1166.0</ele>
      </trkpt>
      <trkpt lat="32.70938" lon="-110.758516">
        <ele>1166.5</ele>
      </trkpt>
      <trkpt lat="32.709684" lon="-110.75876">
        <ele>1164.0</ele>
      </trkpt>
      <trkpt lat="32.710037" lon="-110.75885">
        <ele>1160.1</ele>
      </trkpt>
      <trkpt lat="32.709702" lon="-110.759422">
        <ele>1158.4</ele>
      </trkpt>
      <trkpt lat="32.709741" lon="-110.759479">
        <ele>1158.1</ele>
      </trkpt>
      <trkpt lat="32.710009" lon="-110.75932">
        <ele>1158.0</ele>
      </trkpt>
      <trkpt lat="32.710259" lon="-110.759386">
        <ele>1158.1</ele>
      </trkpt>
      <trkpt lat="32.710622" lon="-110.759836">
        <ele>1158.8</ele>
      </trkpt>
      <trkpt lat="32.710894" lon="-110.759938">
        <ele>1159.4</ele>
      </trkpt>
      <trkpt lat="32.711013" lon="-110.760197">
        <ele>1163.0</ele>
      </trkpt>
      <trkpt lat="32.71145" lon="-110.760558">
        <ele>1163.8</ele>
      </trkpt>
      <trkpt lat="32.711969" lon="-110.760681">
        <ele>1162.8</ele>
      </trkpt>
      <trkpt lat="32.712088" lon="-110.760805">
        <ele>1161.4</ele>
      </trkpt>
      <trkpt lat="32.712396" lon="-110.760777">
        <ele>1162.4</ele>
      </trkpt>
      <trkpt lat="32.712885" lon="-110.760922">
        <ele>1159.8</ele>
      </trkpt>
      <trkpt lat="32.712987" lon="-110.760843">
        <ele>1160.1</ele>
      </trkpt>
      <trkpt lat="32.71304" lon="-110.76104">
        <ele>1158.5</ele>
      </trkpt>
      <trkpt lat="32.713271" lon="-110.760859">
        <ele>1162.1</ele>
      </trkpt>
      <trkpt lat="32.713971" lon="-110.760968">
        <ele>1159.4</ele>
      </trkpt>
      <trkpt lat="32.713848" lon="-110.761176">
        <ele>1160.5</ele>
      </trkpt>
      <trkpt lat="32.713921" lon="-110.761385">
        <ele>1159.1</ele>
      </trkpt>
      <trkpt lat="32.714032" lon="-110.761346">
        <ele>1159.0</ele>
      </trkpt>
      <trkpt lat="32.714109" lon="-110.76118">
        <ele>1158.1</ele>
      </trkpt>
      <trkpt lat="32.714197" lon="-110.761318">
        <ele>1158.0</ele>
      </trkpt>
      <trkpt lat="32.71436" lon="-110.761202">
        <ele>1158.0</ele>
      </trkpt>
      <trkpt lat="32.714525" lon="-110.761264">
        <ele>1158.5</ele>
      </trkpt>
      <trkpt lat="32.714986" lon="-110.761">
        <ele>1161.5</ele>
      </trkpt>
      <trkpt lat="32.715549" lon="-110.760918">
        <ele>1163.8</ele>
      </trkpt>
      <trkpt lat="32.715614" lon="-110.761029">
        <ele>1164.0</ele>
      </trkpt>
      <trkpt lat="32.71586" lon="-110.760788">
        <ele>1165.0</ele>
      </trkpt>
      <trkpt lat="32.716279" lon="-110.76068">
        <ele>1165.8</ele>
      </trkpt>
      <trkpt lat="32.716347" lon="-110.760551">
        <ele>1166.1</ele>
      </trkpt>
      <trkpt lat="32.7165" lon="-110.76065">
        <ele>1166.0</ele>
      </trkpt>
      <trkpt lat="32.716724" lon="-110.760571">
        <ele>1166.0</ele>
      </trkpt>
      <trkpt lat="32.717537" lon="-110.761034">
        <ele>1168.0</ele>
      </trkpt>
      <trkpt lat="32.717746" lon="-110.761034">
        <ele>1165.0</ele>
      </trkpt>
      <trkpt lat="32.717899" lon="-110.760877">
        <ele>1163.5</ele>
      </trkpt>
      <trkpt lat="32.717927" lon="-110.760731">
        <ele>1167.4</ele>
      </trkpt>
      <trkpt lat="32.718213" lon="-110.760791">
        <ele>1164.5</ele>
      </trkpt>
      <trkpt lat="32.718355" lon="-110.760917">
        <ele>1164.4</ele>
      </trkpt>
      <trkpt lat="32.718683" lon="-110.760784">
        <ele>1166.5</ele>
      </trkpt>
      <trkpt lat="32.71894" lon="-110.76096">
        <ele>1167.8</ele>
      </trkpt>
      <trkpt lat="32.719882" lon="-110.76111">
        <ele>1168.8</ele>
      </trkpt>
      <trkpt lat="32.720218" lon="-110.761249">
        <ele>1169.0</ele>
      </trkpt>
      <trkpt lat="32.720349" lon="-110.76152">
        <ele>1171.8</ele>
      </trkpt>
      <trkpt lat="32.720478" lon="-110.761545">
        <ele>1174.8</ele>
      </trkpt>
      <trkpt lat="32.720471" lon="-110.761682">
        <ele>1177.4</ele>
      </trkpt>
      <trkpt lat="32.720748" lon="-110.761563">
        <ele>1177.4</ele>
      </trkpt>
      <trkpt lat="32.720875" lon="-110.76165">
        <ele>1179.4</ele>
      </trkpt>
      <trkpt lat="32.721491" lon="-110.761337">
        <ele>1183.5</ele>
      </trkpt>
      <trkpt lat="32.721812" lon="-110.761379">
        <ele>1184.4</ele>
      </trkpt>
      <trkpt lat="32.722631" lon="-110.76185">
        <ele>1183.0</ele>
      </trkpt>
      <trkpt lat="32.722749" lon="-110.76213">
        <ele>1182.1</ele>
      </trkpt>
      <trkpt lat="32.722997" lon="-110.762198">
        <ele>1182.0</ele>
      </trkpt>
      <trkpt lat="32.722776" lon="-110.762493">
        <ele>1181.0</ele>
      </trkpt>
      <trkpt lat="32.722906" lon="-110.762533">
        <ele>1181.5</ele>
      </trkpt>
      <trkpt lat="32.722848" lon="-110.762641">
        <ele>1181.5</ele>
      </trkpt>
      <trkpt lat="32.723376" lon="-110.762966">
        <ele>1185.8</ele>
      </trkpt>
      <trkpt lat="32.723467" lon="-110.762879">
        <ele>1187.4</ele>
      </trkpt>
      <trkpt lat="32.723596" lon="-110.762951">
        <ele>1189.5</ele>
      </trkpt>
      <trkpt lat="32.723585" lon="-110.763147">
        <ele>1191.4</ele>
      </trkpt>
      <trkpt lat="32.723731" lon="-110.763056">
        <ele>1193.0</ele>
      </trkpt>
      <trkpt lat="32.723972" lon="-110.763066">
        <ele>1194.4</ele>
      </trkpt>
      <trkpt lat="32.723987" lon="-110.763212">
        <ele>1198.8</ele>
      </trkpt>
      <trkpt lat="32.72426" lon="-110.763289">
        <ele>1204.5</ele>
      </trkpt>
      <trkpt lat="32.724351" lon="-110.763176">
        <ele>1204.0</ele>
      </trkpt>
      <trkpt lat="32.724741" lon="-110.763189">
        <ele>1206.8</ele>
      </trkpt>
      <trkpt lat="32.72487" lon="-110.76311">
        <ele>1207.1</ele>
      </trkpt>
      <trkpt lat="32.725105" lon="-110.762672">
        <ele>1203.1</ele>
      </trkpt>
      <trkpt lat="32.725552" lon="-110.762801">
        <ele>1199.5</ele>
      </trkpt>
      <trkpt lat="32.726546" lon="-110.76235">
        <ele>1207.0</ele>
      </trkpt>
      <trkpt lat="32.72692" lon="-110.76228">
        <ele>1206.1</ele>
      </trkpt>
      <trkpt lat="32.727553" lon="-110.761963">
        <ele>1198.4</ele>
      </trkpt>
      <trkpt lat="32.72813" lon="-110.762007">
        <ele>1194.0</ele>
      </trkpt>
      <trkpt lat="32.728746" lon="-110.760918">
        <ele>1194.1</ele>
      </trkpt>
      <trkpt lat="32.728873" lon="-110.760888">
        <ele>1194.4</ele>
      </trkpt>
      <trkpt lat="32.728999" lon="-110.761028">
        <ele>1194.5</ele>
      </trkpt>
      <trkpt lat="32.729273" lon="-110.761072">
        <ele>1195.0</ele>
      </trkpt>
      <trkpt lat="32.729363" lon="-110.761219">
        <ele>1195.0</ele>
      </trkpt>
      <trkpt lat="32.729709" lon="-110.760948">
        <ele>1194.0</ele>
      </trkpt>
      <trkpt lat="32.729799" lon="-110.76108">
        <ele>1194.0</ele>
      </trkpt>
      <trkpt lat="32.729915" lon="-110.761071">
        <ele>1194.1</ele>
      </trkpt>
      <trkpt lat="32.730067" lon="-110.761268">
        <ele>1194.4</ele>
      </trkpt>
      <trkpt lat="32.730291" lon="-110.761046">
        <ele>1197.0</ele>
      </trkpt>
      <trkpt lat="32.730814" lon="-110.761096">
        <ele>1199.0</ele>
      </trkpt>
      <trkpt lat="32.731386" lon="-110.761489">
        <ele>1197.0</ele>
      </trkpt>
      <trkpt lat="32.731678" lon="-110.761487">
        <ele>1195.4</ele>
      </trkpt>
      <trkpt lat="32.731625" lon="-110.761107">
        <ele>1197.0</ele>
      </trkpt>
      <trkpt lat="32.731746" lon="-110.761037">
        <ele>1196.1</ele>
      </trkpt>
      <trkpt lat="32.732027" lon="-110.761067">
        <ele>1194.5</ele>
      </trkpt>
      <trkpt lat="32.732126" lon="-110.761255">
        <ele>1195.8</ele>
      </trkpt>
      <trkpt lat="32.732889" lon="-110.761532">
        <ele>1208.4</ele>
      </trkpt>
      <trkpt lat="32.733089" lon="-110.761891">
        <ele>1208.4</ele>
      </trkpt>
      <trkpt lat="32.733299" lon="-110.761964">
        <ele>1206.8</ele>
      </trkpt>
      <trkpt lat="32.733683" lon="-110.761687">
        <ele>1205.4</ele>
      </trkpt>
      <trkpt lat="32.733547" lon="-110.761264">
        <ele>1208.0</ele>
      </trkpt>
      <trkpt lat="32.733523" lon="-110.7609">
        <ele>1209.8</ele>
      </trkpt>
      <trkpt lat="32.7336" lon="-110.760799">
        <ele>1208.8</ele>
      </trkpt>
      <trkpt lat="32.734296" lon="-110.760702">
        <ele>1210.8</ele>
      </trkpt>
      <trkpt lat="32.734484" lon="-110.760589">
        <ele>1213.1</ele>
      </trkpt>
      <trkpt lat="32.734474" lon="-110.760413">
        <ele>1216.1</ele>
      </trkpt>
      <trkpt lat="32.735103" lon="-110.760465">
        <ele>1217.4</ele>
      </trkpt>
      <trkpt lat="32.735244" lon="-110.760343">
        <ele>1219.8</ele>
      </trkpt>
      <trkpt lat="32.734921" lon="-110.759709">
        <ele>1231.4</ele>
      </trkpt>
      <trkpt lat="32.734971" lon="-110.759538">
        <ele>1233.4</ele>
      </trkpt>
      <trkpt lat="32.735075" lon="-110.759547">
        <ele>1233.4</ele>
      </trkpt>
      <trkpt lat="32.735317" lon="-110.7589">
        <ele>1241.5</ele>
      </trkpt>
      <trkpt lat="32.735227" lon="-110.758507">
        <ele>1242.5</ele>
      </trkpt>
      <trkpt lat="32.735463" lon="-110.758368">
        <ele>1243.4</ele>
      </trkpt>
      <trkpt lat="32.73556" lon="-110.75814">
        <ele>1247.0</ele>
      </trkpt>
      <trkpt lat="32.735528" lon="-110.757801">
        <ele>1249.5</ele>
      </trkpt>
      <trkpt lat="32.736038" lon="-110.757403">
        <ele>1253.5</ele>
      </trkpt>
      <trkpt lat="32.736458" lon="-110.757313">
        <ele>1250.8</ele>
      </trkpt>
      <trkpt lat="32.736851" lon="-110.75679">
        <ele>1247.0</ele>
      </trkpt>
      <trkpt lat="32.73698" lon="-110.75677">
        <ele>1246.4</ele>
      </trkpt>
      <trkpt lat="32.738107" lon="-110.75722">
        <ele>1234.0</ele>
      </trkpt>
      <trkpt lat="32.739026" lon="-110.757715">
        <ele>1229.0</ele>
      </trkpt>
      <trkpt lat="32.738472" lon="-110.756941">
        <ele>1230.5</ele>
      </trkpt>
      <trkpt lat="32.738456" lon="-110.756645">
        <ele>1227.5</ele>
      </trkpt>
      <trkpt lat="32.738524" lon="-110.75657">
        <ele>1224.8</ele>
      </trkpt>
      <trkpt lat="32.739005" lon="-110.75667">
        <ele>1219.8</ele>
      </trkpt>
      <trkpt lat="32.73912" lon="-110.75697">
        <ele>1218.0</ele>
      </trkpt>
      <trkpt lat="32.73923" lon="-110.756938">
        <ele>1216.5</ele>
      </trkpt>
      <trkpt lat="32.739415" lon="-110.75664">
        <ele>1218.5</ele>
      </trkpt>
      <trkpt lat="32.739556" lon="-110.756595">
        <ele>1220.0</ele>
      </trkpt>
      <trkpt lat="32.739728" lon="-110.756876">
        <ele>1220.0</ele>
      </trkpt>
      <trkpt lat="32.740083" lon="-110.757055">
        <ele>1219.0</ele>
      </trkpt>
      <trkpt lat="32.740307" lon="-110.757003">
        <ele>1220.1</ele>
      </trkpt>
      <trkpt lat="32.740603" lon="-110.757261">
        <ele>1222.4</ele>
      </trkpt>
      <trkpt lat="32.740662" lon="-110.757449">
        <ele>1222.5</ele>
      </trkpt>
      <trkpt lat="32.740769" lon="-110.7575">
        <ele>1223.0</ele>
      </trkpt>
      <trkpt lat="32.74123" lon="-110.757284">
        <ele>1227.0</ele>
      </trkpt>
      <trkpt lat="32.741377" lon="-110.757316">
        <ele>1228.0</ele>
      </trkpt>
      <trkpt lat="32.741712" lon="-110.757135">
        <ele>1229.8</ele>
      </trkpt>
      <trkpt lat="32.741799" lon="-110.75719">
        <ele>1230.4</ele>
      </trkpt>
      <trkpt lat="32.741999" lon="-110.756881">
        <ele>1234.1</ele>
      </trkpt>
      <trkpt lat="32.742258" lon="-110.756941">
        <ele>1235.1</ele>
      </trkpt>
      <trkpt lat="32.742316" lon="-110.75704">
        <ele>1235.0</ele>
      </trkpt>
      <trkpt lat="32.743208" lon="-110.756765">
        <ele>1238.5</ele>
      </trkpt>
      <trkpt lat="32.743293" lon="-110.756853">
        <ele>1237.5</ele>
      </trkpt>
      <trkpt lat="32.743571" lon="-110.756764">
        <ele>1238.5</ele>
      </trkpt>
      <trkpt lat="32.744079" lon="-110.756826">
        <ele>1239.1</ele>
      </trkpt>
      <trkpt lat="32.744239" lon="-110.756944">
        <ele>1239.8</ele>
      </trkpt>
      <trkpt lat="32.744659" lon="-110.756858">
        <ele>1243.8</ele>
      </trkpt>
      <trkpt lat="32.744777" lon="-110.756609">
        <ele>1248.5</ele>
      </trkpt>
      <trkpt lat="32.744629" lon="-110.756455">
        <ele>1252.8</ele>
      </trkpt>
      <trkpt lat="32.7446" lon="-110.756159">
        <ele>1258.4</ele>
      </trkpt>
      <trkpt lat="32.744653" lon="-110.756092">
        <ele>1257.5</ele>
      </trkpt>
      <trkpt lat="32.745047" lon="-110.756199">
        <ele>1245.1</ele>
      </trkpt>
      <trkpt lat="32.745088" lon="-110.755971">
        <ele>1249.1</ele>
      </trkpt>
      <trkpt lat="32.745741" lon="-110.756232">
        <ele>1243.1</ele>
      </trkpt>
      <trkpt lat="32.745987" lon="-110.756531">
        <ele>1245.8</ele>
      </trkpt>
      <trkpt lat="32.746139" lon="-110.756259">
        <ele>1254.5</ele>
      </trkpt>
      <trkpt lat="32.746236" lon="-110.7563">
        <ele>1255.8</ele>
      </trkpt>
      <trkpt lat="32.746346" lon="-110.756894">
        <ele>1254.0</ele>
      </trkpt>
      <trkpt lat="32.746718" lon="-110.756885">
        <ele>1257.4</ele>
      </trkpt>
      <trkpt lat="32.747351" lon="-110.756384">
        <ele>1269.5</ele>
      </trkpt>
      <trkpt lat="32.747878" lon="-110.756523">
        <ele>1273.1</ele>
      </trkpt>
      <trkpt lat="32.74845" lon="-110.75648">
        <ele>1281.8</ele>
      </trkpt>
      <trkpt lat="32.748564" lon="-110.756624">
        <ele>1282.5</ele>
      </trkpt>
      <trkpt lat="32.748742" lon="-110.756559">
        <ele>1282.8</ele>
      </trkpt>
      <trkpt lat="32.7491" lon="-110.756797">
        <ele>1287.8</ele>
      </trkpt>
      <trkpt lat="32.749248" lon="-110.756652">
        <ele>1285.4</ele>
      </trkpt>
      <trkpt lat="32.749961" lon="-110.756372">
        <ele>1276.0</ele>
      </trkpt>
      <trkpt lat="32.750172" lon="-110.7564">
        <ele>1272.5</ele>
      </trkpt>
      <trkpt lat="32.750157" lon="-110.756217">
        <ele>1271.4</ele>
      </trkpt>
      <trkpt lat="32.75041" lon="-110.756485">
        <ele>1270.5</ele>
      </trkpt>
      <trkpt lat="32.750447" lon="-110.756282">
        <ele>1268.1</ele>
      </trkpt>
      <trkpt lat="32.750935" lon="-110.756395">
        <ele>1260.8</ele>
      </trkpt>
      <trkpt lat="32.751466" lon="-110.756323">
        <ele>1254.1</ele>
      </trkpt>
      <trkpt lat="32.752338" lon="-110.756409">
        <ele>1255.0</ele>
      </trkpt>
      <trkpt lat="32.752792" lon="-110.756273">
        <ele>1248.4</ele>
      </trkpt>
      <trkpt lat="32.752892" lon="-110.756326">
        <ele>1246.8</ele>
      </trkpt>
      <trkpt lat="32.753358" lon="-110.756056">
        <ele>1242.0</ele>
      </trkpt>
      <trkpt lat="32.753463" lon="-110.75577">
        <ele>1242.5</ele>
      </trkpt>
      <trkpt lat="32.753362" lon="-110.755684">
        <ele>1241.0</ele>
      </trkpt>
      <trkpt lat="32.753315" lon="-110.75545">
        <ele>1236.4</ele>
      </trkpt>
      <trkpt lat="32.753912" lon="-110.75551">
        <ele>1236.0</ele>
      </trkpt>
      <trkpt lat="32.754187" lon="-110.755949">
        <ele>1235.0</ele>
      </trkpt>
      <trkpt lat="32.754368" lon="-110.755885">
        <ele>1232.4</ele>
      </trkpt>
      <trkpt lat="32.754693" lon="-110.75617">
        <ele>1230.1</ele>
      </trkpt>
      <trkpt lat="32.754544" lon="-110.755629">
        <ele>1222.4</ele>
      </trkpt>
      <trkpt lat="32.754336" lon="-110.755437">
        <ele>1217.5</ele>
      </trkpt>
      <trkpt lat="32.754663" lon="-110.755463">
        <ele>1215.1</ele>
      </trkpt>
      <trkpt lat="32.754789" lon="-110.755581">
        <ele>1217.1</ele>
      </trkpt>
      <trkpt lat="32.754816" lon="-110.755742">
        <ele>1216.8</ele>
      </trkpt>
      <trkpt lat="32.75508" lon="-110.755979">
        <ele>1215.5</ele>
      </trkpt>
      <trkpt lat="32.755238" lon="-110.756352">
        <ele>1218.1</ele>
      </trkpt>
      <trkpt lat="32.755443" lon="-110.75643">
        <ele>1214.4</ele>
      </trkpt>
      <trkpt lat="32.755688" lon="-110.75691">
        <ele>1211.1</ele>
      </trkpt>
      <trkpt lat="32.756109" lon="-110.75715">
        <ele>1206.4</ele>
      </trkpt>
      <trkpt lat="32.756582" lon="-110.757685">
        <ele>1197.0</ele>
      </trkpt>
      <trkpt lat="32.75669" lon="-110.758025">
        <ele>1195.8</ele>
      </trkpt>
      <trkpt lat="32.75703" lon="-110.758109">
        <ele>1191.5</ele>
      </trkpt>
      <trkpt lat="32.757002" lon="-110.757971">
        <ele>1191.1</ele>
      </trkpt>
      <trkpt lat="32.756855" lon="-110.757851">
        <ele>1192.1</ele>
      </trkpt>
      <trkpt lat="32.756642" lon="-110.757346">
        <ele>1193.0</ele>
      </trkpt>
      <trkpt lat="32.756605" lon="-110.75703">
        <ele>1190.5</ele>
      </trkpt>
      <trkpt lat="32.75718" lon="-110.75696">
        <ele>1183.5</ele>
      </trkpt>
      <trkpt lat="32.757269" lon="-110.757028">
        <ele>1182.8</ele>
      </trkpt>
      <trkpt lat="32.757482" lon="-110.756977">
        <ele>1180.1</ele>
      </trkpt>
      <trkpt lat="32.757669" lon="-110.75712">
        <ele>1178.1</ele>
      </trkpt>
      <trkpt lat="32.757807" lon="-110.757067">
        <ele>1174.5</ele>
      </trkpt>
      <trkpt lat="32.758194" lon="-110.757311">
        <ele>1171.1</ele>
      </trkpt>
      <trkpt lat="32.758468" lon="-110.757229">
        <ele>1171.1</ele>
      </trkpt>
      <trkpt lat="32.758758" lon="-110.757277">
        <ele>1172.0</ele>
      </trkpt>
      <trkpt lat="32.759396" lon="-110.757709">
        <ele>1172.1</ele>
      </trkpt>
      <trkpt lat="32.759428" lon="-110.757855">
        <ele>1172.4</ele>
      </trkpt>
      <trkpt lat="32.75979" lon="-110.758113">
        <ele>1172.1</ele>
      </trkpt>
      <trkpt lat="32.760254" lon="-110.75897">
        <ele>1162.1</ele>
      </trkpt>
      <trkpt lat="32.760468" lon="-110.759002">
        <ele>1160.0</ele>
      </trkpt>
      <trkpt lat="32.760437" lon="-110.758651">
        <ele>1157.4</ele>
      </trkpt>
      <trkpt lat="32.761004" lon="-110.758517">
        <ele>1146.4</ele>
      </trkpt>
      <trkpt lat="32.761165" lon="-110.75856">
        <ele>1144.4</ele>
      </trkpt>
      <trkpt lat="32.761243" lon="-110.758406">
        <ele>1143.0</ele>
      </trkpt>
      <trkpt lat="32.761518" lon="-110.758221">
        <ele>1139.1</ele>
      </trkpt>
      <trkpt lat="32.76278" lon="-110.758532">
        <ele>1130.8</ele>
      </trkpt>
      <trkpt lat="32.763401" lon="-110.758273">
        <ele>1123.8</ele>
      </trkpt>
      <trkpt lat="32.76467" lon="-110.7583">
        <ele>1121.8</ele>
      </trkpt>
      <trkpt lat="32.764893" lon="-110.758176">
        <ele>1119.4</ele>
      </trkpt>
      <trkpt lat="32.765127" lon="-110.758201">
        <ele>1115.5</ele>
      </trkpt>
      <trkpt lat="32.765223" lon="-110.758109">
        <ele>1114.4</ele>
      </trkpt>
      <trkpt lat="32.765434" lon="-110.758097">
        <ele>1113.0</ele>
      </trkpt>
      <trkpt lat="32.765566" lon="-110.757929">
        <ele>1113.8</ele>
      </trkpt>
      <trkpt lat="32.765639" lon="-110.758114">
        <ele>1112.4</ele>
      </trkpt>
      <trkpt lat="32.766514" lon="-110.758536">
        <ele>1110.0</ele>
      </trkpt>
      <trkpt lat="32.766655" lon="-110.758216">
        <ele>1111.0</ele>
      </trkpt>
      <trkpt lat="32.766788" lon="-110.75823">
        <ele>1110.4</ele>
      </trkpt>
      <trkpt lat="32.7669" lon="-110.758383">
        <ele>1110.0</ele>
      </trkpt>
      <trkpt lat="32.767226" lon="-110.758384">
        <ele>1109.8</ele>
      </trkpt>
      <trkpt lat="32.767387" lon="-110.758474">
        <ele>1109.4</ele>
      </trkpt>
      <trkpt lat="32.767581" lon="-110.758817">
        <ele>1109.5</ele>
      </trkpt>
      <trkpt lat="32.767539" lon="-110.759061">
        <ele>1107.1</ele>
      </trkpt>
      <trkpt lat="32.76764" lon="-110.759116">
        <ele>1105.8</ele>
      </trkpt>
      <trkpt lat="32.767685" lon="-110.759333">
        <ele>1103.0</ele>
      </trkpt>
      <trkpt lat="32.767899" lon="-110.759461">
        <ele>1100.4</ele>
      </trkpt>
      <trkpt lat="32.768893" lon="-110.759384">
        <ele>1099.0</ele>
      </trkpt>
      <trkpt lat="32.768983" lon="-110.759647">
        <ele>1098.0</ele>
      </trkpt>
      <trkpt lat="32.769706" lon="-110.75978">
        <ele>1096.8</ele>
      </trkpt>
      <trkpt lat="32.769754" lon="-110.75961">
        <ele>1096.0</ele>
      </trkpt>
      <trkpt lat="32.76999" lon="-110.75984">
        <ele>1096.5</ele>
      </trkpt>
      <trkpt lat="32.770209" lon="-110.759801">
        <ele>1096.0</ele>
      </trkpt>
      <trkpt lat="32.7703" lon="-110.759487">
        <ele>1095.4</ele>
      </trkpt>
      <trkpt lat="32.77065" lon="-110.759083">
        <ele>1094.1</ele>
      </trkpt>
      <trkpt lat="32.771234" lon="-110.759197">
        <ele>1088.5</ele>
      </trkpt>
      <trkpt lat="32.771216" lon="-110.759034">
        <ele>1087.5</ele>
      </trkpt>
      <trkpt lat="32.771572" lon="-110.758983">
        <ele>1083.1</ele>
      </trkpt>
      <trkpt lat="32.771836" lon="-110.759134">
        <ele>1081.4</ele>
      </trkpt>
      <trkpt lat="32.771977" lon="-110.75912">
        <ele>1080.4</ele>
      </trkpt>
      <trkpt lat="32.772173" lon="-110.759243">
        <ele>1079.0</ele>
      </trkpt>
      <trkpt lat="32.773138" lon="-110.759167">
        <ele>1074.8</ele>
      </trkpt>
      <trkpt lat="32.77342" lon="-110.759369">
        <ele>1073.4</ele>
      </trkpt>
      <trkpt lat="32.773724" lon="-110.759833">
        <ele>1072.0</ele>
      </trkpt>
      <trkpt lat="32.773718" lon="-110.760049">
        <ele>1071.4</ele>
      </trkpt>
      <trkpt lat="32.773944" lon="-110.760375">
        <ele>1068.5</ele>
      </trkpt>
      <trkpt lat="32.774087" lon="-110.760175">
        <ele>1071.0</ele>
      </trkpt>
      <trkpt lat="32.774203" lon="-110.760183">
        <ele>1069.8</ele>
      </trkpt>
      <trkpt lat="32.774343" lon="-110.760057">
        <ele>1068.5</ele>
      </trkpt>
      <trkpt lat="32.77449" lon="-110.760134">
        <ele>1065.8</ele>
      </trkpt>
      <trkpt lat="32.774884" lon="-110.761192">
        <ele>1059.1</ele>
      </trkpt>
      <trkpt lat="32.775084" lon="-110.761331">
        <ele>1059.1</ele>
      </trkpt>
      <trkpt lat="32.775036" lon="-110.761785">
        <ele>1059.1</ele>
      </trkpt>
      <trkpt lat="32.775576" lon="-110.761766">
        <ele>1063.0</ele>
      </trkpt>
      <trkpt lat="32.775689" lon="-110.761917">
        <ele>1063.4</ele>
      </trkpt>
      <trkpt lat="32.776231" lon="-110.761708">
        <ele>1073.4</ele>
      </trkpt>
      <trkpt lat="32.776303" lon="-110.76186">
        <ele>1072.5</ele>
      </trkpt>
      <trkpt lat="32.776559" lon="-110.762007">
        <ele>1071.4</ele>
      </trkpt>
      <trkpt lat="32.776804" lon="-110.762614">
        <ele>1076.5</ele>
      </trkpt>
      <trkpt lat="32.7767" lon="-110.762683">
        <ele>1078.5</ele>
      </trkpt>
      <trkpt lat="32.776626" lon="-110.76306">
        <ele>1085.8</ele>
      </trkpt>
      <trkpt lat="32.776663" lon="-110.763571">
        <ele>1085.4</ele>
      </trkpt>
      <trkpt lat="32.77648" lon="-110.764088">
        <ele>1081.4</ele>
      </trkpt>
      <trkpt lat="32.776507" lon="-110.764273">
        <ele>1083.1</ele>
      </trkpt>
      <trkpt lat="32.776694" lon="-110.7644">
        <ele>1085.8</ele>
      </trkpt>
      <trkpt lat="32.776666" lon="-110.764742">
        <ele>1092.1</ele>
      </trkpt>
      <trkpt lat="32.776778" lon="-110.765061">
        <ele>1085.5</ele>
      </trkpt>
      <trkpt lat="32.776831" lon="-110.765046">
        <ele>1084.8</ele>
      </trkpt>
      <trkpt lat="32.776809" lon="-110.76491">
        <ele>1086.4</ele>
      </trkpt>
      <trkpt lat="32.776901" lon="-110.764827">
        <ele>1085.8</ele>
      </trkpt>
      <trkpt lat="32.777022" lon="-110.764887">
        <ele>1080.0</ele>
      </trkpt>
      <trkpt lat="32.777168" lon="-110.765159">
        <ele>1073.1</ele>
      </trkpt>
      <trkpt lat="32.777391" lon="-110.76525">
        <ele>1068.1</ele>
      </trkpt>
      <trkpt lat="32.777642" lon="-110.765507">
        <ele>1068.8</ele>
      </trkpt>
      <trkpt lat="32.777704" lon="-110.765805">
        <ele>1071.5</ele>
      </trkpt>
      <trkpt lat="32.777799" lon="-110.765866">
        <ele>1070.1</ele>
      </trkpt>
      <trkpt lat="32.777831" lon="-110.766058">
        <ele>1066.5</ele>
      </trkpt>
      <trkpt lat="32.777634" lon="-110.766057">
        <ele>1062.8</ele>
      </trkpt>
      <trkpt lat="32.777549" lon="-110.766142">
        <ele>1060.4</ele>
      </trkpt>
      <trkpt lat="32.777614" lon="-110.766302">
        <ele>1058.1</ele>
      </trkpt>
      <trkpt lat="32.777462" lon="-110.766425">
        <ele>1056.1</ele>
      </trkpt>
      <trkpt lat="32.77763" lon="-110.766472">
        <ele>1056.5</ele>
      </trkpt>
      <trkpt lat="32.777816" lon="-110.766809">
        <ele>1051.8</ele>
      </trkpt>
      <trkpt lat="32.777986" lon="-110.766847">
        <ele>1050.4</ele>
      </trkpt>
      <trkpt lat="32.778196" lon="-110.767043">
        <ele>1047.5</ele>
      </trkpt>
      <trkpt lat="32.778523" lon="-110.767098">
        <ele>1045.5</ele>
      </trkpt>
      <trkpt lat="32.778621" lon="-110.767622">
        <ele>1041.0</ele>
      </trkpt>
      <trkpt lat="32.778795" lon="-110.768023">
        <ele>1037.5</ele>
      </trkpt>
      <trkpt lat="32.778922" lon="-110.768086">
        <ele>1037.4</ele>
      </trkpt>
      <trkpt lat="32.77899" lon="-110.768261">
        <ele>1036.1</ele>
      </trkpt>
      <trkpt lat="32.779736" lon="-110.768068">
        <ele>1040.1</ele>
      </trkpt>
      <trkpt lat="32.779865" lon="-110.767904">
        <ele>1043.0</ele>
      </trkpt>
      <trkpt lat="32.780203" lon="-110.768096">
        <ele>1045.5</ele>
      </trkpt>
      <trkpt lat="32.780436" lon="-110.767776">
        <ele>1051.5</ele>
      </trkpt>
      <trkpt lat="32.780351" lon="-110.76745">
        <ele>1054.8</ele>
      </trkpt>
      <trkpt lat="32.781061" lon="-110.76749">
        <ele>1057.0</ele>
      </trkpt>
      <trkpt lat="32.781145" lon="-110.767691">
        <ele>1051.8</ele>
      </trkpt>
      <trkpt lat="32.781343" lon="-110.767583">
        <ele>1053.0</ele>
      </trkpt>
      <trkpt lat="32.781488" lon="-110.767354">
        <ele>1052.4</ele>
      </trkpt>
      <trkpt lat="32.781784" lon="-110.76727">
        <ele>1046.1</ele>
      </trkpt>
      <trkpt lat="32.781878" lon="-110.767407">
        <ele>1046.0</ele>
      </trkpt>
      <trkpt lat="32.781989" lon="-110.767411">
        <ele>1045.5</ele>
      </trkpt>
      <trkpt lat="32.782269" lon="-110.767765">
        <ele>1048.1</ele>
      </trkpt>
      <trkpt lat="32.783124" lon="-110.767742">
        <ele>1054.8</ele>
      </trkpt>
      <trkpt lat="32.783299" lon="-110.76801">
        <ele>1050.5</ele>
      </trkpt>
      <trkpt lat="32.783658" lon="-110.767955">
        <ele>1048.8</ele>
      </trkpt>
      <trkpt lat="32.783837" lon="-110.768176">
        <ele>1049.4</ele>
      </trkpt>
      <trkpt lat="32.783882" lon="-110.768598">
        <ele>1048.4</ele>
      </trkpt>
      <trkpt lat="32.783968" lon="-110.768685">
        <ele>1048.0</ele>
      </trkpt>
      <trkpt lat="32.784149" lon="-110.768684">
        <ele>1047.4</ele>
      </trkpt>
      <trkpt lat="32.784329" lon="-110.768933">
        <ele>1049.5</ele>
      </trkpt>
      <trkpt lat="32.78452" lon="-110.769478">
        <ele>1053.0</ele>
      </trkpt>
      <trkpt lat="32.784453" lon="-110.769599">
        <ele>1054.8</ele>
      </trkpt>
      <trkpt lat="32.784253" lon="-110.769533">
        <ele>1051.8</ele>
      </trkpt>
      <trkpt lat="32.784124" lon="-110.769616">
        <ele>1051.4</ele>
      </trkpt>
      <trkpt lat="32.784143" lon="-110.769775">
        <ele>1053.1</ele>
      </trkpt>
      <trkpt lat="32.784481" lon="-110.769982">
        <ele>1062.4</ele>
      </trkpt>
      <trkpt lat="32.785068" lon="-110.769813">
        <ele>1067.4</ele>
      </trkpt>
      <trkpt lat="32.785597" lon="-110.770199">
        <ele>1072.8</ele>
      </trkpt>
      <trkpt lat="32.785808" lon="-110.770213">
        <ele>1074.8</ele>
      </trkpt>
      <trkpt lat="32.786422" lon="-110.770011">
        <ele>1074.8</ele>
      </trkpt>
      <trkpt lat="32.786648" lon="-110.770721">
        <ele>1073.8</ele>
      </trkpt>
      <trkpt lat="32.786729" lon="-110.770684">
        <ele>1069.4</ele>
      </trkpt>
      <trkpt lat="32.786783" lon="-110.770806">
        <ele>1067.0</ele>
      </trkpt>
      <trkpt lat="32.787253" lon="-110.771094">
        <ele>1055.8</ele>
      </trkpt>
      <trkpt lat="32.787777" lon="-110.771262">
        <ele>1051.0</ele>
      </trkpt>
      <trkpt lat="32.788643" lon="-110.771896">
        <ele>1045.1</ele>
      </trkpt>
      <trkpt lat="32.788732" lon="-110.77211">
        <ele>1047.0</ele>
      </trkpt>
      <trkpt lat="32.788725" lon="-110.772371">
        <ele>1046.5</ele>
      </trkpt>
      <trkpt lat="32.788831" lon="-110.772434">
        <ele>1047.0</ele>
      </trkpt>
      <trkpt lat="32.789164" lon="-110.772063">
        <ele>1044.5</ele>
      </trkpt>
      <trkpt lat="32.789997" lon="-110.771578">
        <ele>1038.0</ele>
      </trkpt>
      <trkpt lat="32.79059" lon="-110.771572">
        <ele>1039.0</ele>
      </trkpt>
      <trkpt lat="32.790897" lon="-110.771716">
        <ele>1037.4</ele>
      </trkpt>
      <trkpt lat="32.792256" lon="-110.771196">
        <ele>1039.4</ele>
      </trkpt>
      <trkpt lat="32.792499" lon="-110.771253">
        <ele>1041.0</ele>
      </trkpt>
      <trkpt lat="32.792727" lon="-110.771462">
        <ele>1040.0</ele>
      </trkpt>
      <trkpt lat="32.793173" lon="-110.772308">
        <ele>1032.1</ele>
      </trkpt>
      <trkpt lat="32.793187" lon="-110.772677">
        <ele>1028.5</ele>
      </trkpt>
      <trkpt lat="32.79312" lon="-110.772701">
        <ele>1029.8</ele>
      </trkpt>
      <trkpt lat="32.792938" lon="-110.772387">
        <ele>1024.4</ele>
      </trkpt>
      <trkpt lat="32.792975" lon="-110.772974">
        <ele>1026.0</ele>
      </trkpt>
      <trkpt lat="32.793287" lon="-110.772932">
        <ele>1026.0</ele>
      </trkpt>
      <trkpt lat="32.79357" lon="-110.773014">
        <ele>1023.5</ele>
      </trkpt>
      <trkpt lat="32.79364" lon="-110.772802">
        <ele>1019.2</ele>
      </trkpt>
      <trkpt lat="32.793599" lon="-110.77312">
        <ele>1019.7</ele>
      </trkpt>
      <trkpt lat="32.793892" lon="-110.773447">
        <ele>1011.4</ele>
      </trkpt>
      <trkpt lat="32.794058" lon="-110.774325">
        <ele>998.4</ele>
      </trkpt>
      <trkpt lat="32.794126" lon="-110.774376">
        <ele>1000.7</ele>
      </trkpt>
      <trkpt lat="32.794198" lon="-110.774885">
        <ele>997.7</ele>
      </trkpt>
      <trkpt lat="32.794351" lon="-110.775186">
        <ele>999.7</ele>
      </trkpt>
      <trkpt lat="32.794356" lon="-110.77588">
        <ele>998.4</ele>
      </trkpt>
      <trkpt lat="32.794171" lon="-110.776201">
        <ele>992.0</ele>
      </trkpt>
      <trkpt lat="32.7941" lon="-110.776846">
        <ele>990.5</ele>
      </trkpt>
      <trkpt lat="32.794151" lon="-110.777109">
        <ele>989.5</ele>
      </trkpt>
      <trkpt lat="32.794046" lon="-110.777317">
        <ele>983.7</ele>
      </trkpt>
      <trkpt lat="32.7941" lon="-110.7777">
        <ele>981.0</ele>
      </trkpt>
      <trkpt lat="32.794367" lon="-110.778242">
        <ele>973.5</ele>
      </trkpt>
      <trkpt lat="32.794359" lon="-110.77839">
        <ele>970.4</ele>
      </trkpt>
      <trkpt lat="32.794461" lon="-110.7784">
        <ele>969.5</ele>
      </trkpt>
      <trkpt lat="32.794435" lon="-110.778565">
        <ele>965.4</ele>
      </trkpt>
      <trkpt lat="32.794582" lon="-110.778701">
        <ele>963.7</ele>
      </trkpt>
      <trkpt lat="32.794679" lon="-110.779029">
        <ele>959.0</ele>
      </trkpt>
      <trkpt lat="32.794749" lon="-110.77905">
        <ele>958.0</ele>
      </trkpt>
      <trkpt lat="32.794714" lon="-110.779201">
        <ele>954.5</ele>
      </trkpt>
      <trkpt lat="32.794843" lon="-110.779261">
        <ele>955.0</ele>
      </trkpt>
      <trkpt lat="32.795068" lon="-110.779674">
        <ele>951.2</ele>
      </trkpt>
      <trkpt lat="32.795087" lon="-110.779991">
        <ele>946.2</ele>
      </trkpt>
      <trkpt lat="32.795197" lon="-110.780155">
        <ele>943.5</ele>
      </trkpt>
      <trkpt lat="32.795116" lon="-110.780306">
        <ele>941.0</ele>
      </trkpt>
      <trkpt lat="32.795448" lon="-110.78029">
        <ele>939.5</ele>
      </trkpt>
      <trkpt lat="32.795006" lon="-110.781008">
        <ele>926.5</ele>
      </trkpt>
      <trkpt lat="32.795023" lon="-110.781119">
        <ele>925.2</ele>
      </trkpt>
      <trkpt lat="32.795245" lon="-110.781296">
        <ele>924.0</ele>
      </trkpt>
      <trkpt lat="32.795142" lon="-110.781496">
        <ele>916.7</ele>
      </trkpt>
      <trkpt lat="32.795343" lon="-110.781614">
        <ele>916.7</ele>
      </trkpt>
      <trkpt lat="32.795493" lon="-110.781586">
        <ele>917.5</ele>
      </trkpt>
      <trkpt lat="32.795444" lon="-110.781862">
        <ele>910.5</ele>
      </trkpt>
      <trkpt lat="32.795496" lon="-110.781935">
        <ele>909.7</ele>
      </trkpt>
      <trkpt lat="32.795985" lon="-110.781946">
        <ele>906.7</ele>
      </trkpt>
      <trkpt lat="32.796249" lon="-110.782103">
        <ele>902.7</ele>
      </trkpt>
      <trkpt lat="32.796501" lon="-110.782099">
        <ele>898.4</ele>
      </trkpt>
      <trkpt lat="32.797159" lon="-110.782347">
        <ele>889.5</ele>
      </trkpt>
      <trkpt lat="32.797381" lon="-110.782566">
        <ele>887.4</ele>
      </trkpt>
      <trkpt lat="32.797499" lon="-110.782841">
        <ele>888.2</ele>
      </trkpt>
      <trkpt lat="32.797373" lon="-110.783537">
        <ele>880.7</ele>
      </trkpt>
      <trkpt lat="32.797595" lon="-110.78349">
        <ele>880.0</ele>
      </trkpt>
      <trkpt lat="32.797562" lon="-110.783892">
        <ele>875.4</ele>
      </trkpt>
      <trkpt lat="32.797333" lon="-110.784243">
        <ele>866.4</ele>
      </trkpt>
      <trkpt lat="32.797479" lon="-110.784477">
        <ele>863.5</ele>
      </trkpt>
      <trkpt lat="32.797613" lon="-110.784466">
        <ele>864.5</ele>
      </trkpt>
      <trkpt lat="32.797818" lon="-110.784254">
        <ele>867.0</ele>
      </trkpt>
      <trkpt lat="32.798195" lon="-110.784068">
        <ele>862.4</ele>
      </trkpt>
      <trkpt lat="32.798386" lon="-110.783606">
        <ele>860.0</ele>
      </trkpt>
      <trkpt lat="32.798322" lon="-110.78341">
        <ele>863.2</ele>
      </trkpt>
      <trkpt lat="32.798454" lon="-110.78349">
        <ele>855.4</ele>
      </trkpt>
      <trkpt lat="32.798495" lon="-110.783742">
        <ele>855.2</ele>
      </trkpt>
      <trkpt lat="32.798715" lon="-110.784062">
        <ele>850.4</ele>
      </trkpt>
      <trkpt lat="32.798915" lon="-110.784178">
        <ele>850.0</ele>
      </trkpt>
      <trkpt lat="32.79907" lon="-110.784114">
        <ele>850.0</ele>
      </trkpt>
      <trkpt lat="32.799191" lon="-110.784191">
        <ele>850.0</ele>
      </trkpt>
      <trkpt lat="32.800029" lon="-110.783685">
        <ele>850.2</ele>
      </trkpt>
      <trkpt lat="32.800142" lon="-110.783356">
        <ele>850.0</ele>
      </trkpt>
      <trkpt lat="32.80053" lon="-110.7828">
        <ele>850.0</ele>
      </trkpt>
      <trkpt lat="32.800745" lon="-110.78277">
        <ele>850.7</ele>
      </trkpt>
      <trkpt lat="32.801239" lon="-110.782337">
        <ele>854.2</ele>
      </trkpt>
      <trkpt lat="32.801656" lon="-110.782432">
        <ele>858.4</ele>
      </trkpt>
      <trkpt lat="32.802079" lon="-110.782708">
        <ele>862.2</ele>
      </trkpt>
      <trkpt lat="32.802256" lon="-110.783087">
        <ele>865.7</ele>
      </trkpt>
      <trkpt lat="32.802326" lon="-110.783478">
        <ele>866.5</ele>
      </trkpt>
      <trkpt lat="32.802554" lon="-110.783872">
        <ele>866.4</ele>
      </trkpt>
      <trkpt lat="32.802815" lon="-110.784105">
        <ele>866.5</ele>
      </trkpt>
      <trkpt lat="32.80346" lon="-110.784428">
        <ele>871.0</ele>
      </trkpt>
      <trkpt lat="32.804039" lon="-110.786223">
        <ele>881.0</ele>
      </trkpt>
      <trkpt lat="32.804059" lon="-110.78756">
        <ele>881.2</ele>
      </trkpt>
      <trkpt lat="32.804482" lon="-110.788317">
        <ele>880.5</ele>
      </trkpt>
      <trkpt lat="32.804687" lon="-110.789776">
        <ele>883.7</ele>
      </trkpt>
      <trkpt lat="32.804499" lon="-110.790716">
        <ele>890.4</ele>
      </trkpt>
      <trkpt lat="32.804578" lon="-110.791113">
        <ele>886.7</ele>
      </trkpt>
      <trkpt lat="32.804513" lon="-110.79218">
        <ele>893.4</ele>
      </trkpt>
      <trkpt lat="32.804732" lon="-110.793989">
        <ele>903.0</ele>
      </trkpt>
      <trkpt lat="32.80503" lon="-110.794488">
        <ele>904.4</ele>
      </trkpt>
      <trkpt lat="32.805197" lon="-110.795186">
        <ele>908.0</ele>
      </trkpt>
      <trkpt lat="32.805625" lon="-110.796112">
        <ele>915.0</ele>
      </trkpt>
      <trkpt lat="32.805918" lon="-110.796381">
        <ele>915.2</ele>
      </trkpt>
      <trkpt lat="32.806023" lon="-110.796694">
        <ele>916.0</ele>
      </trkpt>
      <trkpt lat="32.806475" lon="-110.797174">
        <ele>924.4</ele>
      </trkpt>
      <trkpt lat="32.80689" lon="-110.798002">
        <ele>916.4</ele>
      </trkpt>
      <trkpt lat="32.807015" lon="-110.798968">
        <ele>924.0</ele>
      </trkpt>
      <trkpt lat="32.806936" lon="-110.799435">
        <ele>926.5</ele>
      </trkpt>
      <trkpt lat="32.807181" lon="-110.800147">
        <ele>926.5</ele>
      </trkpt>
      <trkpt lat="32.807194" lon="-110.800585">
        <ele>926.7</ele>
      </trkpt>
      <trkpt lat="32.807691" lon="-110.801302">
        <ele>932.5</ele>
      </trkpt>
      <trkpt lat="32.808152" lon="-110.801295">
        <ele>935.4</ele>
      </trkpt>
      <trkpt lat="32.808449" lon="-110.801429">
        <ele>936.2</ele>
      </trkpt>
      <trkpt lat="32.808808" lon="-110.801406">
        <ele>937.0</ele>
      </trkpt>
      <trkpt lat="32.80907" lon="-110.80106">
        <ele>932.5</ele>
      </trkpt>
      <trkpt lat="32.809142" lon="-110.800578">
        <ele>928.2</ele>
      </trkpt>
      <trkpt lat="32.80953" lon="-110.800129">
        <ele>927.0</ele>
      </trkpt>
      <trkpt lat="32.811278" lon="-110.799691">
        <ele>917.7</ele>
      </trkpt>
      <trkpt lat="32.812122" lon="-110.799798">
        <ele>915.2</ele>
      </trkpt>
      <trkpt lat="32.812229" lon="-110.799879">
        <ele>915.4</ele>
      </trkpt>
      <trkpt lat="32.812562" lon="-110.800818">
        <ele>918.4</ele>
      </trkpt>
      <trkpt lat="32.813118" lon="-110.801872">
        <ele>925.2</ele>
      </trkpt>
      <trkpt lat="32.813384" lon="-110.80215">
        <ele>927.2</ele>
      </trkpt>
      <trkpt lat="32.813958" lon="-110.802511">
        <ele>928.2</ele>
      </trkpt>
      <trkpt lat="32.814574" lon="-110.803598">
        <ele>934.5</ele>
      </trkpt>
      <trkpt lat="32.814876" lon="-110.803981">
        <ele>937.5</ele>
      </trkpt>
      <trkpt lat="32.816004" lon="-110.805048">
        <ele>941.4</ele>
      </trkpt>
      <trkpt lat="32.816499" lon="-110.80536">
        <ele>945.5</ele>
      </trkpt>
      <trkpt lat="32.816871" lon="-110.806114">
        <ele>950.5</ele>
      </trkpt>
      <trkpt lat="32.817551" lon="-110.806505">
        <ele>952.0</ele>
      </trkpt>
      <trkpt lat="32.817912" lon="-110.806301">
        <ele>951.0</ele>
      </trkpt>
      <trkpt lat="32.818879" lon="-110.806155">
        <ele>949.2</ele>
      </trkpt>
      <trkpt lat="32.819007" lon="-110.806014">
        <ele>948.4</ele>
      </trkpt>
      <trkpt lat="32.819007" lon="-110.805665">
        <ele>945.4</ele>
      </trkpt>
      <trkpt lat="32.819116" lon="-110.805342">
        <ele>942.5</ele>
      </trkpt>
      <trkpt lat="32.81927" lon="-110.805225">
        <ele>940.0</ele>
      </trkpt>
      <trkpt lat="32.820478" lon="-110.805158">
        <ele>932.5</ele>
      </trkpt>
      <trkpt lat="32.820709" lon="-110.805289">
        <ele>934.5</ele>
      </trkpt>
      <trkpt lat="32.821198" lon="-110.806131">
        <ele>936.5</ele>
      </trkpt>
      <trkpt lat="32.821742" lon="-110.806532">
        <ele>950.4</ele>
      </trkpt>
      <trkpt lat="32.82202" lon="-110.806446">
        <ele>950.0</ele>
      </trkpt>
      <trkpt lat="32.822656" lon="-110.806503">
        <ele>933.4</ele>
      </trkpt>
      <trkpt lat="32.823036" lon="-110.80685">
        <ele>926.0</ele>
      </trkpt>
      <trkpt lat="32.823208" lon="-110.807129">
        <ele>923.2</ele>
      </trkpt>
      <trkpt lat="32.823489" lon="-110.807002">
        <ele>923.5</ele>
      </trkpt>
      <trkpt lat="32.823729" lon="-110.807004">
        <ele>923.2</ele>
      </trkpt>
      <trkpt lat="32.824115" lon="-110.807258">
        <ele>923.2</ele>
      </trkpt>
      <trkpt lat="32.82434" lon="-110.807572">
        <ele>924.4</ele>
      </trkpt>
      <trkpt lat="32.824731" lon="-110.808515">
        <ele>928.4</ele>
      </trkpt>
      <trkpt lat="32.824835" lon="-110.808992">
        <ele>930.5</ele>
      </trkpt>
      <trkpt lat="32.824793" lon="-110.809336">
        <ele>931.7</ele>
      </trkpt>
      <trkpt lat="32.824309" lon="-110.810488">
        <ele>934.0</ele>
      </trkpt>
      <trkpt lat="32.824177" lon="-110.811127">
        <ele>934.7</ele>
      </trkpt>
      <trkpt lat="32.824202" lon="-110.811505">
        <ele>936.0</ele>
      </trkpt>
      <trkpt lat="32.824626" lon="-110.81225">
        <ele>937.4</ele>
      </trkpt>
      <trkpt lat="32.824886" lon="-110.812048">
        <ele>938.7</ele>
      </trkpt>
      <trkpt lat="32.824959" lon="-110.811786">
        <ele>938.0</ele>
      </trkpt>
      <trkpt lat="32.825432" lon="-110.811805">
        <ele>948.2</ele>
      </trkpt>
      <trkpt lat="32.825128" lon="-110.812025">
        <ele>946.2</ele>
      </trkpt>
      <trkpt lat="32.825142" lon="-110.812391">
        <ele>954.0</ele>
      </trkpt>
      <trkpt lat="32.82556" lon="-110.812547">
        <ele>961.4</ele>
      </trkpt>
      <trkpt lat="32.825843" lon="-110.812491">
        <ele>966.2</ele>
      </trkpt>
      <trkpt lat="32.826034" lon="-110.812622">
        <ele>968.5</ele>
      </trkpt>
      <trkpt lat="32.825982" lon="-110.812411">
        <ele>968.7</ele>
      </trkpt>
      <trkpt lat="32.826286" lon="-110.812581">
        <ele>973.2</ele>
      </trkpt>
      <trkpt lat="32.826576" lon="-110.812892">
        <ele>977.2</ele>
      </trkpt>
      <trkpt lat="32.826858" lon="-110.813037">
        <ele>977.7</ele>
      </trkpt>
      <trkpt lat="32.82708" lon="-110.813336">
        <ele>977.4</ele>
      </trkpt>
      <trkpt lat="32.82725" lon="-110.814071">
        <ele>977.0</ele>
      </trkpt>
      <trkpt lat="32.827866" lon="-110.814711">
        <ele>978.5</ele>
      </trkpt>
      <trkpt lat="32.828032" lon="-110.815084">
        <ele>981.0</ele>
      </trkpt>
      <trkpt lat="32.828207" lon="-110.815843">
        <ele>987.5</ele>
      </trkpt>
      <trkpt lat="32.828214" lon="-110.81639">
        <ele>990.2</ele>
      </trkpt>
      <trkpt lat="32.828668" lon="-110.816695">
        <ele>999.2</ele>
      </trkpt>
      <trkpt lat="32.828968" lon="-110.817082">
        <ele>1003.0</ele>
      </trkpt>
      <trkpt lat="32.829455" lon="-110.817263">
        <ele>1011.2</ele>
      </trkpt>
      <trkpt lat="32.829456" lon="-110.817408">
        <ele>1012.7</ele>
      </trkpt>
      <trkpt lat="32.829746" lon="-110.817491">
        <ele>1016.0</ele>
      </trkpt>
      <trkpt lat="32.829805" lon="-110.817248">
        <ele>1015.7</ele>
      </trkpt>
      <trkpt lat="32.830056" lon="-110.817189">
        <ele>1017.7</ele>
      </trkpt>
      <trkpt lat="32.829955" lon="-110.817308">
        <ele>1019.7</ele>
      </trkpt>
      <trkpt lat="32.83024" lon="-110.817945">
        <ele>1029.5</ele>
      </trkpt>
      <trkpt lat="32.830658" lon="-110.81822">
        <ele>1036.5</ele>
      </trkpt>
      <trkpt lat="32.831097" lon="-110.818274">
        <ele>1040.1</ele>
      </trkpt>
      <trkpt lat="32.831301" lon="-110.818386">
        <ele>1043.8</ele>
      </trkpt>
      <trkpt lat="32.831477" lon="-110.818645">
        <ele>1046.0</ele>
      </trkpt>
      <trkpt lat="32.831552" lon="-110.818437">
        <ele>1047.5</ele>
      </trkpt>
      <trkpt lat="32.832327" lon="-110.819584">
        <ele>1063.1</ele>
      </trkpt>
      <trkpt lat="32.832814" lon="-110.819958">
        <ele>1061.8</ele>
      </trkpt>
      <trkpt lat="32.83314" lon="-110.820424">
        <ele>1065.5</ele>
      </trkpt>
      <trkpt lat="32.833349" lon="-110.820888">
        <ele>1064.0</ele>
      </trkpt>
      <trkpt lat="32.833551" lon="-110.821755">
        <ele>1068.5</ele>
      </trkpt>
      <trkpt lat="32.833466" lon="-110.822173">
        <ele>1074.0</ele>
      </trkpt>
      <trkpt lat="32.833567" lon="-110.822861">
        <ele>1079.8</ele>
      </trkpt>
      <trkpt lat="32.833387" lon="-110.823607">
        <ele>1084.1</ele>
      </trkpt>
      <trkpt lat="32.833545" lon="-110.824226">
        <ele>1084.4</ele>
      </trkpt>
      <trkpt lat="32.833719" lon="-110.824553">
        <ele>1084.0</ele>
      </trkpt>
      <trkpt lat="32.83418" lon="-110.824718">
        <ele>1084.0</ele>
      </trkpt>
      <trkpt lat="32.834305" lon="-110.825256">
        <ele>1085.5</ele>
      </trkpt>
      <trkpt lat="32.834485" lon="-110.825459">
        <ele>1084.5</ele>
      </trkpt>
      <trkpt lat="32.834867" lon="-110.825426">
        <ele>1083.4</ele>
      </trkpt>
      <trkpt lat="32.834977" lon="-110.825558">
        <ele>1086.4</ele>
      </trkpt>
      <trkpt lat="32.834567" lon="-110.826293">
        <ele>1097.8</ele>
      </trkpt>
      <trkpt lat="32.834318" lon="-110.8279">
        <ele>1106.0</ele>
      </trkpt>
      <trkpt lat="32.833996" lon="-110.828298">
        <ele>1103.5</ele>
      </trkpt>
      <trkpt lat="32.83388" lon="-110.828642">
        <ele>1102.5</ele>
      </trkpt>
      <trkpt lat="32.833689" lon="-110.828821">
        <ele>1105.1</ele>
      </trkpt>
      <trkpt lat="32.83346" lon="-110.829608">
        <ele>1111.1</ele>
      </trkpt>
      <trkpt lat="32.83354" lon="-110.830116">
        <ele>1110.8</ele>
      </trkpt>
      <trkpt lat="32.833675" lon="-110.830428">
        <ele>1110.8</ele>
      </trkpt>
      <trkpt lat="32.834066" lon="-110.830748">
        <ele>1111.5</ele>
      </trkpt>
      <trkpt lat="32.834364" lon="-110.831159">
        <ele>1113.5</ele>
      </trkpt>
      <trkpt lat="32.83476" lon="-110.831977">
        <ele>1117.4</ele>
      </trkpt>
      <trkpt lat="32.834878" lon="-110.832513">
        <ele>1123.4</ele>
      </trkpt>
      <trkpt lat="32.835009" lon="-110.832579">
        <ele>1125.0</ele>
      </trkpt>
      <trkpt lat="32.835017" lon="-110.833126">
        <ele>1121.4</ele>
      </trkpt>
      <trkpt lat="32.835304" lon="-110.832676">
        <ele>1117.5</ele>
      </trkpt>
      <trkpt lat="32.835368" lon="-110.832941">
        <ele>1111.0</ele>
      </trkpt>
      <trkpt lat="32.835327" lon="-110.833155">
        <ele>1112.1</ele>
      </trkpt>
      <trkpt lat="32.83544" lon="-110.833553">
        <ele>1109.8</ele>
      </trkpt>
      <trkpt lat="32.835276" lon="-110.833863">
        <ele>1107.4</ele>
      </trkpt>
      <trkpt lat="32.835192" lon="-110.834513">
        <ele>1100.0</ele>
      </trkpt>
      <trkpt lat="32.835715" lon="-110.833968">
        <ele>1094.5</ele>
      </trkpt>
      <trkpt lat="32.835968" lon="-110.833894">
        <ele>1089.1</ele>
      </trkpt>
      <trkpt lat="32.836269" lon="-110.833644">
        <ele>1086.4</ele>
      </trkpt>
      <trkpt lat="32.836404" lon="-110.833793">
        <ele>1084.1</ele>
      </trkpt>
      <trkpt lat="32.836764" lon="-110.833855">
        <ele>1078.8</ele>
      </trkpt>
      <trkpt lat="32.836728" lon="-110.834329">
        <ele>1076.8</ele>
      </trkpt>
      <trkpt lat="32.836795" lon="-110.834459">
        <ele>1076.1</ele>
      </trkpt>
      <trkpt lat="32.836602" lon="-110.834654">
        <ele>1076.8</ele>
      </trkpt>
      <trkpt lat="32.836211" lon="-110.835428">
        <ele>1080.0</ele>
      </trkpt>
      <trkpt lat="32.835977" lon="-110.835684">
        <ele>1081.8</ele>
      </trkpt>
      <trkpt lat="32.835786" lon="-110.836204">
        <ele>1085.0</ele>
      </trkpt>
      <trkpt lat="32.835766" lon="-110.836632">
        <ele>1085.0</ele>
      </trkpt>
      <trkpt lat="32.835863" lon="-110.837049">
        <ele>1085.0</ele>
      </trkpt>
      <trkpt lat="32.835828" lon="-110.837196">
        <ele>1085.0</ele>
      </trkpt>
      <trkpt lat="32.835972" lon="-110.837269">
        <ele>1085.4</ele>
      </trkpt>
      <trkpt lat="32.836118" lon="-110.837531">
        <ele>1085.1</ele>
      </trkpt>
      <trkpt lat="32.836419" lon="-110.837332">
        <ele>1085.0</ele>
      </trkpt>
      <trkpt lat="32.836585" lon="-110.83741">
        <ele>1085.0</ele>
      </trkpt>
      <trkpt lat="32.836571" lon="-110.837705">
        <ele>1085.0</ele>
      </trkpt>
      <trkpt lat="32.836463" lon="-110.837851">
        <ele>1085.0</ele>
      </trkpt>
      <trkpt lat="32.836272" lon="-110.838563">
        <ele>1086.1</ele>
      </trkpt>
      <trkpt lat="32.836028" lon="-110.838937">
        <ele>1089.1</ele>
      </trkpt>
      <trkpt lat="32.835971" lon="-110.839598">
        <ele>1096.8</ele>
      </trkpt>
      <trkpt lat="32.836157" lon="-110.84002">
        <ele>1098.0</ele>
      </trkpt>
      <trkpt lat="32.836086" lon="-110.840171">
        <ele>1098.0</ele>
      </trkpt>
      <trkpt lat="32.836093" lon="-110.840618">
        <ele>1098.0</ele>
      </trkpt>
      <trkpt lat="32.835788" lon="-110.841531">
        <ele>1100.0</ele>
      </trkpt>
      <trkpt lat="32.83585" lon="-110.842153">
        <ele>1101.1</ele>
      </trkpt>
      <trkpt lat="32.835772" lon="-110.842427">
        <ele>1104.5</ele>
      </trkpt>
      <trkpt lat="32.835894" lon="-110.84295">
        <ele>1109.0</ele>
      </trkpt>
      <trkpt lat="32.835908" lon="-110.843987">
        <ele>1110.0</ele>
      </trkpt>
      <trkpt lat="32.835828" lon="-110.844875">
        <ele>1111.0</ele>
      </trkpt>
      <trkpt lat="32.836309" lon="-110.845444">
        <ele>1115.5</ele>
      </trkpt>
      <trkpt lat="32.836703" lon="-110.84559">
        <ele>1119.5</ele>
      </trkpt>
      <trkpt lat="32.836947" lon="-110.845931">
        <ele>1121.4</ele>
      </trkpt>
      <trkpt lat="32.8376" lon="-110.846489">
        <ele>1125.1</ele>
      </trkpt>
      <trkpt lat="32.838057" lon="-110.846695">
        <ele>1131.4</ele>
      </trkpt>
      <trkpt lat="32.838574" lon="-110.846692">
        <ele>1136.1</ele>
      </trkpt>
      <trkpt lat="32.839424" lon="-110.84691">
        <ele>1139.0</ele>
      </trkpt>
      <trkpt lat="32.839663" lon="-110.847106">
        <ele>1142.4</ele>
      </trkpt>
      <trkpt lat="32.84003" lon="-110.847635">
        <ele>1145.8</ele>
      </trkpt>
      <trkpt lat="32.840283" lon="-110.84771">
        <ele>1144.4</ele>
      </trkpt>
      <trkpt lat="32.840578" lon="-110.847624">
        <ele>1139.0</ele>
      </trkpt>
      <trkpt lat="32.840915" lon="-110.847301">
        <ele>1136.0</ele>
      </trkpt>
      <trkpt lat="32.841078" lon="-110.847882">
        <ele>1133.8</ele>
      </trkpt>
      <trkpt lat="32.841155" lon="-110.847847">
        <ele>1132.1</ele>
      </trkpt>
      <trkpt lat="32.841126" lon="-110.848038">
        <ele>1131.0</ele>
      </trkpt>
      <trkpt lat="32.841327" lon="-110.848158">
        <ele>1126.5</ele>
      </trkpt>
      <trkpt lat="32.841465" lon="-110.848121">
        <ele>1124.0</ele>
      </trkpt>
      <trkpt lat="32.841566" lon="-110.848228">
        <ele>1121.8</ele>
      </trkpt>
      <trkpt lat="32.842132" lon="-110.848086">
        <ele>1122.5</ele>
      </trkpt>
      <trkpt lat="32.842522" lon="-110.847663">
        <ele>1123.0</ele>
      </trkpt>
      <trkpt lat="32.842621" lon="-110.847423">
        <ele>1122.5</ele>
      </trkpt>
      <trkpt lat="32.842799" lon="-110.847274">
        <ele>1122.0</ele>
      </trkpt>
      <trkpt lat="32.842882" lon="-110.847026">
        <ele>1121.0</ele>
      </trkpt>
      <trkpt lat="32.843057" lon="-110.847145">
        <ele>1121.0</ele>
      </trkpt>
      <trkpt lat="32.843213" lon="-110.847116">
        <ele>1120.8</ele>
      </trkpt>
      <trkpt lat="32.843353" lon="-110.846722">
        <ele>1121.0</ele>
      </trkpt>
      <trkpt lat="32.843919" lon="-110.846916">
        <ele>1130.4</ele>
      </trkpt>
      <trkpt lat="32.844039" lon="-110.8468">
        <ele>1131.1</ele>
      </trkpt>
      <trkpt lat="32.844599" lon="-110.846853">
        <ele>1133.5</ele>
      </trkpt>
      <trkpt lat="32.844707" lon="-110.846946">
        <ele>1133.8</ele>
      </trkpt>
      <trkpt lat="32.845059" lon="-110.846924">
        <ele>1132.4</ele>
      </trkpt>
      <trkpt lat="32.845191" lon="-110.84678">
        <ele>1130.1</ele>
      </trkpt>
      <trkpt lat="32.845399" lon="-110.846995">
        <ele>1131.0</ele>
      </trkpt>
      <trkpt lat="32.845444" lon="-110.846896">
        <ele>1131.0</ele>
      </trkpt>
      <trkpt lat="32.84557" lon="-110.8469">
        <ele>1131.5</ele>
      </trkpt>
      <trkpt lat="32.84561" lon="-110.846995">
        <ele>1132.5</ele>
      </trkpt>
      <trkpt lat="32.846041" lon="-110.846743">
        <ele>1135.0</ele>
      </trkpt>
      <trkpt lat="32.846066" lon="-110.846586">
        <ele>1135.0</ele>
      </trkpt>
      <trkpt lat="32.846572" lon="-110.845837">
        <ele>1129.5</ele>
      </trkpt>
      <trkpt lat="32.846807" lon="-110.845684">
        <ele>1126.4</ele>
      </trkpt>
      <trkpt lat="32.847101" lon="-110.845226">
        <ele>1121.1</ele>
      </trkpt>
      <trkpt lat="32.847222" lon="-110.845637">
        <ele>1120.0</ele>
      </trkpt>
      <trkpt lat="32.847164" lon="-110.845795">
        <ele>1120.0</ele>
      </trkpt>
      <trkpt lat="32.847366" lon="-110.846162">
        <ele>1120.0</ele>
      </trkpt>
      <trkpt lat="32.847486" lon="-110.8462">
        <ele>1120.1</ele>
      </trkpt>
      <trkpt lat="32.847541" lon="-110.845998">
        <ele>1120.1</ele>
      </trkpt>
      <trkpt lat="32.847892" lon="-110.846193">
        <ele>1123.1</ele>
      </trkpt>
      <trkpt lat="32.84788" lon="-110.846095">
        <ele>1124.0</ele>
      </trkpt>
      <trkpt lat="32.848005" lon="-110.846073">
        <ele>1124.4</ele>
      </trkpt>
      <trkpt lat="32.847971" lon="-110.845848">
        <ele>1123.1</ele>
      </trkpt>
      <trkpt lat="32.848093" lon="-110.84532">
        <ele>1123.4</ele>
      </trkpt>
      <trkpt lat="32.848295" lon="-110.845307">
        <ele>1124.4</ele>
      </trkpt>
      <trkpt lat="32.848841" lon="-110.845657">
        <ele>1130.1</ele>
      </trkpt>
      <trkpt lat="32.848937" lon="-110.845592">
        <ele>1130.8</ele>
      </trkpt>
      <trkpt lat="32.849126" lon="-110.84512">
        <ele>1129.4</ele>
      </trkpt>
      <trkpt lat="32.849247" lon="-110.845012">
        <ele>1128.5</ele>
      </trkpt>
      <trkpt lat="32.850251" lon="-110.845649">
        <ele>1124.0</ele>
      </trkpt>
      <trkpt lat="32.850354" lon="-110.845454">
        <ele>1123.0</ele>
      </trkpt>
      <trkpt lat="32.850158" lon="-110.844914">
        <ele>1120.0</ele>
      </trkpt>
      <trkpt lat="32.850344" lon="-110.844945">
        <ele>1117.8</ele>
      </trkpt>
      <trkpt lat="32.850555" lon="-110.845131">
        <ele>1116.8</ele>
      </trkpt>
      <trkpt lat="32.851039" lon="-110.845136">
        <ele>1112.8</ele>
      </trkpt>
      <trkpt lat="32.851371" lon="-110.845345">
        <ele>1116.4</ele>
      </trkpt>
      <trkpt lat="32.85149" lon="-110.8453">
        <ele>1116.8</ele>
      </trkpt>
      <trkpt lat="32.851816" lon="-110.845666">
        <ele>1119.1</ele>
      </trkpt>
      <trkpt lat="32.851692" lon="-110.845742">
        <ele>1119.4</ele>
      </trkpt>
      <trkpt lat="32.851849" lon="-110.84586">
        <ele>1121.1</ele>
      </trkpt>
      <trkpt lat="32.851872" lon="-110.846165">
        <ele>1122.8</ele>
      </trkpt>
      <trkpt lat="32.851967" lon="-110.846154">
        <ele>1124.0</ele>
      </trkpt>
      <trkpt lat="32.852553" lon="-110.847061">
        <ele>1133.4</ele>
      </trkpt>
      <trkpt lat="32.852899" lon="-110.847175">
        <ele>1135.1</ele>
      </trkpt>
      <trkpt lat="32.853203" lon="-110.84746">
        <ele>1138.0</ele>
      </trkpt>
      <trkpt lat="32.853377" lon="-110.84783">
        <ele>1139.5</ele>
      </trkpt>
      <trkpt lat="32.85345" lon="-110.848308">
        <ele>1144.5</ele>
      </trkpt>
      <trkpt lat="32.853853" lon="-110.849528">
        <ele>1148.5</ele>
      </trkpt>
      <trkpt lat="32.85417" lon="-110.849686">
        <ele>1148.1</ele>
      </trkpt>
      <trkpt lat="32.854328" lon="-110.849874">
        <ele>1148.8</ele>
      </trkpt>
      <trkpt lat="32.854478" lon="-110.850279">
        <ele>1146.4</ele>
      </trkpt>
      <trkpt lat="32.854366" lon="-110.850637">
        <ele>1146.4</ele>
      </trkpt>
      <trkpt lat="32.854447" lon="-110.851119">
        <ele>1151.1</ele>
      </trkpt>
      <trkpt lat="32.854404" lon="-110.851245">
        <ele>1152.1</ele>
      </trkpt>
      <trkpt lat="32.854542" lon="-110.851549">
        <ele>1153.5</ele>
      </trkpt>
      <trkpt lat="32.854539" lon="-110.852086">
        <ele>1158.5</ele>
      </trkpt>
      <trkpt lat="32.854653" lon="-110.852393">
        <ele>1160.0</ele>
      </trkpt>
      <trkpt lat="32.854598" lon="-110.852838">
        <ele>1165.0</ele>
      </trkpt>
      <trkpt lat="32.854841" lon="-110.853407">
        <ele>1168.8</ele>
      </trkpt>
      <trkpt lat="32.854757" lon="-110.853621">
        <ele>1168.1</ele>
      </trkpt>
      <trkpt lat="32.855033" lon="-110.854002">
        <ele>1170.0</ele>
      </trkpt>
      <trkpt lat="32.855797" lon="-110.854494">
        <ele>1174.0</ele>
      </trkpt>
      <trkpt lat="32.856291" lon="-110.854434">
        <ele>1177.5</ele>
      </trkpt>
      <trkpt lat="32.856842" lon="-110.854794">
        <ele>1175.1</ele>
      </trkpt>
      <trkpt lat="32.856924" lon="-110.854951">
        <ele>1175.0</ele>
      </trkpt>
      <trkpt lat="32.856952" lon="-110.85558">
        <ele>1178.4</ele>
      </trkpt>
      <trkpt lat="32.857118" lon="-110.855951">
        <ele>1179.5</ele>
      </trkpt>
      <trkpt lat="32.85727" lon="-110.85608">
        <ele>1181.0</ele>
      </trkpt>
      <trkpt lat="32.857284" lon="-110.856216">
        <ele>1181.8</ele>
      </trkpt>
      <trkpt lat="32.857597" lon="-110.856238">
        <ele>1182.4</ele>
      </trkpt>
      <trkpt lat="32.85783" lon="-110.856492">
        <ele>1181.8</ele>
      </trkpt>
      <trkpt lat="32.857824" lon="-110.857087">
        <ele>1184.4</ele>
      </trkpt>
      <trkpt lat="32.857704" lon="-110.857207">
        <ele>1186.5</ele>
      </trkpt>
      <trkpt lat="32.857706" lon="-110.857333">
        <ele>1186.5</ele>
      </trkpt>
      <trkpt lat="32.858218" lon="-110.857591">
        <ele>1185.8</ele>
      </trkpt>
      <trkpt lat="32.858427" lon="-110.857531">
        <ele>1186.0</ele>
      </trkpt>
      <trkpt lat="32.858595" lon="-110.857657">
        <ele>1187.4</ele>
      </trkpt>
      <trkpt lat="32.858894" lon="-110.858247">
        <ele>1192.1</ele>
      </trkpt>
      <trkpt lat="32.85906" lon="-110.85822">
        <ele>1193.0</ele>
      </trkpt>
      <trkpt lat="32.859108" lon="-110.858589">
        <ele>1195.4</ele>
      </trkpt>
      <trkpt lat="32.859192" lon="-110.858596">
        <ele>1196.4</ele>
      </trkpt>
      <trkpt lat="32.859206" lon="-110.859293">
        <ele>1200.5</ele>
      </trkpt>
      <trkpt lat="32.858981" lon="-110.859382">
        <ele>1197.5</ele>
      </trkpt>
      <trkpt lat="32.85888" lon="-110.859733">
        <ele>1201.5</ele>
      </trkpt>
      <trkpt lat="32.858839" lon="-110.860417">
        <ele>1206.5</ele>
      </trkpt>
      <trkpt lat="32.858618" lon="-110.86068">
        <ele>1206.0</ele>
      </trkpt>
      <trkpt lat="32.858611" lon="-110.860793">
        <ele>1206.4</ele>
      </trkpt>
      <trkpt lat="32.858338" lon="-110.861066">
        <ele>1206.0</ele>
      </trkpt>
      <trkpt lat="32.858266" lon="-110.861446">
        <ele>1207.1</ele>
      </trkpt>
      <trkpt lat="32.857626" lon="-110.861541">
        <ele>1208.4</ele>
      </trkpt>
      <trkpt lat="32.857545" lon="-110.861692">
        <ele>1209.8</ele>
      </trkpt>
      <trkpt lat="32.857337" lon="-110.861627">
        <ele>1212.0</ele>
      </trkpt>
      <trkpt lat="32.856955" lon="-110.861897">
        <ele>1216.4</ele>
      </trkpt>
      <trkpt lat="32.856875" lon="-110.862163">
        <ele>1217.8</ele>
      </trkpt>
      <trkpt lat="32.856505" lon="-110.862562">
        <ele>1224.5</ele>
      </trkpt>
      <trkpt lat="32.856406" lon="-110.862544">
        <ele>1226.1</ele>
      </trkpt>
      <trkpt lat="32.856333" lon="-110.862856">
        <ele>1225.5</ele>
      </trkpt>
      <trkpt lat="32.855945" lon="-110.863482">
        <ele>1230.4</ele>
      </trkpt>
      <trkpt lat="32.855524" lon="-110.864462">
        <ele>1237.1</ele>
      </trkpt>
      <trkpt lat="32.855511" lon="-110.864709">
        <ele>1235.0</ele>
      </trkpt>
      <trkpt lat="32.855823" lon="-110.864948">
        <ele>1231.8</ele>
      </trkpt>
      <trkpt lat="32.856067" lon="-110.865348">
        <ele>1230.1</ele>
      </trkpt>
      <trkpt lat="32.856749" lon="-110.86554">
        <ele>1225.5</ele>
      </trkpt>
      <trkpt lat="32.857405" lon="-110.86648">
        <ele>1229.4</ele>
      </trkpt>
      <trkpt lat="32.857743" lon="-110.86678">
        <ele>1229.1</ele>
      </trkpt>
      <trkpt lat="32.857819" lon="-110.867099">
        <ele>1225.8</ele>
      </trkpt>
      <trkpt lat="32.857401" lon="-110.867993">
        <ele>1220.4</ele>
      </trkpt>
      <trkpt lat="32.857425" lon="-110.869074">
        <ele>1219.0</ele>
      </trkpt>
      <trkpt lat="32.857846" lon="-110.86929">
        <ele>1219.1</ele>
      </trkpt>
      <trkpt lat="32.85824" lon="-110.869631">
        <ele>1221.0</ele>
      </trkpt>
      <trkpt lat="32.858803" lon="-110.869783">
        <ele>1223.0</ele>
      </trkpt>
      <trkpt lat="32.859727" lon="-110.870596">
        <ele>1228.0</ele>
      </trkpt>
      <trkpt lat="32.86078" lon="-110.871008">
        <ele>1227.1</ele>
      </trkpt>
      <trkpt lat="32.861938" lon="-110.870789">
        <ele>1228.8</ele>
      </trkpt>
      <trkpt lat="32.86347" lon="-110.87175">
        <ele>1225.0</ele>
      </trkpt>
      <trkpt lat="32.864388" lon="-110.87267">
        <ele>1221.0</ele>
      </trkpt>
      <trkpt lat="32.864821" lon="-110.872796">
        <ele>1220.1</ele>
      </trkpt>
      <trkpt lat="32.865411" lon="-110.873261">
        <ele>1219.5</ele>
      </trkpt>
      <trkpt lat="32.866093" lon="-110.873999">
        <ele>1219.8</ele>
      </trkpt>
      <trkpt lat="32.866456" lon="-110.874017">
        <ele>1219.4</ele>
      </trkpt>
      <trkpt lat="32.86781" lon="-110.87531">
        <ele>1217.5</ele>
      </trkpt>
      <trkpt lat="32.868115" lon="-110.87542">
        <ele>1216.4</ele>
      </trkpt>
      <trkpt lat="32.868554" lon="-110.87575">
        <ele>1215.8</ele>
      </trkpt>
      <trkpt lat="32.868792" lon="-110.875829">
        <ele>1215.5</ele>
      </trkpt>
      <trkpt lat="32.869093" lon="-110.87579">
        <ele>1214.1</ele>
      </trkpt>
      <trkpt lat="32.87109" lon="-110.876348">
        <ele>1208.0</ele>
      </trkpt>
      <trkpt lat="32.872574" lon="-110.877005">
        <ele>1207.4</ele>
      </trkpt>
      <trkpt lat="32.872746" lon="-110.877603">
        <ele>1207.0</ele>
      </trkpt>
      <trkpt lat="32.872909" lon="-110.87769">
        <ele>1207.0</ele>
      </trkpt>
      <trkpt lat="32.873204" lon="-110.878433">
        <ele>1209.0</ele>
      </trkpt>
      <trkpt lat="32.872904" lon="-110.878929">
        <ele>1211.1</ele>
      </trkpt>
      <trkpt lat="32.872785" lon="-110.878998">
        <ele>1211.8</ele>
      </trkpt>
      <trkpt lat="32.872701" lon="-110.879199">
        <ele>1213.5</ele>
      </trkpt>
      <trkpt lat="32.872718" lon="-110.879417">
        <ele>1214.8</ele>
      </trkpt>
      <trkpt lat="32.872824" lon="-110.879593">
        <ele>1215.8</ele>
      </trkpt>
      <trkpt lat="32.872878" lon="-110.88004">
        <ele>1218.0</ele>
      </trkpt>
      <trkpt lat="32.872739" lon="-110.880331">
        <ele>1219.4</ele>
      </trkpt>
      <trkpt lat="32.872788" lon="-110.880733">
        <ele>1219.5</ele>
      </trkpt>
      <trkpt lat="32.872656" lon="-110.880974">
        <ele>1219.4</ele>
      </trkpt>
      <trkpt lat="32.872664" lon="-110.881189">
        <ele>1219.8</ele>
      </trkpt>
      <trkpt lat="32.872501" lon="-110.881376">
        <ele>1220.0</ele>
      </trkpt>
      <trkpt lat="32.872283" lon="-110.881891">
        <ele>1220.1</ele>
      </trkpt>
      <trkpt lat="32.872149" lon="-110.882006">
        <ele>1220.4</ele>
      </trkpt>
      <trkpt lat="32.871961" lon="-110.882575">
        <ele>1222.0</ele>
      </trkpt>
      <trkpt lat="32.871783" lon="-110.882738">
        <ele>1222.4</ele>
      </trkpt>
      <trkpt lat="32.871296" lon="-110.882632">
        <ele>1223.0</ele>
      </trkpt>
      <trkpt lat="32.871187" lon="-110.88276">
        <ele>1223.0</ele>
      </trkpt>
      <trkpt lat="32.871328" lon="-110.883005">
        <ele>1223.1</ele>
      </trkpt>
      <trkpt lat="32.871482" lon="-110.883678">
        <ele>1224.0</ele>
      </trkpt>
      <trkpt lat="32.871443" lon="-110.884047">
        <ele>1224.0</ele>
      </trkpt>
      <trkpt lat="32.871901" lon="-110.884976">
        <ele>1223.0</ele>
      </trkpt>
      <trkpt lat="32.871881" lon="-110.88521">
        <ele>1222.8</ele>
      </trkpt>
      <trkpt lat="32.872089" lon="-110.88573">
        <ele>1222.0</ele>
      </trkpt>
      <trkpt lat="32.87195" lon="-110.88597">
        <ele>1221.0</ele>
      </trkpt>
      <trkpt lat="32.872386" lon="-110.887054">
        <ele>1218.1</ele>
      </trkpt>
      <trkpt lat="32.872405" lon="-110.887358">
        <ele>1215.8</ele>
      </trkpt>
      <trkpt lat="32.872552" lon="-110.88775">
        <ele>1215.5</ele>
      </trkpt>
      <trkpt lat="32.872624" lon="-110.888257">
        <ele>1215.5</ele>
      </trkpt>
      <trkpt lat="32.872517" lon="-110.888566">
        <ele>1214.5</ele>
      </trkpt>
      <trkpt lat="32.872622" lon="-110.888674">
        <ele>1215.4</ele>
      </trkpt>
      <trkpt lat="32.872957" lon="-110.888739">
        <ele>1217.5</ele>
      </trkpt>
      <trkpt lat="32.873145" lon="-110.889329">
        <ele>1218.4</ele>
      </trkpt>
      <trkpt lat="32.873038" lon="-110.889872">
        <ele>1215.1</ele>
      </trkpt>
      <trkpt lat="32.873317" lon="-110.890473">
        <ele>1214.1</ele>
      </trkpt>
      <trkpt lat="32.873303" lon="-110.890826">
        <ele>1213.0</ele>
      </trkpt>
      <trkpt lat="32.886831" lon="-110.898964">
        <ele>1210.1</ele>
      </trkpt>
      <trkpt lat="32.886789" lon="-110.899521">
        <ele>1209.0</ele>
      </trkpt>
      <trkpt lat="32.886863" lon="-110.899856">
        <ele>1208.0</ele>
      </trkpt>
      <trkpt lat="32.886787" lon="-110.900079">
        <ele>1207.0</ele>
      </trkpt>
      <trkpt lat="32.886848" lon="-110.900642">
        <ele>1206.4</ele>
      </trkpt>
      <trkpt lat="32.886716" lon="-110.90088">
        <ele>1206.0</ele>
      </trkpt>
      <trkpt lat="32.886836" lon="-110.901188">
        <ele>1205.8</ele>
      </trkpt>
      <trkpt lat="32.886656" lon="-110.901931">
        <ele>1204.5</ele>
      </trkpt>
      <trkpt lat="32.886491" lon="-110.901993">
        <ele>1203.8</ele>
      </trkpt>
      <trkpt lat="32.886603" lon="-110.902309">
        <ele>1202.5</ele>
      </trkpt>
      <trkpt lat="32.886519" lon="-110.902835">
        <ele>1201.5</ele>
      </trkpt>
      <trkpt lat="32.886814" lon="-110.90307">
        <ele>1201.0</ele>
      </trkpt>
      <trkpt lat="32.886836" lon="-110.903244">
        <ele>1201.0</ele>
      </trkpt>
      <trkpt lat="32.8863" lon="-110.9038">
        <ele>1200.1</ele>
      </trkpt>
      <trkpt lat="32.886282" lon="-110.903932">
        <ele>1200.0</ele>
      </trkpt>
      <trkpt lat="32.886552" lon="-110.904045">
        <ele>1201.0</ele>
      </trkpt>
      <trkpt lat="32.886606" lon="-110.904248">
        <ele>1201.1</ele>
      </trkpt>
      <trkpt lat="32.886252" lon="-110.90527">
        <ele>1200.8</ele>
      </trkpt>
      <trkpt lat="32.88608" lon="-110.905502">
        <ele>1200.0</ele>
      </trkpt>
      <trkpt lat="32.8862" lon="-110.905977">
        <ele>1200.4</ele>
      </trkpt>
      <trkpt lat="32.886364" lon="-110.90626">
        <ele>1200.8</ele>
      </trkpt>
      <trkpt lat="32.886315" lon="-110.906981">
        <ele>1199.1</ele>
      </trkpt>
      <trkpt lat="32.88664" lon="-110.907329">
        <ele>1199.8</ele>
      </trkpt>
      <trkpt lat="32.886398" lon="-110.90774">
        <ele>1198.0</ele>
      </trkpt>
      <trkpt lat="32.886512" lon="-110.908424">
        <ele>1196.0</ele>
      </trkpt>
      <trkpt lat="32.886699" lon="-110.908647">
        <ele>1195.0</ele>
      </trkpt>
      <trkpt lat="32.886705" lon="-110.90884">
        <ele>1195.4</ele>
      </trkpt>
      <trkpt lat="32.886817" lon="-110.909048">
        <ele>1196.1</ele>
      </trkpt>
      <trkpt lat="32.886879" lon="-110.909495">
        <ele>1197.0</ele>
      </trkpt>
      <trkpt lat="32.886972" lon="-110.909633">
        <ele>1197.0</ele>
      </trkpt>
      <trkpt lat="32.886955" lon="-110.909763">
        <ele>1197.0</ele>
      </trkpt>
      <trkpt lat="32.887234" lon="-110.910173">
        <ele>1196.4</ele>
      </trkpt>
      <trkpt lat="32.887116" lon="-110.910527">
        <ele>1196.0</ele>
      </trkpt>
      <trkpt lat="32.88715" lon="-110.910978">
        <ele>1195.4</ele>
      </trkpt>
      <trkpt lat="32.88731" lon="-110.91137">
        <ele>1194.1</ele>
      </trkpt>
      <trkpt lat="32.887455" lon="-110.911442">
        <ele>1193.0</ele>
      </trkpt>
      <trkpt lat="32.887737" lon="-110.912295">
        <ele>1191.8</ele>
      </trkpt>
      <trkpt lat="32.887639" lon="-110.912584">
        <ele>1191.1</ele>
      </trkpt>
      <trkpt lat="32.887799" lon="-110.91293">
        <ele>1190.5</ele>
      </trkpt>
      <trkpt lat="32.888005" lon="-110.913106">
        <ele>1191.5</ele>
      </trkpt>
      <trkpt lat="32.888196" lon="-110.913936">
        <ele>1190.0</ele>
      </trkpt>
      <trkpt lat="32.888354" lon="-110.914082">
        <ele>1190.1</ele>
      </trkpt>
      <trkpt lat="32.888401" lon="-110.91428">
        <ele>1190.5</ele>
      </trkpt>
      <trkpt lat="32.888511" lon="-110.914349">
        <ele>1190.1</ele>
      </trkpt>
      <trkpt lat="32.888585" lon="-110.9151">
        <ele>1189.4</ele>
      </trkpt>
      <trkpt lat="32.88874" lon="-110.91518">
        <ele>1189.8</ele>
      </trkpt>
      <trkpt lat="32.888753" lon="-110.915362">
        <ele>1189.0</ele>
      </trkpt>
      <trkpt lat="32.889201" lon="-110.915748">
        <ele>1189.8</ele>
      </trkpt>
      <trkpt lat="32.889707" lon="-110.915786">
        <ele>1190.5</ele>
      </trkpt>
      <trkpt lat="32.88984" lon="-110.915903">
        <ele>1191.0</ele>
      </trkpt>
      <trkpt lat="32.88991" lon="-110.916208">
        <ele>1190.8</ele>
      </trkpt>
      <trkpt lat="32.890079" lon="-110.916358">
        <ele>1191.0</ele>
      </trkpt>
      <trkpt lat="32.890259" lon="-110.916329">
        <ele>1191.0</ele>
      </trkpt>
      <trkpt lat="32.890504" lon="-110.916498">
        <ele>1191.0</ele>
      </trkpt>
      <trkpt lat="32.890482" lon="-110.916734">
        <ele>1191.0</ele>
      </trkpt>
      <trkpt lat="32.891056" lon="-110.917124">
        <ele>1193.0</ele>
      </trkpt>
      <trkpt lat="32.891056" lon="-110.917227">
        <ele>1193.0</ele>
      </trkpt>
      <trkpt lat="32.891244" lon="-110.91742">
        <ele>1193.0</ele>
      </trkpt>
      <trkpt lat="32.892217" lon="-110.917997">
        <ele>1194.0</ele>
      </trkpt>
      <trkpt lat="32.892823" lon="-110.918628">
        <ele>1187.8</ele>
      </trkpt>
      <trkpt lat="32.893455" lon="-110.918932">
        <ele>1184.0</ele>
      </trkpt>
      <trkpt lat="32.893648" lon="-110.919213">
        <ele>1183.1</ele>
      </trkpt>
      <trkpt lat="32.894087" lon="-110.91925">
        <ele>1183.0</ele>
      </trkpt>
      <trkpt lat="32.894332" lon="-110.919494">
        <ele>1183.1</ele>
      </trkpt>
      <trkpt lat="32.894612" lon="-110.919547">
        <ele>1183.8</ele>
      </trkpt>
      <trkpt lat="32.895182" lon="-110.920145">
        <ele>1184.0</ele>
      </trkpt>
      <trkpt lat="32.89539" lon="-110.920203">
        <ele>1183.1</ele>
      </trkpt>
      <trkpt lat="32.895668" lon="-110.920545">
        <ele>1183.0</ele>
      </trkpt>
      <trkpt lat="32.895851" lon="-110.920616">
        <ele>1183.0</ele>
      </trkpt>
      <trkpt lat="32.896228" lon="-110.921014">
        <ele>1183.8</ele>
      </trkpt>
      <trkpt lat="32.896872" lon="-110.921211">
        <ele>1184.0</ele>
      </trkpt>
      <trkpt lat="32.897244" lon="-110.921542">
        <ele>1184.0</ele>
      </trkpt>
      <trkpt lat="32.89759" lon="-110.921696">
        <ele>1184.0</ele>
      </trkpt>
      <trkpt lat="32.897985" lon="-110.922194">
        <ele>1183.1</ele>
      </trkpt>
      <trkpt lat="32.898401" lon="-110.922465">
        <ele>1182.1</ele>
      </trkpt>
      <trkpt lat="32.898764" lon="-110.922561">
        <ele>1182.0</ele>
      </trkpt>
      <trkpt lat="32.899631" lon="-110.923695">
        <ele>1183.0</ele>
      </trkpt>
      <trkpt lat="32.900227" lon="-110.924668">
        <ele>1183.0</ele>
      </trkpt>
      <trkpt lat="32.900222" lon="-110.925057">
        <ele>1183.0</ele>
      </trkpt>
      <trkpt lat="32.900737" lon="-110.926141">
        <ele>1181.5</ele>
      </trkpt>
      <trkpt lat="32.901193" lon="-110.926515">
        <ele>1177.8</ele>
      </trkpt>
      <trkpt lat="32.901353" lon="-110.92685">
        <ele>1176.1</ele>
      </trkpt>
      <trkpt lat="32.901204" lon="-110.927163">
        <ele>1175.4</ele>
      </trkpt>
      <trkpt lat="32.901168" lon="-110.927451">
        <ele>1174.5</ele>
      </trkpt>
      <trkpt lat="32.901378" lon="-110.92769">
        <ele>1173.0</ele>
      </trkpt>
      <trkpt lat="32.902022" lon="-110.927633">
        <ele>1172.0</ele>
      </trkpt>
      <trkpt lat="32.902169" lon="-110.927738">
        <ele>1171.0</ele>
      </trkpt>
      <trkpt lat="32.902402" lon="-110.927639">
        <ele>1171.0</ele>
      </trkpt>
      <trkpt lat="32.902633" lon="-110.92796">
        <ele>1171.0</ele>
      </trkpt>
      <trkpt lat="32.903067" lon="-110.928141">
        <ele>1170.0</ele>
      </trkpt>
      <trkpt lat="32.903062" lon="-110.928344">
        <ele>1169.1</ele>
      </trkpt>
      <trkpt lat="32.903222" lon="-110.928603">
        <ele>1169.0</ele>
      </trkpt>
      <trkpt lat="32.903121" lon="-110.928917">
        <ele>1169.0</ele>
      </trkpt>
      <trkpt lat="32.903443" lon="-110.929112">
        <ele>1170.0</ele>
      </trkpt>
      <trkpt lat="32.90361" lon="-110.929825">
        <ele>1171.0</ele>
      </trkpt>
      <trkpt lat="32.903498" lon="-110.930254">
        <ele>1170.1</ele>
      </trkpt>
      <trkpt lat="32.90363" lon="-110.930514">
        <ele>1169.8</ele>
      </trkpt>
      <trkpt lat="32.903758" lon="-110.931128">
        <ele>1168.1</ele>
      </trkpt>
      <trkpt lat="32.903951" lon="-110.931198">
        <ele>1168.0</ele>
      </trkpt>
      <trkpt lat="32.904048" lon="-110.931338">
        <ele>1167.5</ele>
      </trkpt>
      <trkpt lat="32.904134" lon="-110.932308">
        <ele>1163.0</ele>
      </trkpt>
      <trkpt lat="32.90408" lon="-110.932865">
        <ele>1162.1</ele>
      </trkpt>
      <trkpt lat="32.904142" lon="-110.933285">
        <ele>1161.8</ele>
      </trkpt>
      <trkpt lat="32.904045" lon="-110.933638">
        <ele>1161.1</ele>
      </trkpt>
      <trkpt lat="32.903678" lon="-110.934361">
        <ele>1160.0</ele>
      </trkpt>
      <trkpt lat="32.903787" lon="-110.93466">
        <ele>1159.4</ele>
      </trkpt>
      <trkpt lat="32.903729" lon="-110.935116">
        <ele>1158.8</ele>
      </trkpt>
      <trkpt lat="32.903587" lon="-110.935371">
        <ele>1157.0</ele>
      </trkpt>
      <trkpt lat="32.903737" lon="-110.935571">
        <ele>1156.8</ele>
      </trkpt>
      <trkpt lat="32.903467" lon="-110.935822">
        <ele>1156.1</ele>
      </trkpt>
      <trkpt lat="32.903547" lon="-110.936571">
        <ele>1157.8</ele>
      </trkpt>
      <trkpt lat="32.903761" lon="-110.936976">
        <ele>1159.1</ele>
      </trkpt>
      <trkpt lat="32.903874" lon="-110.93786">
        <ele>1155.0</ele>
      </trkpt>
      <trkpt lat="32.903789" lon="-110.938343">
        <ele>1156.1</ele>
      </trkpt>
      <trkpt lat="32.903841" lon="-110.938523">
        <ele>1156.0</ele>
      </trkpt>
      <trkpt lat="32.903731" lon="-110.938677">
        <ele>1158.0</ele>
      </trkpt>
      <trkpt lat="32.903658" lon="-110.93929">
        <ele>1156.0</ele>
      </trkpt>
      <trkpt lat="32.903793" lon="-110.939575">
        <ele>1155.0</ele>
      </trkpt>
      <trkpt lat="32.903757" lon="-110.940024">
        <ele>1152.8</ele>
      </trkpt>
      <trkpt lat="32.903616" lon="-110.940252">
        <ele>1152.1</ele>
      </trkpt>
      <trkpt lat="32.903612" lon="-110.940469">
        <ele>1151.4</ele>
      </trkpt>
      <trkpt lat="32.903333" lon="-110.940839">
        <ele>1151.0</ele>
      </trkpt>
      <trkpt lat="32.903308" lon="-110.941089">
        <ele>1151.0</ele>
      </trkpt>
      <trkpt lat="32.903503" lon="-110.941387">
        <ele>1150.0</ele>
      </trkpt>
      <trkpt lat="32.903709" lon="-110.942229">
        <ele>1149.4</ele>
      </trkpt>
      <trkpt lat="32.903623" lon="-110.942595">
        <ele>1148.5</ele>
      </trkpt>
      <trkpt lat="32.904038" lon="-110.94341">
        <ele>1148.0</ele>
      </trkpt>
      <trkpt lat="32.904137" lon="-110.944176">
        <ele>1147.0</ele>
      </trkpt>
      <trkpt lat="32.904093" lon="-110.945186">
        <ele>1146.0</ele>
      </trkpt>
      <trkpt lat="32.904148" lon="-110.945327">
        <ele>1145.5</ele>
      </trkpt>
      <trkpt lat="32.903996" lon="-110.94599">
        <ele>1143.1</ele>
      </trkpt>
      <trkpt lat="32.904046" lon="-110.946156">
        <ele>1142.1</ele>
      </trkpt>
      <trkpt lat="32.903982" lon="-110.946778">
        <ele>1138.5</ele>
      </trkpt>
      <trkpt lat="32.904069" lon="-110.947452">
        <ele>1134.0</ele>
      </trkpt>
      <trkpt lat="32.904035" lon="-110.94795">
        <ele>1134.0</ele>
      </trkpt>
      <trkpt lat="32.904179" lon="-110.94814">
        <ele>1134.0</ele>
      </trkpt>
      <trkpt lat="32.904351" lon="-110.94813">
        <ele>1134.0</ele>
      </trkpt>
      <trkpt lat="32.904501" lon="-110.948362">
        <ele>1134.0</ele>
      </trkpt>
      <trkpt lat="32.90459" lon="-110.948376">
        <ele>1134.0</ele>
      </trkpt>
      <trkpt lat="32.905009" lon="-110.948971">
        <ele>1134.0</ele>
      </trkpt>
      <trkpt lat="32.905213" lon="-110.948889">
        <ele>1133.0</ele>
      </trkpt>
      <trkpt lat="32.905412" lon="-110.949158">
        <ele>1133.0</ele>
      </trkpt>
      <trkpt lat="32.905437" lon="-110.949373">
        <ele>1132.5</ele>
      </trkpt>
      <trkpt lat="32.905613" lon="-110.949674">
        <ele>1132.0</ele>
      </trkpt>
      <trkpt lat="32.906022" lon="-110.949951">
        <ele>1132.0</ele>
      </trkpt>
      <trkpt lat="32.905979" lon="-110.950186">
        <ele>1133.0</ele>
      </trkpt>
      <trkpt lat="32.906174" lon="-110.950381">
        <ele>1134.0</ele>
      </trkpt>
      <trkpt lat="32.906364" lon="-110.951007">
        <ele>1133.8</ele>
      </trkpt>
      <trkpt lat="32.906768" lon="-110.951511">
        <ele>1130.8</ele>
      </trkpt>
      <trkpt lat="32.906903" lon="-110.951908">
        <ele>1130.1</ele>
      </trkpt>
      <trkpt lat="32.907247" lon="-110.952159">
        <ele>1129.0</ele>
      </trkpt>
      <trkpt lat="32.90757" lon="-110.953304">
        <ele>1123.0</ele>
      </trkpt>
      <trkpt lat="32.908192" lon="-110.953679">
        <ele>1122.1</ele>
      </trkpt>
      <trkpt lat="32.908377" lon="-110.954048">
        <ele>1123.0</ele>
      </trkpt>
      <trkpt lat="32.909036" lon="-110.954372">
        <ele>1123.0</ele>
      </trkpt>
      <trkpt lat="32.909443" lon="-110.954682">
        <ele>1121.4</ele>
      </trkpt>
      <trkpt lat="32.910545" lon="-110.955908">
        <ele>1117.4</ele>
      </trkpt>
      <trkpt lat="32.910899" lon="-110.956484">
        <ele>1115.1</ele>
      </trkpt>
      <trkpt lat="32.911212" lon="-110.956585">
        <ele>1113.5</ele>
      </trkpt>
      <trkpt lat="32.911338" lon="-110.956823">
        <ele>1113.0</ele>
      </trkpt>
      <trkpt lat="32.911344" lon="-110.957197">
        <ele>1111.1</ele>
      </trkpt>
      <trkpt lat="32.91153" lon="-110.957402">
        <ele>1111.4</ele>
      </trkpt>
      <trkpt lat="32.91207" lon="-110.958467">
        <ele>1110.0</ele>
      </trkpt>
      <trkpt lat="32.912134" lon="-110.958729">
        <ele>1109.5</ele>
      </trkpt>
      <trkpt lat="32.912249" lon="-110.958773">
        <ele>1108.5</ele>
      </trkpt>
      <trkpt lat="32.912309" lon="-110.9585">
        <ele>1109.4</ele>
      </trkpt>
      <trkpt lat="32.912401" lon="-110.958439">
        <ele>1108.5</ele>
      </trkpt>
      <trkpt lat="32.912714" lon="-110.958653">
        <ele>1103.8</ele>
      </trkpt>
      <trkpt lat="32.912888" lon="-110.958672">
        <ele>1104.8</ele>
      </trkpt>
      <trkpt lat="32.913457" lon="-110.959166">
        <ele>1107.4</ele>
      </trkpt>
      <trkpt lat="32.913662" lon="-110.959063">
        <ele>1108.1</ele>
      </trkpt>
      <trkpt lat="32.914214" lon="-110.9593">
        <ele>1109.0</ele>
      </trkpt>
      <trkpt lat="32.914844" lon="-110.959342">
        <ele>1107.8</ele>
      </trkpt>
      <trkpt lat="32.915008" lon="-110.959628">
        <ele>1106.5</ele>
      </trkpt>
      <trkpt lat="32.915188" lon="-110.960475">
        <ele>1101.8</ele>
      </trkpt>
      <trkpt lat="32.915404" lon="-110.960963">
        <ele>1100.1</ele>
      </trkpt>
      <trkpt lat="32.91576" lon="-110.961175">
        <ele>1099.5</ele>
      </trkpt>
      <trkpt lat="32.91633" lon="-110.961736">
        <ele>1097.0</ele>
      </trkpt>
      <trkpt lat="32.916432" lon="-110.961936">
        <ele>1096.4</ele>
      </trkpt>
      <trkpt lat="32.916978" lon="-110.962327">
        <ele>1094.4</ele>
      </trkpt>
      <trkpt lat="32.917053" lon="-110.962469">
        <ele>1094.0</ele>
      </trkpt>
      <trkpt lat="32.917015" lon="-110.962648">
        <ele>1093.1</ele>
      </trkpt>
      <trkpt lat="32.917085" lon="-110.962732">
        <ele>1092.5</ele>
      </trkpt>
      <trkpt lat="32.917206" lon="-110.963517">
        <ele>1091.1</ele>
      </trkpt>
      <trkpt lat="32.917451" lon="-110.963787">
        <ele>1089.8</ele>
      </trkpt>
      <trkpt lat="32.917862" lon="-110.963479">
        <ele>1088.0</ele>
      </trkpt>
      <trkpt lat="32.918169" lon="-110.963822">
        <ele>1087.4</ele>
      </trkpt>
      <trkpt lat="32.918622" lon="-110.963981">
        <ele>1087.0</ele>
      </trkpt>
      <trkpt lat="32.919005" lon="-110.964562">
        <ele>1086.0</ele>
      </trkpt>
      <trkpt lat="32.919196" lon="-110.964595">
        <ele>1086.0</ele>
      </trkpt>
      <trkpt lat="32.91932" lon="-110.964948">
        <ele>1085.1</ele>
      </trkpt>
      <trkpt lat="32.919548" lon="-110.965074">
        <ele>1085.0</ele>
      </trkpt>
      <trkpt lat="32.91969" lon="-110.965011">
        <ele>1085.0</ele>
      </trkpt>
      <trkpt lat="32.919825" lon="-110.965356">
        <ele>1086.0</ele>
      </trkpt>
      <trkpt lat="32.92053" lon="-110.965769">
        <ele>1086.1</ele>
      </trkpt>
      <trkpt lat="32.920844" lon="-110.965683">
        <ele>1086.8</ele>
      </trkpt>
      <trkpt lat="32.921315" lon="-110.965708">
        <ele>1086.8</ele>
      </trkpt>
      <trkpt lat="32.921529" lon="-110.965568">
        <ele>1085.4</ele>
      </trkpt>
      <trkpt lat="32.921805" lon="-110.965665">
        <ele>1085.0</ele>
      </trkpt>
      <trkpt lat="32.922262" lon="-110.965579">
        <ele>1085.0</ele>
      </trkpt>
      <trkpt lat="32.922531" lon="-110.965736">
        <ele>1085.0</ele>
      </trkpt>
      <trkpt lat="32.922632" lon="-110.965628">
        <ele>1085.0</ele>
      </trkpt>
      <trkpt lat="32.922728" lon="-110.9658">
        <ele>1085.0</ele>
      </trkpt>
      <trkpt lat="32.923397" lon="-110.966053">
        <ele>1085.1</ele>
      </trkpt>
      <trkpt lat="32.92378" lon="-110.96588">
        <ele>1086.4</ele>
      </trkpt>
      <trkpt lat="32.923889" lon="-110.965943">
        <ele>1087.1</ele>
      </trkpt>
      <trkpt lat="32.924013" lon="-110.965858">
        <ele>1088.0</ele>
      </trkpt>
      <trkpt lat="32.924222" lon="-110.966006">
        <ele>1089.1</ele>
      </trkpt>
      <trkpt lat="32.924987" lon="-110.965599">
        <ele>1092.0</ele>
      </trkpt>
      <trkpt lat="32.925373" lon="-110.965881">
        <ele>1096.0</ele>
      </trkpt>
      <trkpt lat="32.925483" lon="-110.966088">
        <ele>1096.0</ele>
      </trkpt>
      <trkpt lat="32.925708" lon="-110.966006">
        <ele>1096.0</ele>
      </trkpt>
      <trkpt lat="32.926222" lon="-110.965493">
        <ele>1094.1</ele>
      </trkpt>
      <trkpt lat="32.926399" lon="-110.965473">
        <ele>1093.8</ele>
      </trkpt>
      <trkpt lat="32.926876" lon="-110.965826">
        <ele>1093.4</ele>
      </trkpt>
      <trkpt lat="32.927523" lon="-110.965903">
        <ele>1090.4</ele>
      </trkpt>
      <trkpt lat="32.928188" lon="-110.966179">
        <ele>1090.1</ele>
      </trkpt>
      <trkpt lat="32.928427" lon="-110.966173">
        <ele>1087.1</ele>
      </trkpt>
      <trkpt lat="32.92871" lon="-110.966328">
        <ele>1086.8</ele>
      </trkpt>
      <trkpt lat="32.928719" lon="-110.96622">
        <ele>1085.5</ele>
      </trkpt>
      <trkpt lat="32.929156" lon="-110.966309">
        <ele>1084.5</ele>
      </trkpt>
      <trkpt lat="32.929083" lon="-110.966046">
        <ele>1084.0</ele>
      </trkpt>
      <trkpt lat="32.929282" lon="-110.966089">
        <ele>1083.5</ele>
      </trkpt>
      <trkpt lat="32.929603" lon="-110.965935">
        <ele>1083.0</ele>
      </trkpt>
      <trkpt lat="32.929986" lon="-110.966113">
        <ele>1081.0</ele>
      </trkpt>
      <trkpt lat="32.930079" lon="-110.965885">
        <ele>1081.0</ele>
      </trkpt>
      <trkpt lat="32.930432" lon="-110.96573">
        <ele>1080.8</ele>
      </trkpt>
      <trkpt lat="32.930521" lon="-110.96595">
        <ele>1080.4</ele>
      </trkpt>
      <trkpt lat="32.930754" lon="-110.965968">
        <ele>1083.5</ele>
      </trkpt>
      <trkpt lat="32.931097" lon="-110.966397">
        <ele>1084.5</ele>
      </trkpt>
      <trkpt lat="32.931583" lon="-110.966398">
        <ele>1091.0</ele>
      </trkpt>
      <trkpt lat="32.93177" lon="-110.966318">
        <ele>1093.5</ele>
      </trkpt>
      <trkpt lat="32.931418" lon="-110.966041">
        <ele>1094.0</ele>
      </trkpt>
      <trkpt lat="32.931294" lon="-110.965794">
        <ele>1093.4</ele>
      </trkpt>
      <trkpt lat="32.931348" lon="-110.965479">
        <ele>1096.0</ele>
      </trkpt>
      <trkpt lat="32.931479" lon="-110.965676">
        <ele>1097.1</ele>
      </trkpt>
      <trkpt lat="32.931714" lon="-110.96574">
        <ele>1098.8</ele>
      </trkpt>
      <trkpt lat="32.931846" lon="-110.965477">
        <ele>1097.5</ele>
      </trkpt>
      <trkpt lat="32.932206" lon="-110.965441">
        <ele>1097.4</ele>
      </trkpt>
      <trkpt lat="32.932496" lon="-110.96566">
        <ele>1098.0</ele>
      </trkpt>
      <trkpt lat="32.932834" lon="-110.965753">
        <ele>1098.0</ele>
      </trkpt>
      <trkpt lat="32.933079" lon="-110.965703">
        <ele>1097.4</ele>
      </trkpt>
      <trkpt lat="32.933171" lon="-110.965765">
        <ele>1097.0</ele>
      </trkpt>
      <trkpt lat="32.933239" lon="-110.965624">
        <ele>1096.1</ele>
      </trkpt>
      <trkpt lat="32.933414" lon="-110.965556">
        <ele>1095.5</ele>
      </trkpt>
      <trkpt lat="32.934406" lon="-110.965889">
        <ele>1095.5</ele>
      </trkpt>
      <trkpt lat="32.934741" lon="-110.965771">
        <ele>1094.8</ele>
      </trkpt>
      <trkpt lat="32.934677" lon="-110.965952">
        <ele>1093.5</ele>
      </trkpt>
      <trkpt lat="32.934901" lon="-110.966367">
        <ele>1088.8</ele>
      </trkpt>
      <trkpt lat="32.935311" lon="-110.96656">
        <ele>1086.1</ele>
      </trkpt>
      <trkpt lat="32.935564" lon="-110.966547">
        <ele>1085.0</ele>
      </trkpt>
      <trkpt lat="32.935637" lon="-110.966657">
        <ele>1085.0</ele>
      </trkpt>
      <trkpt lat="32.935626" lon="-110.966847">
        <ele>1085.0</ele>
      </trkpt>
      <trkpt lat="32.935875" lon="-110.966953">
        <ele>1084.0</ele>
      </trkpt>
      <trkpt lat="32.936785" lon="-110.966816">
        <ele>1082.5</ele>
      </trkpt>
      <trkpt lat="32.93694" lon="-110.966884">
        <ele>1082.1</ele>
      </trkpt>
      <trkpt lat="32.937125" lon="-110.967152">
        <ele>1081.0</ele>
      </trkpt>
      <trkpt lat="32.937334" lon="-110.967061">
        <ele>1080.5</ele>
      </trkpt>
      <trkpt lat="32.937472" lon="-110.967153">
        <ele>1079.0</ele>
      </trkpt>
      <trkpt lat="32.937733" lon="-110.967028">
        <ele>1077.8</ele>
      </trkpt>
      <trkpt lat="32.938345" lon="-110.967059">
        <ele>1075.1</ele>
      </trkpt>
      <trkpt lat="32.938474" lon="-110.96714">
        <ele>1074.5</ele>
      </trkpt>
      <trkpt lat="32.939131" lon="-110.966781">
        <ele>1075.0</ele>
      </trkpt>
      <trkpt lat="32.939557" lon="-110.966859">
        <ele>1073.8</ele>
      </trkpt>
      <trkpt lat="32.939951" lon="-110.966741">
        <ele>1073.0</ele>
      </trkpt>
      <trkpt lat="32.940534" lon="-110.966883">
        <ele>1073.0</ele>
      </trkpt>
      <trkpt lat="32.940762" lon="-110.967044">
        <ele>1072.1</ele>
      </trkpt>
      <trkpt lat="32.940928" lon="-110.966981">
        <ele>1071.5</ele>
      </trkpt>
      <trkpt lat="32.94137" lon="-110.967084">
        <ele>1070.0</ele>
      </trkpt>
      <trkpt lat="32.941854" lon="-110.966916">
        <ele>1068.8</ele>
      </trkpt>
      <trkpt lat="32.942193" lon="-110.967005">
        <ele>1068.0</ele>
      </trkpt>
      <trkpt lat="32.942701" lon="-110.966616">
        <ele>1067.4</ele>
      </trkpt>
      <trkpt lat="32.942903" lon="-110.966579">
        <ele>1066.0</ele>
      </trkpt>
      <trkpt lat="32.943374" lon="-110.966815">
        <ele>1064.0</ele>
      </trkpt>
      <trkpt lat="32.943666" lon="-110.966781">
        <ele>1063.1</ele>
      </trkpt>
      <trkpt lat="32.943873" lon="-110.966428">
        <ele>1062.4</ele>
      </trkpt>
      <trkpt lat="32.944395" lon="-110.966142">
        <ele>1062.0</ele>
      </trkpt>
      <trkpt lat="32.9444" lon="-110.966032">
        <ele>1062.0</ele>
      </trkpt>
      <trkpt lat="32.944547" lon="-110.965913">
        <ele>1062.8</ele>
      </trkpt>
      <trkpt lat="32.944733" lon="-110.965989">
        <ele>1063.4</ele>
      </trkpt>
      <trkpt lat="32.944741" lon="-110.96616">
        <ele>1063.0</ele>
      </trkpt>
      <trkpt lat="32.944868" lon="-110.966108">
        <ele>1063.0</ele>
      </trkpt>
      <trkpt lat="32.945199" lon="-110.966577">
        <ele>1062.5</ele>
      </trkpt>
      <trkpt lat="32.945379" lon="-110.96667">
        <ele>1062.0</ele>
      </trkpt>
      <trkpt lat="32.94556" lon="-110.966607">
        <ele>1061.0</ele>
      </trkpt>
      <trkpt lat="32.945591" lon="-110.966515">
        <ele>1061.4</ele>
      </trkpt>
      <trkpt lat="32.945746" lon="-110.966785">
        <ele>1061.0</ele>
      </trkpt>
      <trkpt lat="32.945897" lon="-110.96677">
        <ele>1061.0</ele>
      </trkpt>
      <trkpt lat="32.945839" lon="-110.966518">
        <ele>1061.5</ele>
      </trkpt>
      <trkpt lat="32.94625" lon="-110.966314">
        <ele>1065.4</ele>
      </trkpt>
      <trkpt lat="32.946447" lon="-110.965982">
        <ele>1068.8</ele>
      </trkpt>
      <trkpt lat="32.946786" lon="-110.965969">
        <ele>1069.0</ele>
      </trkpt>
      <trkpt lat="32.94686" lon="-110.966084">
        <ele>1068.0</ele>
      </trkpt>
      <trkpt lat="32.947136" lon="-110.966053">
        <ele>1068.0</ele>
      </trkpt>
      <trkpt lat="32.947374" lon="-110.966141">
        <ele>1068.0</ele>
      </trkpt>
      <trkpt lat="32.94764" lon="-110.966027">
        <ele>1068.1</ele>
      </trkpt>
      <trkpt lat="32.947823" lon="-110.966189">
        <ele>1068.0</ele>
      </trkpt>
      <trkpt lat="32.948085" lon="-110.9662">
        <ele>1068.0</ele>
      </trkpt>
      <trkpt lat="32.948518" lon="-110.965856">
        <ele>1068.5</ele>
      </trkpt>
      <trkpt lat="32.948639" lon="-110.96585">
        <ele>1068.4</ele>
      </trkpt>
      <trkpt lat="32.948997" lon="-110.966077">
        <ele>1066.0</ele>
      </trkpt>
      <trkpt lat="32.949354" lon="-110.965874">
        <ele>1066.0</ele>
      </trkpt>
      <trkpt lat="32.95" lon="-110.966034">
        <ele>1065.0</ele>
      </trkpt>
      <trkpt lat="32.950356" lon="-110.966007">
        <ele>1065.4</ele>
      </trkpt>
      <trkpt lat="32.950769" lon="-110.965818">
        <ele>1065.1</ele>
      </trkpt>
      <trkpt lat="32.950955" lon="-110.965636">
        <ele>1065.0</ele>
      </trkpt>
      <trkpt lat="32.951341" lon="-110.965476">
        <ele>1065.0</ele>
      </trkpt>
      <trkpt lat="32.951726" lon="-110.965562">
        <ele>1063.1</ele>
      </trkpt>
      <trkpt lat="32.951867" lon="-110.965476">
        <ele>1062.8</ele>
      </trkpt>
      <trkpt lat="32.952495" lon="-110.965428">
        <ele>1062.0</ele>
      </trkpt>
      <trkpt lat="32.952986" lon="-110.965076">
        <ele>1061.1</ele>
      </trkpt>
      <trkpt lat="32.95317" lon="-110.965055">
        <ele>1061.0</ele>
      </trkpt>
      <trkpt lat="32.953449" lon="-110.964866">
        <ele>1061.0</ele>
      </trkpt>
      <trkpt lat="32.954304" lon="-110.965152">
        <ele>1060.5</ele>
      </trkpt>
      <trkpt lat="32.954527" lon="-110.965321">
        <ele>1060.5</ele>
      </trkpt>
      <trkpt lat="32.955284" lon="-110.96533">
        <ele>1057.4</ele>
      </trkpt>
      <trkpt lat="32.955571" lon="-110.965098">
        <ele>1058.4</ele>
      </trkpt>
      <trkpt lat="32.955696" lon="-110.965137">
        <ele>1054.5</ele>
      </trkpt>
      <trkpt lat="32.955819" lon="-110.965423">
        <ele>1052.4</ele>
      </trkpt>
      <trkpt lat="32.956017" lon="-110.965502">
        <ele>1049.5</ele>
      </trkpt>
      <trkpt lat="32.956093" lon="-110.965697">
        <ele>1049.1</ele>
      </trkpt>
      <trkpt lat="32.956629" lon="-110.965693">
        <ele>1051.0</ele>
      </trkpt>
      <trkpt lat="32.956705" lon="-110.966095">
        <ele>1051.5</ele>
      </trkpt>
      <trkpt lat="32.956802" lon="-110.966232">
        <ele>1053.8</ele>
      </trkpt>
      <trkpt lat="32.95742" lon="-110.966559">
        <ele>1059.5</ele>
      </trkpt>
      <trkpt lat="32.95884" lon="-110.966608">
        <ele>1065.1</ele>
      </trkpt>
      <trkpt lat="32.9595" lon="-110.967011">
        <ele>1069.5</ele>
      </trkpt>
      <trkpt lat="32.960056" lon="-110.967511">
        <ele>1068.5</ele>
      </trkpt>
      <trkpt lat="32.960538" lon="-110.967609">
        <ele>1070.0</ele>
      </trkpt>
      <trkpt lat="32.960675" lon="-110.967911">
        <ele>1067.8</ele>
      </trkpt>
      <trkpt lat="32.9606" lon="-110.968146">
        <ele>1065.1</ele>
      </trkpt>
      <trkpt lat="32.960884" lon="-110.96816">
        <ele>1065.5</ele>
      </trkpt>
      <trkpt lat="32.961047" lon="-110.968339">
        <ele>1065.0</ele>
      </trkpt>
      <trkpt lat="32.961632" lon="-110.96828">
        <ele>1066.4</ele>
      </trkpt>
      <trkpt lat="32.961851" lon="-110.968096">
        <ele>1068.1</ele>
      </trkpt>
      <trkpt lat="32.962259" lon="-110.968216">
        <ele>1066.1</ele>
      </trkpt>
      <trkpt lat="32.96405" lon="-110.967585">
        <ele>1074.4</ele>
      </trkpt>
      <trkpt lat="32.964162" lon="-110.96743">
        <ele>1074.5</ele>
      </trkpt>
      <trkpt lat="32.964953" lon="-110.967207">
        <ele>1079.0</ele>
      </trkpt>
      <trkpt lat="32.965355" lon="-110.967289">
        <ele>1079.0</ele>
      </trkpt>
      <trkpt lat="32.965583" lon="-110.967456">
        <ele>1081.5</ele>
      </trkpt>
      <trkpt lat="32.96575" lon="-110.967386">
        <ele>1082.8</ele>
      </trkpt>
      <trkpt lat="32.96656" lon="-110.967436">
        <ele>1089.0</ele>
      </trkpt>
      <trkpt lat="32.966774" lon="-110.967619">
        <ele>1092.5</ele>
      </trkpt>
      <trkpt lat="32.966907" lon="-110.967455">
        <ele>1090.1</ele>
      </trkpt>
      <trkpt lat="32.967306" lon="-110.967328">
        <ele>1093.4</ele>
      </trkpt>
      <trkpt lat="32.968337" lon="-110.967288">
        <ele>1101.8</ele>
      </trkpt>
      <trkpt lat="32.968497" lon="-110.96711">
        <ele>1101.0</ele>
      </trkpt>
      <trkpt lat="32.968981" lon="-110.967292">
        <ele>1106.4</ele>
      </trkpt>
      <trkpt lat="32.969972" lon="-110.966796">
        <ele>1111.1</ele>
      </trkpt>
      <trkpt lat="32.970388" lon="-110.966797">
        <ele>1114.4</ele>
      </trkpt>
      <trkpt lat="32.970489" lon="-110.967158">
        <ele>1116.5</ele>
      </trkpt>
      <trkpt lat="32.971016" lon="-110.968218">
        <ele>1104.5</ele>
      </trkpt>
      <trkpt lat="32.970847" lon="-110.968712">
        <ele>1108.0</ele>
      </trkpt>
      <trkpt lat="32.971282" lon="-110.968725">
        <ele>1098.8</ele>
      </trkpt>
      <trkpt lat="32.971745" lon="-110.968892">
        <ele>1095.8</ele>
      </trkpt>
      <trkpt lat="32.971947" lon="-110.969075">
        <ele>1095.1</ele>
      </trkpt>
      <trkpt lat="32.972254" lon="-110.96969">
        <ele>1088.0</ele>
      </trkpt>
      <trkpt lat="32.972065" lon="-110.970336">
        <ele>1081.0</ele>
      </trkpt>
      <trkpt lat="32.971677" lon="-110.970731">
        <ele>1084.0</ele>
      </trkpt>
      <trkpt lat="32.971936" lon="-110.971753">
        <ele>1072.0</ele>
      </trkpt>
      <trkpt lat="32.971823" lon="-110.971885">
        <ele>1069.8</ele>
      </trkpt>
      <trkpt lat="32.97171" lon="-110.972456">
        <ele>1068.8</ele>
      </trkpt>
      <trkpt lat="32.971759" lon="-110.97266">
        <ele>1065.5</ele>
      </trkpt>
      <trkpt lat="32.971655" lon="-110.9738">
        <ele>1062.0</ele>
      </trkpt>
      <trkpt lat="32.971957" lon="-110.973958">
        <ele>1057.8</ele>
      </trkpt>
      <trkpt lat="32.971849" lon="-110.974355">
        <ele>1057.4</ele>
      </trkpt>
      <trkpt lat="32.971915" lon="-110.974501">
        <ele>1058.1</ele>
      </trkpt>
      <trkpt lat="32.972108" lon="-110.973959">
        <ele>1060.0</ele>
      </trkpt>
      <trkpt lat="32.972327" lon="-110.973884">
        <ele>1062.0</ele>
      </trkpt>
      <trkpt lat="32.97249" lon="-110.973592">
        <ele>1064.0</ele>
      </trkpt>
      <trkpt lat="32.972431" lon="-110.973365">
        <ele>1065.1</ele>
      </trkpt>
      <trkpt lat="32.972749" lon="-110.973102">
        <ele>1069.1</ele>
      </trkpt>
      <trkpt lat="32.973383" lon="-110.973366">
        <ele>1066.0</ele>
      </trkpt>
      <trkpt lat="32.973467" lon="-110.973741">
        <ele>1062.4</ele>
      </trkpt>
      <trkpt lat="32.973627" lon="-110.97376">
        <ele>1062.4</ele>
      </trkpt>
      <trkpt lat="32.973712" lon="-110.974063">
        <ele>1061.1</ele>
      </trkpt>
      <trkpt lat="32.973875" lon="-110.974102">
        <ele>1061.0</ele>
      </trkpt>
      <trkpt lat="32.973841" lon="-110.975095">
        <ele>1056.0</ele>
      </trkpt>
      <trkpt lat="32.97444" lon="-110.975328">
        <ele>1059.8</ele>
      </trkpt>
      <trkpt lat="32.974593" lon="-110.975487">
        <ele>1058.5</ele>
      </trkpt>
      <trkpt lat="32.974714" lon="-110.975457">
        <ele>1056.1</ele>
      </trkpt>
      <trkpt lat="32.975085" lon="-110.975665">
        <ele>1050.4</ele>
      </trkpt>
      <trkpt lat="32.975686" lon="-110.976997">
        <ele>1048.5</ele>
      </trkpt>
      <trkpt lat="32.975793" lon="-110.977421">
        <ele>1047.1</ele>
      </trkpt>
      <trkpt lat="32.976094" lon="-110.977951">
        <ele>1044.1</ele>
      </trkpt>
      <trkpt lat="32.976183" lon="-110.978475">
        <ele>1041.0</ele>
      </trkpt>
      <trkpt lat="32.976325" lon="-110.978459">
        <ele>1041.0</ele>
      </trkpt>
      <trkpt lat="32.97658" lon="-110.978828">
        <ele>1039.0</ele>
      </trkpt>
      <trkpt lat="32.976736" lon="-110.978911">
        <ele>1039.0</ele>
      </trkpt>
      <trkpt lat="32.976923" lon="-110.978872">
        <ele>1039.5</ele>
      </trkpt>
      <trkpt lat="32.976945" lon="-110.979104">
        <ele>1038.4</ele>
      </trkpt>
      <trkpt lat="32.977275" lon="-110.979697">
        <ele>1037.5</ele>
      </trkpt>
      <trkpt lat="32.977435" lon="-110.980374">
        <ele>1036.0</ele>
      </trkpt>
      <trkpt lat="32.977684" lon="-110.980553">
        <ele>1035.0</ele>
      </trkpt>
      <trkpt lat="32.977784" lon="-110.980411">
        <ele>1035.8</ele>
      </trkpt>
      <trkpt lat="32.977857" lon="-110.980694">
        <ele>1035.0</ele>
      </trkpt>
      <trkpt lat="32.978361" lon="-110.98077">
        <ele>1033.5</ele>
      </trkpt>
      <trkpt lat="32.97882" lon="-110.981106">
        <ele>1031.8</ele>
      </trkpt>
      <trkpt lat="32.978976" lon="-110.98113">
        <ele>1031.0</ele>
      </trkpt>
      <trkpt lat="32.979208" lon="-110.980925">
        <ele>1031.8</ele>
      </trkpt>
      <trkpt lat="32.979795" lon="-110.980861">
        <ele>1031.1</ele>
      </trkpt>
      <trkpt lat="32.979844" lon="-110.980645">
        <ele>1032.4</ele>
      </trkpt>
      <trkpt lat="32.980081" lon="-110.980327">
        <ele>1033.0</ele>
      </trkpt>
      <trkpt lat="32.980413" lon="-110.980585">
        <ele>1033.0</ele>
      </trkpt>
      <trkpt lat="32.980598" lon="-110.98055">
        <ele>1033.0</ele>
      </trkpt>
      <trkpt lat="32.980812" lon="-110.980881">
        <ele>1032.0</ele>
      </trkpt>
      <trkpt lat="32.981071" lon="-110.981063">
        <ele>1031.0</ele>
      </trkpt>
      <trkpt lat="32.981093" lon="-110.981199">
        <ele>1031.0</ele>
      </trkpt>
      <trkpt lat="32.981219" lon="-110.981229">
        <ele>1031.0</ele>
      </trkpt>
      <trkpt lat="32.981202" lon="-110.981472">
        <ele>1030.0</ele>
      </trkpt>
      <trkpt lat="32.981406" lon="-110.98143">
        <ele>1030.4</ele>
      </trkpt>
      <trkpt lat="32.981447" lon="-110.981617">
        <ele>1030.4</ele>
      </trkpt>
      <trkpt lat="32.981602" lon="-110.981604">
        <ele>1030.8</ele>
      </trkpt>
      <trkpt lat="32.981702" lon="-110.982197">
        <ele>1028.4</ele>
      </trkpt>
      <trkpt lat="32.982103" lon="-110.982684">
        <ele>1027.4</ele>
      </trkpt>
      <trkpt lat="32.9824" lon="-110.982736">
        <ele>1026.5</ele>
      </trkpt>
      <trkpt lat="32.982503" lon="-110.98299">
        <ele>1025.5</ele>
      </trkpt>
      <trkpt lat="32.983122" lon="-110.983193">
        <ele>1023.2</ele>
      </trkpt>
      <trkpt lat="32.983324" lon="-110.983504">
        <ele>1022.0</ele>
      </trkpt>
      <trkpt lat="32.983539" lon="-110.983512">
        <ele>1020.7</ele>
      </trkpt>
      <trkpt lat="32.983674" lon="-110.98382">
        <ele>1019.4</ele>
      </trkpt>
      <trkpt lat="32.983821" lon="-110.983914">
        <ele>1018.4</ele>
      </trkpt>
      <trkpt lat="32.983981" lon="-110.983547">
        <ele>1018.5</ele>
      </trkpt>
      <trkpt lat="32.984066" lon="-110.983527">
        <ele>1018.4</ele>
      </trkpt>
      <trkpt lat="32.984133" lon="-110.983684">
        <ele>1018.2</ele>
      </trkpt>
      <trkpt lat="32.984313" lon="-110.983543">
        <ele>1018.4</ele>
      </trkpt>
      <trkpt lat="32.984492" lon="-110.983628">
        <ele>1018.4</ele>
      </trkpt>
      <trkpt lat="32.984817" lon="-110.98347">
        <ele>1018.7</ele>
      </trkpt>
      <trkpt lat="32.985087" lon="-110.983136">
        <ele>1022.0</ele>
      </trkpt>
      <trkpt lat="32.985532" lon="-110.983128">
        <ele>1024.4</ele>
      </trkpt>
      <trkpt lat="32.985787" lon="-110.983328">
        <ele>1024.8</ele>
      </trkpt>
      <trkpt lat="32.986027" lon="-110.98386">
        <ele>1024.5</ele>
      </trkpt>
      <trkpt lat="32.986145" lon="-110.983963">
        <ele>1024.4</ele>
      </trkpt>
      <trkpt lat="32.986489" lon="-110.983914">
        <ele>1023.4</ele>
      </trkpt>
      <trkpt lat="32.986508" lon="-110.984354">
        <ele>1022.5</ele>
      </trkpt>
      <trkpt lat="32.986795" lon="-110.9849">
        <ele>1021.4</ele>
      </trkpt>
      <trkpt lat="32.98661" lon="-110.985823">
        <ele>1018.0</ele>
      </trkpt>
      <trkpt lat="32.986476" lon="-110.98601">
        <ele>1017.4</ele>
      </trkpt>
      <trkpt lat="32.986434" lon="-110.986349">
        <ele>1016.4</ele>
      </trkpt>
      <trkpt lat="32.986513" lon="-110.986443">
        <ele>1015.4</ele>
      </trkpt>
      <trkpt lat="32.986474" lon="-110.987238">
        <ele>1012.7</ele>
      </trkpt>
      <trkpt lat="32.98801" lon="-110.988147">
        <ele>1017.2</ele>
      </trkpt>
      <trkpt lat="32.98819" lon="-110.988644">
        <ele>1018.0</ele>
      </trkpt>
      <trkpt lat="32.988329" lon="-110.988619">
        <ele>1018.4</ele>
      </trkpt>
      <trkpt lat="32.988733" lon="-110.988816">
        <ele>1018.7</ele>
      </trkpt>
      <trkpt lat="32.989243" lon="-110.989262">
        <ele>1018.4</ele>
      </trkpt>
      <trkpt lat="32.989558" lon="-110.989347">
        <ele>1018.2</ele>
      </trkpt>
      <trkpt lat="32.991188" lon="-110.988951">
        <ele>1016.5</ele>
      </trkpt>
      <trkpt lat="32.992033" lon="-110.988325">
        <ele>1010.2</ele>
      </trkpt>
      <trkpt lat="32.993494" lon="-110.988402">
        <ele>1013.0</ele>
      </trkpt>
      <trkpt lat="32.994594" lon="-110.988611">
        <ele>1015.0</ele>
      </trkpt>
      <trkpt lat="32.995292" lon="-110.988899">
        <ele>1020.0</ele>
      </trkpt>
      <trkpt lat="32.996139" lon="-110.988977">
        <ele>1021.0</ele>
      </trkpt>
      <trkpt lat="32.996575" lon="-110.988824">
        <ele>1020.7</ele>
      </trkpt>
      <trkpt lat="32.997278" lon="-110.989164">
        <ele>1022.0</ele>
      </trkpt>
      <trkpt lat="32.997436" lon="-110.98916">
        <ele>1021.7</ele>
      </trkpt>
      <trkpt lat="32.997828" lon="-110.989365">
        <ele>1021.0</ele>
      </trkpt>
      <trkpt lat="32.999501" lon="-110.989629">
        <ele>1024.5</ele>
      </trkpt>
      <trkpt lat="33.000073" lon="-110.990614">
        <ele>1026.5</ele>
      </trkpt>
      <trkpt lat="33.00014" lon="-110.990884">
        <ele>1026.0</ele>
      </trkpt>
      <trkpt lat="33.000112" lon="-110.99154">
        <ele>1024.1</ele>
      </trkpt>
      <trkpt lat="33.00029" lon="-110.991922">
        <ele>1023.0</ele>
      </trkpt>
      <trkpt lat="33.000774" lon="-110.992002">
        <ele>1023.2</ele>
      </trkpt>
      <trkpt lat="33.001191" lon="-110.992284">
        <ele>1023.2</ele>
      </trkpt>
      <trkpt lat="33.001255" lon="-110.992511">
        <ele>1022.7</ele>
      </trkpt>
      <trkpt lat="33.001247" lon="-110.993067">
        <ele>1022.0</ele>
      </trkpt>
      <trkpt lat="33.001331" lon="-110.993563">
        <ele>1022.0</ele>
      </trkpt>
      <trkpt lat="33.001663" lon="-110.994374">
        <ele>1022.7</ele>
      </trkpt>
      <trkpt lat="33.002215" lon="-110.995235">
        <ele>1024.5</ele>
      </trkpt>
      <trkpt lat="33.002679" lon="-110.99549">
        <ele>1025.5</ele>
      </trkpt>
      <trkpt lat="33.003" lon="-110.996634">
        <ele>1023.0</ele>
      </trkpt>
      <trkpt lat="33.002975" lon="-110.997523">
        <ele>1018.5</ele>
      </trkpt>
      <trkpt lat="33.003298" lon="-110.99883">
        <ele>1012.5</ele>
      </trkpt>
      <trkpt lat="33.003425" lon="-110.998967">
        <ele>1012.2</ele>
      </trkpt>
      <trkpt lat="33.004188" lon="-111.000735">
        <ele>1008.2</ele>
      </trkpt>
      <trkpt lat="33.004745" lon="-111.001576">
        <ele>1006.0</ele>
      </trkpt>
      <trkpt lat="33.004941" lon="-111.001709">
        <ele>1005.7</ele>
      </trkpt>
      <trkpt lat="33.005232" lon="-111.001746">
        <ele>1004.2</ele>
      </trkpt>
      <trkpt lat="33.005881" lon="-111.002102">
        <ele>1000.0</ele>
      </trkpt>
      <trkpt lat="33.006351" lon="-111.002219">
        <ele>1000.4</ele>
      </trkpt>
      <trkpt lat="33.006604" lon="-111.002126">
        <ele>1002.4</ele>
      </trkpt>
      <trkpt lat="33.007002" lon="-111.002367">
        <ele>1005.0</ele>
      </trkpt>
      <trkpt lat="33.007508" lon="-111.002457">
        <ele>1006.7</ele>
      </trkpt>
      <trkpt lat="33.007621" lon="-111.002763">
        <ele>1006.2</ele>
      </trkpt>
      <trkpt lat="33.008087" lon="-111.003262">
        <ele>1005.0</ele>
      </trkpt>
      <trkpt lat="33.009197" lon="-111.00378">
        <ele>1011.0</ele>
      </trkpt>
      <trkpt lat="33.009321" lon="-111.003421">
        <ele>1012.0</ele>
      </trkpt>
      <trkpt lat="33.009701" lon="-111.003107">
        <ele>1012.5</ele>
      </trkpt>
      <trkpt lat="33.010122" lon="-111.003225">
        <ele>1012.0</ele>
      </trkpt>
      <trkpt lat="33.010223" lon="-111.003609">
        <ele>1010.5</ele>
      </trkpt>
      <trkpt lat="33.010491" lon="-111.003766">
        <ele>1008.5</ele>
      </trkpt>
      <trkpt lat="33.010401" lon="-111.003491">
        <ele>1006.2</ele>
      </trkpt>
      <trkpt lat="33.010393" lon="-111.002982">
        <ele>1007.4</ele>
      </trkpt>
      <trkpt lat="33.010576" lon="-111.003061">
        <ele>1001.4</ele>
      </trkpt>
      <trkpt lat="33.010692" lon="-111.003012">
        <ele>998.5</ele>
      </trkpt>
      <trkpt lat="33.010648" lon="-111.002675">
        <ele>1000.0</ele>
      </trkpt>
      <trkpt lat="33.010503" lon="-111.002407">
        <ele>1002.0</ele>
      </trkpt>
      <trkpt lat="33.010621" lon="-111.002268">
        <ele>995.5</ele>
      </trkpt>
      <trkpt lat="33.010553" lon="-111.001733">
        <ele>990.7</ele>
      </trkpt>
      <trkpt lat="33.010679" lon="-111.001762">
        <ele>989.0</ele>
      </trkpt>
      <trkpt lat="33.010826" lon="-111.001569">
        <ele>985.7</ele>
      </trkpt>
      <trkpt lat="33.011266" lon="-111.001582">
        <ele>982.5</ele>
      </trkpt>
      <trkpt lat="33.011696" lon="-111.001317">
        <ele>981.4</ele>
      </trkpt>
      <trkpt lat="33.011722" lon="-111.001111">
        <ele>980.4</ele>
      </trkpt>
      <trkpt lat="33.011595" lon="-111.000994">
        <ele>979.7</ele>
      </trkpt>
      <trkpt lat="33.011795" lon="-110.999677">
        <ele>974.0</ele>
      </trkpt>
      <trkpt lat="33.012124" lon="-110.999075">
        <ele>973.0</ele>
      </trkpt>
      <trkpt lat="33.012715" lon="-110.998451">
        <ele>963.2</ele>
      </trkpt>
      <trkpt lat="33.012801" lon="-110.998108">
        <ele>963.4</ele>
      </trkpt>
      <trkpt lat="33.013095" lon="-110.998025">
        <ele>963.0</ele>
      </trkpt>
      <trkpt lat="33.013232" lon="-110.997764">
        <ele>963.0</ele>
      </trkpt>
      <trkpt lat="33.013393" lon="-110.997768">
        <ele>963.0</ele>
      </trkpt>
      <trkpt lat="33.013804" lon="-110.997377">
        <ele>962.0</ele>
      </trkpt>
      <trkpt lat="33.013894" lon="-110.997082">
        <ele>959.0</ele>
      </trkpt>
      <trkpt lat="33.013727" lon="-110.996609">
        <ele>956.4</ele>
      </trkpt>
      <trkpt lat="33.013894" lon="-110.99637">
        <ele>952.4</ele>
      </trkpt>
      <trkpt lat="33.013848" lon="-110.99577">
        <ele>951.0</ele>
      </trkpt>
      <trkpt lat="33.014" lon="-110.995421">
        <ele>951.0</ele>
      </trkpt>
      <trkpt lat="33.013882" lon="-110.994342">
        <ele>950.4</ele>
      </trkpt>
      <trkpt lat="33.014021" lon="-110.993981">
        <ele>949.2</ele>
      </trkpt>
      <trkpt lat="33.013544" lon="-110.993677">
        <ele>939.5</ele>
      </trkpt>
      <trkpt lat="33.013619" lon="-110.993596">
        <ele>939.4</ele>
      </trkpt>
      <trkpt lat="33.013643" lon="-110.993055">
        <ele>942.2</ele>
      </trkpt>
      <trkpt lat="33.013526" lon="-110.993039">
        <ele>940.5</ele>
      </trkpt>
      <trkpt lat="33.013496" lon="-110.992626">
        <ele>938.2</ele>
      </trkpt>
      <trkpt lat="33.013706" lon="-110.991997">
        <ele>937.0</ele>
      </trkpt>
      <trkpt lat="33.013996" lon="-110.991546">
        <ele>935.2</ele>
      </trkpt>
      <trkpt lat="33.014077" lon="-110.991545">
        <ele>934.4</ele>
      </trkpt>
      <trkpt lat="33.01417" lon="-110.991311">
        <ele>932.7</ele>
      </trkpt>
      <trkpt lat="33.01459" lon="-110.990997">
        <ele>927.7</ele>
      </trkpt>
      <trkpt lat="33.014764" lon="-110.990753">
        <ele>928.7</ele>
      </trkpt>
      <trkpt lat="33.014964" lon="-110.990792">
        <ele>927.5</ele>
      </trkpt>
      <trkpt lat="33.014964" lon="-110.990893">
        <ele>927.0</ele>
      </trkpt>
      <trkpt lat="33.015531" lon="-110.990941">
        <ele>926.0</ele>
      </trkpt>
      <trkpt lat="33.015945" lon="-110.991224">
        <ele>926.0</ele>
      </trkpt>
      <trkpt lat="33.016399" lon="-110.990928">
        <ele>925.5</ele>
      </trkpt>
      <trkpt lat="33.016576" lon="-110.99061">
        <ele>920.7</ele>
      </trkpt>
      <trkpt lat="33.016719" lon="-110.99056">
        <ele>917.7</ele>
      </trkpt>
      <trkpt lat="33.016965" lon="-110.990842">
        <ele>918.0</ele>
      </trkpt>
      <trkpt lat="33.017328" lon="-110.990817">
        <ele>917.7</ele>
      </trkpt>
      <trkpt lat="33.01748" lon="-110.990471">
        <ele>913.5</ele>
      </trkpt>
      <trkpt lat="33.018245" lon="-110.989593">
        <ele>910.2</ele>
      </trkpt>
      <trkpt lat="33.018397" lon="-110.989247">
        <ele>909.4</ele>
      </trkpt>
      <trkpt lat="33.018376" lon="-110.988638">
        <ele>905.0</ele>
      </trkpt>
      <trkpt lat="33.018589" lon="-110.988337">
        <ele>904.0</ele>
      </trkpt>
      <trkpt lat="33.019063" lon="-110.986957">
        <ele>907.5</ele>
      </trkpt>
      <trkpt lat="33.019351" lon="-110.986351">
        <ele>914.2</ele>
      </trkpt>
      <trkpt lat="33.020533" lon="-110.986161">
        <ele>911.0</ele>
      </trkpt>
      <trkpt lat="33.021054" lon="-110.985751">
        <ele>911.5</ele>
      </trkpt>
      <trkpt lat="33.021527" lon="-110.985655">
        <ele>906.0</ele>
      </trkpt>
      <trkpt lat="33.022374" lon="-110.985182">
        <ele>912.0</ele>
      </trkpt>
      <trkpt lat="33.02299" lon="-110.985156">
        <ele>902.5</ele>
      </trkpt>
      <trkpt lat="33.023701" lon="-110.985368">
        <ele>903.0</ele>
      </trkpt>
      <trkpt lat="33.024576" lon="-110.985381">
        <ele>897.4</ele>
      </trkpt>
      <trkpt lat="33.02496" lon="-110.985129">
        <ele>891.7</ele>
      </trkpt>
      <trkpt lat="33.024873" lon="-110.984985">
        <ele>890.7</ele>
      </trkpt>
      <trkpt lat="33.024983" lon="-110.98489">
        <ele>890.0</ele>
      </trkpt>
      <trkpt lat="33.025658" lon="-110.984974">
        <ele>882.7</ele>
      </trkpt>
      <trkpt lat="33.025663" lon="-110.984901">
        <ele>882.0</ele>
      </trkpt>
      <trkpt lat="33.025413" lon="-110.984712">
        <ele>881.0</ele>
      </trkpt>
      <trkpt lat="33.02539" lon="-110.984599">
        <ele>878.7</ele>
      </trkpt>
      <trkpt lat="33.025045" lon="-110.98427">
        <ele>878.0</ele>
      </trkpt>
      <trkpt lat="33.025261" lon="-110.984111">
        <ele>873.7</ele>
      </trkpt>
      <trkpt lat="33.025881" lon="-110.98393">
        <ele>859.5</ele>
      </trkpt>
      <trkpt lat="33.025922" lon="-110.984151">
        <ele>862.2</ele>
      </trkpt>
      <trkpt lat="33.026089" lon="-110.983987">
        <ele>859.2</ele>
      </trkpt>
      <trkpt lat="33.026244" lon="-110.984006">
        <ele>857.2</ele>
      </trkpt>
      <trkpt lat="33.026164" lon="-110.983914">
        <ele>856.2</ele>
      </trkpt>
      <trkpt lat="33.026521" lon="-110.984022">
        <ele>855.5</ele>
      </trkpt>
      <trkpt lat="33.026215" lon="-110.983643">
        <ele>851.7</ele>
      </trkpt>
      <trkpt lat="33.026398" lon="-110.983215">
        <ele>847.7</ele>
      </trkpt>
      <trkpt lat="33.026891" lon="-110.982726">
        <ele>844.0</ele>
      </trkpt>
      <trkpt lat="33.027495" lon="-110.981879">
        <ele>851.4</ele>
      </trkpt>
      <trkpt lat="33.027673" lon="-110.981927">
        <ele>852.4</ele>
      </trkpt>
      <trkpt lat="33.028198" lon="-110.982359">
        <ele>850.4</ele>
      </trkpt>
      <trkpt lat="33.028937" lon="-110.982662">
        <ele>847.2</ele>
      </trkpt>
      <trkpt lat="33.029199" lon="-110.982634">
        <ele>841.2</ele>
      </trkpt>
      <trkpt lat="33.029424" lon="-110.982797">
        <ele>841.5</ele>
      </trkpt>
      <trkpt lat="33.029592" lon="-110.9828">
        <ele>846.5</ele>
      </trkpt>
      <trkpt lat="33.029727" lon="-110.98316">
        <ele>845.7</ele>
      </trkpt>
      <trkpt lat="33.029879" lon="-110.983256">
        <ele>847.2</ele>
      </trkpt>
      <trkpt lat="33.030645" lon="-110.983185">
        <ele>850.0</ele>
      </trkpt>
      <trkpt lat="33.030789" lon="-110.982633">
        <ele>850.2</ele>
      </trkpt>
      <trkpt lat="33.030938" lon="-110.982365">
        <ele>850.4</ele>
      </trkpt>
      <trkpt lat="33.031261" lon="-110.982104">
        <ele>852.2</ele>
      </trkpt>
      <trkpt lat="33.031469" lon="-110.981436">
        <ele>857.2</ele>
      </trkpt>
      <trkpt lat="33.031756" lon="-110.981355">
        <ele>861.0</ele>
      </trkpt>
      <trkpt lat="33.032317" lon="-110.98091">
        <ele>864.2</ele>
      </trkpt>
      <trkpt lat="33.032725" lon="-110.979636">
        <ele>866.4</ele>
      </trkpt>
      <trkpt lat="33.032676" lon="-110.979467">
        <ele>868.0</ele>
      </trkpt>
      <trkpt lat="33.033304" lon="-110.97939">
        <ele>877.0</ele>
      </trkpt>
      <trkpt lat="33.033614" lon="-110.979186">
        <ele>882.7</ele>
      </trkpt>
      <trkpt lat="33.033876" lon="-110.979322">
        <ele>886.2</ele>
      </trkpt>
      <trkpt lat="33.03414" lon="-110.979273">
        <ele>889.2</ele>
      </trkpt>
      <trkpt lat="33.034292" lon="-110.978903">
        <ele>891.0</ele>
      </trkpt>
      <trkpt lat="33.034849" lon="-110.978644">
        <ele>898.4</ele>
      </trkpt>
      <trkpt lat="33.034919" lon="-110.978715">
        <ele>898.4</ele>
      </trkpt>
      <trkpt lat="33.0349" lon="-110.978483">
        <ele>902.4</ele>
      </trkpt>
      <trkpt lat="33.035277" lon="-110.978382">
        <ele>905.5</ele>
      </trkpt>
      <trkpt lat="33.03544" lon="-110.978024">
        <ele>912.4</ele>
      </trkpt>
      <trkpt lat="33.035578" lon="-110.977946">
        <ele>912.5</ele>
      </trkpt>
      <trkpt lat="33.035877" lon="-110.97698">
        <ele>921.5</ele>
      </trkpt>
      <trkpt lat="33.036346" lon="-110.976432">
        <ele>927.0</ele>
      </trkpt>
      <trkpt lat="33.036496" lon="-110.97605">
        <ele>922.7</ele>
      </trkpt>
      <trkpt lat="33.036808" lon="-110.975905">
        <ele>918.0</ele>
      </trkpt>
      <trkpt lat="33.037011" lon="-110.975301">
        <ele>919.0</ele>
      </trkpt>
      <trkpt lat="33.037145" lon="-110.975266">
        <ele>921.4</ele>
      </trkpt>
      <trkpt lat="33.037177" lon="-110.97505">
        <ele>924.4</ele>
      </trkpt>
      <trkpt lat="33.037112" lon="-110.974874">
        <ele>926.2</ele>
      </trkpt>
      <trkpt lat="33.037154" lon="-110.974649">
        <ele>928.0</ele>
      </trkpt>
      <trkpt lat="33.037059" lon="-110.974402">
        <ele>930.7</ele>
      </trkpt>
      <trkpt lat="33.037171" lon="-110.974202">
        <ele>936.7</ele>
      </trkpt>
      <trkpt lat="33.037267" lon="-110.974257">
        <ele>937.0</ele>
      </trkpt>
      <trkpt lat="33.03772" lon="-110.974027">
        <ele>946.5</ele>
      </trkpt>
      <trkpt lat="33.037971" lon="-110.974191">
        <ele>946.7</ele>
      </trkpt>
      <trkpt lat="33.038471" lon="-110.973655">
        <ele>950.4</ele>
      </trkpt>
      <trkpt lat="33.038881" lon="-110.973545">
        <ele>952.5</ele>
      </trkpt>
      <trkpt lat="33.039051" lon="-110.973592">
        <ele>958.2</ele>
      </trkpt>
      <trkpt lat="33.03917" lon="-110.973462">
        <ele>961.5</ele>
      </trkpt>
      <trkpt lat="33.039302" lon="-110.972894">
        <ele>964.5</ele>
      </trkpt>
      <trkpt lat="33.039914" lon="-110.972425">
        <ele>973.0</ele>
      </trkpt>
      <trkpt lat="33.040238" lon="-110.971779">
        <ele>977.0</ele>
      </trkpt>
      <trkpt lat="33.04056" lon="-110.971729">
        <ele>981.0</ele>
      </trkpt>
      <trkpt lat="33.040523" lon="-110.971859">
        <ele>981.4</ele>
      </trkpt>
      <trkpt lat="33.040708" lon="-110.971917">
        <ele>985.5</ele>
      </trkpt>
      <trkpt lat="33.040823" lon="-110.971806">
        <ele>989.2</ele>
      </trkpt>
      <trkpt lat="33.040925" lon="-110.972029">
        <ele>992.2</ele>
      </trkpt>
      <trkpt lat="33.04094" lon="-110.971888">
        <ele>993.4</ele>
      </trkpt>
      <trkpt lat="33.041035" lon="-110.972008">
        <ele>996.7</ele>
      </trkpt>
      <trkpt lat="33.041114" lon="-110.971923">
        <ele>1000.4</ele>
      </trkpt>
      <trkpt lat="33.041258" lon="-110.972136">
        <ele>1006.2</ele>
      </trkpt>
      <trkpt lat="33.041173" lon="-110.972239">
        <ele>1004.5</ele>
      </trkpt>
      <trkpt lat="33.041381" lon="-110.972575">
        <ele>1018.4</ele>
      </trkpt>
      <trkpt lat="33.041362" lon="-110.97288">
        <ele>1014.7</ele>
      </trkpt>
      <trkpt lat="33.041857" lon="-110.973858">
        <ele>1025.1</ele>
      </trkpt>
      <trkpt lat="33.041941" lon="-110.973896">
        <ele>1022.5</ele>
      </trkpt>
      <trkpt lat="33.042239" lon="-110.97367">
        <ele>1028.1</ele>
      </trkpt>
      <trkpt lat="33.042484" lon="-110.973639">
        <ele>1032.0</ele>
      </trkpt>
      <trkpt lat="33.042191" lon="-110.973591">
        <ele>1033.1</ele>
      </trkpt>
      <trkpt lat="33.042012" lon="-110.973669">
        <ele>1032.4</ele>
      </trkpt>
      <trkpt lat="33.041896" lon="-110.973337">
        <ele>1038.5</ele>
      </trkpt>
      <trkpt lat="33.042031" lon="-110.97351">
        <ele>1039.8</ele>
      </trkpt>
      <trkpt lat="33.04247" lon="-110.97341">
        <ele>1043.8</ele>
      </trkpt>
      <trkpt lat="33.042183" lon="-110.973347">
        <ele>1048.5</ele>
      </trkpt>
      <trkpt lat="33.042064" lon="-110.973174">
        <ele>1053.4</ele>
      </trkpt>
      <trkpt lat="33.042277" lon="-110.97326">
        <ele>1052.5</ele>
      </trkpt>
      <trkpt lat="33.042462" lon="-110.973203">
        <ele>1053.5</ele>
      </trkpt>
      <trkpt lat="33.042178" lon="-110.973135">
        <ele>1057.1</ele>
      </trkpt>
      <trkpt lat="33.042029" lon="-110.972799">
        <ele>1060.1</ele>
      </trkpt>
      <trkpt lat="33.042282" lon="-110.973005">
        <ele>1062.5</ele>
      </trkpt>
      <trkpt lat="33.042457" lon="-110.972981">
        <ele>1062.8</ele>
      </trkpt>
      <trkpt lat="33.043666" lon="-110.97231">
        <ele>1074.0</ele>
      </trkpt>
      <trkpt lat="33.044221" lon="-110.972583">
        <ele>1074.0</ele>
      </trkpt>
      <trkpt lat="33.044361" lon="-110.972865">
        <ele>1078.8</ele>
      </trkpt>
      <trkpt lat="33.044451" lon="-110.972888">
        <ele>1080.8</ele>
      </trkpt>
      <trkpt lat="33.044542" lon="-110.973099">
        <ele>1082.0</ele>
      </trkpt>
      <trkpt lat="33.044552" lon="-110.97375">
        <ele>1083.4</ele>
      </trkpt>
      <trkpt lat="33.044693" lon="-110.973788">
        <ele>1083.5</ele>
      </trkpt>
      <trkpt lat="33.044807" lon="-110.97395">
        <ele>1082.1</ele>
      </trkpt>
      <trkpt lat="33.045915" lon="-110.974689">
        <ele>1082.1</ele>
      </trkpt>
      <trkpt lat="33.046279" lon="-110.974659">
        <ele>1074.1</ele>
      </trkpt>
      <trkpt lat="33.046332" lon="-110.97457">
        <ele>1072.4</ele>
      </trkpt>
      <trkpt lat="33.046999" lon="-110.974911">
        <ele>1061.4</ele>
      </trkpt>
      <trkpt lat="33.047179" lon="-110.97521">
        <ele>1061.0</ele>
      </trkpt>
      <trkpt lat="33.047319" lon="-110.97581">
        <ele>1060.5</ele>
      </trkpt>
      <trkpt lat="33.047294" lon="-110.976049">
        <ele>1060.1</ele>
      </trkpt>
      <trkpt lat="33.047432" lon="-110.976851">
        <ele>1062.0</ele>
      </trkpt>
      <trkpt lat="33.047815" lon="-110.976827">
        <ele>1060.5</ele>
      </trkpt>
      <trkpt lat="33.047898" lon="-110.976907">
        <ele>1058.5</ele>
      </trkpt>
      <trkpt lat="33.048788" lon="-110.976997">
        <ele>1049.8</ele>
      </trkpt>
      <trkpt lat="33.049041" lon="-110.977126">
        <ele>1049.5</ele>
      </trkpt>
      <trkpt lat="33.049111" lon="-110.977072">
        <ele>1049.4</ele>
      </trkpt>
      <trkpt lat="33.04978" lon="-110.977417">
        <ele>1048.0</ele>
      </trkpt>
      <trkpt lat="33.049864" lon="-110.977361">
        <ele>1048.0</ele>
      </trkpt>
      <trkpt lat="33.050398" lon="-110.97774">
        <ele>1057.8</ele>
      </trkpt>
      <trkpt lat="33.050452" lon="-110.977878">
        <ele>1058.5</ele>
      </trkpt>
      <trkpt lat="33.050375" lon="-110.978487">
        <ele>1059.0</ele>
      </trkpt>
      <trkpt lat="33.050742" lon="-110.9787">
        <ele>1060.5</ele>
      </trkpt>
      <trkpt lat="33.05081" lon="-110.978827">
        <ele>1061.0</ele>
      </trkpt>
      <trkpt lat="33.051021" lon="-110.978626">
        <ele>1062.5</ele>
      </trkpt>
      <trkpt lat="33.05127" lon="-110.978609">
        <ele>1065.5</ele>
      </trkpt>
      <trkpt lat="33.051446" lon="-110.978715">
        <ele>1068.8</ele>
      </trkpt>
      <trkpt lat="33.051533" lon="-110.97741">
        <ele>1058.8</ele>
      </trkpt>
      <trkpt lat="33.051612" lon="-110.977215">
        <ele>1060.0</ele>
      </trkpt>
      <trkpt lat="33.051554" lon="-110.976029">
        <ele>1056.1</ele>
      </trkpt>
      <trkpt lat="33.051699" lon="-110.974623">
        <ele>1050.8</ele>
      </trkpt>
      <trkpt lat="33.051803" lon="-110.974445">
        <ele>1050.8</ele>
      </trkpt>
      <trkpt lat="33.051902" lon="-110.973912">
        <ele>1048.4</ele>
      </trkpt>
      <trkpt lat="33.052056" lon="-110.973822">
        <ele>1046.1</ele>
      </trkpt>
      <trkpt lat="33.052128" lon="-110.973611">
        <ele>1043.5</ele>
      </trkpt>
      <trkpt lat="33.052187" lon="-110.973668">
        <ele>1043.1</ele>
      </trkpt>
      <trkpt lat="33.052481" lon="-110.973601">
        <ele>1043.0</ele>
      </trkpt>
      <trkpt lat="33.052914" lon="-110.972412">
        <ele>1038.0</ele>
      </trkpt>
      <trkpt lat="33.052804" lon="-110.972108">
        <ele>1036.1</ele>
      </trkpt>
      <trkpt lat="33.052842" lon="-110.971505">
        <ele>1033.0</ele>
      </trkpt>
      <trkpt lat="33.053251" lon="-110.972069">
        <ele>1026.8</ele>
      </trkpt>
      <trkpt lat="33.053559" lon="-110.972251">
        <ele>1017.7</ele>
      </trkpt>
      <trkpt lat="33.053615" lon="-110.972108">
        <ele>1015.7</ele>
      </trkpt>
      <trkpt lat="33.053995" lon="-110.972142">
        <ele>1011.5</ele>
      </trkpt>
      <trkpt lat="33.054409" lon="-110.972311">
        <ele>1004.5</ele>
      </trkpt>
      <trkpt lat="33.054496" lon="-110.972222">
        <ele>1002.7</ele>
      </trkpt>
      <trkpt lat="33.054665" lon="-110.972312">
        <ele>1000.2</ele>
      </trkpt>
      <trkpt lat="33.05481" lon="-110.972239">
        <ele>1000.0</ele>
      </trkpt>
      <trkpt lat="33.055239" lon="-110.972284">
        <ele>999.7</ele>
      </trkpt>
      <trkpt lat="33.055422" lon="-110.972047">
        <ele>998.2</ele>
      </trkpt>
      <trkpt lat="33.055656" lon="-110.971987">
        <ele>994.7</ele>
      </trkpt>
      <trkpt lat="33.056072" lon="-110.972376">
        <ele>988.0</ele>
      </trkpt>
      <trkpt lat="33.056151" lon="-110.972352">
        <ele>987.5</ele>
      </trkpt>
      <trkpt lat="33.056314" lon="-110.972506">
        <ele>987.0</ele>
      </trkpt>
      <trkpt lat="33.056835" lon="-110.972356">
        <ele>986.7</ele>
      </trkpt>
      <trkpt lat="33.056975" lon="-110.972394">
        <ele>986.2</ele>
      </trkpt>
      <trkpt lat="33.057322" lon="-110.972019">
        <ele>987.2</ele>
      </trkpt>
      <trkpt lat="33.057477" lon="-110.972101">
        <ele>988.0</ele>
      </trkpt>
      <trkpt lat="33.057935" lon="-110.972063">
        <ele>995.4</ele>
      </trkpt>
      <trkpt lat="33.058186" lon="-110.972299">
        <ele>1002.0</ele>
      </trkpt>
      <trkpt lat="33.058191" lon="-110.972013">
        <ele>1003.2</ele>
      </trkpt>
      <trkpt lat="33.058282" lon="-110.971978">
        <ele>1003.5</ele>
      </trkpt>
      <trkpt lat="33.058369" lon="-110.972206">
        <ele>1008.7</ele>
      </trkpt>
      <trkpt lat="33.059053" lon="-110.972861">
        <ele>1008.7</ele>
      </trkpt>
      <trkpt lat="33.059249" lon="-110.973409">
        <ele>1007.2</ele>
      </trkpt>
      <trkpt lat="33.059581" lon="-110.973402">
        <ele>1012.2</ele>
      </trkpt>
      <trkpt lat="33.059682" lon="-110.973573">
        <ele>1013.7</ele>
      </trkpt>
      <trkpt lat="33.05954" lon="-110.974669">
        <ele>1008.0</ele>
      </trkpt>
      <trkpt lat="33.059393" lon="-110.974761">
        <ele>1006.0</ele>
      </trkpt>
      <trkpt lat="33.059435" lon="-110.974853">
        <ele>1003.7</ele>
      </trkpt>
      <trkpt lat="33.059292" lon="-110.975207">
        <ele>998.0</ele>
      </trkpt>
      <trkpt lat="33.059406" lon="-110.975261">
        <ele>998.7</ele>
      </trkpt>
      <trkpt lat="33.059472" lon="-110.975428">
        <ele>998.4</ele>
      </trkpt>
      <trkpt lat="33.059815" lon="-110.975427">
        <ele>998.4</ele>
      </trkpt>
      <trkpt lat="33.060091" lon="-110.975536">
        <ele>989.5</ele>
      </trkpt>
      <trkpt lat="33.060626" lon="-110.976023">
        <ele>981.4</ele>
      </trkpt>
      <trkpt lat="33.060898" lon="-110.97643">
        <ele>977.2</ele>
      </trkpt>
      <trkpt lat="33.060876" lon="-110.97693">
        <ele>973.4</ele>
      </trkpt>
      <trkpt lat="33.061059" lon="-110.977086">
        <ele>971.4</ele>
      </trkpt>
      <trkpt lat="33.061084" lon="-110.977395">
        <ele>965.5</ele>
      </trkpt>
      <trkpt lat="33.061332" lon="-110.977565">
        <ele>963.7</ele>
      </trkpt>
      <trkpt lat="33.061565" lon="-110.978557">
        <ele>962.2</ele>
      </trkpt>
      <trkpt lat="33.061411" lon="-110.978956">
        <ele>962.5</ele>
      </trkpt>
      <trkpt lat="33.061597" lon="-110.979584">
        <ele>963.0</ele>
      </trkpt>
      <trkpt lat="33.061258" lon="-110.980078">
        <ele>963.0</ele>
      </trkpt>
      <trkpt lat="33.061422" lon="-110.980481">
        <ele>964.4</ele>
      </trkpt>
      <trkpt lat="33.06158" lon="-110.980651">
        <ele>967.5</ele>
      </trkpt>
      <trkpt lat="33.061483" lon="-110.981178">
        <ele>979.0</ele>
      </trkpt>
      <trkpt lat="33.061382" lon="-110.981223">
        <ele>980.5</ele>
      </trkpt>
      <trkpt lat="33.061517" lon="-110.98141">
        <ele>981.5</ele>
      </trkpt>
      <trkpt lat="33.061448" lon="-110.981732">
        <ele>983.4</ele>
      </trkpt>
      <trkpt lat="33.061149" lon="-110.982207">
        <ele>986.0</ele>
      </trkpt>
      <trkpt lat="33.061096" lon="-110.982599">
        <ele>981.4</ele>
      </trkpt>
      <trkpt lat="33.061241" lon="-110.982893">
        <ele>977.5</ele>
      </trkpt>
      <trkpt lat="33.061245" lon="-110.983181">
        <ele>982.2</ele>
      </trkpt>
      <trkpt lat="33.061563" lon="-110.983624">
        <ele>977.2</ele>
      </trkpt>
      <trkpt lat="33.062078" lon="-110.983559">
        <ele>969.0</ele>
      </trkpt>
      <trkpt lat="33.061796" lon="-110.98329">
        <ele>964.2</ele>
      </trkpt>
      <trkpt lat="33.062676" lon="-110.983527">
        <ele>952.4</ele>
      </trkpt>
      <trkpt lat="33.062963" lon="-110.983699">
        <ele>948.0</ele>
      </trkpt>
      <trkpt lat="33.063145" lon="-110.983684">
        <ele>945.2</ele>
      </trkpt>
      <trkpt lat="33.06344" lon="-110.984113">
        <ele>940.7</ele>
      </trkpt>
      <trkpt lat="33.063567" lon="-110.983993">
        <ele>937.2</ele>
      </trkpt>
      <trkpt lat="33.064053" lon="-110.98386">
        <ele>929.7</ele>
      </trkpt>
      <trkpt lat="33.064103" lon="-110.984049">
        <ele>929.4</ele>
      </trkpt>
      <trkpt lat="33.064318" lon="-110.984268">
        <ele>927.4</ele>
      </trkpt>
      <trkpt lat="33.064219" lon="-110.98405">
        <ele>922.5</ele>
      </trkpt>
      <trkpt lat="33.064303" lon="-110.983705">
        <ele>914.7</ele>
      </trkpt>
      <trkpt lat="33.064259" lon="-110.983516">
        <ele>911.5</ele>
      </trkpt>
      <trkpt lat="33.064117" lon="-110.983432">
        <ele>910.0</ele>
      </trkpt>
      <trkpt lat="33.064324" lon="-110.983445">
        <ele>905.2</ele>
      </trkpt>
      <trkpt lat="33.064453" lon="-110.98368">
        <ele>905.0</ele>
      </trkpt>
      <trkpt lat="33.064465" lon="-110.983959">
        <ele>906.0</ele>
      </trkpt>
      <trkpt lat="33.064791" lon="-110.984232">
        <ele>894.5</ele>
      </trkpt>
      <trkpt lat="33.064816" lon="-110.984409">
        <ele>889.7</ele>
      </trkpt>
      <trkpt lat="33.064864" lon="-110.984282">
        <ele>888.5</ele>
      </trkpt>
      <trkpt lat="33.064779" lon="-110.984027">
        <ele>892.2</ele>
      </trkpt>
      <trkpt lat="33.064988" lon="-110.984253">
        <ele>883.2</ele>
      </trkpt>
      <trkpt lat="33.06494" lon="-110.983986">
        <ele>882.4</ele>
      </trkpt>
      <trkpt lat="33.06508" lon="-110.984096">
        <ele>879.5</ele>
      </trkpt>
      <trkpt lat="33.065008" lon="-110.984502">
        <ele>880.7</ele>
      </trkpt>
      <trkpt lat="33.065168" lon="-110.98467">
        <ele>874.4</ele>
      </trkpt>
      <trkpt lat="33.065252" lon="-110.985001">
        <ele>869.4</ele>
      </trkpt>
      <trkpt lat="33.065154" lon="-110.98534">
        <ele>866.7</ele>
      </trkpt>
      <trkpt lat="33.06551" lon="-110.985054">
        <ele>860.0</ele>
      </trkpt>
      <trkpt lat="33.065596" lon="-110.985182">
        <ele>856.5</ele>
      </trkpt>
      <trkpt lat="33.065513" lon="-110.985299">
        <ele>855.0</ele>
      </trkpt>
      <trkpt lat="33.065899" lon="-110.985293">
        <ele>844.7</ele>
      </trkpt>
      <trkpt lat="33.066015" lon="-110.985496">
        <ele>841.2</ele>
      </trkpt>
      <trkpt lat="33.066153" lon="-110.985565">
        <ele>839.2</ele>
      </trkpt>
      <trkpt lat="33.066142" lon="-110.985357">
        <ele>838.4</ele>
      </trkpt>
      <trkpt lat="33.066409" lon="-110.985879">
        <ele>832.5</ele>
      </trkpt>
      <trkpt lat="33.066367" lon="-110.985486">
        <ele>830.5</ele>
      </trkpt>
      <trkpt lat="33.066555" lon="-110.985739">
        <ele>825.5</ele>
      </trkpt>
      <trkpt lat="33.066417" lon="-110.985262">
        <ele>825.7</ele>
      </trkpt>
      <trkpt lat="33.066547" lon="-110.984891">
        <ele>828.2</ele>
      </trkpt>
      <trkpt lat="33.066623" lon="-110.98507">
        <ele>827.2</ele>
      </trkpt>
      <trkpt lat="33.066989" lon="-110.985326">
        <ele>820.4</ele>
      </trkpt>
      <trkpt lat="33.066937" lon="-110.985441">
        <ele>817.7</ele>
      </trkpt>
      <trkpt lat="33.067009" lon="-110.985681">
        <ele>816.0</ele>
      </trkpt>
      <trkpt lat="33.067151" lon="-110.985748">
        <ele>816.7</ele>
      </trkpt>
      <trkpt lat="33.067276" lon="-110.985638">
        <ele>816.0</ele>
      </trkpt>
      <trkpt lat="33.067458" lon="-110.985656">
        <ele>815.0</ele>
      </trkpt>
      <trkpt lat="33.067877" lon="-110.985372">
        <ele>810.0</ele>
      </trkpt>
      <trkpt lat="33.068134" lon="-110.985305">
        <ele>805.5</ele>
      </trkpt>
      <trkpt lat="33.068244" lon="-110.985365">
        <ele>806.2</ele>
      </trkpt>
      <trkpt lat="33.06863" lon="-110.985276">
        <ele>804.5</ele>
      </trkpt>
      <trkpt lat="33.068668" lon="-110.985374">
        <ele>805.4</ele>
      </trkpt>
      <trkpt lat="33.069043" lon="-110.985517">
        <ele>798.0</ele>
      </trkpt>
      <trkpt lat="33.069395" lon="-110.985989">
        <ele>791.5</ele>
      </trkpt>
      <trkpt lat="33.069431" lon="-110.985921">
        <ele>789.4</ele>
      </trkpt>
      <trkpt lat="33.069564" lon="-110.985967">
        <ele>788.5</ele>
      </trkpt>
      <trkpt lat="33.069614" lon="-110.986144">
        <ele>788.0</ele>
      </trkpt>
      <trkpt lat="33.070587" lon="-110.986415">
        <ele>784.5</ele>
      </trkpt>
      <trkpt lat="33.070785" lon="-110.986589">
        <ele>782.2</ele>
      </trkpt>
      <trkpt lat="33.071165" lon="-110.986657">
        <ele>778.4</ele>
      </trkpt>
      <trkpt lat="33.071254" lon="-110.986764">
        <ele>775.0</ele>
      </trkpt>
      <trkpt lat="33.071832" lon="-110.986893">
        <ele>768.0</ele>
      </trkpt>
      <trkpt lat="33.072305" lon="-110.987346">
        <ele>762.4</ele>
      </trkpt>
      <trkpt lat="33.072457" lon="-110.987352">
        <ele>761.0</ele>
      </trkpt>
      <trkpt lat="33.072651" lon="-110.987205">
        <ele>756.7</ele>
      </trkpt>
      <trkpt lat="33.073209" lon="-110.987657">
        <ele>754.7</ele>
      </trkpt>
      <trkpt lat="33.074126" lon="-110.987981">
        <ele>743.4</ele>
      </trkpt>
      <trkpt lat="33.074424" lon="-110.987976">
        <ele>743.5</ele>
      </trkpt>
      <trkpt lat="33.074863" lon="-110.988187">
        <ele>740.4</ele>
      </trkpt>
      <trkpt lat="33.07511" lon="-110.988475">
        <ele>735.5</ele>
      </trkpt>
      <trkpt lat="33.075179" lon="-110.988353">
        <ele>733.0</ele>
      </trkpt>
      <trkpt lat="33.075063" lon="-110.987834">
        <ele>741.4</ele>
      </trkpt>
      <trkpt lat="33.075356" lon="-110.987919">
        <ele>738.5</ele>
      </trkpt>
      <trkpt lat="33.075401" lon="-110.987749">
        <ele>741.7</ele>
      </trkpt>
      <trkpt lat="33.07528" lon="-110.987746">
        <ele>742.2</ele>
      </trkpt>
      <trkpt lat="33.07515" lon="-110.987295">
        <ele>744.2</ele>
      </trkpt>
      <trkpt lat="33.075302" lon="-110.986952">
        <ele>748.2</ele>
      </trkpt>
      <trkpt lat="33.075964" lon="-110.986747">
        <ele>747.4</ele>
      </trkpt>
      <trkpt lat="33.076214" lon="-110.986162">
        <ele>749.0</ele>
      </trkpt>
      <trkpt lat="33.076441" lon="-110.98618">
        <ele>746.0</ele>
      </trkpt>
      <trkpt lat="33.076535" lon="-110.986015">
        <ele>746.0</ele>
      </trkpt>
      <trkpt lat="33.076918" lon="-110.986488">
        <ele>743.4</ele>
      </trkpt>
      <trkpt lat="33.076912" lon="-110.986924">
        <ele>735.5</ele>
      </trkpt>
      <trkpt lat="33.077273" lon="-110.987447">
        <ele>732.0</ele>
      </trkpt>
      <trkpt lat="33.077621" lon="-110.98704">
        <ele>731.5</ele>
      </trkpt>
      <trkpt lat="33.07815" lon="-110.98733">
        <ele>724.0</ele>
      </trkpt>
      <trkpt lat="33.078166" lon="-110.987167">
        <ele>723.7</ele>
      </trkpt>
      <trkpt lat="33.078348" lon="-110.987159">
        <ele>722.2</ele>
      </trkpt>
      <trkpt lat="33.078578" lon="-110.987581">
        <ele>715.7</ele>
      </trkpt>
      <trkpt lat="33.078919" lon="-110.987509">
        <ele>714.2</ele>
      </trkpt>
      <trkpt lat="33.079054" lon="-110.987598">
        <ele>711.2</ele>
      </trkpt>
      <trkpt lat="33.079667" lon="-110.987421">
        <ele>706.0</ele>
      </trkpt>
      <trkpt lat="33.079884" lon="-110.987544">
        <ele>706.0</ele>
      </trkpt>
      <trkpt lat="33.080146" lon="-110.987467">
        <ele>704.2</ele>
      </trkpt>
      <trkpt lat="33.080405" lon="-110.987523">
        <ele>702.2</ele>
      </trkpt>
      <trkpt lat="33.080111" lon="-110.987858">
        <ele>706.7</ele>
      </trkpt>
      <trkpt lat="33.080224" lon="-110.987978">
        <ele>706.5</ele>
      </trkpt>
      <trkpt lat="33.080202" lon="-110.988198">
        <ele>708.5</ele>
      </trkpt>
      <trkpt lat="33.080485" lon="-110.988327">
        <ele>707.7</ele>
      </trkpt>
      <trkpt lat="33.080596" lon="-110.988291">
        <ele>707.4</ele>
      </trkpt>
      <trkpt lat="33.080654" lon="-110.988095">
        <ele>704.4</ele>
      </trkpt>
      <trkpt lat="33.080945" lon="-110.987854">
        <ele>699.0</ele>
      </trkpt>
      <trkpt lat="33.081055" lon="-110.98787">
        <ele>697.2</ele>
      </trkpt>
      <trkpt lat="33.081077" lon="-110.987974">
        <ele>698.4</ele>
      </trkpt>
      <trkpt lat="33.081255" lon="-110.988008">
        <ele>697.7</ele>
      </trkpt>
      <trkpt lat="33.081528" lon="-110.987728">
        <ele>695.0</ele>
      </trkpt>
      <trkpt lat="33.081832" lon="-110.987789">
        <ele>695.0</ele>
      </trkpt>
      <trkpt lat="33.081989" lon="-110.987681">
        <ele>694.7</ele>
      </trkpt>
      <trkpt lat="33.082748" lon="-110.98751">
        <ele>686.2</ele>
      </trkpt>
      <trkpt lat="33.082943" lon="-110.987361">
        <ele>683.5</ele>
      </trkpt>
      <trkpt lat="33.083613" lon="-110.987578">
        <ele>683.0</ele>
      </trkpt>
      <trkpt lat="33.083907" lon="-110.987505">
        <ele>681.2</ele>
      </trkpt>
      <trkpt lat="33.083953" lon="-110.987729">
        <ele>680.5</ele>
      </trkpt>
      <trkpt lat="33.084091" lon="-110.987771">
        <ele>679.0</ele>
      </trkpt>
      <trkpt lat="33.084204" lon="-110.987941">
        <ele>676.0</ele>
      </trkpt>
      <trkpt lat="33.084629" lon="-110.988044">
        <ele>670.7</ele>
      </trkpt>
      <trkpt lat="33.084907" lon="-110.987955">
        <ele>670.0</ele>
      </trkpt>
      <trkpt lat="33.085074" lon="-110.987786">
        <ele>670.5</ele>
      </trkpt>
      <trkpt lat="33.085168" lon="-110.987827">
        <ele>670.5</ele>
      </trkpt>
      <trkpt lat="33.085304" lon="-110.98816">
        <ele>670.0</ele>
      </trkpt>
      <trkpt lat="33.085506" lon="-110.988142">
        <ele>669.5</ele>
      </trkpt>
      <trkpt lat="33.085938" lon="-110.988427">
        <ele>663.7</ele>
      </trkpt>
      <trkpt lat="33.0861" lon="-110.988394">
        <ele>662.0</ele>
      </trkpt>
      <trkpt lat="33.086371" lon="-110.988738">
        <ele>658.4</ele>
      </trkpt>
      <trkpt lat="33.086449" lon="-110.989176">
        <ele>658.0</ele>
      </trkpt>
      <trkpt lat="33.086548" lon="-110.989098">
        <ele>658.0</ele>
      </trkpt>
      <trkpt lat="33.086546" lon="-110.989387">
        <ele>658.0</ele>
      </trkpt>
      <trkpt lat="33.086661" lon="-110.989584">
        <ele>658.0</ele>
      </trkpt>
      <trkpt lat="33.086779" lon="-110.989616">
        <ele>658.0</ele>
      </trkpt>
      <trkpt lat="33.086882" lon="-110.989367">
        <ele>658.0</ele>
      </trkpt>
      <trkpt lat="33.087213" lon="-110.98949">
        <ele>658.0</ele>
      </trkpt>
      <trkpt lat="33.08726" lon="-110.989302">
        <ele>658.0</ele>
      </trkpt>
      <trkpt lat="33.087563" lon="-110.989766">
        <ele>657.0</ele>
      </trkpt>
      <trkpt lat="33.087646" lon="-110.989733">
        <ele>657.0</ele>
      </trkpt>
      <trkpt lat="33.088079" lon="-110.989945">
        <ele>652.0</ele>
      </trkpt>
      <trkpt lat="33.088099" lon="-110.990135">
        <ele>650.2</ele>
      </trkpt>
      <trkpt lat="33.088348" lon="-110.990181">
        <ele>646.7</ele>
      </trkpt>
      <trkpt lat="33.088521" lon="-110.989957">
        <ele>646.2</ele>
      </trkpt>
      <trkpt lat="33.088656" lon="-110.990139">
        <ele>646.0</ele>
      </trkpt>
      <trkpt lat="33.088847" lon="-110.990076">
        <ele>646.0</ele>
      </trkpt>
      <trkpt lat="33.088884" lon="-110.99035">
        <ele>646.0</ele>
      </trkpt>
      <trkpt lat="33.089044" lon="-110.990328">
        <ele>645.7</ele>
      </trkpt>
      <trkpt lat="33.08968" lon="-110.990667">
        <ele>645.0</ele>
      </trkpt>
      <trkpt lat="33.089942" lon="-110.99036">
        <ele>645.0</ele>
      </trkpt>
      <trkpt lat="33.090111" lon="-110.989853">
        <ele>644.0</ele>
      </trkpt>
      <trkpt lat="33.090289" lon="-110.989713">
        <ele>645.5</ele>
      </trkpt>
      <trkpt lat="33.09057" lon="-110.989687">
        <ele>649.5</ele>
      </trkpt>
      <trkpt lat="33.090629" lon="-110.989233">
        <ele>647.5</ele>
      </trkpt>
      <trkpt lat="33.090795" lon="-110.989256">
        <ele>650.7</ele>
      </trkpt>
      <trkpt lat="33.090808" lon="-110.988898">
        <ele>649.4</ele>
      </trkpt>
      <trkpt lat="33.09106" lon="-110.988566">
        <ele>651.2</ele>
      </trkpt>
      <trkpt lat="33.091046" lon="-110.987884">
        <ele>647.0</ele>
      </trkpt>
      <trkpt lat="33.091246" lon="-110.987708">
        <ele>647.2</ele>
      </trkpt>
      <trkpt lat="33.091451" lon="-110.987697">
        <ele>652.7</ele>
      </trkpt>
      <trkpt lat="33.091265" lon="-110.987369">
        <ele>649.2</ele>
      </trkpt>
      <trkpt lat="33.091409" lon="-110.98717">
        <ele>649.7</ele>
      </trkpt>
      <trkpt lat="33.091485" lon="-110.98662">
        <ele>645.4</ele>
      </trkpt>
      <trkpt lat="33.09158" lon="-110.98655">
        <ele>644.0</ele>
      </trkpt>
      <trkpt lat="33.091878" lon="-110.986633">
        <ele>645.0</ele>
      </trkpt>
      <trkpt lat="33.091642" lon="-110.985965">
        <ele>641.2</ele>
      </trkpt>
      <trkpt lat="33.091726" lon="-110.98574">
        <ele>643.5</ele>
      </trkpt>
      <trkpt lat="33.09167" lon="-110.985666">
        <ele>642.5</ele>
      </trkpt>
      <trkpt lat="33.09171" lon="-110.985278">
        <ele>639.2</ele>
      </trkpt>
      <trkpt lat="33.092281" lon="-110.984888">
        <ele>634.0</ele>
      </trkpt>
      <trkpt lat="33.092824" lon="-110.984824">
        <ele>635.0</ele>
      </trkpt>
      <trkpt lat="33.092967" lon="-110.985029">
        <ele>642.4</ele>
      </trkpt>
      <trkpt lat="33.093076" lon="-110.985015">
        <ele>640.7</ele>
      </trkpt>
      <trkpt lat="33.093584" lon="-110.984427">
        <ele>634.5</ele>
      </trkpt>
      <trkpt lat="33.093601" lon="-110.984226">
        <ele>631.4</ele>
      </trkpt>
      <trkpt lat="33.094079" lon="-110.983731">
        <ele>624.0</ele>
      </trkpt>
      <trkpt lat="33.094428" lon="-110.983758">
        <ele>621.0</ele>
      </trkpt>
      <trkpt lat="33.094396" lon="-110.983612">
        <ele>617.0</ele>
      </trkpt>
      <trkpt lat="33.094576" lon="-110.983491">
        <ele>610.7</ele>
      </trkpt>
      <trkpt lat="33.09453" lon="-110.983401">
        <ele>611.4</ele>
      </trkpt>
      <trkpt lat="33.094669" lon="-110.983397">
        <ele>610.2</ele>
      </trkpt>
      <trkpt lat="33.094729" lon="-110.983255">
        <ele>609.0</ele>
      </trkpt>
      <trkpt lat="33.094906" lon="-110.983187">
        <ele>608.0</ele>
      </trkpt>
      <trkpt lat="33.095075" lon="-110.982922">
        <ele>605.0</ele>
      </trkpt>
      <trkpt lat="33.095294" lon="-110.983159">
        <ele>607.4</ele>
      </trkpt>
      <trkpt lat="33.09552" lon="-110.98272">
        <ele>600.0</ele>
      </trkpt>
      <trkpt lat="33.095739" lon="-110.982712">
        <ele>598.5</ele>
      </trkpt>
      <trkpt lat="33.095785" lon="-110.982956">
        <ele>600.5</ele>
      </trkpt>
      <trkpt lat="33.095858" lon="-110.982978">
        <ele>601.5</ele>
      </trkpt>
      <trkpt lat="33.095858" lon="-110.983081">
        <ele>602.7</ele>
      </trkpt>
      <trkpt lat="33.096556" lon="-110.98298">
        <ele>596.7</ele>
      </trkpt>
      <trkpt lat="33.096707" lon="-110.983118">
        <ele>596.2</ele>
      </trkpt>
      <trkpt lat="33.097001" lon="-110.983166">
        <ele>592.0</ele>
      </trkpt>
      <trkpt lat="33.097105" lon="-110.98305">
        <ele>588.5</ele>
      </trkpt>
      <trkpt lat="33.097921" lon="-110.983355">
        <ele>584.0</ele>
      </trkpt>
      <trkpt lat="33.097988" lon="-110.983263">
        <ele>583.5</ele>
      </trkpt>
      <trkpt lat="33.098402" lon="-110.983344">
        <ele>577.5</ele>
      </trkpt>
      <trkpt lat="33.098678" lon="-110.983138">
        <ele>575.0</ele>
      </trkpt>
      <trkpt lat="33.099154" lon="-110.982985">
        <ele>578.2</ele>
      </trkpt>
      <trkpt lat="33.09939" lon="-110.98316">
        <ele>575.7</ele>
      </trkpt>
      <trkpt lat="33.100011" lon="-110.982556">
        <ele>574.2</ele>
      </trkpt>
      <trkpt lat="33.100309" lon="-110.982663">
        <ele>573.0</ele>
      </trkpt>
      <trkpt lat="33.100406" lon="-110.982409">
        <ele>573.0</ele>
      </trkpt>
      <trkpt lat="33.100602" lon="-110.98225">
        <ele>573.0</ele>
      </trkpt>
      <trkpt lat="33.100783" lon="-110.98223">
        <ele>572.4</ele>
      </trkpt>
      <trkpt lat="33.100968" lon="-110.982043">
        <ele>570.2</ele>
      </trkpt>
      <trkpt lat="33.101121" lon="-110.981702">
        <ele>566.0</ele>
      </trkpt>
      <trkpt lat="33.100962" lon="-110.981247">
        <ele>569.7</ele>
      </trkpt>
      <trkpt lat="33.101115" lon="-110.981017">
        <ele>568.4</ele>
      </trkpt>
      <trkpt lat="33.101006" lon="-110.980732">
        <ele>570.7</ele>
      </trkpt>
      <trkpt lat="33.101143" lon="-110.980809">
        <ele>570.7</ele>
      </trkpt>
      <trkpt lat="33.101173" lon="-110.98072">
        <ele>571.4</ele>
      </trkpt>
      <trkpt lat="33.10109" lon="-110.980634">
        <ele>572.0</ele>
      </trkpt>
      <trkpt lat="33.101241" lon="-110.980524">
        <ele>576.0</ele>
      </trkpt>
      <trkpt lat="33.100974" lon="-110.980316">
        <ele>572.2</ele>
      </trkpt>
      <trkpt lat="33.100957" lon="-110.979233">
        <ele>582.0</ele>
      </trkpt>
      <trkpt lat="33.100695" lon="-110.979274">
        <ele>580.0</ele>
      </trkpt>
      <trkpt lat="33.100862" lon="-110.97879">
        <ele>586.5</ele>
      </trkpt>
      <trkpt lat="33.10114" lon="-110.978345">
        <ele>591.4</ele>
      </trkpt>
      <trkpt lat="33.101345" lon="-110.978353">
        <ele>597.2</ele>
      </trkpt>
      <trkpt lat="33.101391" lon="-110.97824">
        <ele>598.4</ele>
      </trkpt>
      <trkpt lat="33.101215" lon="-110.977681">
        <ele>595.0</ele>
      </trkpt>
      <trkpt lat="33.101221" lon="-110.977448">
        <ele>591.2</ele>
      </trkpt>
      <trkpt lat="33.101324" lon="-110.977389">
        <ele>590.2</ele>
      </trkpt>
      <trkpt lat="33.101297" lon="-110.976977">
        <ele>585.2</ele>
      </trkpt>
      <trkpt lat="33.101203" lon="-110.976888">
        <ele>584.2</ele>
      </trkpt>
      <trkpt lat="33.101213" lon="-110.976661">
        <ele>580.7</ele>
      </trkpt>
      <trkpt lat="33.101137" lon="-110.976555">
        <ele>578.7</ele>
      </trkpt>
      <trkpt lat="33.10107" lon="-110.976699">
        <ele>580.7</ele>
      </trkpt>
      <trkpt lat="33.101108" lon="-110.97643">
        <ele>576.2</ele>
      </trkpt>
      <trkpt lat="33.10096" lon="-110.976609">
        <ele>574.4</ele>
      </trkpt>
      <trkpt lat="33.100975" lon="-110.976329">
        <ele>573.0</ele>
      </trkpt>
      <trkpt lat="33.101194" lon="-110.976124">
        <ele>569.5</ele>
      </trkpt>
      <trkpt lat="33.101337" lon="-110.976223">
        <ele>569.5</ele>
      </trkpt>
      <trkpt lat="33.101556" lon="-110.976161">
        <ele>564.2</ele>
      </trkpt>
      <trkpt lat="33.101587" lon="-110.975951">
        <ele>562.5</ele>
      </trkpt>
      <trkpt lat="33.101523" lon="-110.975799">
        <ele>561.2</ele>
      </trkpt>
      <trkpt lat="33.101613" lon="-110.975791">
        <ele>561.0</ele>
      </trkpt>
      <trkpt lat="33.101689" lon="-110.975646">
        <ele>560.0</ele>
      </trkpt>
      <trkpt lat="33.101866" lon="-110.975715">
        <ele>561.0</ele>
      </trkpt>
      <trkpt lat="33.101804" lon="-110.97581">
        <ele>561.0</ele>
      </trkpt>
      <trkpt lat="33.102033" lon="-110.976135">
        <ele>557.5</ele>
      </trkpt>
      <trkpt lat="33.102013" lon="-110.976001">
        <ele>557.0</ele>
      </trkpt>
      <trkpt lat="33.102097" lon="-110.976155">
        <ele>550.7</ele>
      </trkpt>
      <trkpt lat="33.102114" lon="-110.976045">
        <ele>553.0</ele>
      </trkpt>
      <trkpt lat="33.102499" lon="-110.975832">
        <ele>542.5</ele>
      </trkpt>
      <trkpt lat="33.102558" lon="-110.975626">
        <ele>540.2</ele>
      </trkpt>
      <trkpt lat="33.102229" lon="-110.974899">
        <ele>538.5</ele>
      </trkpt>
      <trkpt lat="33.103535" lon="-110.97428">
        <ele>541.0</ele>
      </trkpt>
      <trkpt lat="33.103715" lon="-110.974344">
        <ele>542.4</ele>
      </trkpt>
      <trkpt lat="33.103839" lon="-110.974668">
        <ele>540.4</ele>
      </trkpt>
      <trkpt lat="33.104644" lon="-110.974552">
        <ele>543.0</ele>
      </trkpt>
      <trkpt lat="33.104808" lon="-110.974602">
        <ele>540.7</ele>
      </trkpt>
      <trkpt lat="33.104897" lon="-110.974754">
        <ele>537.0</ele>
      </trkpt>
      <trkpt lat="33.105241" lon="-110.974957">
        <ele>536.5</ele>
      </trkpt>
      <trkpt lat="33.105534" lon="-110.975329">
        <ele>539.0</ele>
      </trkpt>
      <trkpt lat="33.105503" lon="-110.975455">
        <ele>541.0</ele>
      </trkpt>
      <trkpt lat="33.10521" lon="-110.97559">
        <ele>543.7</ele>
      </trkpt>
      <trkpt lat="33.104948" lon="-110.976058">
        <ele>549.5</ele>
      </trkpt>
      <trkpt lat="33.105243" lon="-110.976489">
        <ele>554.2</ele>
      </trkpt>
      <trkpt lat="33.105604" lon="-110.977811">
        <ele>551.4</ele>
      </trkpt>
      <trkpt lat="33.105835" lon="-110.978003">
        <ele>548.7</ele>
      </trkpt>
      <trkpt lat="33.106475" lon="-110.978288">
        <ele>547.7</ele>
      </trkpt>
      <trkpt lat="33.106732" lon="-110.978675">
        <ele>548.5</ele>
      </trkpt>
      <trkpt lat="33.1073" lon="-110.978927">
        <ele>549.4</ele>
      </trkpt>
      <trkpt lat="33.107481" lon="-110.979117">
        <ele>549.7</ele>
      </trkpt>
      <trkpt lat="33.107484" lon="-110.980137">
        <ele>546.5</ele>
      </trkpt>
      <trkpt lat="33.107368" lon="-110.98058">
        <ele>546.7</ele>
      </trkpt>
      <trkpt lat="33.107411" lon="-110.982636">
        <ele>545.2</ele>
      </trkpt>
      <trkpt lat="33.10748" lon="-110.982789">
        <ele>544.0</ele>
      </trkpt>
      <trkpt lat="33.108036" lon="-110.98306">
        <ele>547.0</ele>
      </trkpt>
      <trkpt lat="33.108232" lon="-110.982918">
        <ele>549.2</ele>
      </trkpt>
      <trkpt lat="33.108548" lon="-110.982394">
        <ele>556.7</ele>
      </trkpt>
      <trkpt lat="33.109659" lon="-110.982001">
        <ele>561.7</ele>
      </trkpt>
      <trkpt lat="33.109819" lon="-110.981833">
        <ele>564.4</ele>
      </trkpt>
      <trkpt lat="33.110097" lon="-110.981819">
        <ele>568.5</ele>
      </trkpt>
      <trkpt lat="33.110219" lon="-110.982078">
        <ele>564.7</ele>
      </trkpt>
      <trkpt lat="33.110394" lon="-110.982034">
        <ele>569.7</ele>
      </trkpt>
      <trkpt lat="33.110453" lon="-110.982274">
        <ele>570.4</ele>
      </trkpt>
      <trkpt lat="33.11054" lon="-110.98234">
        <ele>571.5</ele>
      </trkpt>
      <trkpt lat="33.111165" lon="-110.982205">
        <ele>576.0</ele>
      </trkpt>
      <trkpt lat="33.11123" lon="-110.982267">
        <ele>576.4</ele>
      </trkpt>
      <trkpt lat="33.111249" lon="-110.982568">
        <ele>572.5</ele>
      </trkpt>
      <trkpt lat="33.110836" lon="-110.982652">
        <ele>572.2</ele>
      </trkpt>
      <trkpt lat="33.110608" lon="-110.982829">
        <ele>572.7</ele>
      </trkpt>
      <trkpt lat="33.110556" lon="-110.983156">
        <ele>578.0</ele>
      </trkpt>
      <trkpt lat="33.110633" lon="-110.983651">
        <ele>582.7</ele>
      </trkpt>
      <trkpt lat="33.110343" lon="-110.983585">
        <ele>580.0</ele>
      </trkpt>
      <trkpt lat="33.110224" lon="-110.983763">
        <ele>582.0</ele>
      </trkpt>
      <trkpt lat="33.109716" lon="-110.983847">
        <ele>584.2</ele>
      </trkpt>
      <trkpt lat="33.109614" lon="-110.984032">
        <ele>584.5</ele>
      </trkpt>
      <trkpt lat="33.111002" lon="-110.984295">
        <ele>603.0</ele>
      </trkpt>
      <trkpt lat="33.111246" lon="-110.983864">
        <ele>603.5</ele>
      </trkpt>
      <trkpt lat="33.111328" lon="-110.983865">
        <ele>603.7</ele>
      </trkpt>
      <trkpt lat="33.111172" lon="-110.984377">
        <ele>612.0</ele>
      </trkpt>
      <trkpt lat="33.111435" lon="-110.984561">
        <ele>616.7</ele>
      </trkpt>
      <trkpt lat="33.111981" lon="-110.984719">
        <ele>619.4</ele>
      </trkpt>
      <trkpt lat="33.112181" lon="-110.985007">
        <ele>621.0</ele>
      </trkpt>
      <trkpt lat="33.112498" lon="-110.985206">
        <ele>621.7</ele>
      </trkpt>
      <trkpt lat="33.112746" lon="-110.985147">
        <ele>623.0</ele>
      </trkpt>
      <trkpt lat="33.112971" lon="-110.985765">
        <ele>622.0</ele>
      </trkpt>
      <trkpt lat="33.112847" lon="-110.985889">
        <ele>622.0</ele>
      </trkpt>
      <trkpt lat="33.111877" lon="-110.986187">
        <ele>612.2</ele>
      </trkpt>
      <trkpt lat="33.111427" lon="-110.986092">
        <ele>608.5</ele>
      </trkpt>
      <trkpt lat="33.11119" lon="-110.986313">
        <ele>607.2</ele>
      </trkpt>
      <trkpt lat="33.110612" lon="-110.986062">
        <ele>597.0</ele>
      </trkpt>
      <trkpt lat="33.110244" lon="-110.986193">
        <ele>597.5</ele>
      </trkpt>
      <trkpt lat="33.10993" lon="-110.986151">
        <ele>595.2</ele>
      </trkpt>
      <trkpt lat="33.109834" lon="-110.986035">
        <ele>594.4</ele>
      </trkpt>
      <trkpt lat="33.109687" lon="-110.986027">
        <ele>594.5</ele>
      </trkpt>
      <trkpt lat="33.109333" lon="-110.986465">
        <ele>599.7</ele>
      </trkpt>
      <trkpt lat="33.10937" lon="-110.987243">
        <ele>600.7</ele>
      </trkpt>
      <trkpt lat="33.109498" lon="-110.987351">
        <ele>607.4</ele>
      </trkpt>
      <trkpt lat="33.109523" lon="-110.987776">
        <ele>606.4</ele>
      </trkpt>
      <trkpt lat="33.109281" lon="-110.987861">
        <ele>603.4</ele>
      </trkpt>
      <trkpt lat="33.1092" lon="-110.987638">
        <ele>600.4</ele>
      </trkpt>
      <trkpt lat="33.108942" lon="-110.987574">
        <ele>600.5</ele>
      </trkpt>
      <trkpt lat="33.108642" lon="-110.987751">
        <ele>605.0</ele>
      </trkpt>
      <trkpt lat="33.108593" lon="-110.988009">
        <ele>607.4</ele>
      </trkpt>
      <trkpt lat="33.108275" lon="-110.988502">
        <ele>609.0</ele>
      </trkpt>
      <trkpt lat="33.107714" lon="-110.989084">
        <ele>614.2</ele>
      </trkpt>
      <trkpt lat="33.107523" lon="-110.989174">
        <ele>617.7</ele>
      </trkpt>
      <trkpt lat="33.107281" lon="-110.988576">
        <ele>616.5</ele>
      </trkpt>
      <trkpt lat="33.107048" lon="-110.98865">
        <ele>618.4</ele>
      </trkpt>
      <trkpt lat="33.106805" lon="-110.988946">
        <ele>624.7</ele>
      </trkpt>
      <trkpt lat="33.106616" lon="-110.988973">
        <ele>625.4</ele>
      </trkpt>
      <trkpt lat="33.10653" lon="-110.98917">
        <ele>629.4</ele>
      </trkpt>
      <trkpt lat="33.106645" lon="-110.989718">
        <ele>632.4</ele>
      </trkpt>
      <trkpt lat="33.106582" lon="-110.989974">
        <ele>632.0</ele>
      </trkpt>
      <trkpt lat="33.106682" lon="-110.990806">
        <ele>641.2</ele>
      </trkpt>
      <trkpt lat="33.106563" lon="-110.991081">
        <ele>643.0</ele>
      </trkpt>
      <trkpt lat="33.107033" lon="-110.991659">
        <ele>645.0</ele>
      </trkpt>
      <trkpt lat="33.107" lon="-110.991968">
        <ele>642.5</ele>
      </trkpt>
      <trkpt lat="33.106881" lon="-110.992216">
        <ele>642.4</ele>
      </trkpt>
      <trkpt lat="33.10669" lon="-110.99235">
        <ele>645.2</ele>
      </trkpt>
      <trkpt lat="33.106678" lon="-110.992858">
        <ele>650.7</ele>
      </trkpt>
      <trkpt lat="33.106537" lon="-110.992968">
        <ele>646.0</ele>
      </trkpt>
      <trkpt lat="33.10635" lon="-110.993581">
        <ele>653.5</ele>
      </trkpt>
      <trkpt lat="33.106161" lon="-110.993781">
        <ele>652.4</ele>
      </trkpt>
      <trkpt lat="33.106036" lon="-110.994193">
        <ele>651.5</ele>
      </trkpt>
      <trkpt lat="33.10581" lon="-110.994409">
        <ele>650.2</ele>
      </trkpt>
      <trkpt lat="33.105772" lon="-110.994637">
        <ele>648.0</ele>
      </trkpt>
      <trkpt lat="33.106057" lon="-110.994998">
        <ele>647.4</ele>
      </trkpt>
      <trkpt lat="33.105606" lon="-110.9949">
        <ele>639.7</ele>
      </trkpt>
      <trkpt lat="33.105584" lon="-110.99511">
        <ele>636.0</ele>
      </trkpt>
      <trkpt lat="33.10579" lon="-110.995091">
        <ele>638.4</ele>
      </trkpt>
      <trkpt lat="33.10614" lon="-110.99577">
        <ele>625.4</ele>
      </trkpt>
      <trkpt lat="33.105779" lon="-110.995494">
        <ele>621.0</ele>
      </trkpt>
      <trkpt lat="33.105632" lon="-110.99549">
        <ele>623.0</ele>
      </trkpt>
      <trkpt lat="33.105614" lon="-110.995717">
        <ele>619.0</ele>
      </trkpt>
      <trkpt lat="33.105278" lon="-110.996167">
        <ele>612.0</ele>
      </trkpt>
      <trkpt lat="33.104934" lon="-110.996259">
        <ele>602.7</ele>
      </trkpt>
      <trkpt lat="33.104927" lon="-110.996341">
        <ele>603.4</ele>
      </trkpt>
      <trkpt lat="33.105274" lon="-110.996544">
        <ele>603.4</ele>
      </trkpt>
      <trkpt lat="33.105542" lon="-110.996225">
        <ele>606.5</ele>
      </trkpt>
      <trkpt lat="33.105658" lon="-110.996249">
        <ele>604.2</ele>
      </trkpt>
      <trkpt lat="33.105592" lon="-110.99696">
        <ele>590.7</ele>
      </trkpt>
      <trkpt lat="33.105508" lon="-110.997164">
        <ele>593.0</ele>
      </trkpt>
      <trkpt lat="33.105505" lon="-110.998129">
        <ele>583.0</ele>
      </trkpt>
      <trkpt lat="33.105414" lon="-110.998552">
        <ele>573.2</ele>
      </trkpt>
      <trkpt lat="33.105429" lon="-110.998992">
        <ele>571.5</ele>
      </trkpt>
      <trkpt lat="33.105272" lon="-110.998535">
        <ele>566.7</ele>
      </trkpt>
      <trkpt lat="33.105278" lon="-110.998122">
        <ele>570.4</ele>
      </trkpt>
      <trkpt lat="33.105027" lon="-110.998079">
        <ele>564.2</ele>
      </trkpt>
      <trkpt lat="33.104784" lon="-110.997881">
        <ele>559.0</ele>
      </trkpt>
      <trkpt lat="33.10474" lon="-110.998242">
        <ele>556.2</ele>
      </trkpt>
      <trkpt lat="33.104933" lon="-110.998363">
        <ele>559.2</ele>
      </trkpt>
      <trkpt lat="33.104967" lon="-110.99857">
        <ele>556.5</ele>
      </trkpt>
      <trkpt lat="33.104847" lon="-110.999096">
        <ele>551.0</ele>
      </trkpt>
      <trkpt lat="33.104945" lon="-110.99954">
        <ele>548.7</ele>
      </trkpt>
      <trkpt lat="33.105035" lon="-110.999625">
        <ele>549.7</ele>
      </trkpt>
      <trkpt lat="33.105125" lon="-111.000037">
        <ele>543.4</ele>
      </trkpt>
      <trkpt lat="33.105255" lon="-111.000179">
        <ele>542.2</ele>
      </trkpt>
      <trkpt lat="33.105396" lon="-111.000066">
        <ele>543.7</ele>
      </trkpt>
      <trkpt lat="33.105379" lon="-111.000283">
        <ele>540.0</ele>
      </trkpt>
      <trkpt lat="33.105458" lon="-111.000297">
        <ele>539.7</ele>
      </trkpt>
      <trkpt lat="33.105693" lon="-111.000927">
        <ele>534.7</ele>
      </trkpt>
      <trkpt lat="33.10568" lon="-111.001192">
        <ele>534.0</ele>
      </trkpt>
      <trkpt lat="33.106206" lon="-111.0025">
        <ele>532.2</ele>
      </trkpt>
      <trkpt lat="33.106271" lon="-111.003441">
        <ele>534.5</ele>
      </trkpt>
      <trkpt lat="33.106507" lon="-111.003935">
        <ele>542.0</ele>
      </trkpt>
      <trkpt lat="33.106541" lon="-111.004272">
        <ele>542.0</ele>
      </trkpt>
      <trkpt lat="33.106394" lon="-111.004656">
        <ele>542.2</ele>
      </trkpt>
      <trkpt lat="33.106417" lon="-111.004953">
        <ele>540.4</ele>
      </trkpt>
      <trkpt lat="33.10654" lon="-111.005155">
        <ele>545.2</ele>
      </trkpt>
      <trkpt lat="33.106143" lon="-111.005404">
        <ele>536.2</ele>
      </trkpt>
      <trkpt lat="33.105888" lon="-111.005846">
        <ele>536.0</ele>
      </trkpt>
      <trkpt lat="33.105777" lon="-111.006472">
        <ele>536.7</ele>
      </trkpt>
      <trkpt lat="33.105832" lon="-111.006569">
        <ele>537.5</ele>
      </trkpt>
      <trkpt lat="33.106144" lon="-111.006558">
        <ele>543.4</ele>
      </trkpt>
      <trkpt lat="33.106175" lon="-111.006687">
        <ele>542.4</ele>
      </trkpt>
      <trkpt lat="33.106547" lon="-111.00687">
        <ele>542.2</ele>
      </trkpt>
      <trkpt lat="33.106481" lon="-111.006974">
        <ele>540.5</ele>
      </trkpt>
      <trkpt lat="33.106619" lon="-111.007201">
        <ele>541.0</ele>
      </trkpt>
      <trkpt lat="33.106541" lon="-111.007422">
        <ele>541.0</ele>
      </trkpt>
      <trkpt lat="33.106764" lon="-111.007932">
        <ele>545.5</ele>
      </trkpt>
      <trkpt lat="33.107076" lon="-111.008068">
        <ele>549.2</ele>
      </trkpt>
      <trkpt lat="33.107273" lon="-111.008046">
        <ele>552.2</ele>
      </trkpt>
      <trkpt lat="33.107646" lon="-111.008283">
        <ele>555.2</ele>
      </trkpt>
      <trkpt lat="33.107827" lon="-111.008243">
        <ele>557.0</ele>
      </trkpt>
      <trkpt lat="33.107849" lon="-111.00837">
        <ele>556.2</ele>
      </trkpt>
      <trkpt lat="33.108075" lon="-111.008369">
        <ele>558.2</ele>
      </trkpt>
      <trkpt lat="33.108302" lon="-111.008499">
        <ele>560.5</ele>
      </trkpt>
      <trkpt lat="33.1084" lon="-111.008378">
        <ele>561.7</ele>
      </trkpt>
      <trkpt lat="33.108269" lon="-111.007936">
        <ele>565.5</ele>
      </trkpt>
      <trkpt lat="33.108431" lon="-111.007992">
        <ele>566.5</ele>
      </trkpt>
      <trkpt lat="33.108645" lon="-111.007911">
        <ele>568.2</ele>
      </trkpt>
      <trkpt lat="33.108939" lon="-111.007994">
        <ele>569.4</ele>
      </trkpt>
      <trkpt lat="33.109081" lon="-111.008168">
        <ele>570.2</ele>
      </trkpt>
      <trkpt lat="33.109478" lon="-111.008157">
        <ele>572.7</ele>
      </trkpt>
      <trkpt lat="33.109693" lon="-111.008333">
        <ele>573.0</ele>
      </trkpt>
      <trkpt lat="33.11047" lon="-111.008533">
        <ele>571.7</ele>
      </trkpt>
      <trkpt lat="33.110732" lon="-111.008792">
        <ele>573.7</ele>
      </trkpt>
      <trkpt lat="33.11074" lon="-111.008978">
        <ele>574.2</ele>
      </trkpt>
      <trkpt lat="33.111303" lon="-111.009195">
        <ele>577.0</ele>
      </trkpt>
      <trkpt lat="33.111502" lon="-111.009172">
        <ele>578.2</ele>
      </trkpt>
      <trkpt lat="33.111663" lon="-111.009273">
        <ele>579.7</ele>
      </trkpt>
      <trkpt lat="33.11157" lon="-111.009477">
        <ele>580.0</ele>
      </trkpt>
      <trkpt lat="33.111716" lon="-111.009693">
        <ele>579.5</ele>
      </trkpt>
      <trkpt lat="33.111708" lon="-111.009866">
        <ele>578.5</ele>
      </trkpt>
      <trkpt lat="33.112009" lon="-111.010418">
        <ele>578.7</ele>
      </trkpt>
      <trkpt lat="33.111939" lon="-111.010573">
        <ele>577.5</ele>
      </trkpt>
      <trkpt lat="33.1124" lon="-111.010835">
        <ele>578.7</ele>
      </trkpt>
      <trkpt lat="33.112596" lon="-111.011055">
        <ele>580.0</ele>
      </trkpt>
      <trkpt lat="33.112766" lon="-111.011072">
        <ele>581.4</ele>
      </trkpt>
      <trkpt lat="33.113571" lon="-111.010803">
        <ele>584.2</ele>
      </trkpt>
      <trkpt lat="33.113584" lon="-111.011533">
        <ele>584.2</ele>
      </trkpt>
      <trkpt lat="33.113717" lon="-111.011488">
        <ele>586.2</ele>
      </trkpt>
      <trkpt lat="33.113842" lon="-111.011664">
        <ele>585.2</ele>
      </trkpt>
      <trkpt lat="33.113996" lon="-111.011701">
        <ele>584.5</ele>
      </trkpt>
      <trkpt lat="33.114219" lon="-111.012081">
        <ele>586.0</ele>
      </trkpt>
      <trkpt lat="33.114524" lon="-111.011909">
        <ele>589.7</ele>
      </trkpt>
      <trkpt lat="33.114663" lon="-111.011725">
        <ele>590.5</ele>
      </trkpt>
      <trkpt lat="33.114933" lon="-111.011646">
        <ele>590.4</ele>
      </trkpt>
      <trkpt lat="33.115218" lon="-111.0113">
        <ele>591.5</ele>
      </trkpt>
      <trkpt lat="33.115246" lon="-111.011778">
        <ele>591.0</ele>
      </trkpt>
      <trkpt lat="33.115414" lon="-111.011911">
        <ele>593.2</ele>
      </trkpt>
      <trkpt lat="33.115589" lon="-111.011852">
        <ele>593.7</ele>
      </trkpt>
      <trkpt lat="33.115845" lon="-111.012026">
        <ele>592.0</ele>
      </trkpt>
      <trkpt lat="33.115819" lon="-111.012441">
        <ele>589.7</ele>
      </trkpt>
      <trkpt lat="33.115997" lon="-111.01245">
        <ele>589.5</ele>
      </trkpt>
      <trkpt lat="33.116123" lon="-111.012564">
        <ele>589.5</ele>
      </trkpt>
      <trkpt lat="33.115917" lon="-111.013129">
        <ele>588.4</ele>
      </trkpt>
      <trkpt lat="33.115968" lon="-111.013318">
        <ele>590.2</ele>
      </trkpt>
      <trkpt lat="33.115875" lon="-111.013352">
        <ele>591.2</ele>
      </trkpt>
      <trkpt lat="33.115864" lon="-111.01354">
        <ele>592.0</ele>
      </trkpt>
      <trkpt lat="33.116197" lon="-111.014007">
        <ele>593.4</ele>
      </trkpt>
      <trkpt lat="33.116233" lon="-111.014228">
        <ele>590.4</ele>
      </trkpt>
      <trkpt lat="33.1167" lon="-111.01422">
        <ele>590.5</ele>
      </trkpt>
      <trkpt lat="33.116902" lon="-111.014097">
        <ele>590.4</ele>
      </trkpt>
      <trkpt lat="33.117368" lon="-111.014047">
        <ele>589.0</ele>
      </trkpt>
      <trkpt lat="33.117275" lon="-111.014542">
        <ele>588.2</ele>
      </trkpt>
      <trkpt lat="33.117328" lon="-111.01465">
        <ele>590.2</ele>
      </trkpt>
      <trkpt lat="33.117085" lon="-111.014682">
        <ele>586.0</ele>
      </trkpt>
      <trkpt lat="33.116949" lon="-111.014988">
        <ele>588.7</ele>
      </trkpt>
      <trkpt lat="33.117095" lon="-111.015406">
        <ele>591.5</ele>
      </trkpt>
      <trkpt lat="33.116933" lon="-111.015679">
        <ele>595.2</ele>
      </trkpt>
      <trkpt lat="33.116991" lon="-111.016161">
        <ele>593.2</ele>
      </trkpt>
      <trkpt lat="33.116822" lon="-111.01607">
        <ele>592.2</ele>
      </trkpt>
      <trkpt lat="33.116743" lon="-111.016239">
        <ele>591.2</ele>
      </trkpt>
      <trkpt lat="33.116448" lon="-111.016233">
        <ele>590.7</ele>
      </trkpt>
      <trkpt lat="33.116325" lon="-111.016035">
        <ele>589.0</ele>
      </trkpt>
      <trkpt lat="33.116219" lon="-111.016649">
        <ele>590.5</ele>
      </trkpt>
      <trkpt lat="33.116368" lon="-111.016861">
        <ele>592.2</ele>
      </trkpt>
      <trkpt lat="33.116362" lon="-111.017132">
        <ele>593.2</ele>
      </trkpt>
      <trkpt lat="33.11605" lon="-111.017281">
        <ele>594.0</ele>
      </trkpt>
      <trkpt lat="33.11593" lon="-111.017669">
        <ele>595.4</ele>
      </trkpt>
      <trkpt lat="33.115726" lon="-111.017904">
        <ele>597.0</ele>
      </trkpt>
      <trkpt lat="33.11571" lon="-111.018076">
        <ele>599.5</ele>
      </trkpt>
      <trkpt lat="33.116132" lon="-111.018783">
        <ele>602.7</ele>
      </trkpt>
      <trkpt lat="33.116625" lon="-111.018721">
        <ele>606.4</ele>
      </trkpt>
      <trkpt lat="33.116754" lon="-111.018803">
        <ele>604.7</ele>
      </trkpt>
      <trkpt lat="33.116908" lon="-111.018772">
        <ele>605.2</ele>
      </trkpt>
      <trkpt lat="33.11701" lon="-111.018899">
        <ele>602.5</ele>
      </trkpt>
      <trkpt lat="33.117373" lon="-111.019023">
        <ele>603.5</ele>
      </trkpt>
      <trkpt lat="33.117029" lon="-111.019267">
        <ele>598.2</ele>
      </trkpt>
      <trkpt lat="33.11678" lon="-111.019578">
        <ele>595.4</ele>
      </trkpt>
      <trkpt lat="33.116759" lon="-111.019734">
        <ele>595.5</ele>
      </trkpt>
      <trkpt lat="33.116931" lon="-111.020188">
        <ele>596.4</ele>
      </trkpt>
      <trkpt lat="33.116857" lon="-111.020336">
        <ele>597.5</ele>
      </trkpt>
      <trkpt lat="33.116906" lon="-111.020629">
        <ele>595.7</ele>
      </trkpt>
      <trkpt lat="33.11658" lon="-111.020631">
        <ele>588.4</ele>
      </trkpt>
      <trkpt lat="33.116493" lon="-111.020558">
        <ele>587.2</ele>
      </trkpt>
      <trkpt lat="33.116208" lon="-111.020901">
        <ele>586.2</ele>
      </trkpt>
      <trkpt lat="33.116194" lon="-111.021308">
        <ele>586.0</ele>
      </trkpt>
      <trkpt lat="33.116388" lon="-111.021425">
        <ele>586.2</ele>
      </trkpt>
      <trkpt lat="33.116701" lon="-111.022604">
        <ele>578.2</ele>
      </trkpt>
      <trkpt lat="33.11645" lon="-111.022774">
        <ele>571.7</ele>
      </trkpt>
      <trkpt lat="33.116518" lon="-111.02352">
        <ele>565.0</ele>
      </trkpt>
      <trkpt lat="33.116676" lon="-111.023787">
        <ele>563.0</ele>
      </trkpt>
      <trkpt lat="33.116394" lon="-111.023892">
        <ele>558.5</ele>
      </trkpt>
      <trkpt lat="33.116225" lon="-111.024148">
        <ele>557.5</ele>
      </trkpt>
      <trkpt lat="33.116054" lon="-111.024206">
        <ele>557.2</ele>
      </trkpt>
      <trkpt lat="33.11613" lon="-111.024413">
        <ele>558.7</ele>
      </trkpt>
      <trkpt lat="33.115994" lon="-111.024608">
        <ele>559.7</ele>
      </trkpt>
      <trkpt lat="33.116048" lon="-111.024687">
        <ele>560.5</ele>
      </trkpt>
      <trkpt lat="33.115678" lon="-111.02512">
        <ele>543.7</ele>
      </trkpt>
      <trkpt lat="33.115861" lon="-111.025652">
        <ele>549.2</ele>
      </trkpt>
      <trkpt lat="33.115546" lon="-111.025701">
        <ele>541.4</ele>
      </trkpt>
      <trkpt lat="33.115605" lon="-111.026074">
        <ele>545.4</ele>
      </trkpt>
      <trkpt lat="33.115425" lon="-111.026124">
        <ele>541.5</ele>
      </trkpt>
      <trkpt lat="33.115339" lon="-111.026293">
        <ele>540.5</ele>
      </trkpt>
      <trkpt lat="33.11553" lon="-111.026648">
        <ele>546.0</ele>
      </trkpt>
      <trkpt lat="33.115245" lon="-111.026841">
        <ele>542.2</ele>
      </trkpt>
      <trkpt lat="33.115204" lon="-111.026992">
        <ele>542.5</ele>
      </trkpt>
      <trkpt lat="33.115009" lon="-111.027149">
        <ele>541.4</ele>
      </trkpt>
      <trkpt lat="33.114894" lon="-111.0275">
        <ele>539.2</ele>
      </trkpt>
      <trkpt lat="33.114979" lon="-111.027735">
        <ele>540.0</ele>
      </trkpt>
      <trkpt lat="33.114846" lon="-111.028142">
        <ele>541.2</ele>
      </trkpt>
      <trkpt lat="33.11488" lon="-111.028328">
        <ele>542.7</ele>
      </trkpt>
      <trkpt lat="33.114798" lon="-111.028496">
        <ele>542.7</ele>
      </trkpt>
      <trkpt lat="33.114907" lon="-111.028754">
        <ele>543.7</ele>
      </trkpt>
      <trkpt lat="33.114856" lon="-111.029214">
        <ele>543.2</ele>
      </trkpt>
      <trkpt lat="33.115178" lon="-111.029634">
        <ele>545.0</ele>
      </trkpt>
      <trkpt lat="33.115251" lon="-111.030101">
        <ele>543.7</ele>
      </trkpt>
      <trkpt lat="33.115004" lon="-111.030295">
        <ele>545.2</ele>
      </trkpt>
      <trkpt lat="33.11531" lon="-111.030402">
        <ele>547.2</ele>
      </trkpt>
      <trkpt lat="33.115161" lon="-111.030471">
        <ele>548.5</ele>
      </trkpt>
      <trkpt lat="33.115448" lon="-111.030694">
        <ele>552.7</ele>
      </trkpt>
      <trkpt lat="33.115557" lon="-111.030596">
        <ele>551.5</ele>
      </trkpt>
      <trkpt lat="33.115766" lon="-111.030798">
        <ele>555.5</ele>
      </trkpt>
      <trkpt lat="33.116144" lon="-111.030823">
        <ele>559.5</ele>
      </trkpt>
      <trkpt lat="33.115909" lon="-111.031067">
        <ele>561.2</ele>
      </trkpt>
      <trkpt lat="33.115645" lon="-111.03114">
        <ele>562.7</ele>
      </trkpt>
      <trkpt lat="33.115582" lon="-111.031282">
        <ele>564.5</ele>
      </trkpt>
      <trkpt lat="33.115463" lon="-111.031156">
        <ele>563.7</ele>
      </trkpt>
      <trkpt lat="33.115035" lon="-111.031469">
        <ele>568.2</ele>
      </trkpt>
      <trkpt lat="33.114827" lon="-111.031892">
        <ele>572.0</ele>
      </trkpt>
      <trkpt lat="33.114521" lon="-111.032206">
        <ele>570.5</ele>
      </trkpt>
      <trkpt lat="33.114493" lon="-111.032761">
        <ele>578.5</ele>
      </trkpt>
      <trkpt lat="33.114402" lon="-111.033028">
        <ele>581.0</ele>
      </trkpt>
      <trkpt lat="33.114423" lon="-111.033486">
        <ele>585.7</ele>
      </trkpt>
      <trkpt lat="33.114575" lon="-111.034146">
        <ele>587.2</ele>
      </trkpt>
      <trkpt lat="33.114716" lon="-111.034239">
        <ele>590.5</ele>
      </trkpt>
      <trkpt lat="33.114763" lon="-111.034473">
        <ele>587.5</ele>
      </trkpt>
      <trkpt lat="33.114566" lon="-111.034734">
        <ele>582.7</ele>
      </trkpt>
      <trkpt lat="33.114514" lon="-111.034985">
        <ele>582.7</ele>
      </trkpt>
      <trkpt lat="33.11461" lon="-111.03558">
        <ele>588.4</ele>
      </trkpt>
      <trkpt lat="33.114793" lon="-111.035729">
        <ele>591.5</ele>
      </trkpt>
      <trkpt lat="33.114809" lon="-111.035955">
        <ele>589.7</ele>
      </trkpt>
      <trkpt lat="33.114521" lon="-111.036293">
        <ele>587.0</ele>
      </trkpt>
      <trkpt lat="33.114448" lon="-111.036586">
        <ele>588.0</ele>
      </trkpt>
      <trkpt lat="33.114513" lon="-111.036613">
        <ele>586.2</ele>
      </trkpt>
      <trkpt lat="33.114645" lon="-111.037249">
        <ele>583.5</ele>
      </trkpt>
      <trkpt lat="33.114555" lon="-111.037432">
        <ele>581.7</ele>
      </trkpt>
      <trkpt lat="33.114606" lon="-111.038009">
        <ele>578.0</ele>
      </trkpt>
      <trkpt lat="33.114969" lon="-111.038378">
        <ele>579.5</ele>
      </trkpt>
      <trkpt lat="33.114682" lon="-111.038502">
        <ele>573.0</ele>
      </trkpt>
      <trkpt lat="33.114564" lon="-111.038678">
        <ele>571.7</ele>
      </trkpt>
      <trkpt lat="33.114193" lon="-111.038902">
        <ele>570.0</ele>
      </trkpt>
      <trkpt lat="33.113954" lon="-111.039183">
        <ele>567.0</ele>
      </trkpt>
      <trkpt lat="33.11383" lon="-111.040475">
        <ele>569.0</ele>
      </trkpt>
      <trkpt lat="33.113934" lon="-111.041023">
        <ele>568.5</ele>
      </trkpt>
      <trkpt lat="33.114207" lon="-111.041125">
        <ele>570.0</ele>
      </trkpt>
      <trkpt lat="33.114291" lon="-111.041244">
        <ele>569.2</ele>
      </trkpt>
      <trkpt lat="33.114781" lon="-111.041139">
        <ele>572.4</ele>
      </trkpt>
      <trkpt lat="33.114846" lon="-111.041841">
        <ele>572.2</ele>
      </trkpt>
      <trkpt lat="33.115235" lon="-111.041449">
        <ele>579.2</ele>
      </trkpt>
      <trkpt lat="33.115389" lon="-111.041084">
        <ele>581.4</ele>
      </trkpt>
      <trkpt lat="33.115471" lon="-111.041104">
        <ele>582.7</ele>
      </trkpt>
      <trkpt lat="33.11543" lon="-111.041252">
        <ele>583.2</ele>
      </trkpt>
      <trkpt lat="33.11572" lon="-111.041104">
        <ele>587.7</ele>
      </trkpt>
      <trkpt lat="33.115758" lon="-111.040985">
        <ele>588.5</ele>
      </trkpt>
      <trkpt lat="33.115831" lon="-111.041022">
        <ele>589.7</ele>
      </trkpt>
      <trkpt lat="33.115778" lon="-111.041234">
        <ele>590.4</ele>
      </trkpt>
      <trkpt lat="33.116072" lon="-111.041111">
        <ele>593.7</ele>
      </trkpt>
      <trkpt lat="33.116228" lon="-111.040851">
        <ele>598.4</ele>
      </trkpt>
      <trkpt lat="33.116726" lon="-111.040781">
        <ele>604.0</ele>
      </trkpt>
      <trkpt lat="33.116767" lon="-111.040883">
        <ele>600.2</ele>
      </trkpt>
      <trkpt lat="33.116681" lon="-111.040964">
        <ele>598.4</ele>
      </trkpt>
      <trkpt lat="33.116658" lon="-111.041335">
        <ele>599.4</ele>
      </trkpt>
      <trkpt lat="33.116906" lon="-111.041852">
        <ele>600.7</ele>
      </trkpt>
      <trkpt lat="33.117001" lon="-111.041881">
        <ele>600.7</ele>
      </trkpt>
      <trkpt lat="33.11707" lon="-111.042041">
        <ele>598.7</ele>
      </trkpt>
      <trkpt lat="33.117206" lon="-111.042043">
        <ele>601.4</ele>
      </trkpt>
      <trkpt lat="33.116985" lon="-111.042542">
        <ele>599.2</ele>
      </trkpt>
      <trkpt lat="33.117179" lon="-111.04273">
        <ele>602.2</ele>
      </trkpt>
      <trkpt lat="33.117396" lon="-111.042722">
        <ele>602.5</ele>
      </trkpt>
      <trkpt lat="33.117461" lon="-111.042839">
        <ele>601.5</ele>
      </trkpt>
      <trkpt lat="33.117342" lon="-111.043021">
        <ele>599.0</ele>
      </trkpt>
      <trkpt lat="33.117381" lon="-111.043224">
        <ele>600.4</ele>
      </trkpt>
      <trkpt lat="33.117189" lon="-111.043332">
        <ele>600.5</ele>
      </trkpt>
      <trkpt lat="33.116411" lon="-111.043318">
        <ele>596.7</ele>
      </trkpt>
      <trkpt lat="33.116214" lon="-111.04355">
        <ele>596.7</ele>
      </trkpt>
      <trkpt lat="33.116056" lon="-111.043966">
        <ele>592.0</ele>
      </trkpt>
      <trkpt lat="33.116112" lon="-111.043438">
        <ele>584.7</ele>
      </trkpt>
      <trkpt lat="33.115913" lon="-111.043655">
        <ele>584.0</ele>
      </trkpt>
      <trkpt lat="33.115856" lon="-111.043916">
        <ele>588.2</ele>
      </trkpt>
      <trkpt lat="33.115966" lon="-111.044652">
        <ele>578.2</ele>
      </trkpt>
      <trkpt lat="33.116203" lon="-111.04498">
        <ele>576.2</ele>
      </trkpt>
      <trkpt lat="33.116213" lon="-111.045133">
        <ele>575.5</ele>
      </trkpt>
      <trkpt lat="33.115982" lon="-111.045224">
        <ele>566.2</ele>
      </trkpt>
      <trkpt lat="33.115865" lon="-111.045457">
        <ele>568.5</ele>
      </trkpt>
      <trkpt lat="33.116107" lon="-111.046008">
        <ele>569.0</ele>
      </trkpt>
      <trkpt lat="33.116003" lon="-111.046187">
        <ele>571.7</ele>
      </trkpt>
      <trkpt lat="33.116054" lon="-111.046415">
        <ele>573.7</ele>
      </trkpt>
      <trkpt lat="33.116163" lon="-111.046511">
        <ele>574.5</ele>
      </trkpt>
      <trkpt lat="33.115935" lon="-111.046928">
        <ele>573.2</ele>
      </trkpt>
      <trkpt lat="33.115968" lon="-111.048518">
        <ele>575.2</ele>
      </trkpt>
      <trkpt lat="33.116048" lon="-111.048931">
        <ele>575.0</ele>
      </trkpt>
      <trkpt lat="33.116853" lon="-111.049755">
        <ele>574.5</ele>
      </trkpt>
      <trkpt lat="33.116796" lon="-111.049854">
        <ele>572.0</ele>
      </trkpt>
      <trkpt lat="33.11607" lon="-111.050186">
        <ele>575.4</ele>
      </trkpt>
      <trkpt lat="33.115986" lon="-111.050333">
        <ele>578.5</ele>
      </trkpt>
      <trkpt lat="33.116107" lon="-111.050758">
        <ele>577.5</ele>
      </trkpt>
      <trkpt lat="33.116424" lon="-111.051284">
        <ele>575.4</ele>
      </trkpt>
      <trkpt lat="33.116323" lon="-111.051755">
        <ele>572.7</ele>
      </trkpt>
      <trkpt lat="33.116005" lon="-111.052229">
        <ele>574.7</ele>
      </trkpt>
      <trkpt lat="33.116092" lon="-111.053334">
        <ele>562.2</ele>
      </trkpt>
      <trkpt lat="33.116356" lon="-111.053805">
        <ele>560.5</ele>
      </trkpt>
      <trkpt lat="33.11661" lon="-111.054017">
        <ele>557.2</ele>
      </trkpt>
      <trkpt lat="33.116479" lon="-111.054205">
        <ele>551.7</ele>
      </trkpt>
      <trkpt lat="33.116346" lon="-111.054752">
        <ele>548.5</ele>
      </trkpt>
      <trkpt lat="33.116194" lon="-111.054868">
        <ele>546.7</ele>
      </trkpt>
      <trkpt lat="33.116101" lon="-111.054531">
        <ele>540.5</ele>
      </trkpt>
      <trkpt lat="33.115904" lon="-111.054699">
        <ele>539.7</ele>
      </trkpt>
      <trkpt lat="33.115862" lon="-111.054843">
        <ele>540.0</ele>
      </trkpt>
      <trkpt lat="33.115648" lon="-111.054988">
        <ele>535.0</ele>
      </trkpt>
      <trkpt lat="33.115665" lon="-111.054796">
        <ele>534.7</ele>
      </trkpt>
      <trkpt lat="33.11553" lon="-111.054576">
        <ele>530.2</ele>
      </trkpt>
      <trkpt lat="33.115488" lon="-111.055128">
        <ele>529.4</ele>
      </trkpt>
      <trkpt lat="33.115795" lon="-111.055281">
        <ele>530.0</ele>
      </trkpt>
      <trkpt lat="33.116042" lon="-111.055629">
        <ele>525.2</ele>
      </trkpt>
      <trkpt lat="33.116169" lon="-111.055567">
        <ele>528.2</ele>
      </trkpt>
      <trkpt lat="33.116076" lon="-111.05593">
        <ele>530.7</ele>
      </trkpt>
      <trkpt lat="33.115665" lon="-111.055884">
        <ele>526.7</ele>
      </trkpt>
      <trkpt lat="33.115595" lon="-111.055992">
        <ele>530.2</ele>
      </trkpt>
      <trkpt lat="33.11603" lon="-111.056303">
        <ele>540.7</ele>
      </trkpt>
      <trkpt lat="33.11587" lon="-111.056462">
        <ele>539.2</ele>
      </trkpt>
      <trkpt lat="33.116222" lon="-111.05666">
        <ele>547.7</ele>
      </trkpt>
      <trkpt lat="33.116273" lon="-111.056506">
        <ele>546.4</ele>
      </trkpt>
      <trkpt lat="33.116579" lon="-111.056354">
        <ele>555.2</ele>
      </trkpt>
      <trkpt lat="33.116574" lon="-111.05615">
        <ele>557.4</ele>
      </trkpt>
      <trkpt lat="33.116638" lon="-111.056344">
        <ele>557.2</ele>
      </trkpt>
      <trkpt lat="33.116557" lon="-111.05643">
        <ele>555.7</ele>
      </trkpt>
      <trkpt lat="33.116472" lon="-111.057067">
        <ele>559.0</ele>
      </trkpt>
      <trkpt lat="33.116532" lon="-111.057195">
        <ele>561.0</ele>
      </trkpt>
      <trkpt lat="33.116456" lon="-111.057283">
        <ele>560.5</ele>
      </trkpt>
      <trkpt lat="33.116559" lon="-111.05771">
        <ele>565.2</ele>
      </trkpt>
      <trkpt lat="33.116411" lon="-111.057817">
        <ele>560.5</ele>
      </trkpt>
      <trkpt lat="33.116479" lon="-111.057945">
        <ele>562.7</ele>
      </trkpt>
      <trkpt lat="33.11629" lon="-111.058235">
        <ele>562.7</ele>
      </trkpt>
      <trkpt lat="33.116132" lon="-111.058802">
        <ele>561.5</ele>
      </trkpt>
      <trkpt lat="33.116155" lon="-111.058963">
        <ele>559.4</ele>
      </trkpt>
      <trkpt lat="33.116397" lon="-111.059008">
        <ele>558.5</ele>
      </trkpt>
      <trkpt lat="33.116425" lon="-111.059127">
        <ele>557.4</ele>
      </trkpt>
      <trkpt lat="33.116307" lon="-111.059294">
        <ele>555.2</ele>
      </trkpt>
      <trkpt lat="33.116349" lon="-111.059385">
        <ele>554.7</ele>
      </trkpt>
      <trkpt lat="33.11621" lon="-111.060171">
        <ele>549.4</ele>
      </trkpt>
      <trkpt lat="33.116121" lon="-111.060316">
        <ele>545.0</ele>
      </trkpt>
      <trkpt lat="33.116276" lon="-111.060766">
        <ele>543.5</ele>
      </trkpt>
      <trkpt lat="33.116112" lon="-111.061081">
        <ele>539.5</ele>
      </trkpt>
      <trkpt lat="33.116329" lon="-111.061199">
        <ele>541.2</ele>
      </trkpt>
      <trkpt lat="33.116484" lon="-111.061596">
        <ele>540.2</ele>
      </trkpt>
      <trkpt lat="33.116294" lon="-111.061964">
        <ele>537.7</ele>
      </trkpt>
      <trkpt lat="33.116383" lon="-111.062263">
        <ele>540.4</ele>
      </trkpt>
      <trkpt lat="33.116571" lon="-111.062465">
        <ele>542.2</ele>
      </trkpt>
      <trkpt lat="33.116866" lon="-111.062601">
        <ele>541.4</ele>
      </trkpt>
      <trkpt lat="33.116931" lon="-111.062734">
        <ele>538.0</ele>
      </trkpt>
      <trkpt lat="33.116715" lon="-111.062754">
        <ele>535.4</ele>
      </trkpt>
      <trkpt lat="33.116472" lon="-111.063362">
        <ele>534.7</ele>
      </trkpt>
      <trkpt lat="33.11677" lon="-111.063723">
        <ele>536.4</ele>
      </trkpt>
      <trkpt lat="33.116616" lon="-111.064263">
        <ele>530.5</ele>
      </trkpt>
      <trkpt lat="33.116694" lon="-111.064497">
        <ele>530.0</ele>
      </trkpt>
      <trkpt lat="33.116866" lon="-111.0646">
        <ele>528.7</ele>
      </trkpt>
      <trkpt lat="33.117095" lon="-111.06514">
        <ele>524.4</ele>
      </trkpt>
      <trkpt lat="33.117099" lon="-111.065494">
        <ele>523.5</ele>
      </trkpt>
      <trkpt lat="33.117191" lon="-111.065754">
        <ele>524.0</ele>
      </trkpt>
      <trkpt lat="33.117143" lon="-111.066024">
        <ele>523.5</ele>
      </trkpt>
      <trkpt lat="33.116667" lon="-111.066639">
        <ele>521.0</ele>
      </trkpt>
      <trkpt lat="33.116681" lon="-111.066912">
        <ele>518.2</ele>
      </trkpt>
      <trkpt lat="33.117544" lon="-111.068562">
        <ele>516.2</ele>
      </trkpt>
      <trkpt lat="33.117804" lon="-111.069294">
        <ele>517.5</ele>
      </trkpt>
      <trkpt lat="33.118226" lon="-111.069888">
        <ele>518.2</ele>
      </trkpt>
      <trkpt lat="33.118195" lon="-111.070002">
        <ele>517.4</ele>
      </trkpt>
      <trkpt lat="33.118521" lon="-111.070245">
        <ele>517.2</ele>
      </trkpt>
      <trkpt lat="33.118934" lon="-111.070893">
        <ele>518.5</ele>
      </trkpt>
      <trkpt lat="33.118913" lon="-111.071082">
        <ele>518.7</ele>
      </trkpt>
      <trkpt lat="33.118785" lon="-111.071231">
        <ele>518.7</ele>
      </trkpt>
      <trkpt lat="33.118752" lon="-111.071735">
        <ele>516.7</ele>
      </trkpt>
      <trkpt lat="33.119059" lon="-111.072388">
        <ele>517.2</ele>
      </trkpt>
      <trkpt lat="33.119151" lon="-111.072808">
        <ele>516.2</ele>
      </trkpt>
      <trkpt lat="33.119098" lon="-111.073096">
        <ele>515.7</ele>
      </trkpt>
      <trkpt lat="33.119239" lon="-111.074214">
        <ele>516.0</ele>
      </trkpt>
      <trkpt lat="33.119071" lon="-111.074691">
        <ele>515.4</ele>
      </trkpt>
      <trkpt lat="33.119121" lon="-111.075609">
        <ele>515.5</ele>
      </trkpt>
      <trkpt lat="33.119058" lon="-111.075824">
        <ele>517.0</ele>
      </trkpt>
      <trkpt lat="33.11967" lon="-111.076559">
        <ele>517.2</ele>
      </trkpt>
      <trkpt lat="33.119169" lon="-111.076769">
        <ele>523.5</ele>
      </trkpt>
      <trkpt lat="33.119192" lon="-111.076921">
        <ele>524.7</ele>
      </trkpt>
      <trkpt lat="33.119483" lon="-111.07712">
        <ele>527.7</ele>
      </trkpt>
      <trkpt lat="33.119523" lon="-111.077381">
        <ele>527.7</ele>
      </trkpt>
      <trkpt lat="33.1194" lon="-111.077664">
        <ele>526.5</ele>
      </trkpt>
      <trkpt lat="33.119093" lon="-111.077898">
        <ele>526.4</ele>
      </trkpt>
      <trkpt lat="33.11898" lon="-111.078751">
        <ele>524.0</ele>
      </trkpt>
      <trkpt lat="33.118874" lon="-111.078935">
        <ele>523.7</ele>
      </trkpt>
      <trkpt lat="33.118841" lon="-111.07924">
        <ele>524.2</ele>
      </trkpt>
      <trkpt lat="33.119013" lon="-111.079856">
        <ele>522.2</ele>
      </trkpt>
      <trkpt lat="33.118826" lon="-111.080472">
        <ele>517.7</ele>
      </trkpt>
      <trkpt lat="33.118966" lon="-111.080757">
        <ele>523.4</ele>
      </trkpt>
      <trkpt lat="33.118791" lon="-111.08126">
        <ele>522.5</ele>
      </trkpt>
      <trkpt lat="33.118845" lon="-111.081471">
        <ele>523.0</ele>
      </trkpt>
      <trkpt lat="33.118591" lon="-111.081726">
        <ele>524.4</ele>
      </trkpt>
      <trkpt lat="33.118447" lon="-111.082179">
        <ele>524.7</ele>
      </trkpt>
      <trkpt lat="33.118485" lon="-111.082796">
        <ele>524.0</ele>
      </trkpt>
      <trkpt lat="33.118398" lon="-111.083387">
        <ele>523.2</ele>
      </trkpt>
      <trkpt lat="33.118101" lon="-111.083955">
        <ele>523.2</ele>
      </trkpt>
      <trkpt lat="33.11779" lon="-111.085122">
        <ele>519.4</ele>
      </trkpt>
      <trkpt lat="33.11725" lon="-111.08583">
        <ele>520.2</ele>
      </trkpt>
      <trkpt lat="33.116981" lon="-111.0874">
        <ele>520.2</ele>
      </trkpt>
      <trkpt lat="33.116666" lon="-111.087742">
        <ele>518.4</ele>
      </trkpt>
      <trkpt lat="33.116239" lon="-111.087948">
        <ele>517.4</ele>
      </trkpt>
      <trkpt lat="33.116165" lon="-111.088152">
        <ele>517.0</ele>
      </trkpt>
      <trkpt lat="33.116242" lon="-111.088535">
        <ele>515.7</ele>
      </trkpt>
      <trkpt lat="33.11636" lon="-111.088609">
        <ele>515.7</ele>
      </trkpt>
      <trkpt lat="33.116459" lon="-111.089021">
        <ele>514.4</ele>
      </trkpt>
      <trkpt lat="33.116428" lon="-111.089338">
        <ele>513.5</ele>
      </trkpt>
      <trkpt lat="33.116253" lon="-111.089605">
        <ele>514.2</ele>
      </trkpt>
      <trkpt lat="33.116258" lon="-111.089741">
        <ele>514.7</ele>
      </trkpt>
      <trkpt lat="33.1159" lon="-111.090544">
        <ele>515.2</ele>
      </trkpt>
      <trkpt lat="33.115766" lon="-111.090656">
        <ele>515.0</ele>
      </trkpt>
      <trkpt lat="33.115245" lon="-111.091857">
        <ele>515.0</ele>
      </trkpt>
      <trkpt lat="33.115043" lon="-111.092063">
        <ele>514.5</ele>
      </trkpt>
      <trkpt lat="33.114964" lon="-111.092375">
        <ele>515.4</ele>
      </trkpt>
      <trkpt lat="33.114843" lon="-111.092467">
        <ele>515.4</ele>
      </trkpt>
      <trkpt lat="33.114815" lon="-111.092615">
        <ele>515.7</ele>
      </trkpt>
      <trkpt lat="33.114457" lon="-111.093048">
        <ele>514.2</ele>
      </trkpt>
      <trkpt lat="33.114365" lon="-111.093391">
        <ele>514.2</ele>
      </trkpt>
      <trkpt lat="33.11381" lon="-111.094137">
        <ele>510.3</ele>
      </trkpt>
      <trkpt lat="33.113819" lon="-111.094317">
        <ele>510.0</ele>
      </trkpt>
      <trkpt lat="33.113712" lon="-111.094514">
        <ele>510.3</ele>
      </trkpt>
      <trkpt lat="33.113704" lon="-111.095306">
        <ele>510.0</ele>
      </trkpt>
      <trkpt lat="33.113768" lon="-111.095391">
        <ele>510.0</ele>
      </trkpt>
      <trkpt lat="33.113732" lon="-111.095701">
        <ele>511.3</ele>
      </trkpt>
      <trkpt lat="33.113551" lon="-111.095889">
        <ele>511.2</ele>
      </trkpt>
      <trkpt lat="33.113475" lon="-111.096363">
        <ele>510.3</ele>
      </trkpt>
      <trkpt lat="33.113521" lon="-111.096475">
        <ele>510.2</ele>
      </trkpt>
      <trkpt lat="33.113446" lon="-111.096743">
        <ele>510.3</ele>
      </trkpt>
      <trkpt lat="33.11346" lon="-111.097292">
        <ele>511.2</ele>
      </trkpt>
      <trkpt lat="33.113642" lon="-111.097625">
        <ele>512.5</ele>
      </trkpt>
      <trkpt lat="33.113763" lon="-111.097672">
        <ele>513.5</ele>
      </trkpt>
      <trkpt lat="33.11385" lon="-111.097996">
        <ele>512.7</ele>
      </trkpt>
      <trkpt lat="33.113787" lon="-111.098097">
        <ele>512.0</ele>
      </trkpt>
      <trkpt lat="33.114103" lon="-111.098508">
        <ele>510.0</ele>
      </trkpt>
      <trkpt lat="33.113877" lon="-111.098879">
        <ele>511.7</ele>
      </trkpt>
      <trkpt lat="33.113294" lon="-111.09926">
        <ele>511.3</ele>
      </trkpt>
      <trkpt lat="33.113104" lon="-111.099508">
        <ele>511.2</ele>
      </trkpt>
      <trkpt lat="33.112975" lon="-111.09994">
        <ele>512.4</ele>
      </trkpt>
      <trkpt lat="33.113028" lon="-111.100321">
        <ele>511.3</ele>
      </trkpt>
      <trkpt lat="33.112789" lon="-111.100443">
        <ele>508.7</ele>
      </trkpt>
      <trkpt lat="33.112637" lon="-111.100762">
        <ele>510.2</ele>
      </trkpt>
      <trkpt lat="33.112174" lon="-111.101239">
        <ele>519.0</ele>
      </trkpt>
      <trkpt lat="33.112046" lon="-111.101208">
        <ele>518.4</ele>
      </trkpt>
      <trkpt lat="33.111426" lon="-111.101769">
        <ele>536.5</ele>
      </trkpt>
      <trkpt lat="33.111642" lon="-111.102004">
        <ele>541.4</ele>
      </trkpt>
      <trkpt lat="33.111773" lon="-111.102001">
        <ele>542.2</ele>
      </trkpt>
      <trkpt lat="33.111821" lon="-111.102135">
        <ele>539.7</ele>
      </trkpt>
      <trkpt lat="33.112007" lon="-111.102188">
        <ele>536.0</ele>
      </trkpt>
      <trkpt lat="33.112212" lon="-111.102397">
        <ele>534.7</ele>
      </trkpt>
      <trkpt lat="33.112375" lon="-111.10242">
        <ele>533.2</ele>
      </trkpt>
      <trkpt lat="33.112251" lon="-111.10252">
        <ele>532.0</ele>
      </trkpt>
      <trkpt lat="33.112155" lon="-111.102997">
        <ele>531.2</ele>
      </trkpt>
      <trkpt lat="33.111863" lon="-111.103074">
        <ele>529.0</ele>
      </trkpt>
      <trkpt lat="33.11181" lon="-111.103277">
        <ele>528.2</ele>
      </trkpt>
      <trkpt lat="33.111694" lon="-111.10329">
        <ele>527.4</ele>
      </trkpt>
      <trkpt lat="33.111454" lon="-111.103093">
        <ele>523.4</ele>
      </trkpt>
      <trkpt lat="33.111328" lon="-111.103164">
        <ele>523.2</ele>
      </trkpt>
      <trkpt lat="33.110704" lon="-111.103068">
        <ele>520.5</ele>
      </trkpt>
      <trkpt lat="33.110309" lon="-111.103203">
        <ele>522.0</ele>
      </trkpt>
      <trkpt lat="33.110352" lon="-111.10338">
        <ele>522.7</ele>
      </trkpt>
      <trkpt lat="33.110141" lon="-111.103341">
        <ele>519.4</ele>
      </trkpt>
      <trkpt lat="33.1098" lon="-111.103512">
        <ele>519.2</ele>
      </trkpt>
      <trkpt lat="33.109642" lon="-111.103309">
        <ele>513.5</ele>
      </trkpt>
      <trkpt lat="33.109505" lon="-111.103326">
        <ele>511.2</ele>
      </trkpt>
      <trkpt lat="33.109198" lon="-111.103864">
        <ele>510.0</ele>
      </trkpt>
      <trkpt lat="33.108823" lon="-111.105536">
        <ele>510.7</ele>
      </trkpt>
      <trkpt lat="33.108931" lon="-111.105824">
        <ele>509.3</ele>
      </trkpt>
      <trkpt lat="33.108569" lon="-111.106478">
        <ele>509.2</ele>
      </trkpt>
      <trkpt lat="33.108683" lon="-111.107021">
        <ele>512.4</ele>
      </trkpt>
      <trkpt lat="33.108457" lon="-111.107258">
        <ele>508.6</ele>
      </trkpt>
      <trkpt lat="33.108311" lon="-111.107679">
        <ele>509.2</ele>
      </trkpt>
      <trkpt lat="33.108368" lon="-111.107874">
        <ele>508.6</ele>
      </trkpt>
      <trkpt lat="33.108171" lon="-111.108468">
        <ele>508.3</ele>
      </trkpt>
      <trkpt lat="33.108262" lon="-111.108608">
        <ele>511.7</ele>
      </trkpt>
      <trkpt lat="33.10815" lon="-111.108858">
        <ele>509.7</ele>
      </trkpt>
      <trkpt lat="33.108006" lon="-111.108918">
        <ele>508.2</ele>
      </trkpt>
      <trkpt lat="33.107923" lon="-111.109418">
        <ele>509.6</ele>
      </trkpt>
      <trkpt lat="33.107988" lon="-111.109658">
        <ele>509.7</ele>
      </trkpt>
      <trkpt lat="33.1083" lon="-111.109665">
        <ele>513.0</ele>
      </trkpt>
      <trkpt lat="33.108381" lon="-111.110031">
        <ele>514.5</ele>
      </trkpt>
      <trkpt lat="33.108609" lon="-111.110093">
        <ele>517.4</ele>
      </trkpt>
      <trkpt lat="33.108652" lon="-111.110255">
        <ele>517.4</ele>
      </trkpt>
      <trkpt lat="33.108873" lon="-111.110327">
        <ele>519.7</ele>
      </trkpt>
      <trkpt lat="33.108894" lon="-111.110597">
        <ele>518.0</ele>
      </trkpt>
      <trkpt lat="33.108775" lon="-111.110511">
        <ele>518.0</ele>
      </trkpt>
      <trkpt lat="33.10812" lon="-111.110865">
        <ele>518.4</ele>
      </trkpt>
      <trkpt lat="33.108199" lon="-111.111127">
        <ele>520.0</ele>
      </trkpt>
      <trkpt lat="33.10804" lon="-111.111461">
        <ele>521.7</ele>
      </trkpt>
      <trkpt lat="33.107881" lon="-111.111395">
        <ele>519.5</ele>
      </trkpt>
      <trkpt lat="33.107646" lon="-111.111746">
        <ele>519.7</ele>
      </trkpt>
      <trkpt lat="33.107672" lon="-111.111873">
        <ele>522.5</ele>
      </trkpt>
      <trkpt lat="33.107588" lon="-111.111965">
        <ele>521.2</ele>
      </trkpt>
      <trkpt lat="33.107622" lon="-111.112312">
        <ele>519.4</ele>
      </trkpt>
      <trkpt lat="33.107548" lon="-111.11246">
        <ele>517.4</ele>
      </trkpt>
      <trkpt lat="33.107427" lon="-111.112444">
        <ele>515.5</ele>
      </trkpt>
      <trkpt lat="33.106949" lon="-111.113087">
        <ele>515.4</ele>
      </trkpt>
      <trkpt lat="33.10683" lon="-111.113095">
        <ele>513.5</ele>
      </trkpt>
      <trkpt lat="33.10669" lon="-111.11342">
        <ele>518.4</ele>
      </trkpt>
      <trkpt lat="33.106364" lon="-111.113607">
        <ele>513.2</ele>
      </trkpt>
      <trkpt lat="33.106302" lon="-111.113902">
        <ele>517.2</ele>
      </trkpt>
      <trkpt lat="33.106167" lon="-111.113949">
        <ele>515.5</ele>
      </trkpt>
      <trkpt lat="33.10597" lon="-111.11435">
        <ele>519.7</ele>
      </trkpt>
      <trkpt lat="33.106203" lon="-111.114424">
        <ele>523.2</ele>
      </trkpt>
      <trkpt lat="33.106198" lon="-111.114572">
        <ele>523.5</ele>
      </trkpt>
      <trkpt lat="33.106034" lon="-111.114819">
        <ele>522.5</ele>
      </trkpt>
      <trkpt lat="33.105835" lon="-111.114887">
        <ele>522.2</ele>
      </trkpt>
      <trkpt lat="33.105998" lon="-111.115338">
        <ele>524.0</ele>
      </trkpt>
      <trkpt lat="33.105859" lon="-111.115413">
        <ele>524.0</ele>
      </trkpt>
      <trkpt lat="33.105584" lon="-111.115272">
        <ele>521.7</ele>
      </trkpt>
      <trkpt lat="33.105567" lon="-111.115539">
        <ele>524.4</ele>
      </trkpt>
      <trkpt lat="33.105384" lon="-111.115566">
        <ele>524.0</ele>
      </trkpt>
      <trkpt lat="33.105252" lon="-111.115816">
        <ele>522.2</ele>
      </trkpt>
      <trkpt lat="33.105252" lon="-111.115994">
        <ele>523.2</ele>
      </trkpt>
      <trkpt lat="33.10553" lon="-111.116135">
        <ele>524.7</ele>
      </trkpt>
      <trkpt lat="33.105672" lon="-111.116069">
        <ele>523.7</ele>
      </trkpt>
      <trkpt lat="33.10566" lon="-111.116312">
        <ele>521.2</ele>
      </trkpt>
      <trkpt lat="33.105998" lon="-111.116579">
        <ele>519.7</ele>
      </trkpt>
      <trkpt lat="33.105941" lon="-111.116719">
        <ele>519.0</ele>
      </trkpt>
      <trkpt lat="33.106172" lon="-111.116928">
        <ele>519.4</ele>
      </trkpt>
      <trkpt lat="33.106139" lon="-111.117064">
        <ele>519.0</ele>
      </trkpt>
      <trkpt lat="33.105791" lon="-111.117226">
        <ele>518.0</ele>
      </trkpt>
      <trkpt lat="33.10581" lon="-111.11737">
        <ele>518.2</ele>
      </trkpt>
      <trkpt lat="33.106001" lon="-111.117411">
        <ele>520.7</ele>
      </trkpt>
      <trkpt lat="33.106012" lon="-111.117802">
        <ele>520.4</ele>
      </trkpt>
      <trkpt lat="33.10628" lon="-111.117977">
        <ele>517.0</ele>
      </trkpt>
      <trkpt lat="33.106097" lon="-111.118165">
        <ele>517.0</ele>
      </trkpt>
      <trkpt lat="33.105756" lon="-111.118195">
        <ele>518.4</ele>
      </trkpt>
      <trkpt lat="33.105578" lon="-111.118347">
        <ele>520.4</ele>
      </trkpt>
      <trkpt lat="33.105336" lon="-111.118383">
        <ele>520.5</ele>
      </trkpt>
      <trkpt lat="33.105204" lon="-111.118692">
        <ele>521.5</ele>
      </trkpt>
      <trkpt lat="33.104832" lon="-111.118938">
        <ele>516.0</ele>
      </trkpt>
      <trkpt lat="33.104698" lon="-111.119245">
        <ele>513.4</ele>
      </trkpt>
      <trkpt lat="33.10484" lon="-111.119467">
        <ele>512.4</ele>
      </trkpt>
      <trkpt lat="33.105024" lon="-111.119342">
        <ele>513.5</ele>
      </trkpt>
      <trkpt lat="33.105151" lon="-111.119558">
        <ele>512.4</ele>
      </trkpt>
      <trkpt lat="33.105288" lon="-111.119561">
        <ele>513.0</ele>
      </trkpt>
      <trkpt lat="33.105398" lon="-111.119838">
        <ele>514.5</ele>
      </trkpt>
      <trkpt lat="33.105733" lon="-111.120276">
        <ele>518.0</ele>
      </trkpt>
      <trkpt lat="33.105658" lon="-111.120295">
        <ele>518.0</ele>
      </trkpt>
      <trkpt lat="33.105356" lon="-111.120925">
        <ele>513.4</ele>
      </trkpt>
      <trkpt lat="33.105002" lon="-111.121338">
        <ele>510.0</ele>
      </trkpt>
      <trkpt lat="33.104976" lon="-111.121493">
        <ele>509.0</ele>
      </trkpt>
      <trkpt lat="33.105148" lon="-111.122084">
        <ele>510.0</ele>
      </trkpt>
      <trkpt lat="33.105124" lon="-111.12234">
        <ele>509.6</ele>
      </trkpt>
      <trkpt lat="33.105503" lon="-111.123497">
        <ele>509.3</ele>
      </trkpt>
      <trkpt lat="33.10559" lon="-111.123522">
        <ele>508.3</ele>
      </trkpt>
      <trkpt lat="33.10573" lon="-111.123925">
        <ele>506.0</ele>
      </trkpt>
      <trkpt lat="33.105839" lon="-111.124942">
        <ele>509.3</ele>
      </trkpt>
      <trkpt lat="33.105809" lon="-111.125265">
        <ele>507.3</ele>
      </trkpt>
      <trkpt lat="33.106046" lon="-111.126034">
        <ele>509.2</ele>
      </trkpt>
      <trkpt lat="33.106292" lon="-111.126509">
        <ele>511.3</ele>
      </trkpt>
      <trkpt lat="33.106444" lon="-111.126572">
        <ele>511.0</ele>
      </trkpt>
      <trkpt lat="33.10663" lon="-111.12691">
        <ele>511.0</ele>
      </trkpt>
      <trkpt lat="33.106847" lon="-111.127047">
        <ele>511.3</ele>
      </trkpt>
      <trkpt lat="33.106907" lon="-111.127274">
        <ele>511.6</ele>
      </trkpt>
      <trkpt lat="33.10672" lon="-111.127649">
        <ele>512.4</ele>
      </trkpt>
      <trkpt lat="33.106685" lon="-111.12792">
        <ele>512.0</ele>
      </trkpt>
      <trkpt lat="33.106748" lon="-111.128175">
        <ele>512.0</ele>
      </trkpt>
      <trkpt lat="33.106831" lon="-111.128175">
        <ele>512.0</ele>
      </trkpt>
      <trkpt lat="33.107051" lon="-111.128716">
        <ele>512.0</ele>
      </trkpt>
      <trkpt lat="33.106986" lon="-111.128933">
        <ele>512.0</ele>
      </trkpt>
      <trkpt lat="33.10711" lon="-111.129473">
        <ele>514.2</ele>
      </trkpt>
      <trkpt lat="33.107252" lon="-111.129734">
        <ele>513.2</ele>
      </trkpt>
      <trkpt lat="33.10749" lon="-111.129873">
        <ele>512.4</ele>
      </trkpt>
      <trkpt lat="33.107529" lon="-111.130091">
        <ele>512.0</ele>
      </trkpt>
      <trkpt lat="33.107467" lon="-111.130321">
        <ele>512.7</ele>
      </trkpt>
      <trkpt lat="33.107585" lon="-111.131975">
        <ele>514.4</ele>
      </trkpt>
      <trkpt lat="33.107481" lon="-111.132365">
        <ele>511.6</ele>
      </trkpt>
      <trkpt lat="33.107504" lon="-111.132971">
        <ele>511.2</ele>
      </trkpt>
      <trkpt lat="33.107653" lon="-111.13326">
        <ele>512.0</ele>
      </trkpt>
      <trkpt lat="33.107694" lon="-111.133809">
        <ele>510.3</ele>
      </trkpt>
      <trkpt lat="33.107822" lon="-111.133984">
        <ele>510.7</ele>
      </trkpt>
      <trkpt lat="33.107792" lon="-111.134206">
        <ele>510.2</ele>
      </trkpt>
      <trkpt lat="33.107253" lon="-111.134877">
        <ele>505.7</ele>
      </trkpt>
      <trkpt lat="33.107259" lon="-111.135135">
        <ele>504.2</ele>
      </trkpt>
      <trkpt lat="33.107647" lon="-111.135511">
        <ele>504.0</ele>
      </trkpt>
      <trkpt lat="33.107802" lon="-111.135515">
        <ele>504.6</ele>
      </trkpt>
      <trkpt lat="33.108207" lon="-111.135903">
        <ele>504.6</ele>
      </trkpt>
      <trkpt lat="33.109214" lon="-111.136432">
        <ele>507.2</ele>
      </trkpt>
      <trkpt lat="33.109647" lon="-111.136475">
        <ele>506.7</ele>
      </trkpt>
      <trkpt lat="33.109977" lon="-111.136712">
        <ele>510.3</ele>
      </trkpt>
      <trkpt lat="33.110019" lon="-111.136938">
        <ele>509.6</ele>
      </trkpt>
      <trkpt lat="33.110425" lon="-111.137189">
        <ele>507.3</ele>
      </trkpt>
      <trkpt lat="33.110421" lon="-111.137731">
        <ele>506.0</ele>
      </trkpt>
      <trkpt lat="33.110847" lon="-111.137831">
        <ele>512.0</ele>
      </trkpt>
      <trkpt lat="33.110903" lon="-111.138286">
        <ele>506.6</ele>
      </trkpt>
      <trkpt lat="33.111084" lon="-111.138513">
        <ele>502.0</ele>
      </trkpt>
      <trkpt lat="33.111145" lon="-111.138305">
        <ele>504.7</ele>
      </trkpt>
      <trkpt lat="33.111289" lon="-111.138277">
        <ele>503.7</ele>
      </trkpt>
      <trkpt lat="33.111545" lon="-111.138786">
        <ele>509.3</ele>
      </trkpt>
      <trkpt lat="33.111506" lon="-111.139007">
        <ele>510.0</ele>
      </trkpt>
      <trkpt lat="33.111342" lon="-111.139119">
        <ele>508.3</ele>
      </trkpt>
      <trkpt lat="33.111235" lon="-111.139461">
        <ele>508.7</ele>
      </trkpt>
      <trkpt lat="33.111296" lon="-111.139737">
        <ele>511.0</ele>
      </trkpt>
      <trkpt lat="33.111244" lon="-111.139769">
        <ele>510.6</ele>
      </trkpt>
      <trkpt lat="33.111567" lon="-111.140124">
        <ele>513.0</ele>
      </trkpt>
      <trkpt lat="33.111745" lon="-111.140517">
        <ele>506.6</ele>
      </trkpt>
      <trkpt lat="33.111888" lon="-111.140503">
        <ele>512.2</ele>
      </trkpt>
      <trkpt lat="33.111874" lon="-111.140699">
        <ele>509.6</ele>
      </trkpt>
      <trkpt lat="33.111977" lon="-111.14097">
        <ele>505.6</ele>
      </trkpt>
      <trkpt lat="33.11213" lon="-111.140972">
        <ele>507.3</ele>
      </trkpt>
      <trkpt lat="33.112135" lon="-111.141387">
        <ele>507.3</ele>
      </trkpt>
      <trkpt lat="33.112637" lon="-111.142862">
        <ele>505.2</ele>
      </trkpt>
      <trkpt lat="33.112786" lon="-111.143042">
        <ele>503.6</ele>
      </trkpt>
      <trkpt lat="33.112658" lon="-111.143248">
        <ele>499.2</ele>
      </trkpt>
      <trkpt lat="33.112701" lon="-111.143526">
        <ele>499.0</ele>
      </trkpt>
      <trkpt lat="33.112578" lon="-111.144602">
        <ele>501.3</ele>
      </trkpt>
      <trkpt lat="33.112654" lon="-111.144675">
        <ele>502.0</ele>
      </trkpt>
      <trkpt lat="33.113003" lon="-111.144368">
        <ele>510.6</ele>
      </trkpt>
      <trkpt lat="33.113678" lon="-111.143997">
        <ele>520.0</ele>
      </trkpt>
      <trkpt lat="33.115701" lon="-111.143545">
        <ele>541.5</ele>
      </trkpt>
      <trkpt lat="33.116087" lon="-111.143294">
        <ele>547.7</ele>
      </trkpt>
      <trkpt lat="33.1162" lon="-111.143125">
        <ele>550.7</ele>
      </trkpt>
      <trkpt lat="33.116387" lon="-111.143141">
        <ele>551.4</ele>
      </trkpt>
      <trkpt lat="33.117044" lon="-111.142867">
        <ele>556.5</ele>
      </trkpt>
      <trkpt lat="33.117213" lon="-111.14288">
        <ele>560.5</ele>
      </trkpt>
      <trkpt lat="33.117192" lon="-111.143342">
        <ele>558.7</ele>
      </trkpt>
      <trkpt lat="33.117596" lon="-111.143627">
        <ele>560.0</ele>
      </trkpt>
      <trkpt lat="33.117845" lon="-111.14366">
        <ele>561.7</ele>
      </trkpt>
      <trkpt lat="33.118142" lon="-111.144161">
        <ele>564.4</ele>
      </trkpt>
      <trkpt lat="33.118865" lon="-111.144122">
        <ele>574.0</ele>
      </trkpt>
      <trkpt lat="33.119242" lon="-111.144269">
        <ele>576.2</ele>
      </trkpt>
      <trkpt lat="33.11949" lon="-111.144209">
        <ele>578.7</ele>
      </trkpt>
      <trkpt lat="33.119965" lon="-111.144358">
        <ele>584.5</ele>
      </trkpt>
      <trkpt lat="33.120088" lon="-111.144224">
        <ele>587.0</ele>
      </trkpt>
      <trkpt lat="33.120116" lon="-111.143853">
        <ele>589.4</ele>
      </trkpt>
      <trkpt lat="33.120617" lon="-111.144131">
        <ele>586.5</ele>
      </trkpt>
      <trkpt lat="33.120748" lon="-111.144079">
        <ele>588.2</ele>
      </trkpt>
      <trkpt lat="33.12084" lon="-111.14376">
        <ele>591.7</ele>
      </trkpt>
      <trkpt lat="33.121319" lon="-111.143156">
        <ele>597.4</ele>
      </trkpt>
      <trkpt lat="33.121411" lon="-111.143176">
        <ele>597.2</ele>
      </trkpt>
      <trkpt lat="33.121508" lon="-111.143045">
        <ele>597.5</ele>
      </trkpt>
      <trkpt lat="33.12175" lon="-111.143109">
        <ele>595.7</ele>
      </trkpt>
      <trkpt lat="33.122123" lon="-111.142579">
        <ele>596.2</ele>
      </trkpt>
      <trkpt lat="33.122098" lon="-111.142442">
        <ele>597.5</ele>
      </trkpt>
      <trkpt lat="33.122571" lon="-111.142026">
        <ele>597.2</ele>
      </trkpt>
      <trkpt lat="33.122543" lon="-111.14195">
        <ele>599.0</ele>
      </trkpt>
      <trkpt lat="33.122942" lon="-111.141293">
        <ele>601.4</ele>
      </trkpt>
      <trkpt lat="33.123162" lon="-111.141097">
        <ele>602.5</ele>
      </trkpt>
      <trkpt lat="33.123308" lon="-111.141083">
        <ele>602.2</ele>
      </trkpt>
      <trkpt lat="33.123348" lon="-111.1412">
        <ele>602.4</ele>
      </trkpt>
      <trkpt lat="33.123455" lon="-111.141206">
        <ele>603.5</ele>
      </trkpt>
      <trkpt lat="33.123407" lon="-111.14168">
        <ele>603.5</ele>
      </trkpt>
      <trkpt lat="33.123693" lon="-111.141839">
        <ele>607.4</ele>
      </trkpt>
      <trkpt lat="33.123696" lon="-111.141943">
        <ele>609.4</ele>
      </trkpt>
      <trkpt lat="33.123148" lon="-111.142332">
        <ele>611.0</ele>
      </trkpt>
      <trkpt lat="33.123168" lon="-111.142538">
        <ele>613.4</ele>
      </trkpt>
      <trkpt lat="33.123305" lon="-111.14241">
        <ele>615.7</ele>
      </trkpt>
      <trkpt lat="33.123187" lon="-111.142905">
        <ele>622.4</ele>
      </trkpt>
      <trkpt lat="33.123205" lon="-111.143342">
        <ele>623.5</ele>
      </trkpt>
      <trkpt lat="33.123607" lon="-111.143721">
        <ele>626.0</ele>
      </trkpt>
      <trkpt lat="33.123761" lon="-111.142923">
        <ele>633.5</ele>
      </trkpt>
      <trkpt lat="33.123965" lon="-111.142448">
        <ele>636.0</ele>
      </trkpt>
      <trkpt lat="33.124513" lon="-111.142063">
        <ele>639.5</ele>
      </trkpt>
      <trkpt lat="33.125327" lon="-111.141089">
        <ele>664.0</ele>
      </trkpt>
      <trkpt lat="33.125814" lon="-111.140772">
        <ele>669.5</ele>
      </trkpt>
      <trkpt lat="33.126205" lon="-111.140097">
        <ele>681.4</ele>
      </trkpt>
      <trkpt lat="33.126832" lon="-111.140504">
        <ele>673.5</ele>
      </trkpt>
      <trkpt lat="33.126736" lon="-111.140657">
        <ele>668.2</ele>
      </trkpt>
      <trkpt lat="33.126925" lon="-111.140577">
        <ele>671.2</ele>
      </trkpt>
      <trkpt lat="33.127589" lon="-111.140847">
        <ele>668.0</ele>
      </trkpt>
      <trkpt lat="33.127775" lon="-111.140627">
        <ele>669.7</ele>
      </trkpt>
      <trkpt lat="33.12801" lon="-111.141248">
        <ele>667.2</ele>
      </trkpt>
      <trkpt lat="33.128088" lon="-111.141241">
        <ele>668.2</ele>
      </trkpt>
      <trkpt lat="33.128137" lon="-111.14111">
        <ele>669.5</ele>
      </trkpt>
      <trkpt lat="33.127943" lon="-111.140719">
        <ele>670.0</ele>
      </trkpt>
      <trkpt lat="33.12858" lon="-111.14094">
        <ele>678.7</ele>
      </trkpt>
      <trkpt lat="33.129025" lon="-111.14067">
        <ele>683.0</ele>
      </trkpt>
      <trkpt lat="33.129145" lon="-111.140783">
        <ele>681.2</ele>
      </trkpt>
      <trkpt lat="33.129539" lon="-111.140819">
        <ele>681.4</ele>
      </trkpt>
      <trkpt lat="33.129733" lon="-111.140505">
        <ele>688.5</ele>
      </trkpt>
      <trkpt lat="33.129849" lon="-111.140473">
        <ele>690.7</ele>
      </trkpt>
      <trkpt lat="33.13007" lon="-111.140829">
        <ele>687.7</ele>
      </trkpt>
      <trkpt lat="33.130183" lon="-111.140776">
        <ele>690.0</ele>
      </trkpt>
      <trkpt lat="33.130305" lon="-111.140952">
        <ele>689.0</ele>
      </trkpt>
      <trkpt lat="33.130637" lon="-111.1411">
        <ele>691.4</ele>
      </trkpt>
      <trkpt lat="33.130871" lon="-111.140985">
        <ele>693.7</ele>
      </trkpt>
      <trkpt lat="33.130642" lon="-111.140959">
        <ele>696.4</ele>
      </trkpt>
      <trkpt lat="33.130524" lon="-111.140852">
        <ele>698.4</ele>
      </trkpt>
      <trkpt lat="33.130733" lon="-111.140755">
        <ele>702.2</ele>
      </trkpt>
      <trkpt lat="33.13092" lon="-111.140537">
        <ele>707.5</ele>
      </trkpt>
      <trkpt lat="33.130981" lon="-111.140651">
        <ele>704.4</ele>
      </trkpt>
      <trkpt lat="33.131166" lon="-111.140645">
        <ele>703.7</ele>
      </trkpt>
      <trkpt lat="33.13132" lon="-111.140484">
        <ele>707.0</ele>
      </trkpt>
      <trkpt lat="33.131434" lon="-111.140664">
        <ele>705.7</ele>
      </trkpt>
      <trkpt lat="33.132342" lon="-111.140552">
        <ele>706.7</ele>
      </trkpt>
      <trkpt lat="33.132765" lon="-111.140653">
        <ele>700.7</ele>
      </trkpt>
      <trkpt lat="33.133235" lon="-111.14052">
        <ele>699.7</ele>
      </trkpt>
      <trkpt lat="33.133465" lon="-111.140112">
        <ele>693.4</ele>
      </trkpt>
      <trkpt lat="33.133454" lon="-111.140342">
        <ele>689.4</ele>
      </trkpt>
      <trkpt lat="33.133567" lon="-111.140406">
        <ele>685.7</ele>
      </trkpt>
      <trkpt lat="33.133564" lon="-111.141266">
        <ele>681.5</ele>
      </trkpt>
      <trkpt lat="33.134027" lon="-111.141802">
        <ele>683.0</ele>
      </trkpt>
      <trkpt lat="33.134442" lon="-111.141777">
        <ele>684.0</ele>
      </trkpt>
      <trkpt lat="33.134759" lon="-111.142331">
        <ele>695.2</ele>
      </trkpt>
      <trkpt lat="33.13535" lon="-111.143">
        <ele>712.2</ele>
      </trkpt>
      <trkpt lat="33.135429" lon="-111.143371">
        <ele>718.5</ele>
      </trkpt>
      <trkpt lat="33.135917" lon="-111.144032">
        <ele>734.0</ele>
      </trkpt>
      <trkpt lat="33.136512" lon="-111.143458">
        <ele>743.4</ele>
      </trkpt>
      <trkpt lat="33.137275" lon="-111.143251">
        <ele>746.7</ele>
      </trkpt>
      <trkpt lat="33.137515" lon="-111.143284">
        <ele>745.5</ele>
      </trkpt>
      <trkpt lat="33.137998" lon="-111.142346">
        <ele>747.0</ele>
      </trkpt>
      <trkpt lat="33.138384" lon="-111.142524">
        <ele>750.5</ele>
      </trkpt>
      <trkpt lat="33.138588" lon="-111.142414">
        <ele>754.4</ele>
      </trkpt>
      <trkpt lat="33.13875" lon="-111.141766">
        <ele>756.7</ele>
      </trkpt>
      <trkpt lat="33.139239" lon="-111.141621">
        <ele>761.5</ele>
      </trkpt>
      <trkpt lat="33.139315" lon="-111.141507">
        <ele>763.2</ele>
      </trkpt>
      <trkpt lat="33.139615" lon="-111.141441">
        <ele>764.2</ele>
      </trkpt>
      <trkpt lat="33.139803" lon="-111.141237">
        <ele>766.2</ele>
      </trkpt>
      <trkpt lat="33.140135" lon="-111.14012">
        <ele>769.2</ele>
      </trkpt>
      <trkpt lat="33.139992" lon="-111.139716">
        <ele>766.7</ele>
      </trkpt>
      <trkpt lat="33.14006" lon="-111.139521">
        <ele>768.4</ele>
      </trkpt>
      <trkpt lat="33.140794" lon="-111.139611">
        <ele>768.0</ele>
      </trkpt>
      <trkpt lat="33.141" lon="-111.139507">
        <ele>768.0</ele>
      </trkpt>
      <trkpt lat="33.141112" lon="-111.139319">
        <ele>769.4</ele>
      </trkpt>
      <trkpt lat="33.141132" lon="-111.138807">
        <ele>775.7</ele>
      </trkpt>
      <trkpt lat="33.141668" lon="-111.138884">
        <ele>776.7</ele>
      </trkpt>
      <trkpt lat="33.141793" lon="-111.13881">
        <ele>779.0</ele>
      </trkpt>
      <trkpt lat="33.141761" lon="-111.13829">
        <ele>782.7</ele>
      </trkpt>
      <trkpt lat="33.141855" lon="-111.137799">
        <ele>792.0</ele>
      </trkpt>
      <trkpt lat="33.14199" lon="-111.138029">
        <ele>791.5</ele>
      </trkpt>
      <trkpt lat="33.142156" lon="-111.138107">
        <ele>791.4</ele>
      </trkpt>
      <trkpt lat="33.142136" lon="-111.138454">
        <ele>784.7</ele>
      </trkpt>
      <trkpt lat="33.142328" lon="-111.13851">
        <ele>786.4</ele>
      </trkpt>
      <trkpt lat="33.142415" lon="-111.139031">
        <ele>782.0</ele>
      </trkpt>
      <trkpt lat="33.142494" lon="-111.139107">
        <ele>782.4</ele>
      </trkpt>
      <trkpt lat="33.142916" lon="-111.139114">
        <ele>781.0</ele>
      </trkpt>
      <trkpt lat="33.14306" lon="-111.139006">
        <ele>780.7</ele>
      </trkpt>
      <trkpt lat="33.143116" lon="-111.138821">
        <ele>784.0</ele>
      </trkpt>
      <trkpt lat="33.143693" lon="-111.138462">
        <ele>778.0</ele>
      </trkpt>
      <trkpt lat="33.14374" lon="-111.138052">
        <ele>780.0</ele>
      </trkpt>
      <trkpt lat="33.143666" lon="-111.137827">
        <ele>783.0</ele>
      </trkpt>
      <trkpt lat="33.143833" lon="-111.137816">
        <ele>777.0</ele>
      </trkpt>
      <trkpt lat="33.143946" lon="-111.137915">
        <ele>772.7</ele>
      </trkpt>
      <trkpt lat="33.144123" lon="-111.137888">
        <ele>770.4</ele>
      </trkpt>
      <trkpt lat="33.144095" lon="-111.137347">
        <ele>777.4</ele>
      </trkpt>
      <trkpt lat="33.144162" lon="-111.137262">
        <ele>778.7</ele>
      </trkpt>
      <trkpt lat="33.14437" lon="-111.137585">
        <ele>772.5</ele>
      </trkpt>
      <trkpt lat="33.144484" lon="-111.137623">
        <ele>773.2</ele>
      </trkpt>
      <trkpt lat="33.144622" lon="-111.137914">
        <ele>770.0</ele>
      </trkpt>
      <trkpt lat="33.145635" lon="-111.137283">
        <ele>765.7</ele>
      </trkpt>
      <trkpt lat="33.14604" lon="-111.137373">
        <ele>764.0</ele>
      </trkpt>
      <trkpt lat="33.146548" lon="-111.137198">
        <ele>765.2</ele>
      </trkpt>
      <trkpt lat="33.147076" lon="-111.13672">
        <ele>767.0</ele>
      </trkpt>
      <trkpt lat="33.147225" lon="-111.136389">
        <ele>767.0</ele>
      </trkpt>
      <trkpt lat="33.147478" lon="-111.136135">
        <ele>767.5</ele>
      </trkpt>
      <trkpt lat="33.148093" lon="-111.135885">
        <ele>768.0</ele>
      </trkpt>
      <trkpt lat="33.148207" lon="-111.135982">
        <ele>768.0</ele>
      </trkpt>
      <trkpt lat="33.148241" lon="-111.136182">
        <ele>768.0</ele>
      </trkpt>
      <trkpt lat="33.148577" lon="-111.136198">
        <ele>769.0</ele>
      </trkpt>
      <trkpt lat="33.148635" lon="-111.136293">
        <ele>770.4</ele>
      </trkpt>
      <trkpt lat="33.149625" lon="-111.136644">
        <ele>780.0</ele>
      </trkpt>
      <trkpt lat="33.149901" lon="-111.136942">
        <ele>780.7</ele>
      </trkpt>
      <trkpt lat="33.14996" lon="-111.137169">
        <ele>783.4</ele>
      </trkpt>
      <trkpt lat="33.149543" lon="-111.13743">
        <ele>791.2</ele>
      </trkpt>
      <trkpt lat="33.148995" lon="-111.137483">
        <ele>793.5</ele>
      </trkpt>
      <trkpt lat="33.148871" lon="-111.137582">
        <ele>796.0</ele>
      </trkpt>
      <trkpt lat="33.148808" lon="-111.137948">
        <ele>802.4</ele>
      </trkpt>
      <trkpt lat="33.148874" lon="-111.138169">
        <ele>801.5</ele>
      </trkpt>
      <trkpt lat="33.148532" lon="-111.138793">
        <ele>804.2</ele>
      </trkpt>
      <trkpt lat="33.148587" lon="-111.139005">
        <ele>806.2</ele>
      </trkpt>
      <trkpt lat="33.148887" lon="-111.139159">
        <ele>810.4</ele>
      </trkpt>
      <trkpt lat="33.148977" lon="-111.139303">
        <ele>812.0</ele>
      </trkpt>
      <trkpt lat="33.149371" lon="-111.139466">
        <ele>816.2</ele>
      </trkpt>
      <trkpt lat="33.149442" lon="-111.13961">
        <ele>816.2</ele>
      </trkpt>
      <trkpt lat="33.150309" lon="-111.139857">
        <ele>822.2</ele>
      </trkpt>
      <trkpt lat="33.15075" lon="-111.139849">
        <ele>826.0</ele>
      </trkpt>
      <trkpt lat="33.151553" lon="-111.140543">
        <ele>833.7</ele>
      </trkpt>
      <trkpt lat="33.151652" lon="-111.140725">
        <ele>833.5</ele>
      </trkpt>
      <trkpt lat="33.151857" lon="-111.14076">
        <ele>838.5</ele>
      </trkpt>
      <trkpt lat="33.151759" lon="-111.14109">
        <ele>839.4</ele>
      </trkpt>
      <trkpt lat="33.150731" lon="-111.141921">
        <ele>848.2</ele>
      </trkpt>
      <trkpt lat="33.150692" lon="-111.14238">
        <ele>851.0</ele>
      </trkpt>
      <trkpt lat="33.150871" lon="-111.142752">
        <ele>851.2</ele>
      </trkpt>
      <trkpt lat="33.151168" lon="-111.142879">
        <ele>852.2</ele>
      </trkpt>
      <trkpt lat="33.151252" lon="-111.143521">
        <ele>858.2</ele>
      </trkpt>
      <trkpt lat="33.151553" lon="-111.142837">
        <ele>867.7</ele>
      </trkpt>
      <trkpt lat="33.151062" lon="-111.142448">
        <ele>865.2</ele>
      </trkpt>
      <trkpt lat="33.151065" lon="-111.142337">
        <ele>865.4</ele>
      </trkpt>
      <trkpt lat="33.151567" lon="-111.142073">
        <ele>867.2</ele>
      </trkpt>
      <trkpt lat="33.151944" lon="-111.142129">
        <ele>869.0</ele>
      </trkpt>
      <trkpt lat="33.152451" lon="-111.141973">
        <ele>874.5</ele>
      </trkpt>
      <trkpt lat="33.152402" lon="-111.141653">
        <ele>872.7</ele>
      </trkpt>
      <trkpt lat="33.152856" lon="-111.141215">
        <ele>877.0</ele>
      </trkpt>
      <trkpt lat="33.153169" lon="-111.141134">
        <ele>877.2</ele>
      </trkpt>
      <trkpt lat="33.153608" lon="-111.14125">
        <ele>874.2</ele>
      </trkpt>
      <trkpt lat="33.153754" lon="-111.14137">
        <ele>876.0</ele>
      </trkpt>
      <trkpt lat="33.153939" lon="-111.141269">
        <ele>874.5</ele>
      </trkpt>
      <trkpt lat="33.154096" lon="-111.141324">
        <ele>875.4</ele>
      </trkpt>
      <trkpt lat="33.154338" lon="-111.141641">
        <ele>879.5</ele>
      </trkpt>
      <trkpt lat="33.154832" lon="-111.141608">
        <ele>882.2</ele>
      </trkpt>
      <trkpt lat="33.155133" lon="-111.141897">
        <ele>880.5</ele>
      </trkpt>
      <trkpt lat="33.155146" lon="-111.14211">
        <ele>882.4</ele>
      </trkpt>
      <trkpt lat="33.154995" lon="-111.142631">
        <ele>886.7</ele>
      </trkpt>
      <trkpt lat="33.155284" lon="-111.143172">
        <ele>891.0</ele>
      </trkpt>
      <trkpt lat="33.155563" lon="-111.14325">
        <ele>889.2</ele>
      </trkpt>
      <trkpt lat="33.1557" lon="-111.143432">
        <ele>890.7</ele>
      </trkpt>
      <trkpt lat="33.155797" lon="-111.143866">
        <ele>896.2</ele>
      </trkpt>
      <trkpt lat="33.156239" lon="-111.14444">
        <ele>891.2</ele>
      </trkpt>
      <trkpt lat="33.156382" lon="-111.144826">
        <ele>893.4</ele>
      </trkpt>
      <trkpt lat="33.156701" lon="-111.144854">
        <ele>889.2</ele>
      </trkpt>
      <trkpt lat="33.15688" lon="-111.145081">
        <ele>895.0</ele>
      </trkpt>
      <trkpt lat="33.157055" lon="-111.145056">
        <ele>896.0</ele>
      </trkpt>
      <trkpt lat="33.157638" lon="-111.144194">
        <ele>885.5</ele>
      </trkpt>
      <trkpt lat="33.157775" lon="-111.144173">
        <ele>885.5</ele>
      </trkpt>
      <trkpt lat="33.15778" lon="-111.143996">
        <ele>880.2</ele>
      </trkpt>
      <trkpt lat="33.157947" lon="-111.143904">
        <ele>884.2</ele>
      </trkpt>
      <trkpt lat="33.157988" lon="-111.143531">
        <ele>885.5</ele>
      </trkpt>
      <trkpt lat="33.158212" lon="-111.143359">
        <ele>886.5</ele>
      </trkpt>
      <trkpt lat="33.158696" lon="-111.143505">
        <ele>895.4</ele>
      </trkpt>
      <trkpt lat="33.158803" lon="-111.143342">
        <ele>893.0</ele>
      </trkpt>
      <trkpt lat="33.159554" lon="-111.143263">
        <ele>903.5</ele>
      </trkpt>
      <trkpt lat="33.159421" lon="-111.143038">
        <ele>906.7</ele>
      </trkpt>
      <trkpt lat="33.159332" lon="-111.142113">
        <ele>910.0</ele>
      </trkpt>
      <trkpt lat="33.158987" lon="-111.141508">
        <ele>913.7</ele>
      </trkpt>
      <trkpt lat="33.159557" lon="-111.141874">
        <ele>927.4</ele>
      </trkpt>
      <trkpt lat="33.160038" lon="-111.142748">
        <ele>930.5</ele>
      </trkpt>
      <trkpt lat="33.160618" lon="-111.143315">
        <ele>938.4</ele>
      </trkpt>
      <trkpt lat="33.160596" lon="-111.14342">
        <ele>937.2</ele>
      </trkpt>
      <trkpt lat="33.161068" lon="-111.143834">
        <ele>941.0</ele>
      </trkpt>
      <trkpt lat="33.161025" lon="-111.144077">
        <ele>944.7</ele>
      </trkpt>
      <trkpt lat="33.160749" lon="-111.144606">
        <ele>941.4</ele>
      </trkpt>
      <trkpt lat="33.160542" lon="-111.144572">
        <ele>941.0</ele>
      </trkpt>
      <trkpt lat="33.160603" lon="-111.144734">
        <ele>945.5</ele>
      </trkpt>
      <trkpt lat="33.160203" lon="-111.144687">
        <ele>949.5</ele>
      </trkpt>
      <trkpt lat="33.159584" lon="-111.144242">
        <ele>954.5</ele>
      </trkpt>
      <trkpt lat="33.159426" lon="-111.144598">
        <ele>966.7</ele>
      </trkpt>
      <trkpt lat="33.159522" lon="-111.144964">
        <ele>962.2</ele>
      </trkpt>
      <trkpt lat="33.159596" lon="-111.144883">
        <ele>972.7</ele>
      </trkpt>
      <trkpt lat="33.159647" lon="-111.145154">
        <ele>972.4</ele>
      </trkpt>
      <trkpt lat="33.159591" lon="-111.145528">
        <ele>971.0</ele>
      </trkpt>
      <trkpt lat="33.159473" lon="-111.145706">
        <ele>974.5</ele>
      </trkpt>
      <trkpt lat="33.15918" lon="-111.145858">
        <ele>971.7</ele>
      </trkpt>
      <trkpt lat="33.159145" lon="-111.146335">
        <ele>979.0</ele>
      </trkpt>
      <trkpt lat="33.159205" lon="-111.14643">
        <ele>979.4</ele>
      </trkpt>
      <trkpt lat="33.159336" lon="-111.146428">
        <ele>980.4</ele>
      </trkpt>
      <trkpt lat="33.159824" lon="-111.146716">
        <ele>983.2</ele>
      </trkpt>
      <trkpt lat="33.159958" lon="-111.146613">
        <ele>985.5</ele>
      </trkpt>
      <trkpt lat="33.159903" lon="-111.146548">
        <ele>987.2</ele>
      </trkpt>
      <trkpt lat="33.160429" lon="-111.146001">
        <ele>996.0</ele>
      </trkpt>
      <trkpt lat="33.160854" lon="-111.145911">
        <ele>999.7</ele>
      </trkpt>
      <trkpt lat="33.161293" lon="-111.14598">
        <ele>1002.5</ele>
      </trkpt>
      <trkpt lat="33.161668" lon="-111.14656">
        <ele>1009.5</ele>
      </trkpt>
      <trkpt lat="33.161873" lon="-111.146687">
        <ele>1020.2</ele>
      </trkpt>
      <trkpt lat="33.161842" lon="-111.146557">
        <ele>1022.7</ele>
      </trkpt>
      <trkpt lat="33.162999" lon="-111.147698">
        <ele>1039.8</ele>
      </trkpt>
      <trkpt lat="33.163276" lon="-111.148469">
        <ele>1038.1</ele>
      </trkpt>
      <trkpt lat="33.16324" lon="-111.148641">
        <ele>1039.5</ele>
      </trkpt>
      <trkpt lat="33.162909" lon="-111.148964">
        <ele>1042.4</ele>
      </trkpt>
      <trkpt lat="33.162498" lon="-111.148707">
        <ele>1052.8</ele>
      </trkpt>
      <trkpt lat="33.162401" lon="-111.149261">
        <ele>1054.5</ele>
      </trkpt>
      <trkpt lat="33.163137" lon="-111.14973">
        <ele>1068.0</ele>
      </trkpt>
      <trkpt lat="33.163424" lon="-111.149594">
        <ele>1069.1</ele>
      </trkpt>
      <trkpt lat="33.163435" lon="-111.149504">
        <ele>1067.5</ele>
      </trkpt>
      <trkpt lat="33.163632" lon="-111.149439">
        <ele>1067.5</ele>
      </trkpt>
      <trkpt lat="33.163748" lon="-111.149519">
        <ele>1070.8</ele>
      </trkpt>
      <trkpt lat="33.163922" lon="-111.149441">
        <ele>1073.0</ele>
      </trkpt>
      <trkpt lat="33.164102" lon="-111.149597">
        <ele>1071.5</ele>
      </trkpt>
      <trkpt lat="33.164912" lon="-111.14883">
        <ele>1077.0</ele>
      </trkpt>
      <trkpt lat="33.164897" lon="-111.148665">
        <ele>1078.8</ele>
      </trkpt>
      <trkpt lat="33.164366" lon="-111.147945">
        <ele>1081.1</ele>
      </trkpt>
      <trkpt lat="33.164036" lon="-111.1473">
        <ele>1072.8</ele>
      </trkpt>
      <trkpt lat="33.163767" lon="-111.147072">
        <ele>1067.0</ele>
      </trkpt>
      <trkpt lat="33.163618" lon="-111.146608">
        <ele>1067.4</ele>
      </trkpt>
      <trkpt lat="33.163255" lon="-111.145997">
        <ele>1068.1</ele>
      </trkpt>
      <trkpt lat="33.163361" lon="-111.145421">
        <ele>1061.1</ele>
      </trkpt>
      <trkpt lat="33.163342" lon="-111.144611">
        <ele>1061.8</ele>
      </trkpt>
      <trkpt lat="33.163504" lon="-111.144471">
        <ele>1062.5</ele>
      </trkpt>
      <trkpt lat="33.163787" lon="-111.14382">
        <ele>1061.8</ele>
      </trkpt>
      <trkpt lat="33.16353" lon="-111.143085">
        <ele>1059.0</ele>
      </trkpt>
      <trkpt lat="33.163559" lon="-111.142846">
        <ele>1061.5</ele>
      </trkpt>
      <trkpt lat="33.163336" lon="-111.142699">
        <ele>1065.4</ele>
      </trkpt>
      <trkpt lat="33.16355" lon="-111.142541">
        <ele>1067.1</ele>
      </trkpt>
      <trkpt lat="33.1635" lon="-111.142501">
        <ele>1068.5</ele>
      </trkpt>
      <trkpt lat="33.163933" lon="-111.141679">
        <ele>1056.8</ele>
      </trkpt>
      <trkpt lat="33.164411" lon="-111.141366">
        <ele>1055.0</ele>
      </trkpt>
      <trkpt lat="33.164425" lon="-111.141494">
        <ele>1051.0</ele>
      </trkpt>
      <trkpt lat="33.164527" lon="-111.141416">
        <ele>1049.5</ele>
      </trkpt>
      <trkpt lat="33.16451" lon="-111.141568">
        <ele>1046.0</ele>
      </trkpt>
      <trkpt lat="33.164682" lon="-111.14147">
        <ele>1043.5</ele>
      </trkpt>
      <trkpt lat="33.16451" lon="-111.140771">
        <ele>1039.8</ele>
      </trkpt>
      <trkpt lat="33.164997" lon="-111.13934">
        <ele>1057.0</ele>
      </trkpt>
      <trkpt lat="33.165008" lon="-111.139067">
        <ele>1058.4</ele>
      </trkpt>
      <trkpt lat="33.165393" lon="-111.139021">
        <ele>1057.4</ele>
      </trkpt>
      <trkpt lat="33.16555" lon="-111.138831">
        <ele>1063.0</ele>
      </trkpt>
      <trkpt lat="33.165753" lon="-111.138958">
        <ele>1061.0</ele>
      </trkpt>
      <trkpt lat="33.16603" lon="-111.138789">
        <ele>1068.0</ele>
      </trkpt>
      <trkpt lat="33.166331" lon="-111.139789">
        <ele>1065.5</ele>
      </trkpt>
      <trkpt lat="33.166584" lon="-111.139877">
        <ele>1064.0</ele>
      </trkpt>
      <trkpt lat="33.167423" lon="-111.138654">
        <ele>1073.8</ele>
      </trkpt>
      <trkpt lat="33.167688" lon="-111.137973">
        <ele>1067.4</ele>
      </trkpt>
      <trkpt lat="33.167735" lon="-111.137595">
        <ele>1068.4</ele>
      </trkpt>
      <trkpt lat="33.167834" lon="-111.137549">
        <ele>1065.1</ele>
      </trkpt>
      <trkpt lat="33.167963" lon="-111.136859">
        <ele>1066.0</ele>
      </trkpt>
      <trkpt lat="33.168104" lon="-111.136744">
        <ele>1062.0</ele>
      </trkpt>
      <trkpt lat="33.168135" lon="-111.136199">
        <ele>1071.0</ele>
      </trkpt>
      <trkpt lat="33.168233" lon="-111.136091">
        <ele>1073.5</ele>
      </trkpt>
      <trkpt lat="33.168298" lon="-111.136203">
        <ele>1073.1</ele>
      </trkpt>
      <trkpt lat="33.168638" lon="-111.136341">
        <ele>1074.0</ele>
      </trkpt>
      <trkpt lat="33.168792" lon="-111.136226">
        <ele>1076.1</ele>
      </trkpt>
      <trkpt lat="33.168999" lon="-111.13625">
        <ele>1077.4</ele>
      </trkpt>
      <trkpt lat="33.169103" lon="-111.136369">
        <ele>1078.5</ele>
      </trkpt>
      <trkpt lat="33.169393" lon="-111.13642">
        <ele>1080.8</ele>
      </trkpt>
      <trkpt lat="33.169558" lon="-111.13684">
        <ele>1077.0</ele>
      </trkpt>
      <trkpt lat="33.169722" lon="-111.137037">
        <ele>1072.4</ele>
      </trkpt>
      <trkpt lat="33.169475" lon="-111.136923">
        <ele>1074.8</ele>
      </trkpt>
      <trkpt lat="33.169593" lon="-111.137127">
        <ele>1067.8</ele>
      </trkpt>
      <trkpt lat="33.169846" lon="-111.137274">
        <ele>1060.8</ele>
      </trkpt>
      <trkpt lat="33.170023" lon="-111.137225">
        <ele>1060.0</ele>
      </trkpt>
      <trkpt lat="33.169855" lon="-111.137375">
        <ele>1054.0</ele>
      </trkpt>
      <trkpt lat="33.169576" lon="-111.137398">
        <ele>1052.1</ele>
      </trkpt>
      <trkpt lat="33.16986" lon="-111.137481">
        <ele>1046.4</ele>
      </trkpt>
      <trkpt lat="33.170332" lon="-111.137256">
        <ele>1037.1</ele>
      </trkpt>
      <trkpt lat="33.170274" lon="-111.137531">
        <ele>1034.1</ele>
      </trkpt>
      <trkpt lat="33.170419" lon="-111.13746">
        <ele>1032.0</ele>
      </trkpt>
      <trkpt lat="33.170586" lon="-111.136842">
        <ele>1032.1</ele>
      </trkpt>
      <trkpt lat="33.171287" lon="-111.136738">
        <ele>1033.8</ele>
      </trkpt>
      <trkpt lat="33.171329" lon="-111.136427">
        <ele>1038.5</ele>
      </trkpt>
      <trkpt lat="33.171819" lon="-111.135916">
        <ele>1043.0</ele>
      </trkpt>
      <trkpt lat="33.171943" lon="-111.135671">
        <ele>1044.8</ele>
      </trkpt>
      <trkpt lat="33.172051" lon="-111.135729">
        <ele>1042.8</ele>
      </trkpt>
      <trkpt lat="33.172229" lon="-111.135463">
        <ele>1051.1</ele>
      </trkpt>
      <trkpt lat="33.172691" lon="-111.13585">
        <ele>1045.1</ele>
      </trkpt>
      <trkpt lat="33.172927" lon="-111.135804">
        <ele>1046.1</ele>
      </trkpt>
      <trkpt lat="33.173071" lon="-111.135556">
        <ele>1050.4</ele>
      </trkpt>
      <trkpt lat="33.173305" lon="-111.13558">
        <ele>1050.8</ele>
      </trkpt>
      <trkpt lat="33.173584" lon="-111.135431">
        <ele>1052.0</ele>
      </trkpt>
      <trkpt lat="33.173806" lon="-111.135428">
        <ele>1052.1</ele>
      </trkpt>
      <trkpt lat="33.173893" lon="-111.135282">
        <ele>1055.0</ele>
      </trkpt>
      <trkpt lat="33.174114" lon="-111.135394">
        <ele>1053.5</ele>
      </trkpt>
      <trkpt lat="33.17416" lon="-111.135284">
        <ele>1056.4</ele>
      </trkpt>
      <trkpt lat="33.174657" lon="-111.135451">
        <ele>1055.8</ele>
      </trkpt>
      <trkpt lat="33.174802" lon="-111.135588">
        <ele>1061.0</ele>
      </trkpt>
      <trkpt lat="33.175057" lon="-111.135532">
        <ele>1066.1</ele>
      </trkpt>
      <trkpt lat="33.175038" lon="-111.135726">
        <ele>1065.1</ele>
      </trkpt>
      <trkpt lat="33.175114" lon="-111.135822">
        <ele>1065.1</ele>
      </trkpt>
      <trkpt lat="33.175435" lon="-111.135743">
        <ele>1068.8</ele>
      </trkpt>
      <trkpt lat="33.17596" lon="-111.135287">
        <ele>1079.5</ele>
      </trkpt>
      <trkpt lat="33.176245" lon="-111.135582">
        <ele>1079.4</ele>
      </trkpt>
      <trkpt lat="33.176673" lon="-111.135676">
        <ele>1076.5</ele>
      </trkpt>
      <trkpt lat="33.177222" lon="-111.13546">
        <ele>1071.1</ele>
      </trkpt>
      <trkpt lat="33.177208" lon="-111.135556">
        <ele>1071.0</ele>
      </trkpt>
      <trkpt lat="33.177298" lon="-111.135623">
        <ele>1071.1</ele>
      </trkpt>
      <trkpt lat="33.177334" lon="-111.136092">
        <ele>1070.8</ele>
      </trkpt>
      <trkpt lat="33.177458" lon="-111.135792">
        <ele>1074.1</ele>
      </trkpt>
      <trkpt lat="33.177856" lon="-111.136585">
        <ele>1088.1</ele>
      </trkpt>
      <trkpt lat="33.177701" lon="-111.136819">
        <ele>1086.1</ele>
      </trkpt>
      <trkpt lat="33.177658" lon="-111.137101">
        <ele>1093.5</ele>
      </trkpt>
      <trkpt lat="33.177784" lon="-111.137329">
        <ele>1090.5</ele>
      </trkpt>
      <trkpt lat="33.178303" lon="-111.137198">
        <ele>1099.8</ele>
      </trkpt>
      <trkpt lat="33.178525" lon="-111.137457">
        <ele>1101.0</ele>
      </trkpt>
      <trkpt lat="33.178835" lon="-111.13758">
        <ele>1107.5</ele>
      </trkpt>
      <trkpt lat="33.17895" lon="-111.138054">
        <ele>1103.8</ele>
      </trkpt>
      <trkpt lat="33.179167" lon="-111.138073">
        <ele>1106.0</ele>
      </trkpt>
      <trkpt lat="33.17931" lon="-111.137626">
        <ele>1114.1</ele>
      </trkpt>
      <trkpt lat="33.179433" lon="-111.137781">
        <ele>1112.1</ele>
      </trkpt>
      <trkpt lat="33.179744" lon="-111.137837">
        <ele>1118.0</ele>
      </trkpt>
      <trkpt lat="33.180047" lon="-111.137559">
        <ele>1124.8</ele>
      </trkpt>
      <trkpt lat="33.180386" lon="-111.137389">
        <ele>1128.4</ele>
      </trkpt>
      <trkpt lat="33.180526" lon="-111.13721">
        <ele>1131.4</ele>
      </trkpt>
      <trkpt lat="33.180919" lon="-111.13724">
        <ele>1125.1</ele>
      </trkpt>
      <trkpt lat="33.181063" lon="-111.137166">
        <ele>1123.4</ele>
      </trkpt>
      <trkpt lat="33.181505" lon="-111.137628">
        <ele>1121.4</ele>
      </trkpt>
      <trkpt lat="33.181894" lon="-111.137812">
        <ele>1122.8</ele>
      </trkpt>
      <trkpt lat="33.182111" lon="-111.138352">
        <ele>1128.1</ele>
      </trkpt>
      <trkpt lat="33.18206" lon="-111.13848">
        <ele>1127.0</ele>
      </trkpt>
      <trkpt lat="33.182236" lon="-111.138673">
        <ele>1130.5</ele>
      </trkpt>
      <trkpt lat="33.182198" lon="-111.138771">
        <ele>1129.5</ele>
      </trkpt>
      <trkpt lat="33.182274" lon="-111.138881">
        <ele>1131.0</ele>
      </trkpt>
      <trkpt lat="33.182533" lon="-111.138966">
        <ele>1134.4</ele>
      </trkpt>
      <trkpt lat="33.182634" lon="-111.138898">
        <ele>1137.4</ele>
      </trkpt>
      <trkpt lat="33.182795" lon="-111.139012">
        <ele>1135.8</ele>
      </trkpt>
      <trkpt lat="33.183205" lon="-111.139634">
        <ele>1130.8</ele>
      </trkpt>
      <trkpt lat="33.183158" lon="-111.140369">
        <ele>1134.4</ele>
      </trkpt>
      <trkpt lat="33.183276" lon="-111.140678">
        <ele>1136.1</ele>
      </trkpt>
      <trkpt lat="33.183413" lon="-111.140779">
        <ele>1138.8</ele>
      </trkpt>
      <trkpt lat="33.183652" lon="-111.140784">
        <ele>1135.1</ele>
      </trkpt>
      <trkpt lat="33.183903" lon="-111.140557">
        <ele>1130.1</ele>
      </trkpt>
      <trkpt lat="33.184275" lon="-111.140423">
        <ele>1130.5</ele>
      </trkpt>
      <trkpt lat="33.184533" lon="-111.140088">
        <ele>1126.5</ele>
      </trkpt>
      <trkpt lat="33.184889" lon="-111.140041">
        <ele>1122.1</ele>
      </trkpt>
      <trkpt lat="33.184994" lon="-111.140331">
        <ele>1123.4</ele>
      </trkpt>
      <trkpt lat="33.185402" lon="-111.140315">
        <ele>1121.8</ele>
      </trkpt>
      <trkpt lat="33.185665" lon="-111.140194">
        <ele>1116.0</ele>
      </trkpt>
      <trkpt lat="33.185892" lon="-111.14039">
        <ele>1110.4</ele>
      </trkpt>
      <trkpt lat="33.186073" lon="-111.140225">
        <ele>1106.0</ele>
      </trkpt>
      <trkpt lat="33.186102" lon="-111.139944">
        <ele>1103.4</ele>
      </trkpt>
      <trkpt lat="33.186236" lon="-111.139774">
        <ele>1097.5</ele>
      </trkpt>
      <trkpt lat="33.186456" lon="-111.138773">
        <ele>1095.5</ele>
      </trkpt>
      <trkpt lat="33.186432" lon="-111.138324">
        <ele>1090.1</ele>
      </trkpt>
      <trkpt lat="33.186568" lon="-111.138161">
        <ele>1087.4</ele>
      </trkpt>
      <trkpt lat="33.186571" lon="-111.137137">
        <ele>1082.5</ele>
      </trkpt>
      <trkpt lat="33.186743" lon="-111.136998">
        <ele>1079.8</ele>
      </trkpt>
      <trkpt lat="33.186847" lon="-111.137027">
        <ele>1078.4</ele>
      </trkpt>
      <trkpt lat="33.18716" lon="-111.136715">
        <ele>1072.1</ele>
      </trkpt>
      <trkpt lat="33.187253" lon="-111.136824">
        <ele>1072.1</ele>
      </trkpt>
      <trkpt lat="33.187496" lon="-111.136846">
        <ele>1071.4</ele>
      </trkpt>
      <trkpt lat="33.187678" lon="-111.136667">
        <ele>1066.8</ele>
      </trkpt>
      <trkpt lat="33.18766" lon="-111.136255">
        <ele>1061.5</ele>
      </trkpt>
      <trkpt lat="33.18816" lon="-111.135607">
        <ele>1060.0</ele>
      </trkpt>
      <trkpt lat="33.188481" lon="-111.135809">
        <ele>1060.0</ele>
      </trkpt>
      <trkpt lat="33.188617" lon="-111.135709">
        <ele>1060.5</ele>
      </trkpt>
      <trkpt lat="33.188612" lon="-111.135557">
        <ele>1060.1</ele>
      </trkpt>
      <trkpt lat="33.188778" lon="-111.135568">
        <ele>1060.8</ele>
      </trkpt>
      <trkpt lat="33.189082" lon="-111.134815">
        <ele>1052.0</ele>
      </trkpt>
      <trkpt lat="33.189197" lon="-111.134761">
        <ele>1049.4</ele>
      </trkpt>
      <trkpt lat="33.189368" lon="-111.135007">
        <ele>1048.8</ele>
      </trkpt>
      <trkpt lat="33.189593" lon="-111.135094">
        <ele>1048.4</ele>
      </trkpt>
      <trkpt lat="33.18969" lon="-111.13476">
        <ele>1048.8</ele>
      </trkpt>
      <trkpt lat="33.189905" lon="-111.134701">
        <ele>1051.8</ele>
      </trkpt>
      <trkpt lat="33.189793" lon="-111.134998">
        <ele>1052.4</ele>
      </trkpt>
      <trkpt lat="33.190173" lon="-111.135358">
        <ele>1058.4</ele>
      </trkpt>
      <trkpt lat="33.190399" lon="-111.135392">
        <ele>1060.0</ele>
      </trkpt>
      <trkpt lat="33.190438" lon="-111.135587">
        <ele>1060.0</ele>
      </trkpt>
      <trkpt lat="33.190801" lon="-111.135571">
        <ele>1062.8</ele>
      </trkpt>
      <trkpt lat="33.190911" lon="-111.13576">
        <ele>1064.0</ele>
      </trkpt>
      <trkpt lat="33.191215" lon="-111.135812">
        <ele>1066.4</ele>
      </trkpt>
      <trkpt lat="33.191395" lon="-111.135989">
        <ele>1069.1</ele>
      </trkpt>
      <trkpt lat="33.192205" lon="-111.136019">
        <ele>1077.8</ele>
      </trkpt>
      <trkpt lat="33.192296" lon="-111.135911">
        <ele>1080.1</ele>
      </trkpt>
      <trkpt lat="33.192794" lon="-111.135829">
        <ele>1085.5</ele>
      </trkpt>
      <trkpt lat="33.192878" lon="-111.135701">
        <ele>1086.4</ele>
      </trkpt>
      <trkpt lat="33.193185" lon="-111.135795">
        <ele>1092.5</ele>
      </trkpt>
      <trkpt lat="33.193305" lon="-111.135453">
        <ele>1097.8</ele>
      </trkpt>
      <trkpt lat="33.193629" lon="-111.135705">
        <ele>1106.1</ele>
      </trkpt>
      <trkpt lat="33.19392" lon="-111.136537">
        <ele>1112.4</ele>
      </trkpt>
      <trkpt lat="33.194051" lon="-111.136529">
        <ele>1114.4</ele>
      </trkpt>
      <trkpt lat="33.194079" lon="-111.135145">
        <ele>1134.0</ele>
      </trkpt>
      <trkpt lat="33.194161" lon="-111.134631">
        <ele>1137.0</ele>
      </trkpt>
      <trkpt lat="33.194343" lon="-111.134261">
        <ele>1139.0</ele>
      </trkpt>
      <trkpt lat="33.194432" lon="-111.134292">
        <ele>1138.4</ele>
      </trkpt>
      <trkpt lat="33.194564" lon="-111.134561">
        <ele>1139.4</ele>
      </trkpt>
      <trkpt lat="33.194836" lon="-111.13483">
        <ele>1139.1</ele>
      </trkpt>
      <trkpt lat="33.195605" lon="-111.13528">
        <ele>1135.5</ele>
      </trkpt>
      <trkpt lat="33.195732" lon="-111.135754">
        <ele>1131.5</ele>
      </trkpt>
      <trkpt lat="33.195987" lon="-111.136051">
        <ele>1127.0</ele>
      </trkpt>
      <trkpt lat="33.19633" lon="-111.13623">
        <ele>1119.1</ele>
      </trkpt>
      <trkpt lat="33.196409" lon="-111.136404">
        <ele>1118.5</ele>
      </trkpt>
      <trkpt lat="33.196652" lon="-111.136514">
        <ele>1114.8</ele>
      </trkpt>
      <trkpt lat="33.196783" lon="-111.136756">
        <ele>1113.1</ele>
      </trkpt>
      <trkpt lat="33.196758" lon="-111.136871">
        <ele>1113.1</ele>
      </trkpt>
      <trkpt lat="33.19684" lon="-111.136969">
        <ele>1112.0</ele>
      </trkpt>
      <trkpt lat="33.196821" lon="-111.1371">
        <ele>1111.8</ele>
      </trkpt>
      <trkpt lat="33.197058" lon="-111.137321">
        <ele>1108.5</ele>
      </trkpt>
      <trkpt lat="33.197136" lon="-111.137535">
        <ele>1109.1</ele>
      </trkpt>
      <trkpt lat="33.197511" lon="-111.137644">
        <ele>1100.1</ele>
      </trkpt>
      <trkpt lat="33.197502" lon="-111.137918">
        <ele>1103.4</ele>
      </trkpt>
      <trkpt lat="33.197791" lon="-111.137914">
        <ele>1100.1</ele>
      </trkpt>
      <trkpt lat="33.198217" lon="-111.138116">
        <ele>1096.8</ele>
      </trkpt>
      <trkpt lat="33.198456" lon="-111.138091">
        <ele>1093.8</ele>
      </trkpt>
      <trkpt lat="33.198728" lon="-111.137712">
        <ele>1087.4</ele>
      </trkpt>
      <trkpt lat="33.198604" lon="-111.137428">
        <ele>1085.0</ele>
      </trkpt>
      <trkpt lat="33.19862" lon="-111.13724">
        <ele>1085.5</ele>
      </trkpt>
      <trkpt lat="33.198771" lon="-111.137205">
        <ele>1086.1</ele>
      </trkpt>
      <trkpt lat="33.19888" lon="-111.137283">
        <ele>1086.4</ele>
      </trkpt>
      <trkpt lat="33.198976" lon="-111.137238">
        <ele>1086.8</ele>
      </trkpt>
      <trkpt lat="33.198979" lon="-111.137351">
        <ele>1085.1</ele>
      </trkpt>
      <trkpt lat="33.19928" lon="-111.137626">
        <ele>1081.0</ele>
      </trkpt>
      <trkpt lat="33.199289" lon="-111.137759">
        <ele>1076.0</ele>
      </trkpt>
      <trkpt lat="33.199396" lon="-111.137787">
        <ele>1076.5</ele>
      </trkpt>
      <trkpt lat="33.199499" lon="-111.138126">
        <ele>1074.0</ele>
      </trkpt>
      <trkpt lat="33.199664" lon="-111.138121">
        <ele>1074.0</ele>
      </trkpt>
      <trkpt lat="33.199921" lon="-111.138647">
        <ele>1071.5</ele>
      </trkpt>
      <trkpt lat="33.200029" lon="-111.138686">
        <ele>1070.0</ele>
      </trkpt>
      <trkpt lat="33.200214" lon="-111.138533">
        <ele>1068.8</ele>
      </trkpt>
      <trkpt lat="33.200305" lon="-111.13818">
        <ele>1071.4</ele>
      </trkpt>
      <trkpt lat="33.200518" lon="-111.138344">
        <ele>1068.1</ele>
      </trkpt>
      <trkpt lat="33.200887" lon="-111.138332">
        <ele>1066.8</ele>
      </trkpt>
      <trkpt lat="33.201104" lon="-111.138077">
        <ele>1068.5</ele>
      </trkpt>
      <trkpt lat="33.201276" lon="-111.138012">
        <ele>1067.8</ele>
      </trkpt>
      <trkpt lat="33.201312" lon="-111.138086">
        <ele>1066.5</ele>
      </trkpt>
      <trkpt lat="33.20147" lon="-111.137933">
        <ele>1067.1</ele>
      </trkpt>
      <trkpt lat="33.201762" lon="-111.137965">
        <ele>1064.1</ele>
      </trkpt>
      <trkpt lat="33.201808" lon="-111.137684">
        <ele>1065.4</ele>
      </trkpt>
      <trkpt lat="33.202332" lon="-111.137512">
        <ele>1064.0</ele>
      </trkpt>
      <trkpt lat="33.202519" lon="-111.137646">
        <ele>1059.1</ele>
      </trkpt>
      <trkpt lat="33.202643" lon="-111.137581">
        <ele>1059.1</ele>
      </trkpt>
      <trkpt lat="33.202706" lon="-111.137676">
        <ele>1056.5</ele>
      </trkpt>
      <trkpt lat="33.202804" lon="-111.137649">
        <ele>1055.0</ele>
      </trkpt>
      <trkpt lat="33.202846" lon="-111.137935">
        <ele>1051.8</ele>
      </trkpt>
      <trkpt lat="33.202964" lon="-111.138113">
        <ele>1051.1</ele>
      </trkpt>
      <trkpt lat="33.203285" lon="-111.138312">
        <ele>1048.1</ele>
      </trkpt>
      <trkpt lat="33.203404" lon="-111.138499">
        <ele>1044.8</ele>
      </trkpt>
      <trkpt lat="33.203525" lon="-111.138446">
        <ele>1044.5</ele>
      </trkpt>
      <trkpt lat="33.20355" lon="-111.138597">
        <ele>1041.4</ele>
      </trkpt>
      <trkpt lat="33.203712" lon="-111.138439">
        <ele>1041.8</ele>
      </trkpt>
      <trkpt lat="33.203833" lon="-111.138444">
        <ele>1041.0</ele>
      </trkpt>
      <trkpt lat="33.203893" lon="-111.138296">
        <ele>1040.5</ele>
      </trkpt>
      <trkpt lat="33.204144" lon="-111.138223">
        <ele>1036.5</ele>
      </trkpt>
      <trkpt lat="33.2043" lon="-111.138538">
        <ele>1035.5</ele>
      </trkpt>
      <trkpt lat="33.205194" lon="-111.139131">
        <ele>1026.8</ele>
      </trkpt>
      <trkpt lat="33.205801" lon="-111.13934">
        <ele>1027.5</ele>
      </trkpt>
      <trkpt lat="33.206515" lon="-111.139302">
        <ele>1026.4</ele>
      </trkpt>
      <trkpt lat="33.206561" lon="-111.139502">
        <ele>1024.1</ele>
      </trkpt>
      <trkpt lat="33.206806" lon="-111.139565">
        <ele>1024.1</ele>
      </trkpt>
      <trkpt lat="33.206871" lon="-111.139459">
        <ele>1024.8</ele>
      </trkpt>
      <trkpt lat="33.207251" lon="-111.139836">
        <ele>1021.4</ele>
      </trkpt>
      <trkpt lat="33.207409" lon="-111.13977">
        <ele>1020.4</ele>
      </trkpt>
      <trkpt lat="33.20783" lon="-111.139971">
        <ele>1017.2</ele>
      </trkpt>
      <trkpt lat="33.207652" lon="-111.140404">
        <ele>1012.0</ele>
      </trkpt>
      <trkpt lat="33.207717" lon="-111.140671">
        <ele>1012.0</ele>
      </trkpt>
      <trkpt lat="33.207821" lon="-111.140659">
        <ele>1011.4</ele>
      </trkpt>
      <trkpt lat="33.208047" lon="-111.140892">
        <ele>1013.2</ele>
      </trkpt>
      <trkpt lat="33.208312" lon="-111.140907">
        <ele>1014.2</ele>
      </trkpt>
      <trkpt lat="33.208568" lon="-111.140744">
        <ele>1013.7</ele>
      </trkpt>
      <trkpt lat="33.208773" lon="-111.140822">
        <ele>1014.7</ele>
      </trkpt>
      <trkpt lat="33.208956" lon="-111.14066">
        <ele>1013.4</ele>
      </trkpt>
      <trkpt lat="33.209288" lon="-111.140945">
        <ele>1018.0</ele>
      </trkpt>
      <trkpt lat="33.209573" lon="-111.14073">
        <ele>1014.4</ele>
      </trkpt>
      <trkpt lat="33.209761" lon="-111.140785">
        <ele>1013.4</ele>
      </trkpt>
      <trkpt lat="33.210198" lon="-111.140656">
        <ele>1012.0</ele>
      </trkpt>
      <trkpt lat="33.210324" lon="-111.140757">
        <ele>1012.0</ele>
      </trkpt>
      <trkpt lat="33.210323" lon="-111.140944">
        <ele>1012.0</ele>
      </trkpt>
      <trkpt lat="33.210428" lon="-111.140954">
        <ele>1012.0</ele>
      </trkpt>
      <trkpt lat="33.210614" lon="-111.140629">
        <ele>1009.4</ele>
      </trkpt>
      <trkpt lat="33.210825" lon="-111.140799">
        <ele>1009.5</ele>
      </trkpt>
      <trkpt lat="33.211114" lon="-111.140514">
        <ele>1003.7</ele>
      </trkpt>
      <trkpt lat="33.211163" lon="-111.140709">
        <ele>1004.5</ele>
      </trkpt>
      <trkpt lat="33.211374" lon="-111.140682">
        <ele>1004.0</ele>
      </trkpt>
      <trkpt lat="33.211505" lon="-111.140539">
        <ele>1001.7</ele>
      </trkpt>
      <trkpt lat="33.21191" lon="-111.140488">
        <ele>1000.0</ele>
      </trkpt>
      <trkpt lat="33.212159" lon="-111.140319">
        <ele>999.4</ele>
      </trkpt>
      <trkpt lat="33.21244" lon="-111.140439">
        <ele>998.2</ele>
      </trkpt>
      <trkpt lat="33.212446" lon="-111.14052">
        <ele>998.0</ele>
      </trkpt>
      <trkpt lat="33.212874" lon="-111.140478">
        <ele>994.5</ele>
      </trkpt>
      <trkpt lat="33.21316" lon="-111.140734">
        <ele>990.7</ele>
      </trkpt>
      <trkpt lat="33.213948" lon="-111.141152">
        <ele>987.7</ele>
      </trkpt>
      <trkpt lat="33.214028" lon="-111.141102">
        <ele>988.5</ele>
      </trkpt>
      <trkpt lat="33.214245" lon="-111.141198">
        <ele>989.4</ele>
      </trkpt>
      <trkpt lat="33.214256" lon="-111.141541">
        <ele>988.5</ele>
      </trkpt>
      <trkpt lat="33.214419" lon="-111.14161">
        <ele>989.5</ele>
      </trkpt>
      <trkpt lat="33.214567" lon="-111.141918">
        <ele>988.0</ele>
      </trkpt>
      <trkpt lat="33.214989" lon="-111.142266">
        <ele>987.0</ele>
      </trkpt>
      <trkpt lat="33.215156" lon="-111.142073">
        <ele>988.0</ele>
      </trkpt>
      <trkpt lat="33.21524" lon="-111.14237">
        <ele>989.0</ele>
      </trkpt>
      <trkpt lat="33.215086" lon="-111.142674">
        <ele>987.7</ele>
      </trkpt>
      <trkpt lat="33.21538" lon="-111.143347">
        <ele>985.0</ele>
      </trkpt>
      <trkpt lat="33.215862" lon="-111.143609">
        <ele>976.4</ele>
      </trkpt>
      <trkpt lat="33.216078" lon="-111.144035">
        <ele>976.2</ele>
      </trkpt>
      <trkpt lat="33.216296" lon="-111.144116">
        <ele>978.4</ele>
      </trkpt>
      <trkpt lat="33.216776" lon="-111.144095">
        <ele>976.2</ele>
      </trkpt>
      <trkpt lat="33.216943" lon="-111.144565">
        <ele>976.4</ele>
      </trkpt>
      <trkpt lat="33.218092" lon="-111.145552">
        <ele>974.0</ele>
      </trkpt>
      <trkpt lat="33.217885" lon="-111.146676">
        <ele>970.2</ele>
      </trkpt>
      <trkpt lat="33.217719" lon="-111.146959">
        <ele>967.2</ele>
      </trkpt>
      <trkpt lat="33.217644" lon="-111.147321">
        <ele>967.2</ele>
      </trkpt>
      <trkpt lat="33.217242" lon="-111.147677">
        <ele>970.4</ele>
      </trkpt>
      <trkpt lat="33.217232" lon="-111.147839">
        <ele>970.0</ele>
      </trkpt>
      <trkpt lat="33.217506" lon="-111.147981">
        <ele>968.2</ele>
      </trkpt>
      <trkpt lat="33.217714" lon="-111.148647">
        <ele>973.7</ele>
      </trkpt>
      <trkpt lat="33.217616" lon="-111.149036">
        <ele>975.0</ele>
      </trkpt>
      <trkpt lat="33.217221" lon="-111.149517">
        <ele>976.7</ele>
      </trkpt>
      <trkpt lat="33.217309" lon="-111.149803">
        <ele>976.2</ele>
      </trkpt>
      <trkpt lat="33.217447" lon="-111.149885">
        <ele>975.7</ele>
      </trkpt>
      <trkpt lat="33.217534" lon="-111.150156">
        <ele>976.7</ele>
      </trkpt>
      <trkpt lat="33.217641" lon="-111.150184">
        <ele>976.5</ele>
      </trkpt>
      <trkpt lat="33.217734" lon="-111.150077">
        <ele>976.2</ele>
      </trkpt>
      <trkpt lat="33.218108" lon="-111.15057">
        <ele>977.4</ele>
      </trkpt>
      <trkpt lat="33.218048" lon="-111.150975">
        <ele>982.2</ele>
      </trkpt>
      <trkpt lat="33.217757" lon="-111.15096">
        <ele>986.0</ele>
      </trkpt>
      <trkpt lat="33.21761" lon="-111.151114">
        <ele>989.5</ele>
      </trkpt>
      <trkpt lat="33.217745" lon="-111.151186">
        <ele>991.5</ele>
      </trkpt>
      <trkpt lat="33.217483" lon="-111.151314">
        <ele>993.7</ele>
      </trkpt>
      <trkpt lat="33.217245" lon="-111.151969">
        <ele>1003.4</ele>
      </trkpt>
      <trkpt lat="33.217235" lon="-111.152328">
        <ele>1008.2</ele>
      </trkpt>
      <trkpt lat="33.216927" lon="-111.152536">
        <ele>1010.0</ele>
      </trkpt>
      <trkpt lat="33.21703" lon="-111.152617">
        <ele>1010.0</ele>
      </trkpt>
      <trkpt lat="33.217072" lon="-111.152922">
        <ele>1007.4</ele>
      </trkpt>
      <trkpt lat="33.216813" lon="-111.153248">
        <ele>1004.2</ele>
      </trkpt>
      <trkpt lat="33.216549" lon="-111.153363">
        <ele>1005.0</ele>
      </trkpt>
      <trkpt lat="33.216577" lon="-111.153547">
        <ele>1001.7</ele>
      </trkpt>
      <trkpt lat="33.216441" lon="-111.15368">
        <ele>1002.5</ele>
      </trkpt>
      <trkpt lat="33.216794" lon="-111.153802">
        <ele>1002.7</ele>
      </trkpt>
      <trkpt lat="33.217087" lon="-111.154236">
        <ele>1008.7</ele>
      </trkpt>
      <trkpt lat="33.217508" lon="-111.15435">
        <ele>1009.4</ele>
      </trkpt>
      <trkpt lat="33.217667" lon="-111.15401">
        <ele>1002.2</ele>
      </trkpt>
      <trkpt lat="33.217785" lon="-111.154122">
        <ele>1003.0</ele>
      </trkpt>
      <trkpt lat="33.217858" lon="-111.154527">
        <ele>1010.0</ele>
      </trkpt>
      <trkpt lat="33.218107" lon="-111.154417">
        <ele>1006.7</ele>
      </trkpt>
      <trkpt lat="33.21829" lon="-111.154461">
        <ele>1009.7</ele>
      </trkpt>
      <trkpt lat="33.21814" lon="-111.154144">
        <ele>1004.7</ele>
      </trkpt>
      <trkpt lat="33.218224" lon="-111.153633">
        <ele>1002.4</ele>
      </trkpt>
      <trkpt lat="33.218711" lon="-111.15335">
        <ele>1006.0</ele>
      </trkpt>
      <trkpt lat="33.218891" lon="-111.152856">
        <ele>1003.7</ele>
      </trkpt>
      <trkpt lat="33.219068" lon="-111.151796">
        <ele>1009.5</ele>
      </trkpt>
      <trkpt lat="33.219281" lon="-111.151707">
        <ele>1009.0</ele>
      </trkpt>
      <trkpt lat="33.219792" lon="-111.152154">
        <ele>1007.0</ele>
      </trkpt>
      <trkpt lat="33.219887" lon="-111.152393">
        <ele>1011.5</ele>
      </trkpt>
      <trkpt lat="33.219988" lon="-111.152195">
        <ele>1006.5</ele>
      </trkpt>
      <trkpt lat="33.220436" lon="-111.151897">
        <ele>1005.7</ele>
      </trkpt>
      <trkpt lat="33.221035" lon="-111.151762">
        <ele>1009.7</ele>
      </trkpt>
      <trkpt lat="33.221623" lon="-111.151243">
        <ele>996.0</ele>
      </trkpt>
      <trkpt lat="33.221493" lon="-111.151745">
        <ele>997.5</ele>
      </trkpt>
      <trkpt lat="33.221693" lon="-111.152203">
        <ele>990.0</ele>
      </trkpt>
      <trkpt lat="33.221702" lon="-111.153173">
        <ele>986.5</ele>
      </trkpt>
      <trkpt lat="33.221834" lon="-111.152842">
        <ele>981.4</ele>
      </trkpt>
      <trkpt lat="33.221873" lon="-111.1531">
        <ele>980.5</ele>
      </trkpt>
      <trkpt lat="33.221913" lon="-111.152901">
        <ele>975.0</ele>
      </trkpt>
      <trkpt lat="33.22193" lon="-111.153177">
        <ele>977.2</ele>
      </trkpt>
      <trkpt lat="33.222004" lon="-111.153111">
        <ele>977.0</ele>
      </trkpt>
      <trkpt lat="33.222111" lon="-111.152499">
        <ele>976.7</ele>
      </trkpt>
      <trkpt lat="33.222554" lon="-111.152137">
        <ele>983.7</ele>
      </trkpt>
      <trkpt lat="33.222716" lon="-111.151873">
        <ele>983.0</ele>
      </trkpt>
      <trkpt lat="33.222921" lon="-111.151878">
        <ele>982.2</ele>
      </trkpt>
      <trkpt lat="33.22312" lon="-111.152253">
        <ele>985.2</ele>
      </trkpt>
      <trkpt lat="33.223353" lon="-111.152364">
        <ele>984.0</ele>
      </trkpt>
      <trkpt lat="33.223596" lon="-111.152133">
        <ele>982.0</ele>
      </trkpt>
      <trkpt lat="33.223568" lon="-111.152064">
        <ele>982.0</ele>
      </trkpt>
      <trkpt lat="33.223823" lon="-111.151497">
        <ele>987.5</ele>
      </trkpt>
      <trkpt lat="33.224093" lon="-111.15136">
        <ele>995.0</ele>
      </trkpt>
      <trkpt lat="33.22401" lon="-111.150644">
        <ele>997.4</ele>
      </trkpt>
      <trkpt lat="33.224055" lon="-111.150456">
        <ele>997.0</ele>
      </trkpt>
      <trkpt lat="33.223909" lon="-111.15025">
        <ele>993.2</ele>
      </trkpt>
      <trkpt lat="33.224694" lon="-111.150318">
        <ele>998.5</ele>
      </trkpt>
      <trkpt lat="33.224894" lon="-111.151064">
        <ele>994.5</ele>
      </trkpt>
      <trkpt lat="33.224831" lon="-111.151394">
        <ele>997.0</ele>
      </trkpt>
      <trkpt lat="33.225239" lon="-111.151519">
        <ele>992.0</ele>
      </trkpt>
      <trkpt lat="33.225821" lon="-111.152221">
        <ele>989.7</ele>
      </trkpt>
      <trkpt lat="33.226546" lon="-111.152301">
        <ele>982.5</ele>
      </trkpt>
      <trkpt lat="33.226343" lon="-111.15204">
        <ele>982.4</ele>
      </trkpt>
      <trkpt lat="33.226609" lon="-111.151995">
        <ele>980.0</ele>
      </trkpt>
      <trkpt lat="33.226982" lon="-111.152112">
        <ele>976.2</ele>
      </trkpt>
      <trkpt lat="33.227153" lon="-111.15232">
        <ele>973.7</ele>
      </trkpt>
      <trkpt lat="33.227397" lon="-111.152278">
        <ele>973.0</ele>
      </trkpt>
      <trkpt lat="33.227251" lon="-111.152567">
        <ele>973.7</ele>
      </trkpt>
      <trkpt lat="33.227036" lon="-111.152626">
        <ele>974.5</ele>
      </trkpt>
      <trkpt lat="33.227032" lon="-111.152715">
        <ele>975.2</ele>
      </trkpt>
      <trkpt lat="33.227384" lon="-111.152727">
        <ele>978.4</ele>
      </trkpt>
      <trkpt lat="33.227536" lon="-111.152641">
        <ele>977.5</ele>
      </trkpt>
      <trkpt lat="33.227792" lon="-111.152114">
        <ele>975.7</ele>
      </trkpt>
      <trkpt lat="33.227975" lon="-111.152051">
        <ele>977.0</ele>
      </trkpt>
      <trkpt lat="33.22829" lon="-111.152143">
        <ele>979.0</ele>
      </trkpt>
      <trkpt lat="33.228206" lon="-111.151857">
        <ele>976.2</ele>
      </trkpt>
      <trkpt lat="33.228307" lon="-111.151746">
        <ele>974.7</ele>
      </trkpt>
      <trkpt lat="33.228634" lon="-111.151722">
        <ele>972.4</ele>
      </trkpt>
      <trkpt lat="33.229228" lon="-111.152421">
        <ele>972.2</ele>
      </trkpt>
      <trkpt lat="33.229636" lon="-111.151978">
        <ele>965.5</ele>
      </trkpt>
      <trkpt lat="33.229756" lon="-111.151948">
        <ele>965.0</ele>
      </trkpt>
      <trkpt lat="33.229922" lon="-111.152237">
        <ele>968.0</ele>
      </trkpt>
      <trkpt lat="33.230195" lon="-111.152248">
        <ele>965.4</ele>
      </trkpt>
      <trkpt lat="33.230368" lon="-111.152441">
        <ele>963.7</ele>
      </trkpt>
      <trkpt lat="33.230342" lon="-111.15267">
        <ele>966.0</ele>
      </trkpt>
      <trkpt lat="33.230463" lon="-111.15295">
        <ele>969.5</ele>
      </trkpt>
      <trkpt lat="33.230562" lon="-111.152652">
        <ele>965.0</ele>
      </trkpt>
      <trkpt lat="33.230665" lon="-111.152606">
        <ele>965.0</ele>
      </trkpt>
      <trkpt lat="33.230759" lon="-111.152741">
        <ele>966.5</ele>
      </trkpt>
      <trkpt lat="33.230839" lon="-111.152671">
        <ele>966.2</ele>
      </trkpt>
      <trkpt lat="33.231147" lon="-111.152684">
        <ele>966.4</ele>
      </trkpt>
      <trkpt lat="33.23137" lon="-111.15292">
        <ele>969.7</ele>
      </trkpt>
      <trkpt lat="33.231935" lon="-111.152789">
        <ele>965.7</ele>
      </trkpt>
      <trkpt lat="33.232191" lon="-111.153194">
        <ele>973.0</ele>
      </trkpt>
      <trkpt lat="33.232301" lon="-111.153202">
        <ele>973.4</ele>
      </trkpt>
      <trkpt lat="33.232433" lon="-111.153047">
        <ele>974.0</ele>
      </trkpt>
      <trkpt lat="33.232909" lon="-111.152838">
        <ele>975.0</ele>
      </trkpt>
      <trkpt lat="33.232971" lon="-111.152915">
        <ele>974.2</ele>
      </trkpt>
      <trkpt lat="33.232951" lon="-111.153111">
        <ele>974.4</ele>
      </trkpt>
      <trkpt lat="33.233033" lon="-111.153176">
        <ele>974.4</ele>
      </trkpt>
      <trkpt lat="33.233272" lon="-111.153006">
        <ele>972.2</ele>
      </trkpt>
      <trkpt lat="33.233646" lon="-111.152931">
        <ele>965.7</ele>
      </trkpt>
      <trkpt lat="33.234022" lon="-111.153098">
        <ele>963.4</ele>
      </trkpt>
      <trkpt lat="33.23406" lon="-111.15323">
        <ele>964.5</ele>
      </trkpt>
      <trkpt lat="33.234302" lon="-111.153125">
        <ele>962.7</ele>
      </trkpt>
      <trkpt lat="33.234602" lon="-111.153405">
        <ele>963.2</ele>
      </trkpt>
      <trkpt lat="33.234887" lon="-111.15335">
        <ele>962.7</ele>
      </trkpt>
      <trkpt lat="33.235388" lon="-111.153546">
        <ele>962.0</ele>
      </trkpt>
      <trkpt lat="33.236006" lon="-111.154095">
        <ele>959.4</ele>
      </trkpt>
      <trkpt lat="33.236714" lon="-111.154528">
        <ele>964.2</ele>
      </trkpt>
      <trkpt lat="33.237172" lon="-111.155008">
        <ele>965.2</ele>
      </trkpt>
      <trkpt lat="33.237316" lon="-111.155054">
        <ele>964.2</ele>
      </trkpt>
      <trkpt lat="33.237768" lon="-111.155595">
        <ele>960.5</ele>
      </trkpt>
      <trkpt lat="33.237878" lon="-111.156156">
        <ele>953.2</ele>
      </trkpt>
      <trkpt lat="33.237789" lon="-111.156316">
        <ele>953.5</ele>
      </trkpt>
      <trkpt lat="33.237622" lon="-111.156343">
        <ele>955.2</ele>
      </trkpt>
      <trkpt lat="33.237223" lon="-111.156849">
        <ele>952.5</ele>
      </trkpt>
      <trkpt lat="33.236796" lon="-111.157217">
        <ele>947.4</ele>
      </trkpt>
      <trkpt lat="33.236762" lon="-111.157724">
        <ele>943.0</ele>
      </trkpt>
      <trkpt lat="33.236508" lon="-111.158183">
        <ele>938.4</ele>
      </trkpt>
      <trkpt lat="33.236339" lon="-111.158212">
        <ele>938.2</ele>
      </trkpt>
      <trkpt lat="33.236452" lon="-111.158788">
        <ele>928.0</ele>
      </trkpt>
      <trkpt lat="33.236402" lon="-111.158991">
        <ele>926.4</ele>
      </trkpt>
      <trkpt lat="33.236144" lon="-111.159048">
        <ele>927.4</ele>
      </trkpt>
      <trkpt lat="33.236387" lon="-111.159226">
        <ele>926.0</ele>
      </trkpt>
      <trkpt lat="33.23634" lon="-111.159313">
        <ele>926.2</ele>
      </trkpt>
      <trkpt lat="33.236531" lon="-111.159376">
        <ele>927.0</ele>
      </trkpt>
      <trkpt lat="33.236964" lon="-111.159308">
        <ele>924.7</ele>
      </trkpt>
      <trkpt lat="33.23719" lon="-111.159489">
        <ele>926.4</ele>
      </trkpt>
      <trkpt lat="33.237342" lon="-111.160505">
        <ele>926.7</ele>
      </trkpt>
      <trkpt lat="33.237485" lon="-111.160673">
        <ele>925.7</ele>
      </trkpt>
      <trkpt lat="33.238078" lon="-111.160729">
        <ele>917.0</ele>
      </trkpt>
      <trkpt lat="33.238262" lon="-111.160411">
        <ele>914.5</ele>
      </trkpt>
      <trkpt lat="33.238508" lon="-111.160224">
        <ele>914.7</ele>
      </trkpt>
      <trkpt lat="33.239207" lon="-111.160169">
        <ele>914.0</ele>
      </trkpt>
      <trkpt lat="33.239534" lon="-111.160322">
        <ele>913.7</ele>
      </trkpt>
      <trkpt lat="33.239747" lon="-111.160193">
        <ele>913.5</ele>
      </trkpt>
      <trkpt lat="33.239798" lon="-111.160011">
        <ele>914.0</ele>
      </trkpt>
      <trkpt lat="33.239908" lon="-111.159967">
        <ele>914.0</ele>
      </trkpt>
      <trkpt lat="33.240167" lon="-111.159431">
        <ele>908.0</ele>
      </trkpt>
      <trkpt lat="33.240125" lon="-111.158889">
        <ele>903.0</ele>
      </trkpt>
      <trkpt lat="33.240268" lon="-111.158818">
        <ele>902.4</ele>
      </trkpt>
      <trkpt lat="33.240395" lon="-111.158972">
        <ele>902.0</ele>
      </trkpt>
      <trkpt lat="33.24053" lon="-111.15943">
        <ele>904.5</ele>
      </trkpt>
      <trkpt lat="33.240755" lon="-111.159385">
        <ele>904.7</ele>
      </trkpt>
      <trkpt lat="33.24072" lon="-111.159163">
        <ele>903.4</ele>
      </trkpt>
      <trkpt lat="33.240857" lon="-111.159213">
        <ele>905.7</ele>
      </trkpt>
      <trkpt lat="33.241056" lon="-111.159128">
        <ele>909.4</ele>
      </trkpt>
      <trkpt lat="33.240934" lon="-111.158922">
        <ele>906.2</ele>
      </trkpt>
      <trkpt lat="33.241128" lon="-111.158681">
        <ele>908.2</ele>
      </trkpt>
      <trkpt lat="33.241522" lon="-111.158644">
        <ele>910.5</ele>
      </trkpt>
      <trkpt lat="33.241897" lon="-111.159039">
        <ele>911.5</ele>
      </trkpt>
      <trkpt lat="33.242103" lon="-111.159033">
        <ele>911.5</ele>
      </trkpt>
      <trkpt lat="33.242292" lon="-111.158753">
        <ele>908.0</ele>
      </trkpt>
      <trkpt lat="33.24259" lon="-111.158616">
        <ele>907.5</ele>
      </trkpt>
      <trkpt lat="33.242648" lon="-111.158471">
        <ele>905.4</ele>
      </trkpt>
      <trkpt lat="33.242922" lon="-111.158278">
        <ele>902.4</ele>
      </trkpt>
      <trkpt lat="33.243017" lon="-111.15837">
        <ele>902.7</ele>
      </trkpt>
      <trkpt lat="33.243316" lon="-111.15833">
        <ele>900.4</ele>
      </trkpt>
      <trkpt lat="33.243563" lon="-111.158615">
        <ele>898.4</ele>
      </trkpt>
      <trkpt lat="33.243868" lon="-111.158616">
        <ele>896.5</ele>
      </trkpt>
      <trkpt lat="33.244356" lon="-111.158319">
        <ele>889.5</ele>
      </trkpt>
      <trkpt lat="33.24474" lon="-111.158211">
        <ele>884.0</ele>
      </trkpt>
      <trkpt lat="33.245269" lon="-111.158208">
        <ele>878.2</ele>
      </trkpt>
      <trkpt lat="33.245734" lon="-111.157691">
        <ele>878.0</ele>
      </trkpt>
      <trkpt lat="33.246003" lon="-111.157539">
        <ele>878.0</ele>
      </trkpt>
      <trkpt lat="33.246363" lon="-111.157621">
        <ele>877.4</ele>
      </trkpt>
      <trkpt lat="33.246435" lon="-111.157913">
        <ele>876.5</ele>
      </trkpt>
      <trkpt lat="33.246268" lon="-111.158855">
        <ele>866.2</ele>
      </trkpt>
      <trkpt lat="33.246305" lon="-111.159341">
        <ele>867.2</ele>
      </trkpt>
      <trkpt lat="33.246488" lon="-111.159901">
        <ele>865.2</ele>
      </trkpt>
      <trkpt lat="33.246434" lon="-111.159973">
        <ele>864.0</ele>
      </trkpt>
      <trkpt lat="33.246575" lon="-111.160117">
        <ele>863.5</ele>
      </trkpt>
      <trkpt lat="33.246389" lon="-111.160365">
        <ele>860.2</ele>
      </trkpt>
      <trkpt lat="33.246523" lon="-111.161249">
        <ele>856.0</ele>
      </trkpt>
      <trkpt lat="33.246628" lon="-111.161379">
        <ele>855.7</ele>
      </trkpt>
      <trkpt lat="33.246651" lon="-111.161648">
        <ele>855.5</ele>
      </trkpt>
      <trkpt lat="33.246581" lon="-111.161865">
        <ele>852.7</ele>
      </trkpt>
      <trkpt lat="33.246865" lon="-111.162309">
        <ele>850.0</ele>
      </trkpt>
      <trkpt lat="33.246644" lon="-111.162284">
        <ele>850.0</ele>
      </trkpt>
      <trkpt lat="33.247028" lon="-111.16251">
        <ele>843.0</ele>
      </trkpt>
      <trkpt lat="33.247245" lon="-111.163088">
        <ele>840.0</ele>
      </trkpt>
      <trkpt lat="33.247237" lon="-111.163402">
        <ele>840.0</ele>
      </trkpt>
      <trkpt lat="33.247425" lon="-111.163768">
        <ele>840.0</ele>
      </trkpt>
      <trkpt lat="33.247587" lon="-111.164352">
        <ele>833.2</ele>
      </trkpt>
      <trkpt lat="33.247374" lon="-111.164464">
        <ele>833.7</ele>
      </trkpt>
      <trkpt lat="33.247639" lon="-111.164783">
        <ele>828.5</ele>
      </trkpt>
      <trkpt lat="33.247717" lon="-111.165171">
        <ele>829.2</ele>
      </trkpt>
      <trkpt lat="33.247901" lon="-111.165458">
        <ele>829.4</ele>
      </trkpt>
      <trkpt lat="33.248089" lon="-111.16559">
        <ele>831.0</ele>
      </trkpt>
      <trkpt lat="33.248281" lon="-111.166004">
        <ele>831.2</ele>
      </trkpt>
      <trkpt lat="33.248691" lon="-111.166213">
        <ele>827.4</ele>
      </trkpt>
      <trkpt lat="33.24881" lon="-111.166769">
        <ele>828.4</ele>
      </trkpt>
      <trkpt lat="33.248725" lon="-111.167009">
        <ele>825.7</ele>
      </trkpt>
      <trkpt lat="33.248257" lon="-111.167148">
        <ele>827.0</ele>
      </trkpt>
      <trkpt lat="33.248735" lon="-111.167591">
        <ele>816.7</ele>
      </trkpt>
      <trkpt lat="33.249248" lon="-111.168384">
        <ele>812.0</ele>
      </trkpt>
      <trkpt lat="33.249409" lon="-111.16914">
        <ele>805.0</ele>
      </trkpt>
      <trkpt lat="33.250009" lon="-111.169068">
        <ele>802.4</ele>
      </trkpt>
      <trkpt lat="33.250127" lon="-111.168951">
        <ele>802.7</ele>
      </trkpt>
      <trkpt lat="33.250622" lon="-111.168949">
        <ele>805.0</ele>
      </trkpt>
      <trkpt lat="33.252139" lon="-111.16933">
        <ele>797.7</ele>
      </trkpt>
      <trkpt lat="33.252769" lon="-111.169981">
        <ele>794.4</ele>
      </trkpt>
      <trkpt lat="33.253267" lon="-111.170194">
        <ele>790.7</ele>
      </trkpt>
      <trkpt lat="33.253422" lon="-111.170985">
        <ele>791.5</ele>
      </trkpt>
      <trkpt lat="33.253554" lon="-111.171244">
        <ele>792.7</ele>
      </trkpt>
      <trkpt lat="33.254083" lon="-111.171335">
        <ele>795.5</ele>
      </trkpt>
      <trkpt lat="33.254156" lon="-111.171113">
        <ele>800.7</ele>
      </trkpt>
      <trkpt lat="33.254434" lon="-111.171411">
        <ele>799.5</ele>
      </trkpt>
      <trkpt lat="33.254874" lon="-111.171212">
        <ele>804.0</ele>
      </trkpt>
      <trkpt lat="33.254939" lon="-111.171269">
        <ele>802.5</ele>
      </trkpt>
      <trkpt lat="33.255041" lon="-111.170756">
        <ele>804.2</ele>
      </trkpt>
      <trkpt lat="33.255612" lon="-111.170871">
        <ele>808.2</ele>
      </trkpt>
      <trkpt lat="33.255792" lon="-111.171012">
        <ele>810.4</ele>
      </trkpt>
      <trkpt lat="33.25598" lon="-111.170961">
        <ele>810.7</ele>
      </trkpt>
      <trkpt lat="33.256073" lon="-111.170783">
        <ele>810.2</ele>
      </trkpt>
      <trkpt lat="33.256447" lon="-111.170587">
        <ele>813.2</ele>
      </trkpt>
      <trkpt lat="33.256712" lon="-111.171381">
        <ele>813.7</ele>
      </trkpt>
      <trkpt lat="33.256839" lon="-111.171512">
        <ele>814.7</ele>
      </trkpt>
      <trkpt lat="33.257064" lon="-111.171402">
        <ele>815.2</ele>
      </trkpt>
      <trkpt lat="33.257117" lon="-111.171199">
        <ele>817.0</ele>
      </trkpt>
      <trkpt lat="33.257218" lon="-111.171203">
        <ele>817.0</ele>
      </trkpt>
      <trkpt lat="33.2575" lon="-111.170839">
        <ele>812.5</ele>
      </trkpt>
      <trkpt lat="33.257483" lon="-111.170619">
        <ele>817.4</ele>
      </trkpt>
      <trkpt lat="33.257702" lon="-111.170294">
        <ele>814.5</ele>
      </trkpt>
      <trkpt lat="33.257751" lon="-111.170442">
        <ele>812.5</ele>
      </trkpt>
      <trkpt lat="33.258035" lon="-111.170682">
        <ele>809.4</ele>
      </trkpt>
      <trkpt lat="33.25821" lon="-111.170403">
        <ele>816.2</ele>
      </trkpt>
      <trkpt lat="33.258311" lon="-111.17037">
        <ele>815.4</ele>
      </trkpt>
      <trkpt lat="33.258282" lon="-111.170519">
        <ele>814.0</ele>
      </trkpt>
      <trkpt lat="33.258456" lon="-111.170532">
        <ele>813.2</ele>
      </trkpt>
      <trkpt lat="33.258612" lon="-111.170912">
        <ele>813.0</ele>
      </trkpt>
      <trkpt lat="33.258971" lon="-111.170469">
        <ele>817.0</ele>
      </trkpt>
      <trkpt lat="33.259152" lon="-111.170488">
        <ele>816.0</ele>
      </trkpt>
      <trkpt lat="33.259248" lon="-111.170398">
        <ele>815.7</ele>
      </trkpt>
      <trkpt lat="33.259419" lon="-111.170427">
        <ele>814.2</ele>
      </trkpt>
      <trkpt lat="33.259524" lon="-111.170655">
        <ele>809.0</ele>
      </trkpt>
      <trkpt lat="33.259647" lon="-111.170599">
        <ele>809.4</ele>
      </trkpt>
      <trkpt lat="33.259625" lon="-111.171143">
        <ele>805.2</ele>
      </trkpt>
      <trkpt lat="33.259501" lon="-111.171576">
        <ele>802.7</ele>
      </trkpt>
      <trkpt lat="33.259635" lon="-111.172304">
        <ele>794.0</ele>
      </trkpt>
      <trkpt lat="33.259532" lon="-111.172552">
        <ele>793.5</ele>
      </trkpt>
      <trkpt lat="33.260029" lon="-111.173325">
        <ele>779.0</ele>
      </trkpt>
      <trkpt lat="33.260252" lon="-111.17323">
        <ele>779.7</ele>
      </trkpt>
      <trkpt lat="33.26028" lon="-111.173785">
        <ele>769.2</ele>
      </trkpt>
      <trkpt lat="33.26041" lon="-111.173952">
        <ele>768.0</ele>
      </trkpt>
      <trkpt lat="33.26055" lon="-111.173521">
        <ele>769.5</ele>
      </trkpt>
      <trkpt lat="33.260529" lon="-111.173372">
        <ele>772.4</ele>
      </trkpt>
      <trkpt lat="33.26063" lon="-111.173331">
        <ele>773.4</ele>
      </trkpt>
      <trkpt lat="33.260827" lon="-111.173431">
        <ele>772.0</ele>
      </trkpt>
      <trkpt lat="33.261009" lon="-111.173785">
        <ele>770.2</ele>
      </trkpt>
      <trkpt lat="33.261141" lon="-111.173726">
        <ele>770.5</ele>
      </trkpt>
      <trkpt lat="33.261364" lon="-111.173914">
        <ele>770.4</ele>
      </trkpt>
      <trkpt lat="33.261778" lon="-111.17403">
        <ele>771.2</ele>
      </trkpt>
      <trkpt lat="33.261952" lon="-111.173987">
        <ele>772.2</ele>
      </trkpt>
      <trkpt lat="33.262445" lon="-111.174543">
        <ele>769.5</ele>
      </trkpt>
      <trkpt lat="33.262484" lon="-111.17525">
        <ele>768.2</ele>
      </trkpt>
      <trkpt lat="33.262821" lon="-111.174977">
        <ele>766.2</ele>
      </trkpt>
      <trkpt lat="33.263039" lon="-111.174646">
        <ele>767.0</ele>
      </trkpt>
      <trkpt lat="33.263213" lon="-111.174671">
        <ele>767.4</ele>
      </trkpt>
      <trkpt lat="33.263395" lon="-111.174406">
        <ele>768.7</ele>
      </trkpt>
      <trkpt lat="33.263648" lon="-111.17458">
        <ele>765.4</ele>
      </trkpt>
      <trkpt lat="33.263758" lon="-111.174522">
        <ele>763.7</ele>
      </trkpt>
      <trkpt lat="33.263937" lon="-111.174114">
        <ele>758.5</ele>
      </trkpt>
      <trkpt lat="33.263905" lon="-111.173819">
        <ele>762.0</ele>
      </trkpt>
      <trkpt lat="33.264194" lon="-111.174072">
        <ele>759.5</ele>
      </trkpt>
      <trkpt lat="33.264196" lon="-111.174291">
        <ele>757.7</ele>
      </trkpt>
      <trkpt lat="33.264449" lon="-111.174854">
        <ele>758.7</ele>
      </trkpt>
      <trkpt lat="33.264978" lon="-111.174689">
        <ele>755.7</ele>
      </trkpt>
      <trkpt lat="33.265158" lon="-111.174771">
        <ele>753.7</ele>
      </trkpt>
      <trkpt lat="33.26549" lon="-111.174584">
        <ele>745.7</ele>
      </trkpt>
      <trkpt lat="33.265355" lon="-111.174134">
        <ele>745.7</ele>
      </trkpt>
      <trkpt lat="33.265946" lon="-111.174359">
        <ele>744.7</ele>
      </trkpt>
      <trkpt lat="33.266061" lon="-111.174125">
        <ele>749.4</ele>
      </trkpt>
      <trkpt lat="33.266285" lon="-111.1741">
        <ele>748.5</ele>
      </trkpt>
      <trkpt lat="33.266582" lon="-111.17422">
        <ele>745.2</ele>
      </trkpt>
      <trkpt lat="33.266917" lon="-111.173994">
        <ele>744.0</ele>
      </trkpt>
      <trkpt lat="33.267058" lon="-111.174239">
        <ele>742.7</ele>
      </trkpt>
      <trkpt lat="33.267209" lon="-111.174311">
        <ele>741.2</ele>
      </trkpt>
      <trkpt lat="33.267567" lon="-111.174175">
        <ele>745.2</ele>
      </trkpt>
      <trkpt lat="33.268067" lon="-111.174227">
        <ele>744.0</ele>
      </trkpt>
      <trkpt lat="33.268295" lon="-111.173931">
        <ele>745.7</ele>
      </trkpt>
      <trkpt lat="33.268562" lon="-111.173969">
        <ele>744.0</ele>
      </trkpt>
      <trkpt lat="33.268651" lon="-111.174264">
        <ele>744.7</ele>
      </trkpt>
      <trkpt lat="33.26891" lon="-111.174332">
        <ele>742.0</ele>
      </trkpt>
      <trkpt lat="33.269039" lon="-111.174275">
        <ele>740.2</ele>
      </trkpt>
      <trkpt lat="33.269354" lon="-111.173805">
        <ele>741.2</ele>
      </trkpt>
      <trkpt lat="33.269425" lon="-111.174046">
        <ele>737.2</ele>
      </trkpt>
      <trkpt lat="33.269705" lon="-111.174323">
        <ele>731.0</ele>
      </trkpt>
      <trkpt lat="33.270196" lon="-111.174347">
        <ele>734.2</ele>
      </trkpt>
      <trkpt lat="33.270907" lon="-111.174734">
        <ele>731.0</ele>
      </trkpt>
      <trkpt lat="33.271183" lon="-111.174695">
        <ele>730.7</ele>
      </trkpt>
      <trkpt lat="33.271396" lon="-111.174857">
        <ele>729.5</ele>
      </trkpt>
      <trkpt lat="33.271713" lon="-111.174943">
        <ele>727.4</ele>
      </trkpt>
      <trkpt lat="33.271839" lon="-111.175377">
        <ele>727.0</ele>
      </trkpt>
      <trkpt lat="33.271701" lon="-111.175624">
        <ele>727.0</ele>
      </trkpt>
      <trkpt lat="33.271743" lon="-111.175813">
        <ele>727.4</ele>
      </trkpt>
      <trkpt lat="33.2719" lon="-111.175888">
        <ele>727.0</ele>
      </trkpt>
      <trkpt lat="33.271867" lon="-111.176065">
        <ele>728.2</ele>
      </trkpt>
      <trkpt lat="33.271971" lon="-111.17626">
        <ele>729.0</ele>
      </trkpt>
    </trkseg>
  </trk>
</gpx>
