<?xml version="1.0" encoding="UTF-8"?>
<gpx xmlns:gpxdata="http://www.cluetrust.com/XML/GPXDATA/1/0" xmlns:xsi="http://www.w3.org/2001/XMLSchema-instance" xmlns="http://www.topografix.com/GPX/1/1" version="1.1" creator="http://ridewithgps.com/" xsi:schemaLocation="http://www.topografix.com/GPX/1/1 http://www.topografix.com/GPX/1/1/gpx.xsd http://www.cluetrust.com/XML/GPXDATA/1/0 http://www.cluetrust.com/Schemas/gpxdata10.xsd">
  <metadata>
    <name>Highland Trail 550 (summer version)</name>
    <link href="https://ridewithgps.com/routes/54638750">
      <text>Highland Trail 550 (summer version)</text>
    </link>
    <time>2026-04-13T20:27:19Z</time>
  </metadata>
  <trk>
    <name>Highland Trail 550 (summer version)</name>
    <trkseg>
      <trkpt lat="56.440014" lon="-4.712061">
        <ele>249.7</ele>
      </trkpt>
      <trkpt lat="56.440907" lon="-4.711473">
        <ele>258.1</ele>
      </trkpt>
      <trkpt lat="56.44158" lon="-4.710989">
        <ele>265.5</ele>
      </trkpt>
      <trkpt lat="56.441693" lon="-4.710954">
        <ele>266.6</ele>
      </trkpt>
      <trkpt lat="56.441902" lon="-4.710952">
        <ele>269.0</ele>
      </trkpt>
      <trkpt lat="56.442327" lon="-4.710892">
        <ele>273.6</ele>
      </trkpt>
      <trkpt lat="56.442705" lon="-4.710931">
        <ele>276.4</ele>
      </trkpt>
      <trkpt lat="56.442826" lon="-4.710996">
        <ele>277.3</ele>
      </trkpt>
      <trkpt lat="56.443252" lon="-4.710888">
        <ele>277.4</ele>
      </trkpt>
      <trkpt lat="56.443713" lon="-4.710414">
        <ele>275.2</ele>
      </trkpt>
      <trkpt lat="56.444376" lon="-4.710006">
        <ele>275.6</ele>
      </trkpt>
      <trkpt lat="56.445123" lon="-4.709468">
        <ele>282.7</ele>
      </trkpt>
      <trkpt lat="56.44523" lon="-4.709445">
        <ele>283.5</ele>
      </trkpt>
      <trkpt lat="56.445688" lon="-4.709609">
        <ele>286.0</ele>
      </trkpt>
      <trkpt lat="56.446186" lon="-4.709681">
        <ele>290.1</ele>
      </trkpt>
      <trkpt lat="56.446228" lon="-4.709671">
        <ele>290.5</ele>
      </trkpt>
      <trkpt lat="56.446491" lon="-4.709515">
        <ele>292.9</ele>
      </trkpt>
      <trkpt lat="56.446706" lon="-4.709341">
        <ele>294.4</ele>
      </trkpt>
      <trkpt lat="56.447272" lon="-4.708949">
        <ele>295.8</ele>
      </trkpt>
      <trkpt lat="56.447729" lon="-4.708946">
        <ele>297.9</ele>
      </trkpt>
      <trkpt lat="56.448113" lon="-4.709045">
        <ele>300.7</ele>
      </trkpt>
      <trkpt lat="56.44838" lon="-4.709216">
        <ele>303.6</ele>
      </trkpt>
      <trkpt lat="56.448734" lon="-4.709182">
        <ele>305.1</ele>
      </trkpt>
      <trkpt lat="56.449016" lon="-4.709181">
        <ele>306.4</ele>
      </trkpt>
      <trkpt lat="56.449392" lon="-4.708883">
        <ele>304.5</ele>
      </trkpt>
      <trkpt lat="56.449596" lon="-4.708628">
        <ele>302.9</ele>
      </trkpt>
      <trkpt lat="56.449621" lon="-4.708656">
        <ele>303.3</ele>
      </trkpt>
      <trkpt lat="56.450023" lon="-4.708795">
        <ele>306.4</ele>
      </trkpt>
      <trkpt lat="56.450398" lon="-4.709002">
        <ele>308.2</ele>
      </trkpt>
      <trkpt lat="56.450599" lon="-4.709091">
        <ele>308.7</ele>
      </trkpt>
      <trkpt lat="56.451471" lon="-4.709305">
        <ele>311.3</ele>
      </trkpt>
      <trkpt lat="56.45178" lon="-4.709465">
        <ele>311.7</ele>
      </trkpt>
      <trkpt lat="56.452144" lon="-4.709571">
        <ele>313.0</ele>
      </trkpt>
      <trkpt lat="56.452502" lon="-4.709748">
        <ele>312.2</ele>
      </trkpt>
      <trkpt lat="56.452873" lon="-4.709854">
        <ele>312.1</ele>
      </trkpt>
      <trkpt lat="56.453478" lon="-4.709998">
        <ele>312.1</ele>
      </trkpt>
      <trkpt lat="56.454232" lon="-4.710606">
        <ele>316.7</ele>
      </trkpt>
      <trkpt lat="56.454449" lon="-4.710732">
        <ele>317.7</ele>
      </trkpt>
      <trkpt lat="56.455099" lon="-4.710817">
        <ele>320.9</ele>
      </trkpt>
      <trkpt lat="56.455464" lon="-4.710977">
        <ele>321.8</ele>
      </trkpt>
      <trkpt lat="56.455687" lon="-4.711006">
        <ele>322.8</ele>
      </trkpt>
      <trkpt lat="56.455804" lon="-4.711004">
        <ele>323.6</ele>
      </trkpt>
      <trkpt lat="56.456363" lon="-4.711299">
        <ele>323.2</ele>
      </trkpt>
      <trkpt lat="56.456591" lon="-4.711362">
        <ele>323.4</ele>
      </trkpt>
      <trkpt lat="56.456725" lon="-4.711502">
        <ele>321.6</ele>
      </trkpt>
      <trkpt lat="56.456877" lon="-4.711719">
        <ele>319.7</ele>
      </trkpt>
      <trkpt lat="56.457048" lon="-4.711815">
        <ele>321.4</ele>
      </trkpt>
      <trkpt lat="56.457378" lon="-4.71189">
        <ele>323.5</ele>
      </trkpt>
      <trkpt lat="56.457528" lon="-4.712035">
        <ele>324.9</ele>
      </trkpt>
      <trkpt lat="56.458447" lon="-4.712319">
        <ele>327.4</ele>
      </trkpt>
      <trkpt lat="56.459148" lon="-4.712782">
        <ele>326.3</ele>
      </trkpt>
      <trkpt lat="56.459824" lon="-4.712994">
        <ele>324.9</ele>
      </trkpt>
      <trkpt lat="56.45989" lon="-4.712984">
        <ele>325.2</ele>
      </trkpt>
      <trkpt lat="56.459869" lon="-4.713064">
        <ele>323.8</ele>
      </trkpt>
      <trkpt lat="56.45991" lon="-4.713053">
        <ele>324.0</ele>
      </trkpt>
      <trkpt lat="56.460159" lon="-4.713125">
        <ele>323.9</ele>
      </trkpt>
      <trkpt lat="56.460436" lon="-4.713152">
        <ele>325.4</ele>
      </trkpt>
      <trkpt lat="56.460727" lon="-4.713273">
        <ele>324.8</ele>
      </trkpt>
      <trkpt lat="56.46103" lon="-4.713348">
        <ele>325.8</ele>
      </trkpt>
      <trkpt lat="56.461241" lon="-4.713296">
        <ele>328.9</ele>
      </trkpt>
      <trkpt lat="56.461305" lon="-4.713321">
        <ele>328.8</ele>
      </trkpt>
      <trkpt lat="56.46143" lon="-4.713277">
        <ele>331.2</ele>
      </trkpt>
      <trkpt lat="56.4616" lon="-4.713375">
        <ele>330.8</ele>
      </trkpt>
      <trkpt lat="56.461753" lon="-4.713425">
        <ele>331.3</ele>
      </trkpt>
      <trkpt lat="56.461839" lon="-4.713393">
        <ele>332.4</ele>
      </trkpt>
      <trkpt lat="56.461913" lon="-4.713407">
        <ele>332.6</ele>
      </trkpt>
      <trkpt lat="56.462015" lon="-4.713457">
        <ele>332.5</ele>
      </trkpt>
      <trkpt lat="56.462242" lon="-4.713659">
        <ele>330.2</ele>
      </trkpt>
      <trkpt lat="56.462508" lon="-4.713701">
        <ele>330.5</ele>
      </trkpt>
      <trkpt lat="56.462668" lon="-4.713698">
        <ele>330.5</ele>
      </trkpt>
      <trkpt lat="56.462771" lon="-4.713732">
        <ele>329.7</ele>
      </trkpt>
      <trkpt lat="56.463006" lon="-4.713895">
        <ele>326.1</ele>
      </trkpt>
      <trkpt lat="56.463159" lon="-4.713979">
        <ele>324.2</ele>
      </trkpt>
      <trkpt lat="56.463358" lon="-4.714165">
        <ele>320.2</ele>
      </trkpt>
      <trkpt lat="56.463515" lon="-4.714449">
        <ele>314.9</ele>
      </trkpt>
      <trkpt lat="56.46357" lon="-4.714485">
        <ele>314.3</ele>
      </trkpt>
      <trkpt lat="56.463672" lon="-4.714605">
        <ele>312.0</ele>
      </trkpt>
      <trkpt lat="56.463706" lon="-4.714662">
        <ele>310.9</ele>
      </trkpt>
      <trkpt lat="56.463744" lon="-4.714828">
        <ele>307.3</ele>
      </trkpt>
      <trkpt lat="56.463737" lon="-4.714907">
        <ele>305.5</ele>
      </trkpt>
      <trkpt lat="56.463754" lon="-4.715008">
        <ele>303.4</ele>
      </trkpt>
      <trkpt lat="56.463744" lon="-4.715078">
        <ele>302.4</ele>
      </trkpt>
      <trkpt lat="56.463837" lon="-4.715288">
        <ele>299.5</ele>
      </trkpt>
      <trkpt lat="56.46382" lon="-4.715473">
        <ele>296.9</ele>
      </trkpt>
      <trkpt lat="56.463894" lon="-4.715636">
        <ele>294.5</ele>
      </trkpt>
      <trkpt lat="56.463893" lon="-4.715689">
        <ele>293.7</ele>
      </trkpt>
      <trkpt lat="56.463952" lon="-4.715897">
        <ele>290.7</ele>
      </trkpt>
      <trkpt lat="56.46436" lon="-4.71636">
        <ele>283.2</ele>
      </trkpt>
      <trkpt lat="56.464887" lon="-4.716552">
        <ele>279.3</ele>
      </trkpt>
      <trkpt lat="56.465061" lon="-4.716518">
        <ele>279.4</ele>
      </trkpt>
      <trkpt lat="56.465486" lon="-4.716547">
        <ele>277.1</ele>
      </trkpt>
      <trkpt lat="56.465892" lon="-4.716688">
        <ele>272.9</ele>
      </trkpt>
      <trkpt lat="56.466355" lon="-4.716701">
        <ele>273.3</ele>
      </trkpt>
      <trkpt lat="56.467307" lon="-4.716951">
        <ele>272.4</ele>
      </trkpt>
      <trkpt lat="56.468201" lon="-4.717412">
        <ele>270.2</ele>
      </trkpt>
      <trkpt lat="56.468486" lon="-4.717644">
        <ele>267.0</ele>
      </trkpt>
      <trkpt lat="56.468988" lon="-4.718219">
        <ele>255.0</ele>
      </trkpt>
      <trkpt lat="56.469285" lon="-4.718287">
        <ele>253.7</ele>
      </trkpt>
      <trkpt lat="56.469543" lon="-4.718219">
        <ele>256.6</ele>
      </trkpt>
      <trkpt lat="56.469757" lon="-4.718255">
        <ele>256.4</ele>
      </trkpt>
      <trkpt lat="56.470276" lon="-4.718466">
        <ele>255.3</ele>
      </trkpt>
      <trkpt lat="56.470984" lon="-4.718707">
        <ele>255.8</ele>
      </trkpt>
      <trkpt lat="56.472119" lon="-4.719034">
        <ele>251.3</ele>
      </trkpt>
      <trkpt lat="56.472294" lon="-4.719099">
        <ele>249.8</ele>
      </trkpt>
      <trkpt lat="56.47256" lon="-4.719111">
        <ele>248.8</ele>
      </trkpt>
      <trkpt lat="56.473331" lon="-4.719199">
        <ele>247.4</ele>
      </trkpt>
      <trkpt lat="56.473815" lon="-4.719352">
        <ele>244.5</ele>
      </trkpt>
      <trkpt lat="56.474313" lon="-4.719758">
        <ele>236.5</ele>
      </trkpt>
      <trkpt lat="56.474557" lon="-4.719893">
        <ele>233.6</ele>
      </trkpt>
      <trkpt lat="56.474641" lon="-4.719913">
        <ele>233.2</ele>
      </trkpt>
      <trkpt lat="56.474978" lon="-4.719927">
        <ele>232.5</ele>
      </trkpt>
      <trkpt lat="56.475292" lon="-4.719888">
        <ele>232.5</ele>
      </trkpt>
      <trkpt lat="56.475598" lon="-4.719909">
        <ele>231.3</ele>
      </trkpt>
      <trkpt lat="56.475916" lon="-4.720054">
        <ele>228.4</ele>
      </trkpt>
      <trkpt lat="56.476092" lon="-4.720154">
        <ele>227.3</ele>
      </trkpt>
      <trkpt lat="56.476279" lon="-4.720133">
        <ele>227.0</ele>
      </trkpt>
      <trkpt lat="56.476547" lon="-4.72019">
        <ele>225.9</ele>
      </trkpt>
      <trkpt lat="56.477509" lon="-4.720584">
        <ele>220.7</ele>
      </trkpt>
      <trkpt lat="56.477846" lon="-4.720452">
        <ele>219.3</ele>
      </trkpt>
      <trkpt lat="56.478305" lon="-4.720101">
        <ele>217.7</ele>
      </trkpt>
      <trkpt lat="56.478426" lon="-4.72006">
        <ele>217.2</ele>
      </trkpt>
      <trkpt lat="56.478604" lon="-4.719972">
        <ele>216.7</ele>
      </trkpt>
      <trkpt lat="56.479293" lon="-4.719312">
        <ele>220.6</ele>
      </trkpt>
      <trkpt lat="56.479471" lon="-4.71921">
        <ele>219.6</ele>
      </trkpt>
      <trkpt lat="56.479642" lon="-4.719235">
        <ele>217.2</ele>
      </trkpt>
      <trkpt lat="56.480054" lon="-4.719161">
        <ele>212.7</ele>
      </trkpt>
      <trkpt lat="56.480253" lon="-4.718682">
        <ele>213.1</ele>
      </trkpt>
      <trkpt lat="56.480384" lon="-4.718321">
        <ele>212.9</ele>
      </trkpt>
      <trkpt lat="56.480552" lon="-4.718053">
        <ele>212.3</ele>
      </trkpt>
      <trkpt lat="56.48064" lon="-4.717943">
        <ele>211.7</ele>
      </trkpt>
      <trkpt lat="56.480838" lon="-4.717828">
        <ele>209.8</ele>
      </trkpt>
      <trkpt lat="56.481505" lon="-4.717843">
        <ele>206.1</ele>
      </trkpt>
      <trkpt lat="56.483185" lon="-4.718062">
        <ele>203.4</ele>
      </trkpt>
      <trkpt lat="56.483563" lon="-4.718371">
        <ele>202.4</ele>
      </trkpt>
      <trkpt lat="56.483741" lon="-4.718236">
        <ele>202.1</ele>
      </trkpt>
      <trkpt lat="56.483818" lon="-4.717755">
        <ele>202.5</ele>
      </trkpt>
      <trkpt lat="56.483837" lon="-4.717324">
        <ele>203.0</ele>
      </trkpt>
      <trkpt lat="56.483861" lon="-4.717153">
        <ele>203.1</ele>
      </trkpt>
      <trkpt lat="56.484009" lon="-4.716696">
        <ele>203.3</ele>
      </trkpt>
      <trkpt lat="56.484065" lon="-4.716475">
        <ele>203.2</ele>
      </trkpt>
      <trkpt lat="56.484137" lon="-4.715874">
        <ele>203.1</ele>
      </trkpt>
      <trkpt lat="56.484352" lon="-4.714712">
        <ele>204.6</ele>
      </trkpt>
      <trkpt lat="56.484937" lon="-4.713147">
        <ele>207.3</ele>
      </trkpt>
      <trkpt lat="56.485062" lon="-4.712589">
        <ele>207.8</ele>
      </trkpt>
      <trkpt lat="56.485143" lon="-4.711759">
        <ele>208.5</ele>
      </trkpt>
      <trkpt lat="56.485293" lon="-4.711169">
        <ele>208.9</ele>
      </trkpt>
      <trkpt lat="56.485326" lon="-4.710981">
        <ele>209.0</ele>
      </trkpt>
      <trkpt lat="56.485454" lon="-4.710543">
        <ele>209.6</ele>
      </trkpt>
      <trkpt lat="56.485657" lon="-4.71025">
        <ele>209.8</ele>
      </trkpt>
      <trkpt lat="56.485923" lon="-4.709914">
        <ele>210.3</ele>
      </trkpt>
      <trkpt lat="56.486238" lon="-4.709252">
        <ele>211.8</ele>
      </trkpt>
      <trkpt lat="56.486365" lon="-4.709073">
        <ele>212.0</ele>
      </trkpt>
      <trkpt lat="56.486486" lon="-4.708777">
        <ele>212.5</ele>
      </trkpt>
      <trkpt lat="56.487231" lon="-4.707382">
        <ele>216.3</ele>
      </trkpt>
      <trkpt lat="56.487216" lon="-4.707383">
        <ele>216.3</ele>
      </trkpt>
      <trkpt lat="56.48749" lon="-4.707152">
        <ele>216.8</ele>
      </trkpt>
      <trkpt lat="56.487903" lon="-4.706846">
        <ele>218.5</ele>
      </trkpt>
      <trkpt lat="56.488232" lon="-4.706427">
        <ele>220.0</ele>
      </trkpt>
      <trkpt lat="56.488626" lon="-4.705749">
        <ele>223.5</ele>
      </trkpt>
      <trkpt lat="56.489024" lon="-4.705276">
        <ele>222.6</ele>
      </trkpt>
      <trkpt lat="56.489533" lon="-4.705085">
        <ele>222.3</ele>
      </trkpt>
      <trkpt lat="56.489677" lon="-4.704954">
        <ele>222.4</ele>
      </trkpt>
      <trkpt lat="56.490108" lon="-4.704017">
        <ele>226.0</ele>
      </trkpt>
      <trkpt lat="56.490331" lon="-4.703731">
        <ele>227.3</ele>
      </trkpt>
      <trkpt lat="56.490563" lon="-4.703318">
        <ele>228.2</ele>
      </trkpt>
      <trkpt lat="56.490908" lon="-4.702406">
        <ele>235.8</ele>
      </trkpt>
      <trkpt lat="56.491212" lon="-4.702096">
        <ele>237.8</ele>
      </trkpt>
      <trkpt lat="56.491585" lon="-4.70175">
        <ele>238.9</ele>
      </trkpt>
      <trkpt lat="56.49198" lon="-4.701229">
        <ele>243.0</ele>
      </trkpt>
      <trkpt lat="56.492617" lon="-4.700572">
        <ele>243.6</ele>
      </trkpt>
      <trkpt lat="56.492813" lon="-4.70042">
        <ele>243.3</ele>
      </trkpt>
      <trkpt lat="56.492967" lon="-4.700281">
        <ele>243.0</ele>
      </trkpt>
      <trkpt lat="56.49305" lon="-4.700182">
        <ele>242.9</ele>
      </trkpt>
      <trkpt lat="56.493143" lon="-4.700111">
        <ele>242.4</ele>
      </trkpt>
      <trkpt lat="56.493417" lon="-4.700074">
        <ele>240.3</ele>
      </trkpt>
      <trkpt lat="56.493877" lon="-4.69987">
        <ele>240.1</ele>
      </trkpt>
      <trkpt lat="56.494116" lon="-4.699791">
        <ele>239.8</ele>
      </trkpt>
      <trkpt lat="56.494524" lon="-4.699722">
        <ele>239.9</ele>
      </trkpt>
      <trkpt lat="56.494748" lon="-4.699646">
        <ele>240.2</ele>
      </trkpt>
      <trkpt lat="56.495411" lon="-4.699376">
        <ele>241.9</ele>
      </trkpt>
      <trkpt lat="56.495882" lon="-4.699083">
        <ele>241.8</ele>
      </trkpt>
      <trkpt lat="56.496261" lon="-4.698875">
        <ele>241.9</ele>
      </trkpt>
      <trkpt lat="56.496731" lon="-4.698152">
        <ele>239.7</ele>
      </trkpt>
      <trkpt lat="56.496944" lon="-4.697608">
        <ele>243.6</ele>
      </trkpt>
      <trkpt lat="56.49722" lon="-4.697094">
        <ele>245.3</ele>
      </trkpt>
      <trkpt lat="56.497708" lon="-4.696344">
        <ele>247.9</ele>
      </trkpt>
      <trkpt lat="56.497979" lon="-4.695837">
        <ele>251.0</ele>
      </trkpt>
      <trkpt lat="56.498181" lon="-4.695645">
        <ele>250.1</ele>
      </trkpt>
      <trkpt lat="56.498273" lon="-4.695622">
        <ele>249.2</ele>
      </trkpt>
      <trkpt lat="56.498583" lon="-4.696006">
        <ele>247.6</ele>
      </trkpt>
      <trkpt lat="56.49908" lon="-4.69653">
        <ele>249.2</ele>
      </trkpt>
      <trkpt lat="56.499343" lon="-4.6963">
        <ele>250.5</ele>
      </trkpt>
      <trkpt lat="56.499531" lon="-4.695681">
        <ele>249.2</ele>
      </trkpt>
      <trkpt lat="56.499627" lon="-4.695432">
        <ele>248.4</ele>
      </trkpt>
      <trkpt lat="56.500144" lon="-4.694293">
        <ele>248.6</ele>
      </trkpt>
      <trkpt lat="56.500296" lon="-4.693836">
        <ele>249.5</ele>
      </trkpt>
      <trkpt lat="56.500441" lon="-4.693555">
        <ele>249.6</ele>
      </trkpt>
      <trkpt lat="56.500562" lon="-4.693418">
        <ele>249.5</ele>
      </trkpt>
      <trkpt lat="56.500904" lon="-4.693431">
        <ele>249.6</ele>
      </trkpt>
      <trkpt lat="56.501544" lon="-4.693513">
        <ele>252.8</ele>
      </trkpt>
      <trkpt lat="56.501852" lon="-4.693334">
        <ele>253.1</ele>
      </trkpt>
      <trkpt lat="56.502012" lon="-4.693112">
        <ele>254.1</ele>
      </trkpt>
      <trkpt lat="56.502079" lon="-4.692973">
        <ele>254.5</ele>
      </trkpt>
      <trkpt lat="56.502361" lon="-4.692026">
        <ele>254.6</ele>
      </trkpt>
      <trkpt lat="56.502886" lon="-4.690421">
        <ele>255.7</ele>
      </trkpt>
      <trkpt lat="56.503041" lon="-4.690148">
        <ele>255.4</ele>
      </trkpt>
      <trkpt lat="56.50312" lon="-4.689785">
        <ele>255.7</ele>
      </trkpt>
      <trkpt lat="56.503135" lon="-4.689635">
        <ele>256.2</ele>
      </trkpt>
      <trkpt lat="56.503358" lon="-4.689174">
        <ele>256.1</ele>
      </trkpt>
      <trkpt lat="56.503642" lon="-4.688273">
        <ele>257.3</ele>
      </trkpt>
      <trkpt lat="56.503853" lon="-4.6879">
        <ele>258.2</ele>
      </trkpt>
      <trkpt lat="56.504065" lon="-4.687575">
        <ele>257.7</ele>
      </trkpt>
      <trkpt lat="56.504255" lon="-4.687363">
        <ele>257.5</ele>
      </trkpt>
      <trkpt lat="56.504893" lon="-4.686716">
        <ele>257.3</ele>
      </trkpt>
      <trkpt lat="56.505277" lon="-4.686356">
        <ele>258.6</ele>
      </trkpt>
      <trkpt lat="56.505885" lon="-4.685625">
        <ele>259.1</ele>
      </trkpt>
      <trkpt lat="56.505996" lon="-4.685445">
        <ele>259.4</ele>
      </trkpt>
      <trkpt lat="56.50655" lon="-4.684408">
        <ele>261.1</ele>
      </trkpt>
      <trkpt lat="56.506706" lon="-4.684084">
        <ele>261.1</ele>
      </trkpt>
      <trkpt lat="56.507115" lon="-4.6838">
        <ele>261.4</ele>
      </trkpt>
      <trkpt lat="56.507338" lon="-4.683471">
        <ele>260.6</ele>
      </trkpt>
      <trkpt lat="56.507899" lon="-4.68329">
        <ele>262.0</ele>
      </trkpt>
      <trkpt lat="56.508094" lon="-4.683041">
        <ele>262.9</ele>
      </trkpt>
      <trkpt lat="56.508313" lon="-4.682531">
        <ele>263.0</ele>
      </trkpt>
      <trkpt lat="56.508329" lon="-4.682447">
        <ele>262.9</ele>
      </trkpt>
      <trkpt lat="56.508291" lon="-4.682527">
        <ele>263.0</ele>
      </trkpt>
      <trkpt lat="56.508284" lon="-4.682557">
        <ele>263.1</ele>
      </trkpt>
      <trkpt lat="56.508432" lon="-4.682314">
        <ele>262.8</ele>
      </trkpt>
      <trkpt lat="56.50855" lon="-4.682255">
        <ele>262.9</ele>
      </trkpt>
      <trkpt lat="56.509483" lon="-4.681436">
        <ele>263.8</ele>
      </trkpt>
      <trkpt lat="56.5103" lon="-4.681295">
        <ele>265.0</ele>
      </trkpt>
      <trkpt lat="56.51109" lon="-4.681064">
        <ele>266.6</ele>
      </trkpt>
      <trkpt lat="56.51118" lon="-4.681012">
        <ele>267.0</ele>
      </trkpt>
      <trkpt lat="56.511923" lon="-4.680292">
        <ele>269.0</ele>
      </trkpt>
      <trkpt lat="56.512082" lon="-4.680062">
        <ele>269.0</ele>
      </trkpt>
      <trkpt lat="56.512322" lon="-4.679467">
        <ele>271.7</ele>
      </trkpt>
      <trkpt lat="56.512953" lon="-4.678996">
        <ele>274.2</ele>
      </trkpt>
      <trkpt lat="56.513185" lon="-4.678865">
        <ele>274.7</ele>
      </trkpt>
      <trkpt lat="56.513582" lon="-4.678519">
        <ele>275.7</ele>
      </trkpt>
      <trkpt lat="56.513905" lon="-4.678389">
        <ele>276.0</ele>
      </trkpt>
      <trkpt lat="56.514428" lon="-4.678332">
        <ele>276.9</ele>
      </trkpt>
      <trkpt lat="56.514817" lon="-4.6782">
        <ele>278.6</ele>
      </trkpt>
      <trkpt lat="56.515279" lon="-4.677881">
        <ele>280.5</ele>
      </trkpt>
      <trkpt lat="56.515455" lon="-4.677821">
        <ele>281.3</ele>
      </trkpt>
      <trkpt lat="56.515927" lon="-4.677749">
        <ele>283.3</ele>
      </trkpt>
      <trkpt lat="56.516328" lon="-4.677361">
        <ele>286.2</ele>
      </trkpt>
      <trkpt lat="56.516682" lon="-4.676027">
        <ele>289.1</ele>
      </trkpt>
      <trkpt lat="56.516823" lon="-4.675624">
        <ele>290.2</ele>
      </trkpt>
      <trkpt lat="56.516949" lon="-4.675586">
        <ele>291.0</ele>
      </trkpt>
      <trkpt lat="56.51716" lon="-4.67541">
        <ele>292.2</ele>
      </trkpt>
      <trkpt lat="56.517571" lon="-4.67502">
        <ele>293.7</ele>
      </trkpt>
      <trkpt lat="56.517713" lon="-4.674944">
        <ele>295.2</ele>
      </trkpt>
      <trkpt lat="56.517983" lon="-4.67468">
        <ele>298.3</ele>
      </trkpt>
      <trkpt lat="56.517969" lon="-4.67433">
        <ele>298.9</ele>
      </trkpt>
      <trkpt lat="56.517942" lon="-4.674174">
        <ele>299.1</ele>
      </trkpt>
      <trkpt lat="56.517955" lon="-4.673742">
        <ele>300.1</ele>
      </trkpt>
      <trkpt lat="56.518242" lon="-4.673019">
        <ele>302.9</ele>
      </trkpt>
      <trkpt lat="56.518579" lon="-4.672342">
        <ele>306.5</ele>
      </trkpt>
      <trkpt lat="56.518671" lon="-4.671869">
        <ele>308.3</ele>
      </trkpt>
      <trkpt lat="56.518877" lon="-4.67158">
        <ele>309.6</ele>
      </trkpt>
      <trkpt lat="56.519176" lon="-4.671295">
        <ele>310.4</ele>
      </trkpt>
      <trkpt lat="56.519825" lon="-4.670291">
        <ele>317.4</ele>
      </trkpt>
      <trkpt lat="56.519857" lon="-4.669529">
        <ele>319.6</ele>
      </trkpt>
      <trkpt lat="56.519656" lon="-4.668815">
        <ele>323.4</ele>
      </trkpt>
      <trkpt lat="56.519581" lon="-4.668206">
        <ele>327.2</ele>
      </trkpt>
      <trkpt lat="56.51976" lon="-4.667792">
        <ele>327.4</ele>
      </trkpt>
      <trkpt lat="56.520131" lon="-4.667409">
        <ele>327.6</ele>
      </trkpt>
      <trkpt lat="56.520373" lon="-4.665883">
        <ele>335.2</ele>
      </trkpt>
      <trkpt lat="56.52045" lon="-4.665488">
        <ele>337.7</ele>
      </trkpt>
      <trkpt lat="56.520493" lon="-4.665352">
        <ele>338.7</ele>
      </trkpt>
      <trkpt lat="56.520474" lon="-4.664749">
        <ele>340.2</ele>
      </trkpt>
      <trkpt lat="56.520298" lon="-4.66397">
        <ele>340.6</ele>
      </trkpt>
      <trkpt lat="56.520273" lon="-4.663582">
        <ele>342.0</ele>
      </trkpt>
      <trkpt lat="56.520305" lon="-4.662907">
        <ele>344.2</ele>
      </trkpt>
      <trkpt lat="56.520273" lon="-4.6622">
        <ele>345.7</ele>
      </trkpt>
      <trkpt lat="56.520291" lon="-4.661501">
        <ele>347.6</ele>
      </trkpt>
      <trkpt lat="56.520388" lon="-4.660976">
        <ele>349.5</ele>
      </trkpt>
      <trkpt lat="56.520386" lon="-4.66041">
        <ele>350.9</ele>
      </trkpt>
      <trkpt lat="56.520374" lon="-4.660414">
        <ele>350.9</ele>
      </trkpt>
      <trkpt lat="56.520404" lon="-4.660317">
        <ele>351.2</ele>
      </trkpt>
      <trkpt lat="56.520474" lon="-4.659705">
        <ele>353.4</ele>
      </trkpt>
      <trkpt lat="56.520414" lon="-4.658363">
        <ele>359.3</ele>
      </trkpt>
      <trkpt lat="56.520464" lon="-4.657774">
        <ele>361.1</ele>
      </trkpt>
      <trkpt lat="56.520451" lon="-4.657199">
        <ele>362.8</ele>
      </trkpt>
      <trkpt lat="56.520625" lon="-4.656684">
        <ele>365.7</ele>
      </trkpt>
      <trkpt lat="56.520569" lon="-4.656062">
        <ele>367.4</ele>
      </trkpt>
      <trkpt lat="56.520597" lon="-4.655451">
        <ele>369.9</ele>
      </trkpt>
      <trkpt lat="56.52068" lon="-4.654877">
        <ele>372.8</ele>
      </trkpt>
      <trkpt lat="56.520822" lon="-4.654397">
        <ele>375.3</ele>
      </trkpt>
      <trkpt lat="56.521038" lon="-4.654087">
        <ele>381.9</ele>
      </trkpt>
      <trkpt lat="56.521082" lon="-4.653592">
        <ele>384.7</ele>
      </trkpt>
      <trkpt lat="56.520956" lon="-4.653295">
        <ele>381.7</ele>
      </trkpt>
      <trkpt lat="56.520867" lon="-4.65268">
        <ele>379.9</ele>
      </trkpt>
      <trkpt lat="56.520901" lon="-4.652251">
        <ele>381.5</ele>
      </trkpt>
      <trkpt lat="56.520965" lon="-4.651919">
        <ele>384.2</ele>
      </trkpt>
      <trkpt lat="56.520909" lon="-4.651142">
        <ele>382.6</ele>
      </trkpt>
      <trkpt lat="56.521054" lon="-4.650582">
        <ele>387.8</ele>
      </trkpt>
      <trkpt lat="56.52109" lon="-4.649204">
        <ele>389.5</ele>
      </trkpt>
      <trkpt lat="56.521141" lon="-4.648786">
        <ele>391.3</ele>
      </trkpt>
      <trkpt lat="56.521192" lon="-4.64865">
        <ele>393.3</ele>
      </trkpt>
      <trkpt lat="56.521212" lon="-4.647958">
        <ele>394.2</ele>
      </trkpt>
      <trkpt lat="56.521137" lon="-4.647527">
        <ele>391.4</ele>
      </trkpt>
      <trkpt lat="56.521071" lon="-4.647018">
        <ele>389.3</ele>
      </trkpt>
      <trkpt lat="56.521054" lon="-4.646659">
        <ele>389.0</ele>
      </trkpt>
      <trkpt lat="56.521023" lon="-4.646497">
        <ele>388.1</ele>
      </trkpt>
      <trkpt lat="56.521023" lon="-4.646513">
        <ele>388.1</ele>
      </trkpt>
      <trkpt lat="56.521025" lon="-4.64639">
        <ele>388.5</ele>
      </trkpt>
      <trkpt lat="56.520973" lon="-4.646078">
        <ele>387.1</ele>
      </trkpt>
      <trkpt lat="56.520908" lon="-4.645361">
        <ele>386.2</ele>
      </trkpt>
      <trkpt lat="56.520831" lon="-4.644763">
        <ele>384.2</ele>
      </trkpt>
      <trkpt lat="56.520837" lon="-4.643909">
        <ele>385.5</ele>
      </trkpt>
      <trkpt lat="56.520857" lon="-4.643672">
        <ele>386.5</ele>
      </trkpt>
      <trkpt lat="56.520811" lon="-4.641804">
        <ele>381.6</ele>
      </trkpt>
      <trkpt lat="56.52075" lon="-4.641295">
        <ele>379.0</ele>
      </trkpt>
      <trkpt lat="56.520745" lon="-4.640656">
        <ele>378.0</ele>
      </trkpt>
      <trkpt lat="56.520703" lon="-4.639491">
        <ele>375.2</ele>
      </trkpt>
      <trkpt lat="56.520559" lon="-4.638432">
        <ele>368.6</ele>
      </trkpt>
      <trkpt lat="56.520535" lon="-4.637807">
        <ele>366.3</ele>
      </trkpt>
      <trkpt lat="56.520386" lon="-4.637024">
        <ele>359.4</ele>
      </trkpt>
      <trkpt lat="56.520267" lon="-4.635892">
        <ele>352.9</ele>
      </trkpt>
      <trkpt lat="56.520244" lon="-4.635206">
        <ele>350.6</ele>
      </trkpt>
      <trkpt lat="56.520309" lon="-4.634938">
        <ele>351.0</ele>
      </trkpt>
      <trkpt lat="56.520496" lon="-4.633925">
        <ele>349.5</ele>
      </trkpt>
      <trkpt lat="56.520685" lon="-4.633369">
        <ele>348.8</ele>
      </trkpt>
      <trkpt lat="56.520854" lon="-4.632654">
        <ele>348.0</ele>
      </trkpt>
      <trkpt lat="56.52119" lon="-4.631929">
        <ele>351.2</ele>
      </trkpt>
      <trkpt lat="56.521524" lon="-4.630882">
        <ele>350.6</ele>
      </trkpt>
      <trkpt lat="56.521581" lon="-4.630608">
        <ele>349.7</ele>
      </trkpt>
      <trkpt lat="56.521716" lon="-4.630287">
        <ele>350.0</ele>
      </trkpt>
      <trkpt lat="56.521921" lon="-4.629818">
        <ele>351.9</ele>
      </trkpt>
      <trkpt lat="56.522062" lon="-4.629597">
        <ele>353.6</ele>
      </trkpt>
      <trkpt lat="56.522264" lon="-4.629182">
        <ele>354.9</ele>
      </trkpt>
      <trkpt lat="56.522567" lon="-4.628331">
        <ele>352.8</ele>
      </trkpt>
      <trkpt lat="56.522599" lon="-4.628194">
        <ele>352.8</ele>
      </trkpt>
      <trkpt lat="56.522739" lon="-4.627915">
        <ele>354.2</ele>
      </trkpt>
      <trkpt lat="56.52301" lon="-4.627451">
        <ele>355.9</ele>
      </trkpt>
      <trkpt lat="56.523101" lon="-4.627347">
        <ele>356.5</ele>
      </trkpt>
      <trkpt lat="56.523225" lon="-4.627082">
        <ele>355.6</ele>
      </trkpt>
      <trkpt lat="56.523672" lon="-4.625926">
        <ele>355.3</ele>
      </trkpt>
      <trkpt lat="56.523894" lon="-4.625536">
        <ele>355.3</ele>
      </trkpt>
      <trkpt lat="56.524022" lon="-4.625048">
        <ele>351.1</ele>
      </trkpt>
      <trkpt lat="56.524235" lon="-4.624449">
        <ele>351.9</ele>
      </trkpt>
      <trkpt lat="56.525142" lon="-4.622664">
        <ele>357.2</ele>
      </trkpt>
      <trkpt lat="56.525342" lon="-4.622132">
        <ele>357.1</ele>
      </trkpt>
      <trkpt lat="56.525475" lon="-4.621911">
        <ele>357.5</ele>
      </trkpt>
      <trkpt lat="56.525587" lon="-4.621674">
        <ele>356.7</ele>
      </trkpt>
      <trkpt lat="56.525837" lon="-4.620933">
        <ele>354.9</ele>
      </trkpt>
      <trkpt lat="56.525946" lon="-4.620724">
        <ele>356.1</ele>
      </trkpt>
      <trkpt lat="56.526216" lon="-4.620061">
        <ele>355.1</ele>
      </trkpt>
      <trkpt lat="56.526418" lon="-4.619695">
        <ele>356.5</ele>
      </trkpt>
      <trkpt lat="56.526492" lon="-4.619472">
        <ele>356.3</ele>
      </trkpt>
      <trkpt lat="56.526592" lon="-4.619281">
        <ele>356.7</ele>
      </trkpt>
      <trkpt lat="56.527021" lon="-4.618311">
        <ele>356.1</ele>
      </trkpt>
      <trkpt lat="56.527166" lon="-4.61792">
        <ele>356.0</ele>
      </trkpt>
      <trkpt lat="56.527271" lon="-4.617501">
        <ele>354.4</ele>
      </trkpt>
      <trkpt lat="56.527892" lon="-4.616141">
        <ele>355.1</ele>
      </trkpt>
      <trkpt lat="56.528134" lon="-4.615572">
        <ele>354.7</ele>
      </trkpt>
      <trkpt lat="56.528217" lon="-4.615267">
        <ele>353.0</ele>
      </trkpt>
      <trkpt lat="56.528463" lon="-4.614567">
        <ele>353.4</ele>
      </trkpt>
      <trkpt lat="56.529139" lon="-4.61321">
        <ele>352.2</ele>
      </trkpt>
      <trkpt lat="56.529285" lon="-4.612692">
        <ele>353.0</ele>
      </trkpt>
      <trkpt lat="56.529505" lon="-4.612206">
        <ele>354.5</ele>
      </trkpt>
      <trkpt lat="56.529545" lon="-4.612024">
        <ele>353.7</ele>
      </trkpt>
      <trkpt lat="56.529666" lon="-4.611642">
        <ele>352.3</ele>
      </trkpt>
      <trkpt lat="56.530646" lon="-4.609453">
        <ele>354.7</ele>
      </trkpt>
      <trkpt lat="56.530908" lon="-4.608964">
        <ele>355.2</ele>
      </trkpt>
      <trkpt lat="56.531078" lon="-4.608571">
        <ele>355.6</ele>
      </trkpt>
      <trkpt lat="56.531113" lon="-4.608422">
        <ele>354.9</ele>
      </trkpt>
      <trkpt lat="56.531485" lon="-4.607621">
        <ele>355.3</ele>
      </trkpt>
      <trkpt lat="56.53173" lon="-4.607219">
        <ele>355.5</ele>
      </trkpt>
      <trkpt lat="56.532027" lon="-4.606461">
        <ele>354.8</ele>
      </trkpt>
      <trkpt lat="56.532308" lon="-4.605823">
        <ele>355.4</ele>
      </trkpt>
      <trkpt lat="56.532364" lon="-4.605637">
        <ele>354.6</ele>
      </trkpt>
      <trkpt lat="56.532491" lon="-4.605334">
        <ele>353.5</ele>
      </trkpt>
      <trkpt lat="56.53285" lon="-4.604862">
        <ele>355.8</ele>
      </trkpt>
      <trkpt lat="56.532989" lon="-4.604794">
        <ele>357.9</ele>
      </trkpt>
      <trkpt lat="56.533228" lon="-4.60372">
        <ele>353.1</ele>
      </trkpt>
      <trkpt lat="56.533316" lon="-4.603583">
        <ele>353.2</ele>
      </trkpt>
      <trkpt lat="56.533533" lon="-4.603559">
        <ele>356.7</ele>
      </trkpt>
      <trkpt lat="56.533728" lon="-4.603503">
        <ele>359.5</ele>
      </trkpt>
      <trkpt lat="56.533842" lon="-4.603414">
        <ele>360.5</ele>
      </trkpt>
      <trkpt lat="56.534057" lon="-4.603095">
        <ele>360.5</ele>
      </trkpt>
      <trkpt lat="56.534172" lon="-4.603007">
        <ele>361.2</ele>
      </trkpt>
      <trkpt lat="56.534401" lon="-4.602724">
        <ele>360.9</ele>
      </trkpt>
      <trkpt lat="56.534653" lon="-4.602566">
        <ele>362.3</ele>
      </trkpt>
      <trkpt lat="56.53482" lon="-4.602311">
        <ele>361.0</ele>
      </trkpt>
      <trkpt lat="56.534888" lon="-4.60214">
        <ele>359.5</ele>
      </trkpt>
      <trkpt lat="56.535014" lon="-4.60193">
        <ele>358.1</ele>
      </trkpt>
      <trkpt lat="56.535391" lon="-4.601515">
        <ele>359.9</ele>
      </trkpt>
      <trkpt lat="56.535528" lon="-4.601249">
        <ele>359.4</ele>
      </trkpt>
      <trkpt lat="56.535839" lon="-4.600866">
        <ele>359.5</ele>
      </trkpt>
      <trkpt lat="56.536071" lon="-4.600884">
        <ele>362.6</ele>
      </trkpt>
      <trkpt lat="56.536163" lon="-4.600866">
        <ele>363.4</ele>
      </trkpt>
      <trkpt lat="56.536257" lon="-4.600876">
        <ele>364.7</ele>
      </trkpt>
      <trkpt lat="56.536538" lon="-4.600645">
        <ele>364.4</ele>
      </trkpt>
      <trkpt lat="56.536751" lon="-4.600551">
        <ele>365.5</ele>
      </trkpt>
      <trkpt lat="56.536997" lon="-4.600205">
        <ele>363.2</ele>
      </trkpt>
      <trkpt lat="56.5374" lon="-4.59987">
        <ele>364.1</ele>
      </trkpt>
      <trkpt lat="56.537482" lon="-4.599764">
        <ele>363.9</ele>
      </trkpt>
      <trkpt lat="56.537615" lon="-4.599641">
        <ele>364.1</ele>
      </trkpt>
      <trkpt lat="56.537956" lon="-4.5994">
        <ele>365.0</ele>
      </trkpt>
      <trkpt lat="56.538362" lon="-4.599035">
        <ele>364.1</ele>
      </trkpt>
      <trkpt lat="56.538683" lon="-4.598896">
        <ele>361.5</ele>
      </trkpt>
      <trkpt lat="56.539196" lon="-4.598774">
        <ele>358.6</ele>
      </trkpt>
      <trkpt lat="56.539188" lon="-4.598764">
        <ele>358.5</ele>
      </trkpt>
      <trkpt lat="56.539373" lon="-4.598997">
        <ele>360.3</ele>
      </trkpt>
      <trkpt lat="56.53951" lon="-4.599242">
        <ele>362.3</ele>
      </trkpt>
      <trkpt lat="56.540131" lon="-4.599788">
        <ele>361.5</ele>
      </trkpt>
      <trkpt lat="56.540322" lon="-4.599783">
        <ele>359.6</ele>
      </trkpt>
      <trkpt lat="56.540407" lon="-4.599741">
        <ele>358.4</ele>
      </trkpt>
      <trkpt lat="56.540499" lon="-4.599756">
        <ele>357.7</ele>
      </trkpt>
      <trkpt lat="56.540754" lon="-4.599877">
        <ele>356.1</ele>
      </trkpt>
      <trkpt lat="56.540809" lon="-4.599918">
        <ele>355.8</ele>
      </trkpt>
      <trkpt lat="56.541509" lon="-4.600804">
        <ele>353.1</ele>
      </trkpt>
      <trkpt lat="56.541607" lon="-4.601148">
        <ele>353.4</ele>
      </trkpt>
      <trkpt lat="56.541582" lon="-4.601757">
        <ele>357.0</ele>
      </trkpt>
      <trkpt lat="56.541736" lon="-4.60255">
        <ele>359.2</ele>
      </trkpt>
      <trkpt lat="56.542126" lon="-4.603602">
        <ele>358.9</ele>
      </trkpt>
      <trkpt lat="56.542248" lon="-4.604461">
        <ele>363.4</ele>
      </trkpt>
      <trkpt lat="56.542571" lon="-4.604753">
        <ele>360.4</ele>
      </trkpt>
      <trkpt lat="56.54287" lon="-4.604855">
        <ele>357.3</ele>
      </trkpt>
      <trkpt lat="56.543086" lon="-4.605133">
        <ele>356.2</ele>
      </trkpt>
      <trkpt lat="56.543212" lon="-4.606003">
        <ele>360.6</ele>
      </trkpt>
      <trkpt lat="56.543419" lon="-4.607019">
        <ele>362.9</ele>
      </trkpt>
      <trkpt lat="56.543543" lon="-4.60729">
        <ele>362.0</ele>
      </trkpt>
      <trkpt lat="56.543617" lon="-4.60773">
        <ele>362.4</ele>
      </trkpt>
      <trkpt lat="56.543647" lon="-4.608162">
        <ele>363.5</ele>
      </trkpt>
      <trkpt lat="56.543715" lon="-4.608385">
        <ele>363.4</ele>
      </trkpt>
      <trkpt lat="56.543882" lon="-4.608579">
        <ele>362.1</ele>
      </trkpt>
      <trkpt lat="56.544122" lon="-4.608791">
        <ele>360.0</ele>
      </trkpt>
      <trkpt lat="56.544228" lon="-4.609085">
        <ele>360.7</ele>
      </trkpt>
      <trkpt lat="56.544306" lon="-4.609229">
        <ele>360.7</ele>
      </trkpt>
      <trkpt lat="56.544699" lon="-4.609318">
        <ele>356.4</ele>
      </trkpt>
      <trkpt lat="56.544856" lon="-4.609459">
        <ele>355.2</ele>
      </trkpt>
      <trkpt lat="56.545003" lon="-4.609683">
        <ele>354.4</ele>
      </trkpt>
      <trkpt lat="56.545066" lon="-4.610058">
        <ele>355.6</ele>
      </trkpt>
      <trkpt lat="56.545138" lon="-4.610759">
        <ele>358.8</ele>
      </trkpt>
      <trkpt lat="56.545411" lon="-4.611342">
        <ele>357.4</ele>
      </trkpt>
      <trkpt lat="56.54551" lon="-4.611747">
        <ele>357.4</ele>
      </trkpt>
      <trkpt lat="56.545526" lon="-4.612021">
        <ele>358.5</ele>
      </trkpt>
      <trkpt lat="56.545677" lon="-4.61244">
        <ele>358.1</ele>
      </trkpt>
      <trkpt lat="56.545829" lon="-4.613072">
        <ele>358.8</ele>
      </trkpt>
      <trkpt lat="56.545931" lon="-4.613233">
        <ele>358.3</ele>
      </trkpt>
      <trkpt lat="56.546297" lon="-4.613516">
        <ele>355.0</ele>
      </trkpt>
      <trkpt lat="56.54665" lon="-4.613681">
        <ele>351.3</ele>
      </trkpt>
      <trkpt lat="56.54678" lon="-4.613719">
        <ele>350.8</ele>
      </trkpt>
      <trkpt lat="56.54691" lon="-4.613734">
        <ele>350.4</ele>
      </trkpt>
      <trkpt lat="56.547721" lon="-4.613329">
        <ele>344.7</ele>
      </trkpt>
      <trkpt lat="56.547912" lon="-4.613187">
        <ele>344.5</ele>
      </trkpt>
      <trkpt lat="56.548066" lon="-4.612884">
        <ele>344.5</ele>
      </trkpt>
      <trkpt lat="56.548064" lon="-4.612917">
        <ele>344.5</ele>
      </trkpt>
      <trkpt lat="56.54834" lon="-4.612125">
        <ele>345.5</ele>
      </trkpt>
      <trkpt lat="56.548565" lon="-4.611566">
        <ele>347.4</ele>
      </trkpt>
      <trkpt lat="56.549427" lon="-4.610207">
        <ele>356.6</ele>
      </trkpt>
      <trkpt lat="56.549749" lon="-4.60965">
        <ele>362.1</ele>
      </trkpt>
      <trkpt lat="56.549716" lon="-4.609413">
        <ele>362.9</ele>
      </trkpt>
      <trkpt lat="56.549794" lon="-4.60864">
        <ele>367.1</ele>
      </trkpt>
      <trkpt lat="56.549674" lon="-4.608052">
        <ele>368.9</ele>
      </trkpt>
      <trkpt lat="56.549533" lon="-4.607876">
        <ele>368.1</ele>
      </trkpt>
      <trkpt lat="56.549405" lon="-4.607598">
        <ele>367.9</ele>
      </trkpt>
      <trkpt lat="56.549318" lon="-4.607282">
        <ele>368.5</ele>
      </trkpt>
      <trkpt lat="56.549112" lon="-4.607078">
        <ele>366.8</ele>
      </trkpt>
      <trkpt lat="56.54887" lon="-4.606606">
        <ele>365.6</ele>
      </trkpt>
      <trkpt lat="56.548725" lon="-4.606104">
        <ele>365.5</ele>
      </trkpt>
      <trkpt lat="56.548558" lon="-4.605628">
        <ele>364.6</ele>
      </trkpt>
      <trkpt lat="56.548481" lon="-4.605177">
        <ele>365.1</ele>
      </trkpt>
      <trkpt lat="56.547828" lon="-4.604522">
        <ele>360.3</ele>
      </trkpt>
      <trkpt lat="56.547662" lon="-4.60444">
        <ele>358.7</ele>
      </trkpt>
      <trkpt lat="56.547175" lon="-4.603584">
        <ele>356.4</ele>
      </trkpt>
      <trkpt lat="56.546695" lon="-4.602831">
        <ele>353.4</ele>
      </trkpt>
      <trkpt lat="56.546365" lon="-4.602031">
        <ele>354.3</ele>
      </trkpt>
      <trkpt lat="56.546191" lon="-4.60136">
        <ele>354.8</ele>
      </trkpt>
      <trkpt lat="56.546089" lon="-4.601131">
        <ele>354.1</ele>
      </trkpt>
      <trkpt lat="56.545982" lon="-4.60083">
        <ele>353.3</ele>
      </trkpt>
      <trkpt lat="56.545928" lon="-4.600496">
        <ele>353.8</ele>
      </trkpt>
      <trkpt lat="56.545667" lon="-4.5995">
        <ele>354.4</ele>
      </trkpt>
      <trkpt lat="56.545626" lon="-4.598984">
        <ele>356.3</ele>
      </trkpt>
      <trkpt lat="56.545617" lon="-4.598569">
        <ele>358.4</ele>
      </trkpt>
      <trkpt lat="56.545479" lon="-4.598063">
        <ele>359.0</ele>
      </trkpt>
      <trkpt lat="56.545199" lon="-4.59776">
        <ele>355.7</ele>
      </trkpt>
      <trkpt lat="56.545067" lon="-4.59755">
        <ele>354.1</ele>
      </trkpt>
      <trkpt lat="56.544935" lon="-4.5969">
        <ele>355.1</ele>
      </trkpt>
      <trkpt lat="56.544878" lon="-4.596416">
        <ele>356.8</ele>
      </trkpt>
      <trkpt lat="56.544807" lon="-4.596251">
        <ele>356.6</ele>
      </trkpt>
      <trkpt lat="56.5447" lon="-4.595851">
        <ele>356.9</ele>
      </trkpt>
      <trkpt lat="56.544621" lon="-4.595453">
        <ele>357.7</ele>
      </trkpt>
      <trkpt lat="56.544465" lon="-4.595179">
        <ele>356.2</ele>
      </trkpt>
      <trkpt lat="56.544344" lon="-4.595076">
        <ele>354.3</ele>
      </trkpt>
      <trkpt lat="56.544216" lon="-4.594863">
        <ele>353.0</ele>
      </trkpt>
      <trkpt lat="56.544168" lon="-4.594742">
        <ele>352.9</ele>
      </trkpt>
      <trkpt lat="56.544117" lon="-4.594433">
        <ele>354.6</ele>
      </trkpt>
      <trkpt lat="56.543981" lon="-4.594019">
        <ele>355.6</ele>
      </trkpt>
      <trkpt lat="56.543853" lon="-4.593958">
        <ele>354.3</ele>
      </trkpt>
      <trkpt lat="56.543558" lon="-4.593583">
        <ele>351.3</ele>
      </trkpt>
      <trkpt lat="56.543277" lon="-4.592765">
        <ele>349.5</ele>
      </trkpt>
      <trkpt lat="56.543253" lon="-4.591965">
        <ele>352.2</ele>
      </trkpt>
      <trkpt lat="56.543247" lon="-4.591938">
        <ele>352.2</ele>
      </trkpt>
      <trkpt lat="56.543241" lon="-4.591947">
        <ele>352.1</ele>
      </trkpt>
      <trkpt lat="56.54326" lon="-4.59188">
        <ele>352.5</ele>
      </trkpt>
      <trkpt lat="56.543249" lon="-4.59179">
        <ele>352.7</ele>
      </trkpt>
      <trkpt lat="56.543221" lon="-4.591638">
        <ele>353.0</ele>
      </trkpt>
      <trkpt lat="56.543112" lon="-4.591294">
        <ele>353.3</ele>
      </trkpt>
      <trkpt lat="56.542954" lon="-4.590879">
        <ele>352.8</ele>
      </trkpt>
      <trkpt lat="56.542816" lon="-4.590036">
        <ele>353.2</ele>
      </trkpt>
      <trkpt lat="56.542773" lon="-4.588994">
        <ele>353.9</ele>
      </trkpt>
      <trkpt lat="56.542785" lon="-4.588815">
        <ele>354.5</ele>
      </trkpt>
      <trkpt lat="56.542957" lon="-4.588481">
        <ele>359.0</ele>
      </trkpt>
      <trkpt lat="56.543178" lon="-4.587153">
        <ele>364.0</ele>
      </trkpt>
      <trkpt lat="56.543398" lon="-4.586255">
        <ele>368.8</ele>
      </trkpt>
      <trkpt lat="56.543511" lon="-4.585423">
        <ele>371.2</ele>
      </trkpt>
      <trkpt lat="56.543634" lon="-4.584786">
        <ele>374.5</ele>
      </trkpt>
      <trkpt lat="56.543634" lon="-4.584475">
        <ele>373.7</ele>
      </trkpt>
      <trkpt lat="56.54373" lon="-4.583512">
        <ele>374.4</ele>
      </trkpt>
      <trkpt lat="56.543736" lon="-4.583185">
        <ele>374.0</ele>
      </trkpt>
      <trkpt lat="56.543663" lon="-4.582263">
        <ele>371.2</ele>
      </trkpt>
      <trkpt lat="56.543625" lon="-4.581446">
        <ele>368.9</ele>
      </trkpt>
      <trkpt lat="56.543649" lon="-4.581076">
        <ele>368.8</ele>
      </trkpt>
      <trkpt lat="56.543716" lon="-4.580791">
        <ele>370.5</ele>
      </trkpt>
      <trkpt lat="56.543824" lon="-4.580523">
        <ele>373.7</ele>
      </trkpt>
      <trkpt lat="56.544027" lon="-4.579498">
        <ele>375.7</ele>
      </trkpt>
      <trkpt lat="56.544073" lon="-4.578953">
        <ele>373.3</ele>
      </trkpt>
      <trkpt lat="56.544205" lon="-4.578097">
        <ele>371.3</ele>
      </trkpt>
      <trkpt lat="56.544256" lon="-4.577619">
        <ele>370.9</ele>
      </trkpt>
      <trkpt lat="56.544237" lon="-4.577177">
        <ele>368.0</ele>
      </trkpt>
      <trkpt lat="56.544197" lon="-4.576771">
        <ele>364.6</ele>
      </trkpt>
      <trkpt lat="56.54419" lon="-4.575175">
        <ele>361.2</ele>
      </trkpt>
      <trkpt lat="56.544213" lon="-4.574813">
        <ele>360.8</ele>
      </trkpt>
      <trkpt lat="56.544337" lon="-4.574256">
        <ele>362.8</ele>
      </trkpt>
      <trkpt lat="56.544512" lon="-4.57384">
        <ele>366.8</ele>
      </trkpt>
      <trkpt lat="56.544538" lon="-4.573296">
        <ele>365.5</ele>
      </trkpt>
      <trkpt lat="56.544523" lon="-4.572304">
        <ele>365.2</ele>
      </trkpt>
      <trkpt lat="56.544452" lon="-4.570478">
        <ele>362.2</ele>
      </trkpt>
      <trkpt lat="56.544484" lon="-4.569834">
        <ele>361.9</ele>
      </trkpt>
      <trkpt lat="56.544463" lon="-4.569609">
        <ele>361.0</ele>
      </trkpt>
      <trkpt lat="56.54451" lon="-4.56912">
        <ele>361.5</ele>
      </trkpt>
      <trkpt lat="56.54451" lon="-4.568629">
        <ele>360.2</ele>
      </trkpt>
      <trkpt lat="56.544536" lon="-4.568331">
        <ele>360.0</ele>
      </trkpt>
      <trkpt lat="56.544588" lon="-4.568116">
        <ele>360.2</ele>
      </trkpt>
      <trkpt lat="56.544718" lon="-4.567826">
        <ele>361.7</ele>
      </trkpt>
      <trkpt lat="56.544886" lon="-4.567635">
        <ele>364.3</ele>
      </trkpt>
      <trkpt lat="56.545106" lon="-4.567268">
        <ele>366.9</ele>
      </trkpt>
      <trkpt lat="56.545216" lon="-4.566984">
        <ele>367.7</ele>
      </trkpt>
      <trkpt lat="56.545269" lon="-4.566768">
        <ele>367.7</ele>
      </trkpt>
      <trkpt lat="56.545333" lon="-4.566055">
        <ele>364.0</ele>
      </trkpt>
      <trkpt lat="56.545418" lon="-4.565721">
        <ele>363.1</ele>
      </trkpt>
      <trkpt lat="56.545604" lon="-4.565388">
        <ele>363.6</ele>
      </trkpt>
      <trkpt lat="56.545731" lon="-4.564963">
        <ele>362.2</ele>
      </trkpt>
      <trkpt lat="56.545756" lon="-4.564623">
        <ele>361.8</ele>
      </trkpt>
      <trkpt lat="56.545846" lon="-4.564407">
        <ele>362.9</ele>
      </trkpt>
      <trkpt lat="56.54605" lon="-4.564156">
        <ele>367.4</ele>
      </trkpt>
      <trkpt lat="56.546091" lon="-4.56405">
        <ele>368.4</ele>
      </trkpt>
      <trkpt lat="56.546109" lon="-4.563882">
        <ele>368.7</ele>
      </trkpt>
      <trkpt lat="56.546001" lon="-4.563168">
        <ele>365.5</ele>
      </trkpt>
      <trkpt lat="56.545759" lon="-4.561845">
        <ele>367.1</ele>
      </trkpt>
      <trkpt lat="56.545435" lon="-4.560755">
        <ele>364.9</ele>
      </trkpt>
      <trkpt lat="56.545387" lon="-4.560538">
        <ele>364.5</ele>
      </trkpt>
      <trkpt lat="56.545324" lon="-4.560051">
        <ele>364.7</ele>
      </trkpt>
      <trkpt lat="56.545152" lon="-4.559351">
        <ele>360.5</ele>
      </trkpt>
      <trkpt lat="56.545053" lon="-4.558394">
        <ele>359.1</ele>
      </trkpt>
      <trkpt lat="56.545003" lon="-4.556773">
        <ele>361.8</ele>
      </trkpt>
      <trkpt lat="56.545015" lon="-4.556424">
        <ele>362.7</ele>
      </trkpt>
      <trkpt lat="56.544948" lon="-4.555781">
        <ele>361.1</ele>
      </trkpt>
      <trkpt lat="56.544916" lon="-4.555056">
        <ele>361.8</ele>
      </trkpt>
      <trkpt lat="56.544904" lon="-4.553676">
        <ele>364.5</ele>
      </trkpt>
      <trkpt lat="56.544868" lon="-4.553301">
        <ele>364.6</ele>
      </trkpt>
      <trkpt lat="56.544767" lon="-4.552675">
        <ele>361.5</ele>
      </trkpt>
      <trkpt lat="56.544777" lon="-4.552375">
        <ele>361.3</ele>
      </trkpt>
      <trkpt lat="56.544878" lon="-4.55169">
        <ele>363.9</ele>
      </trkpt>
      <trkpt lat="56.544863" lon="-4.551342">
        <ele>362.4</ele>
      </trkpt>
      <trkpt lat="56.544914" lon="-4.550684">
        <ele>361.9</ele>
      </trkpt>
      <trkpt lat="56.54515" lon="-4.550043">
        <ele>369.0</ele>
      </trkpt>
      <trkpt lat="56.545155" lon="-4.549957">
        <ele>368.9</ele>
      </trkpt>
      <trkpt lat="56.545127" lon="-4.548685">
        <ele>364.2</ele>
      </trkpt>
      <trkpt lat="56.545074" lon="-4.548306">
        <ele>361.0</ele>
      </trkpt>
      <trkpt lat="56.545039" lon="-4.547839">
        <ele>359.0</ele>
      </trkpt>
      <trkpt lat="56.545185" lon="-4.547131">
        <ele>363.7</ele>
      </trkpt>
      <trkpt lat="56.545284" lon="-4.546987">
        <ele>367.2</ele>
      </trkpt>
      <trkpt lat="56.545334" lon="-4.546861">
        <ele>368.8</ele>
      </trkpt>
      <trkpt lat="56.545542" lon="-4.546203">
        <ele>374.5</ele>
      </trkpt>
      <trkpt lat="56.545579" lon="-4.545419">
        <ele>372.9</ele>
      </trkpt>
      <trkpt lat="56.545554" lon="-4.544312">
        <ele>369.0</ele>
      </trkpt>
      <trkpt lat="56.545634" lon="-4.542901">
        <ele>365.9</ele>
      </trkpt>
      <trkpt lat="56.545764" lon="-4.542001">
        <ele>366.1</ele>
      </trkpt>
      <trkpt lat="56.545723" lon="-4.541672">
        <ele>363.4</ele>
      </trkpt>
      <trkpt lat="56.545628" lon="-4.540251">
        <ele>360.9</ele>
      </trkpt>
      <trkpt lat="56.545637" lon="-4.53974">
        <ele>361.1</ele>
      </trkpt>
      <trkpt lat="56.545668" lon="-4.539579">
        <ele>361.8</ele>
      </trkpt>
      <trkpt lat="56.545795" lon="-4.539213">
        <ele>364.3</ele>
      </trkpt>
      <trkpt lat="56.545834" lon="-4.539057">
        <ele>364.5</ele>
      </trkpt>
      <trkpt lat="56.545903" lon="-4.538606">
        <ele>365.5</ele>
      </trkpt>
      <trkpt lat="56.546004" lon="-4.538207">
        <ele>368.3</ele>
      </trkpt>
      <trkpt lat="56.546032" lon="-4.537867">
        <ele>369.2</ele>
      </trkpt>
      <trkpt lat="56.545996" lon="-4.537538">
        <ele>367.5</ele>
      </trkpt>
      <trkpt lat="56.546042" lon="-4.536827">
        <ele>368.1</ele>
      </trkpt>
      <trkpt lat="56.546025" lon="-4.536165">
        <ele>367.1</ele>
      </trkpt>
      <trkpt lat="56.546049" lon="-4.535473">
        <ele>368.3</ele>
      </trkpt>
      <trkpt lat="56.546151" lon="-4.534242">
        <ele>374.5</ele>
      </trkpt>
      <trkpt lat="56.546122" lon="-4.533818">
        <ele>375.1</ele>
      </trkpt>
      <trkpt lat="56.545895" lon="-4.533515">
        <ele>369.1</ele>
      </trkpt>
      <trkpt lat="56.545775" lon="-4.532859">
        <ele>366.1</ele>
      </trkpt>
      <trkpt lat="56.54586" lon="-4.532494">
        <ele>367.9</ele>
      </trkpt>
      <trkpt lat="56.546103" lon="-4.531832">
        <ele>374.9</ele>
      </trkpt>
      <trkpt lat="56.5462" lon="-4.530613">
        <ele>376.7</ele>
      </trkpt>
      <trkpt lat="56.546249" lon="-4.529618">
        <ele>376.5</ele>
      </trkpt>
      <trkpt lat="56.546235" lon="-4.529119">
        <ele>374.7</ele>
      </trkpt>
      <trkpt lat="56.546317" lon="-4.527615">
        <ele>378.3</ele>
      </trkpt>
      <trkpt lat="56.546188" lon="-4.525916">
        <ele>380.6</ele>
      </trkpt>
      <trkpt lat="56.546122" lon="-4.525454">
        <ele>380.5</ele>
      </trkpt>
      <trkpt lat="56.546125" lon="-4.524744">
        <ele>385.1</ele>
      </trkpt>
      <trkpt lat="56.546161" lon="-4.524343">
        <ele>388.6</ele>
      </trkpt>
      <trkpt lat="56.546224" lon="-4.524002">
        <ele>393.3</ele>
      </trkpt>
      <trkpt lat="56.546319" lon="-4.52368">
        <ele>399.6</ele>
      </trkpt>
      <trkpt lat="56.546376" lon="-4.52331">
        <ele>404.1</ele>
      </trkpt>
      <trkpt lat="56.546356" lon="-4.52243">
        <ele>405.6</ele>
      </trkpt>
      <trkpt lat="56.54638" lon="-4.52185">
        <ele>409.2</ele>
      </trkpt>
      <trkpt lat="56.546564" lon="-4.520522">
        <ele>418.6</ele>
      </trkpt>
      <trkpt lat="56.546637" lon="-4.519577">
        <ele>422.1</ele>
      </trkpt>
      <trkpt lat="56.54653" lon="-4.518461">
        <ele>418.9</ele>
      </trkpt>
      <trkpt lat="56.546457" lon="-4.518259">
        <ele>416.1</ele>
      </trkpt>
      <trkpt lat="56.546459" lon="-4.518178">
        <ele>416.5</ele>
      </trkpt>
      <trkpt lat="56.546202" lon="-4.517504">
        <ele>407.5</ele>
      </trkpt>
      <trkpt lat="56.546093" lon="-4.516895">
        <ele>405.4</ele>
      </trkpt>
      <trkpt lat="56.54597" lon="-4.516507">
        <ele>400.7</ele>
      </trkpt>
      <trkpt lat="56.545958" lon="-4.515941">
        <ele>397.7</ele>
      </trkpt>
      <trkpt lat="56.546003" lon="-4.515589">
        <ele>398.1</ele>
      </trkpt>
      <trkpt lat="56.546007" lon="-4.515336">
        <ele>397.2</ele>
      </trkpt>
      <trkpt lat="56.545971" lon="-4.514939">
        <ele>393.7</ele>
      </trkpt>
      <trkpt lat="56.54591" lon="-4.51451">
        <ele>388.4</ele>
      </trkpt>
      <trkpt lat="56.54596" lon="-4.514202">
        <ele>388.7</ele>
      </trkpt>
      <trkpt lat="56.545987" lon="-4.513245">
        <ele>383.9</ele>
      </trkpt>
      <trkpt lat="56.545959" lon="-4.512905">
        <ele>381.3</ele>
      </trkpt>
      <trkpt lat="56.545962" lon="-4.512657">
        <ele>380.3</ele>
      </trkpt>
      <trkpt lat="56.546012" lon="-4.512341">
        <ele>380.5</ele>
      </trkpt>
      <trkpt lat="56.545953" lon="-4.512111">
        <ele>377.2</ele>
      </trkpt>
      <trkpt lat="56.545787" lon="-4.511856">
        <ele>370.6</ele>
      </trkpt>
      <trkpt lat="56.54571" lon="-4.511834">
        <ele>368.3</ele>
      </trkpt>
      <trkpt lat="56.545605" lon="-4.511272">
        <ele>361.4</ele>
      </trkpt>
      <trkpt lat="56.545589" lon="-4.511057">
        <ele>359.3</ele>
      </trkpt>
      <trkpt lat="56.545499" lon="-4.510842">
        <ele>355.4</ele>
      </trkpt>
      <trkpt lat="56.545394" lon="-4.510985">
        <ele>354.1</ele>
      </trkpt>
      <trkpt lat="56.545253" lon="-4.511228">
        <ele>352.2</ele>
      </trkpt>
      <trkpt lat="56.544999" lon="-4.511038">
        <ele>345.0</ele>
      </trkpt>
      <trkpt lat="56.545016" lon="-4.510285">
        <ele>341.0</ele>
      </trkpt>
      <trkpt lat="56.544918" lon="-4.509746">
        <ele>335.9</ele>
      </trkpt>
      <trkpt lat="56.544773" lon="-4.509313">
        <ele>330.9</ele>
      </trkpt>
      <trkpt lat="56.544719" lon="-4.509096">
        <ele>328.8</ele>
      </trkpt>
      <trkpt lat="56.544588" lon="-4.507708">
        <ele>318.8</ele>
      </trkpt>
      <trkpt lat="56.544422" lon="-4.507058">
        <ele>313.7</ele>
      </trkpt>
      <trkpt lat="56.544319" lon="-4.506855">
        <ele>311.9</ele>
      </trkpt>
      <trkpt lat="56.54416" lon="-4.506836">
        <ele>311.0</ele>
      </trkpt>
      <trkpt lat="56.544063" lon="-4.506717">
        <ele>310.2</ele>
      </trkpt>
      <trkpt lat="56.544054" lon="-4.50664">
        <ele>309.8</ele>
      </trkpt>
      <trkpt lat="56.544062" lon="-4.506551">
        <ele>309.8</ele>
      </trkpt>
      <trkpt lat="56.544089" lon="-4.50647">
        <ele>309.7</ele>
      </trkpt>
      <trkpt lat="56.544653" lon="-4.505379">
        <ele>311.1</ele>
      </trkpt>
      <trkpt lat="56.544704" lon="-4.50511">
        <ele>311.0</ele>
      </trkpt>
      <trkpt lat="56.544717" lon="-4.504693">
        <ele>310.7</ele>
      </trkpt>
      <trkpt lat="56.544701" lon="-4.504622">
        <ele>310.6</ele>
      </trkpt>
      <trkpt lat="56.544648" lon="-4.504481">
        <ele>310.1</ele>
      </trkpt>
      <trkpt lat="56.544576" lon="-4.504352">
        <ele>309.6</ele>
      </trkpt>
      <trkpt lat="56.544362" lon="-4.50407">
        <ele>308.1</ele>
      </trkpt>
      <trkpt lat="56.544294" lon="-4.503894">
        <ele>307.7</ele>
      </trkpt>
      <trkpt lat="56.544259" lon="-4.503677">
        <ele>307.5</ele>
      </trkpt>
      <trkpt lat="56.544235" lon="-4.500613">
        <ele>305.1</ele>
      </trkpt>
      <trkpt lat="56.544306" lon="-4.498886">
        <ele>304.8</ele>
      </trkpt>
      <trkpt lat="56.544664" lon="-4.496054">
        <ele>305.8</ele>
      </trkpt>
      <trkpt lat="56.544657" lon="-4.495315">
        <ele>303.7</ele>
      </trkpt>
      <trkpt lat="56.544668" lon="-4.495204">
        <ele>303.4</ele>
      </trkpt>
      <trkpt lat="56.544686" lon="-4.495098">
        <ele>303.2</ele>
      </trkpt>
      <trkpt lat="56.545038" lon="-4.493859">
        <ele>304.4</ele>
      </trkpt>
      <trkpt lat="56.545155" lon="-4.493381">
        <ele>305.8</ele>
      </trkpt>
      <trkpt lat="56.545159" lon="-4.493273">
        <ele>306.0</ele>
      </trkpt>
      <trkpt lat="56.545111" lon="-4.492967">
        <ele>306.0</ele>
      </trkpt>
      <trkpt lat="56.544735" lon="-4.491485">
        <ele>305.1</ele>
      </trkpt>
      <trkpt lat="56.544549" lon="-4.490032">
        <ele>306.5</ele>
      </trkpt>
      <trkpt lat="56.544441" lon="-4.488861">
        <ele>309.4</ele>
      </trkpt>
      <trkpt lat="56.544312" lon="-4.486849">
        <ele>314.8</ele>
      </trkpt>
      <trkpt lat="56.544218" lon="-4.485743">
        <ele>314.6</ele>
      </trkpt>
      <trkpt lat="56.544015" lon="-4.484412">
        <ele>314.9</ele>
      </trkpt>
      <trkpt lat="56.54373" lon="-4.482873">
        <ele>315.3</ele>
      </trkpt>
      <trkpt lat="56.543349" lon="-4.481855">
        <ele>310.9</ele>
      </trkpt>
      <trkpt lat="56.542989" lon="-4.481288">
        <ele>308.4</ele>
      </trkpt>
      <trkpt lat="56.542593" lon="-4.480294">
        <ele>305.7</ele>
      </trkpt>
      <trkpt lat="56.542567" lon="-4.479956">
        <ele>305.8</ele>
      </trkpt>
      <trkpt lat="56.542687" lon="-4.478907">
        <ele>306.6</ele>
      </trkpt>
      <trkpt lat="56.542682" lon="-4.478664">
        <ele>306.4</ele>
      </trkpt>
      <trkpt lat="56.54263" lon="-4.478304">
        <ele>305.3</ele>
      </trkpt>
      <trkpt lat="56.542442" lon="-4.477561">
        <ele>302.7</ele>
      </trkpt>
      <trkpt lat="56.542097" lon="-4.475379">
        <ele>301.7</ele>
      </trkpt>
      <trkpt lat="56.542065" lon="-4.473286">
        <ele>301.8</ele>
      </trkpt>
      <trkpt lat="56.542283" lon="-4.471324">
        <ele>303.4</ele>
      </trkpt>
      <trkpt lat="56.542609" lon="-4.469585">
        <ele>304.9</ele>
      </trkpt>
      <trkpt lat="56.542871" lon="-4.468393">
        <ele>304.5</ele>
      </trkpt>
      <trkpt lat="56.542936" lon="-4.468021">
        <ele>304.4</ele>
      </trkpt>
      <trkpt lat="56.542939" lon="-4.467767">
        <ele>303.6</ele>
      </trkpt>
      <trkpt lat="56.542731" lon="-4.466283">
        <ele>297.6</ele>
      </trkpt>
      <trkpt lat="56.542737" lon="-4.46592">
        <ele>297.9</ele>
      </trkpt>
      <trkpt lat="56.542777" lon="-4.46568">
        <ele>298.4</ele>
      </trkpt>
      <trkpt lat="56.542966" lon="-4.464853">
        <ele>299.6</ele>
      </trkpt>
      <trkpt lat="56.542969" lon="-4.464622">
        <ele>299.3</ele>
      </trkpt>
      <trkpt lat="56.54291" lon="-4.463282">
        <ele>297.0</ele>
      </trkpt>
      <trkpt lat="56.542917" lon="-4.463169">
        <ele>297.0</ele>
      </trkpt>
      <trkpt lat="56.543262" lon="-4.461489">
        <ele>297.7</ele>
      </trkpt>
      <trkpt lat="56.543289" lon="-4.460106">
        <ele>297.8</ele>
      </trkpt>
      <trkpt lat="56.543482" lon="-4.4588">
        <ele>299.2</ele>
      </trkpt>
      <trkpt lat="56.543722" lon="-4.45757">
        <ele>300.8</ele>
      </trkpt>
      <trkpt lat="56.544139" lon="-4.45636">
        <ele>301.5</ele>
      </trkpt>
      <trkpt lat="56.544432" lon="-4.455833">
        <ele>303.9</ele>
      </trkpt>
      <trkpt lat="56.544513" lon="-4.455617">
        <ele>304.0</ele>
      </trkpt>
      <trkpt lat="56.544668" lon="-4.454837">
        <ele>302.7</ele>
      </trkpt>
      <trkpt lat="56.545277" lon="-4.450564">
        <ele>299.3</ele>
      </trkpt>
      <trkpt lat="56.545356" lon="-4.450346">
        <ele>300.2</ele>
      </trkpt>
      <trkpt lat="56.54562" lon="-4.449808">
        <ele>302.7</ele>
      </trkpt>
      <trkpt lat="56.545765" lon="-4.449203">
        <ele>302.5</ele>
      </trkpt>
      <trkpt lat="56.545878" lon="-4.44775">
        <ele>300.1</ele>
      </trkpt>
      <trkpt lat="56.546171" lon="-4.445471">
        <ele>304.0</ele>
      </trkpt>
      <trkpt lat="56.547192" lon="-4.436626">
        <ele>303.0</ele>
      </trkpt>
      <trkpt lat="56.547234" lon="-4.434422">
        <ele>299.4</ele>
      </trkpt>
      <trkpt lat="56.547137" lon="-4.429536">
        <ele>291.8</ele>
      </trkpt>
      <trkpt lat="56.547127" lon="-4.429498">
        <ele>291.6</ele>
      </trkpt>
      <trkpt lat="56.547039" lon="-4.429533">
        <ele>290.8</ele>
      </trkpt>
      <trkpt lat="56.547044" lon="-4.429543">
        <ele>290.8</ele>
      </trkpt>
      <trkpt lat="56.547105" lon="-4.429367">
        <ele>291.3</ele>
      </trkpt>
      <trkpt lat="56.547083" lon="-4.428618">
        <ele>290.3</ele>
      </trkpt>
      <trkpt lat="56.546845" lon="-4.427246">
        <ele>286.3</ele>
      </trkpt>
      <trkpt lat="56.546827" lon="-4.426934">
        <ele>285.7</ele>
      </trkpt>
      <trkpt lat="56.546908" lon="-4.426326">
        <ele>285.5</ele>
      </trkpt>
      <trkpt lat="56.547093" lon="-4.424349">
        <ele>283.6</ele>
      </trkpt>
      <trkpt lat="56.54742" lon="-4.422935">
        <ele>283.0</ele>
      </trkpt>
      <trkpt lat="56.547895" lon="-4.421423">
        <ele>281.5</ele>
      </trkpt>
      <trkpt lat="56.547924" lon="-4.421225">
        <ele>281.2</ele>
      </trkpt>
      <trkpt lat="56.548004" lon="-4.420131">
        <ele>279.1</ele>
      </trkpt>
      <trkpt lat="56.548112" lon="-4.419711">
        <ele>278.4</ele>
      </trkpt>
      <trkpt lat="56.548216" lon="-4.419471">
        <ele>277.8</ele>
      </trkpt>
      <trkpt lat="56.548351" lon="-4.419285">
        <ele>277.3</ele>
      </trkpt>
      <trkpt lat="56.548901" lon="-4.41814">
        <ele>278.4</ele>
      </trkpt>
      <trkpt lat="56.549144" lon="-4.417453">
        <ele>277.8</ele>
      </trkpt>
      <trkpt lat="56.549433" lon="-4.415414">
        <ele>275.4</ele>
      </trkpt>
      <trkpt lat="56.549444" lon="-4.414787">
        <ele>274.3</ele>
      </trkpt>
      <trkpt lat="56.549484" lon="-4.414373">
        <ele>273.9</ele>
      </trkpt>
      <trkpt lat="56.549593" lon="-4.413976">
        <ele>273.6</ele>
      </trkpt>
      <trkpt lat="56.549773" lon="-4.413453">
        <ele>272.8</ele>
      </trkpt>
      <trkpt lat="56.550032" lon="-4.412968">
        <ele>272.7</ele>
      </trkpt>
      <trkpt lat="56.55007" lon="-4.412851">
        <ele>272.7</ele>
      </trkpt>
      <trkpt lat="56.550178" lon="-4.412209">
        <ele>271.8</ele>
      </trkpt>
      <trkpt lat="56.550247" lon="-4.411987">
        <ele>271.3</ele>
      </trkpt>
      <trkpt lat="56.550345" lon="-4.411799">
        <ele>270.9</ele>
      </trkpt>
      <trkpt lat="56.550703" lon="-4.4113">
        <ele>270.6</ele>
      </trkpt>
      <trkpt lat="56.550773" lon="-4.411227">
        <ele>270.5</ele>
      </trkpt>
      <trkpt lat="56.551052" lon="-4.411014">
        <ele>271.1</ele>
      </trkpt>
      <trkpt lat="56.551117" lon="-4.410895">
        <ele>271.1</ele>
      </trkpt>
      <trkpt lat="56.551185" lon="-4.410948">
        <ele>271.5</ele>
      </trkpt>
      <trkpt lat="56.551437" lon="-4.410743">
        <ele>271.9</ele>
      </trkpt>
      <trkpt lat="56.552003" lon="-4.409895">
        <ele>274.5</ele>
      </trkpt>
      <trkpt lat="56.552035" lon="-4.409792">
        <ele>274.6</ele>
      </trkpt>
      <trkpt lat="56.55258" lon="-4.408516">
        <ele>272.6</ele>
      </trkpt>
      <trkpt lat="56.553369" lon="-4.407186">
        <ele>272.8</ele>
      </trkpt>
      <trkpt lat="56.553657" lon="-4.406532">
        <ele>270.7</ele>
      </trkpt>
      <trkpt lat="56.553809" lon="-4.406233">
        <ele>270.9</ele>
      </trkpt>
      <trkpt lat="56.554261" lon="-4.405186">
        <ele>266.9</ele>
      </trkpt>
      <trkpt lat="56.554508" lon="-4.404929">
        <ele>266.8</ele>
      </trkpt>
      <trkpt lat="56.554619" lon="-4.404774">
        <ele>266.7</ele>
      </trkpt>
      <trkpt lat="56.554668" lon="-4.404677">
        <ele>266.5</ele>
      </trkpt>
      <trkpt lat="56.554768" lon="-4.404381">
        <ele>265.5</ele>
      </trkpt>
      <trkpt lat="56.554925" lon="-4.403758">
        <ele>262.5</ele>
      </trkpt>
      <trkpt lat="56.555056" lon="-4.40348">
        <ele>261.0</ele>
      </trkpt>
      <trkpt lat="56.555164" lon="-4.403326">
        <ele>260.4</ele>
      </trkpt>
      <trkpt lat="56.556087" lon="-4.402263">
        <ele>262.7</ele>
      </trkpt>
      <trkpt lat="56.556573" lon="-4.401465">
        <ele>263.8</ele>
      </trkpt>
      <trkpt lat="56.556703" lon="-4.401376">
        <ele>264.0</ele>
      </trkpt>
      <trkpt lat="56.55735" lon="-4.401057">
        <ele>263.0</ele>
      </trkpt>
      <trkpt lat="56.557423" lon="-4.401057">
        <ele>263.0</ele>
      </trkpt>
      <trkpt lat="56.557693" lon="-4.40111">
        <ele>264.3</ele>
      </trkpt>
      <trkpt lat="56.557822" lon="-4.401072">
        <ele>264.6</ele>
      </trkpt>
      <trkpt lat="56.558683" lon="-4.400536">
        <ele>265.4</ele>
      </trkpt>
      <trkpt lat="56.559064" lon="-4.399768">
        <ele>261.7</ele>
      </trkpt>
      <trkpt lat="56.559239" lon="-4.399459">
        <ele>262.1</ele>
      </trkpt>
      <trkpt lat="56.559347" lon="-4.399306">
        <ele>263.0</ele>
      </trkpt>
      <trkpt lat="56.559629" lon="-4.398653">
        <ele>263.0</ele>
      </trkpt>
      <trkpt lat="56.560008" lon="-4.397634">
        <ele>261.7</ele>
      </trkpt>
      <trkpt lat="56.560164" lon="-4.397084">
        <ele>259.6</ele>
      </trkpt>
      <trkpt lat="56.560204" lon="-4.396992">
        <ele>259.2</ele>
      </trkpt>
      <trkpt lat="56.560301" lon="-4.396845">
        <ele>258.7</ele>
      </trkpt>
      <trkpt lat="56.56041" lon="-4.396747">
        <ele>258.5</ele>
      </trkpt>
      <trkpt lat="56.560468" lon="-4.396717">
        <ele>258.4</ele>
      </trkpt>
      <trkpt lat="56.56102" lon="-4.396597">
        <ele>259.5</ele>
      </trkpt>
      <trkpt lat="56.561081" lon="-4.396561">
        <ele>259.6</ele>
      </trkpt>
      <trkpt lat="56.561191" lon="-4.39647">
        <ele>259.8</ele>
      </trkpt>
      <trkpt lat="56.56147" lon="-4.396167">
        <ele>260.1</ele>
      </trkpt>
      <trkpt lat="56.562125" lon="-4.395338">
        <ele>255.9</ele>
      </trkpt>
      <trkpt lat="56.5623" lon="-4.395246">
        <ele>254.5</ele>
      </trkpt>
      <trkpt lat="56.562367" lon="-4.395252">
        <ele>254.2</ele>
      </trkpt>
      <trkpt lat="56.562387" lon="-4.395294">
        <ele>254.3</ele>
      </trkpt>
      <trkpt lat="56.562467" lon="-4.395244">
        <ele>253.6</ele>
      </trkpt>
      <trkpt lat="56.56255" lon="-4.395258">
        <ele>253.3</ele>
      </trkpt>
      <trkpt lat="56.563178" lon="-4.39552">
        <ele>251.4</ele>
      </trkpt>
      <trkpt lat="56.563418" lon="-4.395585">
        <ele>250.7</ele>
      </trkpt>
      <trkpt lat="56.56363" lon="-4.395603">
        <ele>250.4</ele>
      </trkpt>
      <trkpt lat="56.563905" lon="-4.39556">
        <ele>249.8</ele>
      </trkpt>
      <trkpt lat="56.563996" lon="-4.395581">
        <ele>249.7</ele>
      </trkpt>
      <trkpt lat="56.564009" lon="-4.39557">
        <ele>249.6</ele>
      </trkpt>
      <trkpt lat="56.56445" lon="-4.395599">
        <ele>248.9</ele>
      </trkpt>
      <trkpt lat="56.565286" lon="-4.39549">
        <ele>247.2</ele>
      </trkpt>
      <trkpt lat="56.566512" lon="-4.395573">
        <ele>247.2</ele>
      </trkpt>
      <trkpt lat="56.567627" lon="-4.395418">
        <ele>247.1</ele>
      </trkpt>
      <trkpt lat="56.568166" lon="-4.395156">
        <ele>246.5</ele>
      </trkpt>
      <trkpt lat="56.568227" lon="-4.395088">
        <ele>246.3</ele>
      </trkpt>
      <trkpt lat="56.568327" lon="-4.394905">
        <ele>245.9</ele>
      </trkpt>
      <trkpt lat="56.568432" lon="-4.394569">
        <ele>245.7</ele>
      </trkpt>
      <trkpt lat="56.568992" lon="-4.393604">
        <ele>245.9</ele>
      </trkpt>
      <trkpt lat="56.569128" lon="-4.393547">
        <ele>246.2</ele>
      </trkpt>
      <trkpt lat="56.569261" lon="-4.393566">
        <ele>246.5</ele>
      </trkpt>
      <trkpt lat="56.569323" lon="-4.3936">
        <ele>246.7</ele>
      </trkpt>
      <trkpt lat="56.569432" lon="-4.393712">
        <ele>247.1</ele>
      </trkpt>
      <trkpt lat="56.569763" lon="-4.394348">
        <ele>248.6</ele>
      </trkpt>
      <trkpt lat="56.569895" lon="-4.394549">
        <ele>249.2</ele>
      </trkpt>
      <trkpt lat="56.570002" lon="-4.394936">
        <ele>249.9</ele>
      </trkpt>
      <trkpt lat="56.570056" lon="-4.395024">
        <ele>250.2</ele>
      </trkpt>
      <trkpt lat="56.57009" lon="-4.395041">
        <ele>250.3</ele>
      </trkpt>
      <trkpt lat="56.570203" lon="-4.394991">
        <ele>250.0</ele>
      </trkpt>
      <trkpt lat="56.570441" lon="-4.394706">
        <ele>249.6</ele>
      </trkpt>
      <trkpt lat="56.570552" lon="-4.394629">
        <ele>249.6</ele>
      </trkpt>
      <trkpt lat="56.571335" lon="-4.394533">
        <ele>250.6</ele>
      </trkpt>
      <trkpt lat="56.571757" lon="-4.394534">
        <ele>251.8</ele>
      </trkpt>
      <trkpt lat="56.571814" lon="-4.394502">
        <ele>251.9</ele>
      </trkpt>
      <trkpt lat="56.571935" lon="-4.394399">
        <ele>252.2</ele>
      </trkpt>
      <trkpt lat="56.572131" lon="-4.394174">
        <ele>252.7</ele>
      </trkpt>
      <trkpt lat="56.572449" lon="-4.393996">
        <ele>253.6</ele>
      </trkpt>
      <trkpt lat="56.572523" lon="-4.39392">
        <ele>253.9</ele>
      </trkpt>
      <trkpt lat="56.572623" lon="-4.393793">
        <ele>254.4</ele>
      </trkpt>
      <trkpt lat="56.57271" lon="-4.393631">
        <ele>254.7</ele>
      </trkpt>
      <trkpt lat="56.573239" lon="-4.392897">
        <ele>255.9</ele>
      </trkpt>
      <trkpt lat="56.573823" lon="-4.391819">
        <ele>256.1</ele>
      </trkpt>
      <trkpt lat="56.573908" lon="-4.391713">
        <ele>256.3</ele>
      </trkpt>
      <trkpt lat="56.574147" lon="-4.391542">
        <ele>257.9</ele>
      </trkpt>
      <trkpt lat="56.574235" lon="-4.391441">
        <ele>258.5</ele>
      </trkpt>
      <trkpt lat="56.575298" lon="-4.38937">
        <ele>259.6</ele>
      </trkpt>
      <trkpt lat="56.575456" lon="-4.388851">
        <ele>258.3</ele>
      </trkpt>
      <trkpt lat="56.575623" lon="-4.388481">
        <ele>257.9</ele>
      </trkpt>
      <trkpt lat="56.575833" lon="-4.388259">
        <ele>258.6</ele>
      </trkpt>
      <trkpt lat="56.576285" lon="-4.387729">
        <ele>263.1</ele>
      </trkpt>
      <trkpt lat="56.57675" lon="-4.38696">
        <ele>266.9</ele>
      </trkpt>
      <trkpt lat="56.57701" lon="-4.386133">
        <ele>264.4</ele>
      </trkpt>
      <trkpt lat="56.57737" lon="-4.385577">
        <ele>264.0</ele>
      </trkpt>
      <trkpt lat="56.578002" lon="-4.384983">
        <ele>262.5</ele>
      </trkpt>
      <trkpt lat="56.57857" lon="-4.384037">
        <ele>261.5</ele>
      </trkpt>
      <trkpt lat="56.578864" lon="-4.383609">
        <ele>260.9</ele>
      </trkpt>
      <trkpt lat="56.578977" lon="-4.383528">
        <ele>261.0</ele>
      </trkpt>
      <trkpt lat="56.579038" lon="-4.383517">
        <ele>261.3</ele>
      </trkpt>
      <trkpt lat="56.579326" lon="-4.383534">
        <ele>262.9</ele>
      </trkpt>
      <trkpt lat="56.579401" lon="-4.38352">
        <ele>263.3</ele>
      </trkpt>
      <trkpt lat="56.579717" lon="-4.383407">
        <ele>264.7</ele>
      </trkpt>
      <trkpt lat="56.579775" lon="-4.38337">
        <ele>264.8</ele>
      </trkpt>
      <trkpt lat="56.580249" lon="-4.382987">
        <ele>265.8</ele>
      </trkpt>
      <trkpt lat="56.580391" lon="-4.38275">
        <ele>265.3</ele>
      </trkpt>
      <trkpt lat="56.5808" lon="-4.382345">
        <ele>266.3</ele>
      </trkpt>
      <trkpt lat="56.581172" lon="-4.382199">
        <ele>272.0</ele>
      </trkpt>
      <trkpt lat="56.58133" lon="-4.382022">
        <ele>273.5</ele>
      </trkpt>
      <trkpt lat="56.581856" lon="-4.381354">
        <ele>278.2</ele>
      </trkpt>
      <trkpt lat="56.582192" lon="-4.381017">
        <ele>282.6</ele>
      </trkpt>
      <trkpt lat="56.582419" lon="-4.380302">
        <ele>282.3</ele>
      </trkpt>
      <trkpt lat="56.582571" lon="-4.378878">
        <ele>279.4</ele>
      </trkpt>
      <trkpt lat="56.582904" lon="-4.377617">
        <ele>278.6</ele>
      </trkpt>
      <trkpt lat="56.583001" lon="-4.377445">
        <ele>279.0</ele>
      </trkpt>
      <trkpt lat="56.583117" lon="-4.377313">
        <ele>280.0</ele>
      </trkpt>
      <trkpt lat="56.583166" lon="-4.377233">
        <ele>280.3</ele>
      </trkpt>
      <trkpt lat="56.583198" lon="-4.377127">
        <ele>280.0</ele>
      </trkpt>
      <trkpt lat="56.58331" lon="-4.37623">
        <ele>277.0</ele>
      </trkpt>
      <trkpt lat="56.583629" lon="-4.375076">
        <ele>279.4</ele>
      </trkpt>
      <trkpt lat="56.583845" lon="-4.374069">
        <ele>279.4</ele>
      </trkpt>
      <trkpt lat="56.584069" lon="-4.372855">
        <ele>277.8</ele>
      </trkpt>
      <trkpt lat="56.584341" lon="-4.371025">
        <ele>276.2</ele>
      </trkpt>
      <trkpt lat="56.584464" lon="-4.369807">
        <ele>273.9</ele>
      </trkpt>
      <trkpt lat="56.584538" lon="-4.368863">
        <ele>272.4</ele>
      </trkpt>
      <trkpt lat="56.584787" lon="-4.367017">
        <ele>270.5</ele>
      </trkpt>
      <trkpt lat="56.585038" lon="-4.365747">
        <ele>269.5</ele>
      </trkpt>
      <trkpt lat="56.585487" lon="-4.364131">
        <ele>271.2</ele>
      </trkpt>
      <trkpt lat="56.585859" lon="-4.36266">
        <ele>271.6</ele>
      </trkpt>
      <trkpt lat="56.585952" lon="-4.362158">
        <ele>271.5</ele>
      </trkpt>
      <trkpt lat="56.585958" lon="-4.361883">
        <ele>269.9</ele>
      </trkpt>
      <trkpt lat="56.585937" lon="-4.361171">
        <ele>266.1</ele>
      </trkpt>
      <trkpt lat="56.585971" lon="-4.360583">
        <ele>264.3</ele>
      </trkpt>
      <trkpt lat="56.586122" lon="-4.35946">
        <ele>261.0</ele>
      </trkpt>
      <trkpt lat="56.586166" lon="-4.359348">
        <ele>261.3</ele>
      </trkpt>
      <trkpt lat="56.586417" lon="-4.358885">
        <ele>263.7</ele>
      </trkpt>
      <trkpt lat="56.586449" lon="-4.358776">
        <ele>263.6</ele>
      </trkpt>
      <trkpt lat="56.586505" lon="-4.358432">
        <ele>262.1</ele>
      </trkpt>
      <trkpt lat="56.586663" lon="-4.358015">
        <ele>262.3</ele>
      </trkpt>
      <trkpt lat="56.587152" lon="-4.35616">
        <ele>261.2</ele>
      </trkpt>
      <trkpt lat="56.587239" lon="-4.355599">
        <ele>260.2</ele>
      </trkpt>
      <trkpt lat="56.587563" lon="-4.354102">
        <ele>257.4</ele>
      </trkpt>
      <trkpt lat="56.587651" lon="-4.353495">
        <ele>254.6</ele>
      </trkpt>
      <trkpt lat="56.587791" lon="-4.352879">
        <ele>254.2</ele>
      </trkpt>
      <trkpt lat="56.58803" lon="-4.351485">
        <ele>251.6</ele>
      </trkpt>
      <trkpt lat="56.588252" lon="-4.350558">
        <ele>253.4</ele>
      </trkpt>
      <trkpt lat="56.588391" lon="-4.34913">
        <ele>253.3</ele>
      </trkpt>
      <trkpt lat="56.588477" lon="-4.346479">
        <ele>249.4</ele>
      </trkpt>
      <trkpt lat="56.58847" lon="-4.345708">
        <ele>246.3</ele>
      </trkpt>
      <trkpt lat="56.588512" lon="-4.34531">
        <ele>246.5</ele>
      </trkpt>
      <trkpt lat="56.588642" lon="-4.344855">
        <ele>249.9</ele>
      </trkpt>
      <trkpt lat="56.588661" lon="-4.344733">
        <ele>250.2</ele>
      </trkpt>
      <trkpt lat="56.588645" lon="-4.343731">
        <ele>244.8</ele>
      </trkpt>
      <trkpt lat="56.588733" lon="-4.342333">
        <ele>241.8</ele>
      </trkpt>
      <trkpt lat="56.58876" lon="-4.341083">
        <ele>237.3</ele>
      </trkpt>
      <trkpt lat="56.588787" lon="-4.340569">
        <ele>235.8</ele>
      </trkpt>
      <trkpt lat="56.588893" lon="-4.33919">
        <ele>232.9</ele>
      </trkpt>
      <trkpt lat="56.589369" lon="-4.335702">
        <ele>232.8</ele>
      </trkpt>
      <trkpt lat="56.589711" lon="-4.333882">
        <ele>237.2</ele>
      </trkpt>
      <trkpt lat="56.589709" lon="-4.333773">
        <ele>236.7</ele>
      </trkpt>
      <trkpt lat="56.589843" lon="-4.33304">
        <ele>237.7</ele>
      </trkpt>
      <trkpt lat="56.589913" lon="-4.332549">
        <ele>238.0</ele>
      </trkpt>
      <trkpt lat="56.590047" lon="-4.331431">
        <ele>238.7</ele>
      </trkpt>
      <trkpt lat="56.590051" lon="-4.331206">
        <ele>238.3</ele>
      </trkpt>
      <trkpt lat="56.590007" lon="-4.330624">
        <ele>234.6</ele>
      </trkpt>
      <trkpt lat="56.590067" lon="-4.329283">
        <ele>231.3</ele>
      </trkpt>
      <trkpt lat="56.590167" lon="-4.328538">
        <ele>231.3</ele>
      </trkpt>
      <trkpt lat="56.590183" lon="-4.327488">
        <ele>229.9</ele>
      </trkpt>
      <trkpt lat="56.59038" lon="-4.325964">
        <ele>232.5</ele>
      </trkpt>
      <trkpt lat="56.59061" lon="-4.324472">
        <ele>232.4</ele>
      </trkpt>
      <trkpt lat="56.59081" lon="-4.32346">
        <ele>232.2</ele>
      </trkpt>
      <trkpt lat="56.591101" lon="-4.322226">
        <ele>231.6</ele>
      </trkpt>
      <trkpt lat="56.591237" lon="-4.321551">
        <ele>230.2</ele>
      </trkpt>
      <trkpt lat="56.591275" lon="-4.321243">
        <ele>228.5</ele>
      </trkpt>
      <trkpt lat="56.591257" lon="-4.320201">
        <ele>219.3</ele>
      </trkpt>
      <trkpt lat="56.591287" lon="-4.319757">
        <ele>216.8</ele>
      </trkpt>
      <trkpt lat="56.591505" lon="-4.318637">
        <ele>211.7</ele>
      </trkpt>
      <trkpt lat="56.591648" lon="-4.318267">
        <ele>209.6</ele>
      </trkpt>
      <trkpt lat="56.591759" lon="-4.318115">
        <ele>210.1</ele>
      </trkpt>
      <trkpt lat="56.591865" lon="-4.318046">
        <ele>211.0</ele>
      </trkpt>
      <trkpt lat="56.591844" lon="-4.317935">
        <ele>210.1</ele>
      </trkpt>
      <trkpt lat="56.591875" lon="-4.317983">
        <ele>210.8</ele>
      </trkpt>
      <trkpt lat="56.591842" lon="-4.31796">
        <ele>210.2</ele>
      </trkpt>
      <trkpt lat="56.591858" lon="-4.317955">
        <ele>210.4</ele>
      </trkpt>
      <trkpt lat="56.591866" lon="-4.317999">
        <ele>210.7</ele>
      </trkpt>
      <trkpt lat="56.591986" lon="-4.317966">
        <ele>211.9</ele>
      </trkpt>
      <trkpt lat="56.591995" lon="-4.317963">
        <ele>212.0</ele>
      </trkpt>
      <trkpt lat="56.592414" lon="-4.317773">
        <ele>215.4</ele>
      </trkpt>
      <trkpt lat="56.592554" lon="-4.317668">
        <ele>216.5</ele>
      </trkpt>
      <trkpt lat="56.59288" lon="-4.317099">
        <ele>217.0</ele>
      </trkpt>
      <trkpt lat="56.593008" lon="-4.316785">
        <ele>215.8</ele>
      </trkpt>
      <trkpt lat="56.593463" lon="-4.315807">
        <ele>218.5</ele>
      </trkpt>
      <trkpt lat="56.593722" lon="-4.314991">
        <ele>218.7</ele>
      </trkpt>
      <trkpt lat="56.593924" lon="-4.313599">
        <ele>214.8</ele>
      </trkpt>
      <trkpt lat="56.594129" lon="-4.311457">
        <ele>208.6</ele>
      </trkpt>
      <trkpt lat="56.594141" lon="-4.311173">
        <ele>208.3</ele>
      </trkpt>
      <trkpt lat="56.594074" lon="-4.310105">
        <ele>205.7</ele>
      </trkpt>
      <trkpt lat="56.594103" lon="-4.309711">
        <ele>205.2</ele>
      </trkpt>
      <trkpt lat="56.594452" lon="-4.307638">
        <ele>209.1</ele>
      </trkpt>
      <trkpt lat="56.594842" lon="-4.306282">
        <ele>211.8</ele>
      </trkpt>
      <trkpt lat="56.59515" lon="-4.305378">
        <ele>212.5</ele>
      </trkpt>
      <trkpt lat="56.595681" lon="-4.304367">
        <ele>214.8</ele>
      </trkpt>
      <trkpt lat="56.595942" lon="-4.304092">
        <ele>215.2</ele>
      </trkpt>
      <trkpt lat="56.597246" lon="-4.303345">
        <ele>218.3</ele>
      </trkpt>
      <trkpt lat="56.597779" lon="-4.303068">
        <ele>218.5</ele>
      </trkpt>
      <trkpt lat="56.598149" lon="-4.302899">
        <ele>217.8</ele>
      </trkpt>
      <trkpt lat="56.598451" lon="-4.302653">
        <ele>216.9</ele>
      </trkpt>
      <trkpt lat="56.598618" lon="-4.302388">
        <ele>216.3</ele>
      </trkpt>
      <trkpt lat="56.598681" lon="-4.302014">
        <ele>215.2</ele>
      </trkpt>
      <trkpt lat="56.598805" lon="-4.302078">
        <ele>216.0</ele>
      </trkpt>
      <trkpt lat="56.599061" lon="-4.302882">
        <ele>218.4</ele>
      </trkpt>
      <trkpt lat="56.599138" lon="-4.303078">
        <ele>218.7</ele>
      </trkpt>
      <trkpt lat="56.599179" lon="-4.303118">
        <ele>218.9</ele>
      </trkpt>
      <trkpt lat="56.599281" lon="-4.303304">
        <ele>220.2</ele>
      </trkpt>
      <trkpt lat="56.599569" lon="-4.303732">
        <ele>224.3</ele>
      </trkpt>
      <trkpt lat="56.59985" lon="-4.304198">
        <ele>227.1</ele>
      </trkpt>
      <trkpt lat="56.600069" lon="-4.304656">
        <ele>228.7</ele>
      </trkpt>
      <trkpt lat="56.600584" lon="-4.304854">
        <ele>233.9</ele>
      </trkpt>
      <trkpt lat="56.60067" lon="-4.304905">
        <ele>234.6</ele>
      </trkpt>
      <trkpt lat="56.601005" lon="-4.30528">
        <ele>238.9</ele>
      </trkpt>
      <trkpt lat="56.601345" lon="-4.305605">
        <ele>242.8</ele>
      </trkpt>
      <trkpt lat="56.601584" lon="-4.305896">
        <ele>244.1</ele>
      </trkpt>
      <trkpt lat="56.601836" lon="-4.305907">
        <ele>247.5</ele>
      </trkpt>
      <trkpt lat="56.602074" lon="-4.306183">
        <ele>249.8</ele>
      </trkpt>
      <trkpt lat="56.602275" lon="-4.306451">
        <ele>250.8</ele>
      </trkpt>
      <trkpt lat="56.602722" lon="-4.306666">
        <ele>256.8</ele>
      </trkpt>
      <trkpt lat="56.603014" lon="-4.306999">
        <ele>261.2</ele>
      </trkpt>
      <trkpt lat="56.60332" lon="-4.307549">
        <ele>262.5</ele>
      </trkpt>
      <trkpt lat="56.603532" lon="-4.308012">
        <ele>263.3</ele>
      </trkpt>
      <trkpt lat="56.603763" lon="-4.308111">
        <ele>267.1</ele>
      </trkpt>
      <trkpt lat="56.603947" lon="-4.308157">
        <ele>270.4</ele>
      </trkpt>
      <trkpt lat="56.604199" lon="-4.308305">
        <ele>274.1</ele>
      </trkpt>
      <trkpt lat="56.604653" lon="-4.308796">
        <ele>281.6</ele>
      </trkpt>
      <trkpt lat="56.60494" lon="-4.309031">
        <ele>286.6</ele>
      </trkpt>
      <trkpt lat="56.605201" lon="-4.309167">
        <ele>291.3</ele>
      </trkpt>
      <trkpt lat="56.605446" lon="-4.309419">
        <ele>294.8</ele>
      </trkpt>
      <trkpt lat="56.605752" lon="-4.309897">
        <ele>297.3</ele>
      </trkpt>
      <trkpt lat="56.605962" lon="-4.310081">
        <ele>300.2</ele>
      </trkpt>
      <trkpt lat="56.606322" lon="-4.309989">
        <ele>306.9</ele>
      </trkpt>
      <trkpt lat="56.60655" lon="-4.310047">
        <ele>310.7</ele>
      </trkpt>
      <trkpt lat="56.606787" lon="-4.310204">
        <ele>313.8</ele>
      </trkpt>
      <trkpt lat="56.606949" lon="-4.310448">
        <ele>315.1</ele>
      </trkpt>
      <trkpt lat="56.607207" lon="-4.310719">
        <ele>317.9</ele>
      </trkpt>
      <trkpt lat="56.607587" lon="-4.310608">
        <ele>324.0</ele>
      </trkpt>
      <trkpt lat="56.608118" lon="-4.310401">
        <ele>331.7</ele>
      </trkpt>
      <trkpt lat="56.6083" lon="-4.310123">
        <ele>334.4</ele>
      </trkpt>
      <trkpt lat="56.608244" lon="-4.309851">
        <ele>336.2</ele>
      </trkpt>
      <trkpt lat="56.608138" lon="-4.309527">
        <ele>339.6</ele>
      </trkpt>
      <trkpt lat="56.608001" lon="-4.309175">
        <ele>342.7</ele>
      </trkpt>
      <trkpt lat="56.607921" lon="-4.309049">
        <ele>343.2</ele>
      </trkpt>
      <trkpt lat="56.607924" lon="-4.308932">
        <ele>344.9</ele>
      </trkpt>
      <trkpt lat="56.607983" lon="-4.308871">
        <ele>346.7</ele>
      </trkpt>
      <trkpt lat="56.608139" lon="-4.308887">
        <ele>349.1</ele>
      </trkpt>
      <trkpt lat="56.608487" lon="-4.30909">
        <ele>351.1</ele>
      </trkpt>
      <trkpt lat="56.608744" lon="-4.309161">
        <ele>353.0</ele>
      </trkpt>
      <trkpt lat="56.608921" lon="-4.309165">
        <ele>355.1</ele>
      </trkpt>
      <trkpt lat="56.609188" lon="-4.309029">
        <ele>360.8</ele>
      </trkpt>
      <trkpt lat="56.609411" lon="-4.308949">
        <ele>363.8</ele>
      </trkpt>
      <trkpt lat="56.609763" lon="-4.308783">
        <ele>369.0</ele>
      </trkpt>
      <trkpt lat="56.609816" lon="-4.308722">
        <ele>370.4</ele>
      </trkpt>
      <trkpt lat="56.609846" lon="-4.308628">
        <ele>372.2</ele>
      </trkpt>
      <trkpt lat="56.61004" lon="-4.308446">
        <ele>376.1</ele>
      </trkpt>
      <trkpt lat="56.610231" lon="-4.308334">
        <ele>377.4</ele>
      </trkpt>
      <trkpt lat="56.610577" lon="-4.307966">
        <ele>384.4</ele>
      </trkpt>
      <trkpt lat="56.610985" lon="-4.307616">
        <ele>392.0</ele>
      </trkpt>
      <trkpt lat="56.611379" lon="-4.307243">
        <ele>400.0</ele>
      </trkpt>
      <trkpt lat="56.611561" lon="-4.307019">
        <ele>405.2</ele>
      </trkpt>
      <trkpt lat="56.611803" lon="-4.306854">
        <ele>408.9</ele>
      </trkpt>
      <trkpt lat="56.612788" lon="-4.306433">
        <ele>415.8</ele>
      </trkpt>
      <trkpt lat="56.61313" lon="-4.30624">
        <ele>418.6</ele>
      </trkpt>
      <trkpt lat="56.613529" lon="-4.306146">
        <ele>419.3</ele>
      </trkpt>
      <trkpt lat="56.613792" lon="-4.306033">
        <ele>421.2</ele>
      </trkpt>
      <trkpt lat="56.613951" lon="-4.305919">
        <ele>423.5</ele>
      </trkpt>
      <trkpt lat="56.614161" lon="-4.305714">
        <ele>428.0</ele>
      </trkpt>
      <trkpt lat="56.614451" lon="-4.305572">
        <ele>432.7</ele>
      </trkpt>
      <trkpt lat="56.614731" lon="-4.305471">
        <ele>436.5</ele>
      </trkpt>
      <trkpt lat="56.614997" lon="-4.305323">
        <ele>441.5</ele>
      </trkpt>
      <trkpt lat="56.615052" lon="-4.305285">
        <ele>442.6</ele>
      </trkpt>
      <trkpt lat="56.615253" lon="-4.30506">
        <ele>449.3</ele>
      </trkpt>
      <trkpt lat="56.61547" lon="-4.304935">
        <ele>453.0</ele>
      </trkpt>
      <trkpt lat="56.615916" lon="-4.304789">
        <ele>457.4</ele>
      </trkpt>
      <trkpt lat="56.616386" lon="-4.304693">
        <ele>460.0</ele>
      </trkpt>
      <trkpt lat="56.616469" lon="-4.304701">
        <ele>459.9</ele>
      </trkpt>
      <trkpt lat="56.616785" lon="-4.30454">
        <ele>463.4</ele>
      </trkpt>
      <trkpt lat="56.617107" lon="-4.304409">
        <ele>465.4</ele>
      </trkpt>
      <trkpt lat="56.617431" lon="-4.304226">
        <ele>469.4</ele>
      </trkpt>
      <trkpt lat="56.617881" lon="-4.304181">
        <ele>466.9</ele>
      </trkpt>
      <trkpt lat="56.618833" lon="-4.303955">
        <ele>464.6</ele>
      </trkpt>
      <trkpt lat="56.619195" lon="-4.303848">
        <ele>463.9</ele>
      </trkpt>
      <trkpt lat="56.619179" lon="-4.303859">
        <ele>463.8</ele>
      </trkpt>
      <trkpt lat="56.619329" lon="-4.303717">
        <ele>465.8</ele>
      </trkpt>
      <trkpt lat="56.619611" lon="-4.303335">
        <ele>471.9</ele>
      </trkpt>
      <trkpt lat="56.619775" lon="-4.303309">
        <ele>469.3</ele>
      </trkpt>
      <trkpt lat="56.620154" lon="-4.303165">
        <ele>465.9</ele>
      </trkpt>
      <trkpt lat="56.620496" lon="-4.302873">
        <ele>468.1</ele>
      </trkpt>
      <trkpt lat="56.620966" lon="-4.302538">
        <ele>469.8</ele>
      </trkpt>
      <trkpt lat="56.621295" lon="-4.30235">
        <ele>470.2</ele>
      </trkpt>
      <trkpt lat="56.621554" lon="-4.302228">
        <ele>469.4</ele>
      </trkpt>
      <trkpt lat="56.622565" lon="-4.301568">
        <ele>469.8</ele>
      </trkpt>
      <trkpt lat="56.622975" lon="-4.301363">
        <ele>469.1</ele>
      </trkpt>
      <trkpt lat="56.6231" lon="-4.301267">
        <ele>469.8</ele>
      </trkpt>
      <trkpt lat="56.623411" lon="-4.301105">
        <ele>469.5</ele>
      </trkpt>
      <trkpt lat="56.623953" lon="-4.300744">
        <ele>471.3</ele>
      </trkpt>
      <trkpt lat="56.624114" lon="-4.300694">
        <ele>470.1</ele>
      </trkpt>
      <trkpt lat="56.624318" lon="-4.300567">
        <ele>470.6</ele>
      </trkpt>
      <trkpt lat="56.624471" lon="-4.300452">
        <ele>471.2</ele>
      </trkpt>
      <trkpt lat="56.624812" lon="-4.300144">
        <ele>472.5</ele>
      </trkpt>
      <trkpt lat="56.625108" lon="-4.299955">
        <ele>471.9</ele>
      </trkpt>
      <trkpt lat="56.625289" lon="-4.299971">
        <ele>469.5</ele>
      </trkpt>
      <trkpt lat="56.625467" lon="-4.299886">
        <ele>469.4</ele>
      </trkpt>
      <trkpt lat="56.626022" lon="-4.299484">
        <ele>470.9</ele>
      </trkpt>
      <trkpt lat="56.626365" lon="-4.299266">
        <ele>471.4</ele>
      </trkpt>
      <trkpt lat="56.626688" lon="-4.299017">
        <ele>472.7</ele>
      </trkpt>
      <trkpt lat="56.627081" lon="-4.29882">
        <ele>473.3</ele>
      </trkpt>
      <trkpt lat="56.627369" lon="-4.298774">
        <ele>471.7</ele>
      </trkpt>
      <trkpt lat="56.627684" lon="-4.298576">
        <ele>472.5</ele>
      </trkpt>
      <trkpt lat="56.628029" lon="-4.298431">
        <ele>472.2</ele>
      </trkpt>
      <trkpt lat="56.628526" lon="-4.298257">
        <ele>470.7</ele>
      </trkpt>
      <trkpt lat="56.628872" lon="-4.298088">
        <ele>470.5</ele>
      </trkpt>
      <trkpt lat="56.629206" lon="-4.297758">
        <ele>472.1</ele>
      </trkpt>
      <trkpt lat="56.629494" lon="-4.297527">
        <ele>473.6</ele>
      </trkpt>
      <trkpt lat="56.629625" lon="-4.297594">
        <ele>472.6</ele>
      </trkpt>
      <trkpt lat="56.629696" lon="-4.297612">
        <ele>472.2</ele>
      </trkpt>
      <trkpt lat="56.63002" lon="-4.298055">
        <ele>468.8</ele>
      </trkpt>
      <trkpt lat="56.63047" lon="-4.298409">
        <ele>470.8</ele>
      </trkpt>
      <trkpt lat="56.630679" lon="-4.298432">
        <ele>472.5</ele>
      </trkpt>
      <trkpt lat="56.630858" lon="-4.298484">
        <ele>474.1</ele>
      </trkpt>
      <trkpt lat="56.631372" lon="-4.298776">
        <ele>480.9</ele>
      </trkpt>
      <trkpt lat="56.631704" lon="-4.298894">
        <ele>485.4</ele>
      </trkpt>
      <trkpt lat="56.631921" lon="-4.298825">
        <ele>486.5</ele>
      </trkpt>
      <trkpt lat="56.632183" lon="-4.298811">
        <ele>488.6</ele>
      </trkpt>
      <trkpt lat="56.63226" lon="-4.298733">
        <ele>488.3</ele>
      </trkpt>
      <trkpt lat="56.632498" lon="-4.298818">
        <ele>491.4</ele>
      </trkpt>
      <trkpt lat="56.632812" lon="-4.299089">
        <ele>496.4</ele>
      </trkpt>
      <trkpt lat="56.633512" lon="-4.298759">
        <ele>495.1</ele>
      </trkpt>
      <trkpt lat="56.63386" lon="-4.298633">
        <ele>495.1</ele>
      </trkpt>
      <trkpt lat="56.634788" lon="-4.298381">
        <ele>495.0</ele>
      </trkpt>
      <trkpt lat="56.635079" lon="-4.298347">
        <ele>495.5</ele>
      </trkpt>
      <trkpt lat="56.635188" lon="-4.298261">
        <ele>495.0</ele>
      </trkpt>
      <trkpt lat="56.635976" lon="-4.297788">
        <ele>492.0</ele>
      </trkpt>
      <trkpt lat="56.636496" lon="-4.29755">
        <ele>488.8</ele>
      </trkpt>
      <trkpt lat="56.636667" lon="-4.297438">
        <ele>487.3</ele>
      </trkpt>
      <trkpt lat="56.637208" lon="-4.297292">
        <ele>485.5</ele>
      </trkpt>
      <trkpt lat="56.638038" lon="-4.297005">
        <ele>482.7</ele>
      </trkpt>
      <trkpt lat="56.638395" lon="-4.296944">
        <ele>482.5</ele>
      </trkpt>
      <trkpt lat="56.639294" lon="-4.296639">
        <ele>481.3</ele>
      </trkpt>
      <trkpt lat="56.63965" lon="-4.296576">
        <ele>479.4</ele>
      </trkpt>
      <trkpt lat="56.639905" lon="-4.29649">
        <ele>477.6</ele>
      </trkpt>
      <trkpt lat="56.640318" lon="-4.29642">
        <ele>475.1</ele>
      </trkpt>
      <trkpt lat="56.640415" lon="-4.296384">
        <ele>474.3</ele>
      </trkpt>
      <trkpt lat="56.640558" lon="-4.296281">
        <ele>472.6</ele>
      </trkpt>
      <trkpt lat="56.640655" lon="-4.296187">
        <ele>471.3</ele>
      </trkpt>
      <trkpt lat="56.640751" lon="-4.296045">
        <ele>469.4</ele>
      </trkpt>
      <trkpt lat="56.640946" lon="-4.29581">
        <ele>466.5</ele>
      </trkpt>
      <trkpt lat="56.641126" lon="-4.295534">
        <ele>463.4</ele>
      </trkpt>
      <trkpt lat="56.64132" lon="-4.295504">
        <ele>462.7</ele>
      </trkpt>
      <trkpt lat="56.64138" lon="-4.29548">
        <ele>462.3</ele>
      </trkpt>
      <trkpt lat="56.641489" lon="-4.295482">
        <ele>462.1</ele>
      </trkpt>
      <trkpt lat="56.641632" lon="-4.295446">
        <ele>461.4</ele>
      </trkpt>
      <trkpt lat="56.642198" lon="-4.295194">
        <ele>459.4</ele>
      </trkpt>
      <trkpt lat="56.642442" lon="-4.295023">
        <ele>458.1</ele>
      </trkpt>
      <trkpt lat="56.643068" lon="-4.294687">
        <ele>461.7</ele>
      </trkpt>
      <trkpt lat="56.643099" lon="-4.294684">
        <ele>462.0</ele>
      </trkpt>
      <trkpt lat="56.643458" lon="-4.294502">
        <ele>463.7</ele>
      </trkpt>
      <trkpt lat="56.643924" lon="-4.294318">
        <ele>465.3</ele>
      </trkpt>
      <trkpt lat="56.644456" lon="-4.293919">
        <ele>467.3</ele>
      </trkpt>
      <trkpt lat="56.644823" lon="-4.293587">
        <ele>468.8</ele>
      </trkpt>
      <trkpt lat="56.645156" lon="-4.293131">
        <ele>469.0</ele>
      </trkpt>
      <trkpt lat="56.645608" lon="-4.292314">
        <ele>465.6</ele>
      </trkpt>
      <trkpt lat="56.645839" lon="-4.292102">
        <ele>464.7</ele>
      </trkpt>
      <trkpt lat="56.646445" lon="-4.292038">
        <ele>459.2</ele>
      </trkpt>
      <trkpt lat="56.646587" lon="-4.292072">
        <ele>458.5</ele>
      </trkpt>
      <trkpt lat="56.647108" lon="-4.292318">
        <ele>457.5</ele>
      </trkpt>
      <trkpt lat="56.647491" lon="-4.292273">
        <ele>454.2</ele>
      </trkpt>
      <trkpt lat="56.6476" lon="-4.292228">
        <ele>453.2</ele>
      </trkpt>
      <trkpt lat="56.647701" lon="-4.292155">
        <ele>452.1</ele>
      </trkpt>
      <trkpt lat="56.647935" lon="-4.291937">
        <ele>449.5</ele>
      </trkpt>
      <trkpt lat="56.647972" lon="-4.291926">
        <ele>449.3</ele>
      </trkpt>
      <trkpt lat="56.648129" lon="-4.291985">
        <ele>449.0</ele>
      </trkpt>
      <trkpt lat="56.648232" lon="-4.29205">
        <ele>448.8</ele>
      </trkpt>
      <trkpt lat="56.64849" lon="-4.291914">
        <ele>447.4</ele>
      </trkpt>
      <trkpt lat="56.648781" lon="-4.291643">
        <ele>445.2</ele>
      </trkpt>
      <trkpt lat="56.64904" lon="-4.291445">
        <ele>443.0</ele>
      </trkpt>
      <trkpt lat="56.649491" lon="-4.291253">
        <ele>440.7</ele>
      </trkpt>
      <trkpt lat="56.649945" lon="-4.291035">
        <ele>438.8</ele>
      </trkpt>
      <trkpt lat="56.650015" lon="-4.291018">
        <ele>438.5</ele>
      </trkpt>
      <trkpt lat="56.6503" lon="-4.291062">
        <ele>436.4</ele>
      </trkpt>
      <trkpt lat="56.650446" lon="-4.291131">
        <ele>435.5</ele>
      </trkpt>
      <trkpt lat="56.650912" lon="-4.291234">
        <ele>432.4</ele>
      </trkpt>
      <trkpt lat="56.651324" lon="-4.291176">
        <ele>429.0</ele>
      </trkpt>
      <trkpt lat="56.652208" lon="-4.291312">
        <ele>422.2</ele>
      </trkpt>
      <trkpt lat="56.652696" lon="-4.291645">
        <ele>419.0</ele>
      </trkpt>
      <trkpt lat="56.65293" lon="-4.291713">
        <ele>417.1</ele>
      </trkpt>
      <trkpt lat="56.653547" lon="-4.291771">
        <ele>411.4</ele>
      </trkpt>
      <trkpt lat="56.653925" lon="-4.291858">
        <ele>408.1</ele>
      </trkpt>
      <trkpt lat="56.654363" lon="-4.29213">
        <ele>404.8</ele>
      </trkpt>
      <trkpt lat="56.654692" lon="-4.292176">
        <ele>401.8</ele>
      </trkpt>
      <trkpt lat="56.655019" lon="-4.292321">
        <ele>399.2</ele>
      </trkpt>
      <trkpt lat="56.655259" lon="-4.292365">
        <ele>397.7</ele>
      </trkpt>
      <trkpt lat="56.655829" lon="-4.292285">
        <ele>393.5</ele>
      </trkpt>
      <trkpt lat="56.656184" lon="-4.292408">
        <ele>391.6</ele>
      </trkpt>
      <trkpt lat="56.656462" lon="-4.292536">
        <ele>390.3</ele>
      </trkpt>
      <trkpt lat="56.65686" lon="-4.292917">
        <ele>388.4</ele>
      </trkpt>
      <trkpt lat="56.657076" lon="-4.293091">
        <ele>387.0</ele>
      </trkpt>
      <trkpt lat="56.657419" lon="-4.293289">
        <ele>384.6</ele>
      </trkpt>
      <trkpt lat="56.657699" lon="-4.293221">
        <ele>381.9</ele>
      </trkpt>
      <trkpt lat="56.658028" lon="-4.293005">
        <ele>378.4</ele>
      </trkpt>
      <trkpt lat="56.658266" lon="-4.292938">
        <ele>376.1</ele>
      </trkpt>
      <trkpt lat="56.65843" lon="-4.292976">
        <ele>374.7</ele>
      </trkpt>
      <trkpt lat="56.658675" lon="-4.293166">
        <ele>372.4</ele>
      </trkpt>
      <trkpt lat="56.658991" lon="-4.293529">
        <ele>369.3</ele>
      </trkpt>
      <trkpt lat="56.659333" lon="-4.294002">
        <ele>367.4</ele>
      </trkpt>
      <trkpt lat="56.659606" lon="-4.294298">
        <ele>366.1</ele>
      </trkpt>
      <trkpt lat="56.660066" lon="-4.294456">
        <ele>363.2</ele>
      </trkpt>
      <trkpt lat="56.660428" lon="-4.294695">
        <ele>362.3</ele>
      </trkpt>
      <trkpt lat="56.660874" lon="-4.294872">
        <ele>360.8</ele>
      </trkpt>
      <trkpt lat="56.661192" lon="-4.294812">
        <ele>358.9</ele>
      </trkpt>
      <trkpt lat="56.661349" lon="-4.294701">
        <ele>358.1</ele>
      </trkpt>
      <trkpt lat="56.66178" lon="-4.294829">
        <ele>356.0</ele>
      </trkpt>
      <trkpt lat="56.662044" lon="-4.294976">
        <ele>355.5</ele>
      </trkpt>
      <trkpt lat="56.662258" lon="-4.295203">
        <ele>355.4</ele>
      </trkpt>
      <trkpt lat="56.662398" lon="-4.295407">
        <ele>355.5</ele>
      </trkpt>
      <trkpt lat="56.662786" lon="-4.295563">
        <ele>356.0</ele>
      </trkpt>
      <trkpt lat="56.663622" lon="-4.295371">
        <ele>356.1</ele>
      </trkpt>
      <trkpt lat="56.664092" lon="-4.295319">
        <ele>355.7</ele>
      </trkpt>
      <trkpt lat="56.664464" lon="-4.29568">
        <ele>354.5</ele>
      </trkpt>
      <trkpt lat="56.664524" lon="-4.296185">
        <ele>354.0</ele>
      </trkpt>
      <trkpt lat="56.664746" lon="-4.297633">
        <ele>350.9</ele>
      </trkpt>
      <trkpt lat="56.664912" lon="-4.298282">
        <ele>348.6</ele>
      </trkpt>
      <trkpt lat="56.665087" lon="-4.298832">
        <ele>345.5</ele>
      </trkpt>
      <trkpt lat="56.665197" lon="-4.2991">
        <ele>343.8</ele>
      </trkpt>
      <trkpt lat="56.665597" lon="-4.299818">
        <ele>339.1</ele>
      </trkpt>
      <trkpt lat="56.665901" lon="-4.30027">
        <ele>335.8</ele>
      </trkpt>
      <trkpt lat="56.666465" lon="-4.301252">
        <ele>327.9</ele>
      </trkpt>
      <trkpt lat="56.666665" lon="-4.302104">
        <ele>322.9</ele>
      </trkpt>
      <trkpt lat="56.666663" lon="-4.302395">
        <ele>321.5</ele>
      </trkpt>
      <trkpt lat="56.666742" lon="-4.303322">
        <ele>317.4</ele>
      </trkpt>
      <trkpt lat="56.666704" lon="-4.304265">
        <ele>313.0</ele>
      </trkpt>
      <trkpt lat="56.666642" lon="-4.304765">
        <ele>311.5</ele>
      </trkpt>
      <trkpt lat="56.666505" lon="-4.305393">
        <ele>310.8</ele>
      </trkpt>
      <trkpt lat="56.666421" lon="-4.305664">
        <ele>310.7</ele>
      </trkpt>
      <trkpt lat="56.666221" lon="-4.306018">
        <ele>311.4</ele>
      </trkpt>
      <trkpt lat="56.665938" lon="-4.306331">
        <ele>312.9</ele>
      </trkpt>
      <trkpt lat="56.665147" lon="-4.307427">
        <ele>320.8</ele>
      </trkpt>
      <trkpt lat="56.665105" lon="-4.307543">
        <ele>320.9</ele>
      </trkpt>
      <trkpt lat="56.665121" lon="-4.30755">
        <ele>320.5</ele>
      </trkpt>
      <trkpt lat="56.665106" lon="-4.307541">
        <ele>320.9</ele>
      </trkpt>
      <trkpt lat="56.665098" lon="-4.307553">
        <ele>320.9</ele>
      </trkpt>
      <trkpt lat="56.665123" lon="-4.307679">
        <ele>319.8</ele>
      </trkpt>
      <trkpt lat="56.665009" lon="-4.308368">
        <ele>317.7</ele>
      </trkpt>
      <trkpt lat="56.664963" lon="-4.308595">
        <ele>317.1</ele>
      </trkpt>
      <trkpt lat="56.664838" lon="-4.30905">
        <ele>316.3</ele>
      </trkpt>
      <trkpt lat="56.664414" lon="-4.309977">
        <ele>317.8</ele>
      </trkpt>
      <trkpt lat="56.663989" lon="-4.311455">
        <ele>314.6</ele>
      </trkpt>
      <trkpt lat="56.663859" lon="-4.311859">
        <ele>314.0</ele>
      </trkpt>
      <trkpt lat="56.663733" lon="-4.312445">
        <ele>312.0</ele>
      </trkpt>
      <trkpt lat="56.663662" lon="-4.312681">
        <ele>311.1</ele>
      </trkpt>
      <trkpt lat="56.663536" lon="-4.312923">
        <ele>310.2</ele>
      </trkpt>
      <trkpt lat="56.663424" lon="-4.313056">
        <ele>309.9</ele>
      </trkpt>
      <trkpt lat="56.663412" lon="-4.313258">
        <ele>308.3</ele>
      </trkpt>
      <trkpt lat="56.663425" lon="-4.313302">
        <ele>307.9</ele>
      </trkpt>
      <trkpt lat="56.663513" lon="-4.313427">
        <ele>307.7</ele>
      </trkpt>
      <trkpt lat="56.663636" lon="-4.313466">
        <ele>307.5</ele>
      </trkpt>
      <trkpt lat="56.663976" lon="-4.313637">
        <ele>307.3</ele>
      </trkpt>
      <trkpt lat="56.664296" lon="-4.31367">
        <ele>307.2</ele>
      </trkpt>
      <trkpt lat="56.66446" lon="-4.313782">
        <ele>308.0</ele>
      </trkpt>
      <trkpt lat="56.664622" lon="-4.314249">
        <ele>311.0</ele>
      </trkpt>
      <trkpt lat="56.6648" lon="-4.314647">
        <ele>313.6</ele>
      </trkpt>
      <trkpt lat="56.664943" lon="-4.315197">
        <ele>316.9</ele>
      </trkpt>
      <trkpt lat="56.665016" lon="-4.31563">
        <ele>319.0</ele>
      </trkpt>
      <trkpt lat="56.665109" lon="-4.316029">
        <ele>320.7</ele>
      </trkpt>
      <trkpt lat="56.665251" lon="-4.316517">
        <ele>322.5</ele>
      </trkpt>
      <trkpt lat="56.665416" lon="-4.316825">
        <ele>324.0</ele>
      </trkpt>
      <trkpt lat="56.665575" lon="-4.317182">
        <ele>326.5</ele>
      </trkpt>
      <trkpt lat="56.665745" lon="-4.31733">
        <ele>327.7</ele>
      </trkpt>
      <trkpt lat="56.665746" lon="-4.317444">
        <ele>328.5</ele>
      </trkpt>
      <trkpt lat="56.665339" lon="-4.317835">
        <ele>330.6</ele>
      </trkpt>
      <trkpt lat="56.664937" lon="-4.318152">
        <ele>331.8</ele>
      </trkpt>
      <trkpt lat="56.664694" lon="-4.318488">
        <ele>333.4</ele>
      </trkpt>
      <trkpt lat="56.664428" lon="-4.31905">
        <ele>337.4</ele>
      </trkpt>
      <trkpt lat="56.664063" lon="-4.319256">
        <ele>338.0</ele>
      </trkpt>
      <trkpt lat="56.663658" lon="-4.319672">
        <ele>338.6</ele>
      </trkpt>
      <trkpt lat="56.663201" lon="-4.319816">
        <ele>337.1</ele>
      </trkpt>
      <trkpt lat="56.662803" lon="-4.320199">
        <ele>337.4</ele>
      </trkpt>
      <trkpt lat="56.662561" lon="-4.320518">
        <ele>337.8</ele>
      </trkpt>
      <trkpt lat="56.662414" lon="-4.320826">
        <ele>338.7</ele>
      </trkpt>
      <trkpt lat="56.662094" lon="-4.322535">
        <ele>344.2</ele>
      </trkpt>
      <trkpt lat="56.66186" lon="-4.323157">
        <ele>344.8</ele>
      </trkpt>
      <trkpt lat="56.661525" lon="-4.323952">
        <ele>346.0</ele>
      </trkpt>
      <trkpt lat="56.661232" lon="-4.324876">
        <ele>347.4</ele>
      </trkpt>
      <trkpt lat="56.661151" lon="-4.325299">
        <ele>348.4</ele>
      </trkpt>
      <trkpt lat="56.660837" lon="-4.326255">
        <ele>349.5</ele>
      </trkpt>
      <trkpt lat="56.660627" lon="-4.326823">
        <ele>349.7</ele>
      </trkpt>
      <trkpt lat="56.660326" lon="-4.328213">
        <ele>351.1</ele>
      </trkpt>
      <trkpt lat="56.660038" lon="-4.32929">
        <ele>352.6</ele>
      </trkpt>
      <trkpt lat="56.660024" lon="-4.329625">
        <ele>353.3</ele>
      </trkpt>
      <trkpt lat="56.660058" lon="-4.330238">
        <ele>354.7</ele>
      </trkpt>
      <trkpt lat="56.66009" lon="-4.331759">
        <ele>356.9</ele>
      </trkpt>
      <trkpt lat="56.660006" lon="-4.332925">
        <ele>357.6</ele>
      </trkpt>
      <trkpt lat="56.659644" lon="-4.335226">
        <ele>358.6</ele>
      </trkpt>
      <trkpt lat="56.659437" lon="-4.336326">
        <ele>358.9</ele>
      </trkpt>
      <trkpt lat="56.659" lon="-4.338352">
        <ele>360.0</ele>
      </trkpt>
      <trkpt lat="56.658909" lon="-4.339184">
        <ele>359.9</ele>
      </trkpt>
      <trkpt lat="56.658912" lon="-4.33989">
        <ele>360.5</ele>
      </trkpt>
      <trkpt lat="56.658947" lon="-4.340118">
        <ele>360.8</ele>
      </trkpt>
      <trkpt lat="56.659037" lon="-4.340421">
        <ele>361.3</ele>
      </trkpt>
      <trkpt lat="56.659196" lon="-4.341182">
        <ele>362.3</ele>
      </trkpt>
      <trkpt lat="56.65966" lon="-4.342994">
        <ele>365.8</ele>
      </trkpt>
      <trkpt lat="56.659627" lon="-4.343405">
        <ele>365.4</ele>
      </trkpt>
      <trkpt lat="56.659491" lon="-4.343741">
        <ele>364.9</ele>
      </trkpt>
      <trkpt lat="56.659206" lon="-4.344805">
        <ele>365.6</ele>
      </trkpt>
      <trkpt lat="56.659165" lon="-4.345295">
        <ele>365.6</ele>
      </trkpt>
      <trkpt lat="56.659397" lon="-4.347407">
        <ele>364.8</ele>
      </trkpt>
      <trkpt lat="56.659374" lon="-4.348912">
        <ele>364.2</ele>
      </trkpt>
      <trkpt lat="56.659336" lon="-4.349334">
        <ele>364.0</ele>
      </trkpt>
      <trkpt lat="56.659358" lon="-4.351064">
        <ele>362.0</ele>
      </trkpt>
      <trkpt lat="56.659283" lon="-4.351579">
        <ele>361.4</ele>
      </trkpt>
      <trkpt lat="56.658855" lon="-4.352774">
        <ele>358.2</ele>
      </trkpt>
      <trkpt lat="56.658737" lon="-4.353621">
        <ele>356.6</ele>
      </trkpt>
      <trkpt lat="56.659015" lon="-4.354966">
        <ele>357.7</ele>
      </trkpt>
      <trkpt lat="56.659025" lon="-4.355372">
        <ele>357.4</ele>
      </trkpt>
      <trkpt lat="56.658954" lon="-4.356264">
        <ele>355.8</ele>
      </trkpt>
      <trkpt lat="56.658936" lon="-4.356878">
        <ele>356.0</ele>
      </trkpt>
      <trkpt lat="56.658588" lon="-4.357968">
        <ele>357.6</ele>
      </trkpt>
      <trkpt lat="56.658325" lon="-4.358543">
        <ele>359.0</ele>
      </trkpt>
      <trkpt lat="56.658266" lon="-4.359239">
        <ele>362.2</ele>
      </trkpt>
      <trkpt lat="56.658352" lon="-4.359806">
        <ele>365.1</ele>
      </trkpt>
      <trkpt lat="56.658754" lon="-4.36018">
        <ele>366.4</ele>
      </trkpt>
      <trkpt lat="56.659036" lon="-4.360841">
        <ele>366.0</ele>
      </trkpt>
      <trkpt lat="56.659648" lon="-4.362488">
        <ele>367.5</ele>
      </trkpt>
      <trkpt lat="56.660162" lon="-4.363939">
        <ele>367.8</ele>
      </trkpt>
      <trkpt lat="56.660311" lon="-4.364454">
        <ele>367.4</ele>
      </trkpt>
      <trkpt lat="56.66037" lon="-4.364958">
        <ele>366.3</ele>
      </trkpt>
      <trkpt lat="56.66026" lon="-4.36663">
        <ele>358.0</ele>
      </trkpt>
      <trkpt lat="56.660125" lon="-4.367171">
        <ele>355.0</ele>
      </trkpt>
      <trkpt lat="56.65971" lon="-4.368665">
        <ele>350.5</ele>
      </trkpt>
      <trkpt lat="56.659586" lon="-4.369488">
        <ele>348.2</ele>
      </trkpt>
      <trkpt lat="56.659418" lon="-4.36999">
        <ele>347.4</ele>
      </trkpt>
      <trkpt lat="56.658896" lon="-4.370547">
        <ele>346.2</ele>
      </trkpt>
      <trkpt lat="56.658252" lon="-4.370635">
        <ele>348.3</ele>
      </trkpt>
      <trkpt lat="56.658157" lon="-4.370664">
        <ele>348.8</ele>
      </trkpt>
      <trkpt lat="56.657959" lon="-4.37103">
        <ele>349.2</ele>
      </trkpt>
      <trkpt lat="56.657827" lon="-4.371501">
        <ele>349.2</ele>
      </trkpt>
      <trkpt lat="56.657665" lon="-4.372363">
        <ele>348.2</ele>
      </trkpt>
      <trkpt lat="56.657686" lon="-4.372693">
        <ele>347.2</ele>
      </trkpt>
      <trkpt lat="56.657943" lon="-4.374033">
        <ele>342.2</ele>
      </trkpt>
      <trkpt lat="56.657984" lon="-4.374343">
        <ele>341.1</ele>
      </trkpt>
      <trkpt lat="56.657922" lon="-4.374866">
        <ele>340.3</ele>
      </trkpt>
      <trkpt lat="56.657491" lon="-4.376281">
        <ele>339.4</ele>
      </trkpt>
      <trkpt lat="56.657312" lon="-4.376959">
        <ele>338.2</ele>
      </trkpt>
      <trkpt lat="56.657175" lon="-4.377566">
        <ele>337.1</ele>
      </trkpt>
      <trkpt lat="56.656577" lon="-4.379423">
        <ele>335.9</ele>
      </trkpt>
      <trkpt lat="56.656517" lon="-4.379675">
        <ele>335.5</ele>
      </trkpt>
      <trkpt lat="56.65648" lon="-4.380799">
        <ele>335.3</ele>
      </trkpt>
      <trkpt lat="56.656543" lon="-4.381461">
        <ele>334.8</ele>
      </trkpt>
      <trkpt lat="56.656805" lon="-4.382585">
        <ele>333.0</ele>
      </trkpt>
      <trkpt lat="56.65695" lon="-4.383743">
        <ele>331.8</ele>
      </trkpt>
      <trkpt lat="56.657101" lon="-4.384238">
        <ele>330.3</ele>
      </trkpt>
      <trkpt lat="56.657565" lon="-4.385432">
        <ele>326.0</ele>
      </trkpt>
      <trkpt lat="56.657882" lon="-4.386368">
        <ele>323.0</ele>
      </trkpt>
      <trkpt lat="56.658091" lon="-4.387166">
        <ele>319.1</ele>
      </trkpt>
      <trkpt lat="56.658124" lon="-4.387325">
        <ele>318.2</ele>
      </trkpt>
      <trkpt lat="56.658185" lon="-4.388111">
        <ele>314.7</ele>
      </trkpt>
      <trkpt lat="56.65817" lon="-4.388279">
        <ele>314.2</ele>
      </trkpt>
      <trkpt lat="56.658258" lon="-4.390331">
        <ele>302.6</ele>
      </trkpt>
      <trkpt lat="56.658474" lon="-4.390953">
        <ele>297.8</ele>
      </trkpt>
      <trkpt lat="56.658658" lon="-4.391084">
        <ele>296.4</ele>
      </trkpt>
      <trkpt lat="56.658916" lon="-4.391449">
        <ele>293.8</ele>
      </trkpt>
      <trkpt lat="56.658994" lon="-4.391749">
        <ele>292.3</ele>
      </trkpt>
      <trkpt lat="56.659026" lon="-4.392308">
        <ele>290.1</ele>
      </trkpt>
      <trkpt lat="56.659012" lon="-4.392507">
        <ele>289.3</ele>
      </trkpt>
      <trkpt lat="56.659023" lon="-4.392925">
        <ele>287.8</ele>
      </trkpt>
      <trkpt lat="56.658987" lon="-4.393186">
        <ele>287.0</ele>
      </trkpt>
      <trkpt lat="56.659" lon="-4.393204">
        <ele>286.9</ele>
      </trkpt>
      <trkpt lat="56.659" lon="-4.39334">
        <ele>286.4</ele>
      </trkpt>
      <trkpt lat="56.659166" lon="-4.394004">
        <ele>286.8</ele>
      </trkpt>
      <trkpt lat="56.659402" lon="-4.394333">
        <ele>286.9</ele>
      </trkpt>
      <trkpt lat="56.659392" lon="-4.394564">
        <ele>287.2</ele>
      </trkpt>
      <trkpt lat="56.658971" lon="-4.395305">
        <ele>289.0</ele>
      </trkpt>
      <trkpt lat="56.658618" lon="-4.396057">
        <ele>291.0</ele>
      </trkpt>
      <trkpt lat="56.658274" lon="-4.397392">
        <ele>294.5</ele>
      </trkpt>
      <trkpt lat="56.657961" lon="-4.398284">
        <ele>296.4</ele>
      </trkpt>
      <trkpt lat="56.657678" lon="-4.398661">
        <ele>297.6</ele>
      </trkpt>
      <trkpt lat="56.657326" lon="-4.399089">
        <ele>300.3</ele>
      </trkpt>
      <trkpt lat="56.65681" lon="-4.399464">
        <ele>303.6</ele>
      </trkpt>
      <trkpt lat="56.656343" lon="-4.399648">
        <ele>306.7</ele>
      </trkpt>
      <trkpt lat="56.655927" lon="-4.399398">
        <ele>308.3</ele>
      </trkpt>
      <trkpt lat="56.655661" lon="-4.398932">
        <ele>308.5</ele>
      </trkpt>
      <trkpt lat="56.655487" lon="-4.398758">
        <ele>309.4</ele>
      </trkpt>
      <trkpt lat="56.655368" lon="-4.398778">
        <ele>310.6</ele>
      </trkpt>
      <trkpt lat="56.654595" lon="-4.399418">
        <ele>320.8</ele>
      </trkpt>
      <trkpt lat="56.654413" lon="-4.399635">
        <ele>323.3</ele>
      </trkpt>
      <trkpt lat="56.654007" lon="-4.399783">
        <ele>327.6</ele>
      </trkpt>
      <trkpt lat="56.653739" lon="-4.400271">
        <ele>331.9</ele>
      </trkpt>
      <trkpt lat="56.653677" lon="-4.40075">
        <ele>334.6</ele>
      </trkpt>
      <trkpt lat="56.653275" lon="-4.401538">
        <ele>339.3</ele>
      </trkpt>
      <trkpt lat="56.653124" lon="-4.402074">
        <ele>342.9</ele>
      </trkpt>
      <trkpt lat="56.652731" lon="-4.402578">
        <ele>348.7</ele>
      </trkpt>
      <trkpt lat="56.652115" lon="-4.403702">
        <ele>356.1</ele>
      </trkpt>
      <trkpt lat="56.651801" lon="-4.404209">
        <ele>360.4</ele>
      </trkpt>
      <trkpt lat="56.651533" lon="-4.404403">
        <ele>361.9</ele>
      </trkpt>
      <trkpt lat="56.65119" lon="-4.404723">
        <ele>363.2</ele>
      </trkpt>
      <trkpt lat="56.650689" lon="-4.405517">
        <ele>366.5</ele>
      </trkpt>
      <trkpt lat="56.650661" lon="-4.406158">
        <ele>370.7</ele>
      </trkpt>
      <trkpt lat="56.650535" lon="-4.406943">
        <ele>374.5</ele>
      </trkpt>
      <trkpt lat="56.650318" lon="-4.407554">
        <ele>375.7</ele>
      </trkpt>
      <trkpt lat="56.649932" lon="-4.408343">
        <ele>374.8</ele>
      </trkpt>
      <trkpt lat="56.649385" lon="-4.40927">
        <ele>370.8</ele>
      </trkpt>
      <trkpt lat="56.649251" lon="-4.409639">
        <ele>370.5</ele>
      </trkpt>
      <trkpt lat="56.648937" lon="-4.410285">
        <ele>368.9</ele>
      </trkpt>
      <trkpt lat="56.648819" lon="-4.410957">
        <ele>370.3</ele>
      </trkpt>
      <trkpt lat="56.648748" lon="-4.411722">
        <ele>372.4</ele>
      </trkpt>
      <trkpt lat="56.648736" lon="-4.41175">
        <ele>372.3</ele>
      </trkpt>
      <trkpt lat="56.648723" lon="-4.411745">
        <ele>372.0</ele>
      </trkpt>
      <trkpt lat="56.648609" lon="-4.412042">
        <ele>371.4</ele>
      </trkpt>
      <trkpt lat="56.64847" lon="-4.412337">
        <ele>369.7</ele>
      </trkpt>
      <trkpt lat="56.647813" lon="-4.413448">
        <ele>363.9</ele>
      </trkpt>
      <trkpt lat="56.64749" lon="-4.41345">
        <ele>359.3</ele>
      </trkpt>
      <trkpt lat="56.647261" lon="-4.413687">
        <ele>360.1</ele>
      </trkpt>
      <trkpt lat="56.647041" lon="-4.414391">
        <ele>360.7</ele>
      </trkpt>
      <trkpt lat="56.646977" lon="-4.414506">
        <ele>360.7</ele>
      </trkpt>
      <trkpt lat="56.646428" lon="-4.415034">
        <ele>361.1</ele>
      </trkpt>
      <trkpt lat="56.645931" lon="-4.415619">
        <ele>362.1</ele>
      </trkpt>
      <trkpt lat="56.645424" lon="-4.416676">
        <ele>362.9</ele>
      </trkpt>
      <trkpt lat="56.644631" lon="-4.418444">
        <ele>364.7</ele>
      </trkpt>
      <trkpt lat="56.644593" lon="-4.418939">
        <ele>365.3</ele>
      </trkpt>
      <trkpt lat="56.644679" lon="-4.419712">
        <ele>364.9</ele>
      </trkpt>
      <trkpt lat="56.644554" lon="-4.420581">
        <ele>366.0</ele>
      </trkpt>
      <trkpt lat="56.644448" lon="-4.421464">
        <ele>366.9</ele>
      </trkpt>
      <trkpt lat="56.644371" lon="-4.422854">
        <ele>368.4</ele>
      </trkpt>
      <trkpt lat="56.644337" lon="-4.424037">
        <ele>368.8</ele>
      </trkpt>
      <trkpt lat="56.64422" lon="-4.425013">
        <ele>369.0</ele>
      </trkpt>
      <trkpt lat="56.643982" lon="-4.425869">
        <ele>370.9</ele>
      </trkpt>
      <trkpt lat="56.643686" lon="-4.426816">
        <ele>373.0</ele>
      </trkpt>
      <trkpt lat="56.64252" lon="-4.430261">
        <ele>383.2</ele>
      </trkpt>
      <trkpt lat="56.642254" lon="-4.431151">
        <ele>386.6</ele>
      </trkpt>
      <trkpt lat="56.642269" lon="-4.431206">
        <ele>386.5</ele>
      </trkpt>
      <trkpt lat="56.642403" lon="-4.431352">
        <ele>385.5</ele>
      </trkpt>
      <trkpt lat="56.642587" lon="-4.431657">
        <ele>384.5</ele>
      </trkpt>
      <trkpt lat="56.642602" lon="-4.431932">
        <ele>385.3</ele>
      </trkpt>
      <trkpt lat="56.64256" lon="-4.432041">
        <ele>385.9</ele>
      </trkpt>
      <trkpt lat="56.643043" lon="-4.433286">
        <ele>384.1</ele>
      </trkpt>
      <trkpt lat="56.643173" lon="-4.433498">
        <ele>383.0</ele>
      </trkpt>
      <trkpt lat="56.643606" lon="-4.433866">
        <ele>380.1</ele>
      </trkpt>
      <trkpt lat="56.644136" lon="-4.434389">
        <ele>377.2</ele>
      </trkpt>
      <trkpt lat="56.644236" lon="-4.43454">
        <ele>376.8</ele>
      </trkpt>
      <trkpt lat="56.644336" lon="-4.434803">
        <ele>376.6</ele>
      </trkpt>
      <trkpt lat="56.644565" lon="-4.435567">
        <ele>376.0</ele>
      </trkpt>
      <trkpt lat="56.644545" lon="-4.436424">
        <ele>376.1</ele>
      </trkpt>
      <trkpt lat="56.644398" lon="-4.43695">
        <ele>376.8</ele>
      </trkpt>
      <trkpt lat="56.644363" lon="-4.437333">
        <ele>377.3</ele>
      </trkpt>
      <trkpt lat="56.644405" lon="-4.437954">
        <ele>377.8</ele>
      </trkpt>
      <trkpt lat="56.644555" lon="-4.439162">
        <ele>379.1</ele>
      </trkpt>
      <trkpt lat="56.644673" lon="-4.439882">
        <ele>379.4</ele>
      </trkpt>
      <trkpt lat="56.644682" lon="-4.440537">
        <ele>381.2</ele>
      </trkpt>
      <trkpt lat="56.644803" lon="-4.441348">
        <ele>382.9</ele>
      </trkpt>
      <trkpt lat="56.644955" lon="-4.442004">
        <ele>384.4</ele>
      </trkpt>
      <trkpt lat="56.645034" lon="-4.442747">
        <ele>386.5</ele>
      </trkpt>
      <trkpt lat="56.644974" lon="-4.443687">
        <ele>388.5</ele>
      </trkpt>
      <trkpt lat="56.64496" lon="-4.44521">
        <ele>390.5</ele>
      </trkpt>
      <trkpt lat="56.644729" lon="-4.445841">
        <ele>392.6</ele>
      </trkpt>
      <trkpt lat="56.644154" lon="-4.447044">
        <ele>397.1</ele>
      </trkpt>
      <trkpt lat="56.643834" lon="-4.448555">
        <ele>399.6</ele>
      </trkpt>
      <trkpt lat="56.643658" lon="-4.449103">
        <ele>400.8</ele>
      </trkpt>
      <trkpt lat="56.642982" lon="-4.450381">
        <ele>406.4</ele>
      </trkpt>
      <trkpt lat="56.642576" lon="-4.451756">
        <ele>409.5</ele>
      </trkpt>
      <trkpt lat="56.642464" lon="-4.452403">
        <ele>413.6</ele>
      </trkpt>
      <trkpt lat="56.642565" lon="-4.452547">
        <ele>414.5</ele>
      </trkpt>
      <trkpt lat="56.642556" lon="-4.452552">
        <ele>414.5</ele>
      </trkpt>
      <trkpt lat="56.642649" lon="-4.452548">
        <ele>414.8</ele>
      </trkpt>
      <trkpt lat="56.643177" lon="-4.451854">
        <ele>410.0</ele>
      </trkpt>
      <trkpt lat="56.643539" lon="-4.451416">
        <ele>408.1</ele>
      </trkpt>
      <trkpt lat="56.643929" lon="-4.451024">
        <ele>407.6</ele>
      </trkpt>
      <trkpt lat="56.644497" lon="-4.450563">
        <ele>406.1</ele>
      </trkpt>
      <trkpt lat="56.64491" lon="-4.450285">
        <ele>404.8</ele>
      </trkpt>
      <trkpt lat="56.645216" lon="-4.450057">
        <ele>403.2</ele>
      </trkpt>
      <trkpt lat="56.645578" lon="-4.449824">
        <ele>402.4</ele>
      </trkpt>
      <trkpt lat="56.645804" lon="-4.449708">
        <ele>402.2</ele>
      </trkpt>
      <trkpt lat="56.646482" lon="-4.449629">
        <ele>400.6</ele>
      </trkpt>
      <trkpt lat="56.647823" lon="-4.449535">
        <ele>399.1</ele>
      </trkpt>
      <trkpt lat="56.648365" lon="-4.449691">
        <ele>399.2</ele>
      </trkpt>
      <trkpt lat="56.648534" lon="-4.449582">
        <ele>399.1</ele>
      </trkpt>
      <trkpt lat="56.648863" lon="-4.44903">
        <ele>396.3</ele>
      </trkpt>
      <trkpt lat="56.64907" lon="-4.448817">
        <ele>395.3</ele>
      </trkpt>
      <trkpt lat="56.649749" lon="-4.448772">
        <ele>395.2</ele>
      </trkpt>
      <trkpt lat="56.65031" lon="-4.448789">
        <ele>395.8</ele>
      </trkpt>
      <trkpt lat="56.650663" lon="-4.448766">
        <ele>396.0</ele>
      </trkpt>
      <trkpt lat="56.651004" lon="-4.448144">
        <ele>391.8</ele>
      </trkpt>
      <trkpt lat="56.651222" lon="-4.447539">
        <ele>389.6</ele>
      </trkpt>
      <trkpt lat="56.651583" lon="-4.446813">
        <ele>386.0</ele>
      </trkpt>
      <trkpt lat="56.651749" lon="-4.44655">
        <ele>385.1</ele>
      </trkpt>
      <trkpt lat="56.651851" lon="-4.446439">
        <ele>385.3</ele>
      </trkpt>
      <trkpt lat="56.652051" lon="-4.445949">
        <ele>384.0</ele>
      </trkpt>
      <trkpt lat="56.6521" lon="-4.445457">
        <ele>381.1</ele>
      </trkpt>
      <trkpt lat="56.652228" lon="-4.444839">
        <ele>378.3</ele>
      </trkpt>
      <trkpt lat="56.652906" lon="-4.443815">
        <ele>373.9</ele>
      </trkpt>
      <trkpt lat="56.653785" lon="-4.442294">
        <ele>368.8</ele>
      </trkpt>
      <trkpt lat="56.653887" lon="-4.442162">
        <ele>368.1</ele>
      </trkpt>
      <trkpt lat="56.654671" lon="-4.441492">
        <ele>365.5</ele>
      </trkpt>
      <trkpt lat="56.65486" lon="-4.441525">
        <ele>365.3</ele>
      </trkpt>
      <trkpt lat="56.654952" lon="-4.441648">
        <ele>365.0</ele>
      </trkpt>
      <trkpt lat="56.655086" lon="-4.441775">
        <ele>364.6</ele>
      </trkpt>
      <trkpt lat="56.655319" lon="-4.442112">
        <ele>363.5</ele>
      </trkpt>
      <trkpt lat="56.655417" lon="-4.442205">
        <ele>362.8</ele>
      </trkpt>
      <trkpt lat="56.655644" lon="-4.442242">
        <ele>360.6</ele>
      </trkpt>
      <trkpt lat="56.655872" lon="-4.442035">
        <ele>358.0</ele>
      </trkpt>
      <trkpt lat="56.655929" lon="-4.441956">
        <ele>357.4</ele>
      </trkpt>
      <trkpt lat="56.65618" lon="-4.441714">
        <ele>354.7</ele>
      </trkpt>
      <trkpt lat="56.656383" lon="-4.44161">
        <ele>352.7</ele>
      </trkpt>
      <trkpt lat="56.656542" lon="-4.441601">
        <ele>351.2</ele>
      </trkpt>
      <trkpt lat="56.656732" lon="-4.441442">
        <ele>349.3</ele>
      </trkpt>
      <trkpt lat="56.656893" lon="-4.441197">
        <ele>347.6</ele>
      </trkpt>
      <trkpt lat="56.657258" lon="-4.441085">
        <ele>343.9</ele>
      </trkpt>
      <trkpt lat="56.657718" lon="-4.441094">
        <ele>339.6</ele>
      </trkpt>
      <trkpt lat="56.657835" lon="-4.441066">
        <ele>338.8</ele>
      </trkpt>
      <trkpt lat="56.658056" lon="-4.441086">
        <ele>337.0</ele>
      </trkpt>
      <trkpt lat="56.658403" lon="-4.441149">
        <ele>333.8</ele>
      </trkpt>
      <trkpt lat="56.658859" lon="-4.440923">
        <ele>331.0</ele>
      </trkpt>
      <trkpt lat="56.659126" lon="-4.44097">
        <ele>328.4</ele>
      </trkpt>
      <trkpt lat="56.659613" lon="-4.441113">
        <ele>322.9</ele>
      </trkpt>
      <trkpt lat="56.660066" lon="-4.441095">
        <ele>318.9</ele>
      </trkpt>
      <trkpt lat="56.660286" lon="-4.441182">
        <ele>316.6</ele>
      </trkpt>
      <trkpt lat="56.66067" lon="-4.441583">
        <ele>311.6</ele>
      </trkpt>
      <trkpt lat="56.660907" lon="-4.442136">
        <ele>306.6</ele>
      </trkpt>
      <trkpt lat="56.66129" lon="-4.442785">
        <ele>300.5</ele>
      </trkpt>
      <trkpt lat="56.661471" lon="-4.443024">
        <ele>298.4</ele>
      </trkpt>
      <trkpt lat="56.661638" lon="-4.443193">
        <ele>296.7</ele>
      </trkpt>
      <trkpt lat="56.66207" lon="-4.443406">
        <ele>293.2</ele>
      </trkpt>
      <trkpt lat="56.662337" lon="-4.443474">
        <ele>291.2</ele>
      </trkpt>
      <trkpt lat="56.662559" lon="-4.443491">
        <ele>289.6</ele>
      </trkpt>
      <trkpt lat="56.662895" lon="-4.443326">
        <ele>288.2</ele>
      </trkpt>
      <trkpt lat="56.663284" lon="-4.443077">
        <ele>286.0</ele>
      </trkpt>
      <trkpt lat="56.663729" lon="-4.44272">
        <ele>283.5</ele>
      </trkpt>
      <trkpt lat="56.663893" lon="-4.442629">
        <ele>282.6</ele>
      </trkpt>
      <trkpt lat="56.664164" lon="-4.442391">
        <ele>281.4</ele>
      </trkpt>
      <trkpt lat="56.664542" lon="-4.441946">
        <ele>279.4</ele>
      </trkpt>
      <trkpt lat="56.664651" lon="-4.441844">
        <ele>278.7</ele>
      </trkpt>
      <trkpt lat="56.664988" lon="-4.442005">
        <ele>274.9</ele>
      </trkpt>
      <trkpt lat="56.665143" lon="-4.442135">
        <ele>272.9</ele>
      </trkpt>
      <trkpt lat="56.665245" lon="-4.442178">
        <ele>271.7</ele>
      </trkpt>
      <trkpt lat="56.665423" lon="-4.442219">
        <ele>269.8</ele>
      </trkpt>
      <trkpt lat="56.66569" lon="-4.442399">
        <ele>266.6</ele>
      </trkpt>
      <trkpt lat="56.665844" lon="-4.442598">
        <ele>264.7</ele>
      </trkpt>
      <trkpt lat="56.666279" lon="-4.443388">
        <ele>260.3</ele>
      </trkpt>
      <trkpt lat="56.666444" lon="-4.443581">
        <ele>259.1</ele>
      </trkpt>
      <trkpt lat="56.666675" lon="-4.443552">
        <ele>257.7</ele>
      </trkpt>
      <trkpt lat="56.666951" lon="-4.44335">
        <ele>256.6</ele>
      </trkpt>
      <trkpt lat="56.667178" lon="-4.443373">
        <ele>255.5</ele>
      </trkpt>
      <trkpt lat="56.667798" lon="-4.443873">
        <ele>253.1</ele>
      </trkpt>
      <trkpt lat="56.667955" lon="-4.444329">
        <ele>252.3</ele>
      </trkpt>
      <trkpt lat="56.66818" lon="-4.444572">
        <ele>251.2</ele>
      </trkpt>
      <trkpt lat="56.668278" lon="-4.444556">
        <ele>250.8</ele>
      </trkpt>
      <trkpt lat="56.66847" lon="-4.44462">
        <ele>250.0</ele>
      </trkpt>
      <trkpt lat="56.66893" lon="-4.444832">
        <ele>248.1</ele>
      </trkpt>
      <trkpt lat="56.669032" lon="-4.444897">
        <ele>247.6</ele>
      </trkpt>
      <trkpt lat="56.669219" lon="-4.44506">
        <ele>246.8</ele>
      </trkpt>
      <trkpt lat="56.669375" lon="-4.445096">
        <ele>246.2</ele>
      </trkpt>
      <trkpt lat="56.669466" lon="-4.445057">
        <ele>245.8</ele>
      </trkpt>
      <trkpt lat="56.66962" lon="-4.445045">
        <ele>245.3</ele>
      </trkpt>
      <trkpt lat="56.669829" lon="-4.444791">
        <ele>244.9</ele>
      </trkpt>
      <trkpt lat="56.670157" lon="-4.444235">
        <ele>244.4</ele>
      </trkpt>
      <trkpt lat="56.67032" lon="-4.44388">
        <ele>244.5</ele>
      </trkpt>
      <trkpt lat="56.670487" lon="-4.443708">
        <ele>244.3</ele>
      </trkpt>
      <trkpt lat="56.67081" lon="-4.443473">
        <ele>243.7</ele>
      </trkpt>
      <trkpt lat="56.671259" lon="-4.443421">
        <ele>241.2</ele>
      </trkpt>
      <trkpt lat="56.671355" lon="-4.443526">
        <ele>240.4</ele>
      </trkpt>
      <trkpt lat="56.671672" lon="-4.443531">
        <ele>238.5</ele>
      </trkpt>
      <trkpt lat="56.671975" lon="-4.443583">
        <ele>235.7</ele>
      </trkpt>
      <trkpt lat="56.672107" lon="-4.443628">
        <ele>234.4</ele>
      </trkpt>
      <trkpt lat="56.67257" lon="-4.443575">
        <ele>230.4</ele>
      </trkpt>
      <trkpt lat="56.672669" lon="-4.443884">
        <ele>228.3</ele>
      </trkpt>
      <trkpt lat="56.672768" lon="-4.444036">
        <ele>226.8</ele>
      </trkpt>
      <trkpt lat="56.672924" lon="-4.443977">
        <ele>225.5</ele>
      </trkpt>
      <trkpt lat="56.673159" lon="-4.443695">
        <ele>223.9</ele>
      </trkpt>
      <trkpt lat="56.673466" lon="-4.443488">
        <ele>221.6</ele>
      </trkpt>
      <trkpt lat="56.673833" lon="-4.443586">
        <ele>218.7</ele>
      </trkpt>
      <trkpt lat="56.67407" lon="-4.443567">
        <ele>217.0</ele>
      </trkpt>
      <trkpt lat="56.674349" lon="-4.443429">
        <ele>215.5</ele>
      </trkpt>
      <trkpt lat="56.675174" lon="-4.442902">
        <ele>213.3</ele>
      </trkpt>
      <trkpt lat="56.675797" lon="-4.442485">
        <ele>212.1</ele>
      </trkpt>
      <trkpt lat="56.675844" lon="-4.442432">
        <ele>211.9</ele>
      </trkpt>
      <trkpt lat="56.67588" lon="-4.442465">
        <ele>211.8</ele>
      </trkpt>
      <trkpt lat="56.675948" lon="-4.442451">
        <ele>211.7</ele>
      </trkpt>
      <trkpt lat="56.676046" lon="-4.442721">
        <ele>211.8</ele>
      </trkpt>
      <trkpt lat="56.676425" lon="-4.443245">
        <ele>211.5</ele>
      </trkpt>
      <trkpt lat="56.676625" lon="-4.443934">
        <ele>211.9</ele>
      </trkpt>
      <trkpt lat="56.676811" lon="-4.445273">
        <ele>213.1</ele>
      </trkpt>
      <trkpt lat="56.676966" lon="-4.446184">
        <ele>214.6</ele>
      </trkpt>
      <trkpt lat="56.677368" lon="-4.447102">
        <ele>213.8</ele>
      </trkpt>
      <trkpt lat="56.677659" lon="-4.447563">
        <ele>212.4</ele>
      </trkpt>
      <trkpt lat="56.677791" lon="-4.447851">
        <ele>212.1</ele>
      </trkpt>
      <trkpt lat="56.677789" lon="-4.447896">
        <ele>212.1</ele>
      </trkpt>
      <trkpt lat="56.678282" lon="-4.448847">
        <ele>210.5</ele>
      </trkpt>
      <trkpt lat="56.678377" lon="-4.448904">
        <ele>210.2</ele>
      </trkpt>
      <trkpt lat="56.678514" lon="-4.448933">
        <ele>209.8</ele>
      </trkpt>
      <trkpt lat="56.678608" lon="-4.448933">
        <ele>209.5</ele>
      </trkpt>
      <trkpt lat="56.678741" lon="-4.448879">
        <ele>209.2</ele>
      </trkpt>
      <trkpt lat="56.679211" lon="-4.448417">
        <ele>209.7</ele>
      </trkpt>
      <trkpt lat="56.679401" lon="-4.448358">
        <ele>209.9</ele>
      </trkpt>
      <trkpt lat="56.679491" lon="-4.448369">
        <ele>209.9</ele>
      </trkpt>
      <trkpt lat="56.680017" lon="-4.448545">
        <ele>209.9</ele>
      </trkpt>
      <trkpt lat="56.680962" lon="-4.448989">
        <ele>217.9</ele>
      </trkpt>
      <trkpt lat="56.681035" lon="-4.448832">
        <ele>218.7</ele>
      </trkpt>
      <trkpt lat="56.681296" lon="-4.447908">
        <ele>221.1</ele>
      </trkpt>
      <trkpt lat="56.681515" lon="-4.446969">
        <ele>222.6</ele>
      </trkpt>
      <trkpt lat="56.681664" lon="-4.446269">
        <ele>223.0</ele>
      </trkpt>
      <trkpt lat="56.681953" lon="-4.444511">
        <ele>226.7</ele>
      </trkpt>
      <trkpt lat="56.682318" lon="-4.443685">
        <ele>229.8</ele>
      </trkpt>
      <trkpt lat="56.682691" lon="-4.442973">
        <ele>233.1</ele>
      </trkpt>
      <trkpt lat="56.682982" lon="-4.442333">
        <ele>235.3</ele>
      </trkpt>
      <trkpt lat="56.68318" lon="-4.441967">
        <ele>236.5</ele>
      </trkpt>
      <trkpt lat="56.683974" lon="-4.441031">
        <ele>236.2</ele>
      </trkpt>
      <trkpt lat="56.684169" lon="-4.440827">
        <ele>234.9</ele>
      </trkpt>
      <trkpt lat="56.684242" lon="-4.440778">
        <ele>234.5</ele>
      </trkpt>
      <trkpt lat="56.684469" lon="-4.440649">
        <ele>233.5</ele>
      </trkpt>
      <trkpt lat="56.684804" lon="-4.440496">
        <ele>232.5</ele>
      </trkpt>
      <trkpt lat="56.686507" lon="-4.439841">
        <ele>220.1</ele>
      </trkpt>
      <trkpt lat="56.686554" lon="-4.439845">
        <ele>219.9</ele>
      </trkpt>
      <trkpt lat="56.686665" lon="-4.439959">
        <ele>219.9</ele>
      </trkpt>
      <trkpt lat="56.687008" lon="-4.440817">
        <ele>231.3</ele>
      </trkpt>
      <trkpt lat="56.687003" lon="-4.440856">
        <ele>231.9</ele>
      </trkpt>
      <trkpt lat="56.687203" lon="-4.441188">
        <ele>235.0</ele>
      </trkpt>
      <trkpt lat="56.687491" lon="-4.441563">
        <ele>236.9</ele>
      </trkpt>
      <trkpt lat="56.687833" lon="-4.441956">
        <ele>238.4</ele>
      </trkpt>
      <trkpt lat="56.687937" lon="-4.442532">
        <ele>242.0</ele>
      </trkpt>
      <trkpt lat="56.687908" lon="-4.443138">
        <ele>246.7</ele>
      </trkpt>
      <trkpt lat="56.688239" lon="-4.444665">
        <ele>252.3</ele>
      </trkpt>
      <trkpt lat="56.688434" lon="-4.445357">
        <ele>257.1</ele>
      </trkpt>
      <trkpt lat="56.688739" lon="-4.445872">
        <ele>260.1</ele>
      </trkpt>
      <trkpt lat="56.68946" lon="-4.446638">
        <ele>257.7</ele>
      </trkpt>
      <trkpt lat="56.689611" lon="-4.447199">
        <ele>259.9</ele>
      </trkpt>
      <trkpt lat="56.69016" lon="-4.448758">
        <ele>263.2</ele>
      </trkpt>
      <trkpt lat="56.690377" lon="-4.449801">
        <ele>267.2</ele>
      </trkpt>
      <trkpt lat="56.690736" lon="-4.450895">
        <ele>269.5</ele>
      </trkpt>
      <trkpt lat="56.690828" lon="-4.45164">
        <ele>273.9</ele>
      </trkpt>
      <trkpt lat="56.691038" lon="-4.452521">
        <ele>278.3</ele>
      </trkpt>
      <trkpt lat="56.691204" lon="-4.453035">
        <ele>280.2</ele>
      </trkpt>
      <trkpt lat="56.691349" lon="-4.454891">
        <ele>286.6</ele>
      </trkpt>
      <trkpt lat="56.691523" lon="-4.455883">
        <ele>291.0</ele>
      </trkpt>
      <trkpt lat="56.691601" lon="-4.456649">
        <ele>293.9</ele>
      </trkpt>
      <trkpt lat="56.691677" lon="-4.456949">
        <ele>294.0</ele>
      </trkpt>
      <trkpt lat="56.69176" lon="-4.45765">
        <ele>295.9</ele>
      </trkpt>
      <trkpt lat="56.691758" lon="-4.4585">
        <ele>296.7</ele>
      </trkpt>
      <trkpt lat="56.691474" lon="-4.46157">
        <ele>294.2</ele>
      </trkpt>
      <trkpt lat="56.691548" lon="-4.46199">
        <ele>294.4</ele>
      </trkpt>
      <trkpt lat="56.691782" lon="-4.462427">
        <ele>294.8</ele>
      </trkpt>
      <trkpt lat="56.692808" lon="-4.464149">
        <ele>299.6</ele>
      </trkpt>
      <trkpt lat="56.693578" lon="-4.465343">
        <ele>301.4</ele>
      </trkpt>
      <trkpt lat="56.694055" lon="-4.465924">
        <ele>302.4</ele>
      </trkpt>
      <trkpt lat="56.694581" lon="-4.466392">
        <ele>307.5</ele>
      </trkpt>
      <trkpt lat="56.694835" lon="-4.466412">
        <ele>309.7</ele>
      </trkpt>
      <trkpt lat="56.694871" lon="-4.466379">
        <ele>309.9</ele>
      </trkpt>
      <trkpt lat="56.695021" lon="-4.466782">
        <ele>312.8</ele>
      </trkpt>
      <trkpt lat="56.695132" lon="-4.467552">
        <ele>317.3</ele>
      </trkpt>
      <trkpt lat="56.695177" lon="-4.467699">
        <ele>318.2</ele>
      </trkpt>
      <trkpt lat="56.695458" lon="-4.468258">
        <ele>322.1</ele>
      </trkpt>
      <trkpt lat="56.695696" lon="-4.469365">
        <ele>319.5</ele>
      </trkpt>
      <trkpt lat="56.696054" lon="-4.470209">
        <ele>321.2</ele>
      </trkpt>
      <trkpt lat="56.696244" lon="-4.470517">
        <ele>324.0</ele>
      </trkpt>
      <trkpt lat="56.696298" lon="-4.471146">
        <ele>325.3</ele>
      </trkpt>
      <trkpt lat="56.696246" lon="-4.471286">
        <ele>324.7</ele>
      </trkpt>
      <trkpt lat="56.696209" lon="-4.471447">
        <ele>324.4</ele>
      </trkpt>
      <trkpt lat="56.696097" lon="-4.472102">
        <ele>323.7</ele>
      </trkpt>
      <trkpt lat="56.696133" lon="-4.47249">
        <ele>324.5</ele>
      </trkpt>
      <trkpt lat="56.69646" lon="-4.473703">
        <ele>326.1</ele>
      </trkpt>
      <trkpt lat="56.696598" lon="-4.474729">
        <ele>324.9</ele>
      </trkpt>
      <trkpt lat="56.696762" lon="-4.476101">
        <ele>324.5</ele>
      </trkpt>
      <trkpt lat="56.696691" lon="-4.476676">
        <ele>321.6</ele>
      </trkpt>
      <trkpt lat="56.696772" lon="-4.477606">
        <ele>324.8</ele>
      </trkpt>
      <trkpt lat="56.69687" lon="-4.477816">
        <ele>326.4</ele>
      </trkpt>
      <trkpt lat="56.696932" lon="-4.477911">
        <ele>327.3</ele>
      </trkpt>
      <trkpt lat="56.697569" lon="-4.478721">
        <ele>334.2</ele>
      </trkpt>
      <trkpt lat="56.697751" lon="-4.479166">
        <ele>335.6</ele>
      </trkpt>
      <trkpt lat="56.697974" lon="-4.480102">
        <ele>335.7</ele>
      </trkpt>
      <trkpt lat="56.69835" lon="-4.481089">
        <ele>339.1</ele>
      </trkpt>
      <trkpt lat="56.698643" lon="-4.48171">
        <ele>340.8</ele>
      </trkpt>
      <trkpt lat="56.699079" lon="-4.482568">
        <ele>341.3</ele>
      </trkpt>
      <trkpt lat="56.699348" lon="-4.483237">
        <ele>341.8</ele>
      </trkpt>
      <trkpt lat="56.699508" lon="-4.483749">
        <ele>342.2</ele>
      </trkpt>
      <trkpt lat="56.699572" lon="-4.484164">
        <ele>341.9</ele>
      </trkpt>
      <trkpt lat="56.69957" lon="-4.485057">
        <ele>340.3</ele>
      </trkpt>
      <trkpt lat="56.699596" lon="-4.48521">
        <ele>340.2</ele>
      </trkpt>
      <trkpt lat="56.69983" lon="-4.485657">
        <ele>341.0</ele>
      </trkpt>
      <trkpt lat="56.700461" lon="-4.486451">
        <ele>346.0</ele>
      </trkpt>
      <trkpt lat="56.700877" lon="-4.48661">
        <ele>349.3</ele>
      </trkpt>
      <trkpt lat="56.70124" lon="-4.486595">
        <ele>351.6</ele>
      </trkpt>
      <trkpt lat="56.701748" lon="-4.4865">
        <ele>355.0</ele>
      </trkpt>
      <trkpt lat="56.702256" lon="-4.486675">
        <ele>358.2</ele>
      </trkpt>
      <trkpt lat="56.702607" lon="-4.486742">
        <ele>360.8</ele>
      </trkpt>
      <trkpt lat="56.702963" lon="-4.486572">
        <ele>364.0</ele>
      </trkpt>
      <trkpt lat="56.703494" lon="-4.48674">
        <ele>368.2</ele>
      </trkpt>
      <trkpt lat="56.703786" lon="-4.486922">
        <ele>370.0</ele>
      </trkpt>
      <trkpt lat="56.704081" lon="-4.487229">
        <ele>371.3</ele>
      </trkpt>
      <trkpt lat="56.704218" lon="-4.487272">
        <ele>372.1</ele>
      </trkpt>
      <trkpt lat="56.704676" lon="-4.487598">
        <ele>373.7</ele>
      </trkpt>
      <trkpt lat="56.704745" lon="-4.487669">
        <ele>373.9</ele>
      </trkpt>
      <trkpt lat="56.704983" lon="-4.487838">
        <ele>374.7</ele>
      </trkpt>
      <trkpt lat="56.705628" lon="-4.488374">
        <ele>377.3</ele>
      </trkpt>
      <trkpt lat="56.706007" lon="-4.488704">
        <ele>379.2</ele>
      </trkpt>
      <trkpt lat="56.706205" lon="-4.489063">
        <ele>379.9</ele>
      </trkpt>
      <trkpt lat="56.706298" lon="-4.489504">
        <ele>379.4</ele>
      </trkpt>
      <trkpt lat="56.706298" lon="-4.489729">
        <ele>378.6</ele>
      </trkpt>
      <trkpt lat="56.706355" lon="-4.490443">
        <ele>376.3</ele>
      </trkpt>
      <trkpt lat="56.706507" lon="-4.490807">
        <ele>376.2</ele>
      </trkpt>
      <trkpt lat="56.706878" lon="-4.491383">
        <ele>376.6</ele>
      </trkpt>
      <trkpt lat="56.70711" lon="-4.491548">
        <ele>376.9</ele>
      </trkpt>
      <trkpt lat="56.707645" lon="-4.491548">
        <ele>379.8</ele>
      </trkpt>
      <trkpt lat="56.707731" lon="-4.491494">
        <ele>380.8</ele>
      </trkpt>
      <trkpt lat="56.708112" lon="-4.490935">
        <ele>387.2</ele>
      </trkpt>
      <trkpt lat="56.708797" lon="-4.490693">
        <ele>391.8</ele>
      </trkpt>
      <trkpt lat="56.70922" lon="-4.490457">
        <ele>395.3</ele>
      </trkpt>
      <trkpt lat="56.709681" lon="-4.490291">
        <ele>397.6</ele>
      </trkpt>
      <trkpt lat="56.710174" lon="-4.490169">
        <ele>399.6</ele>
      </trkpt>
      <trkpt lat="56.711282" lon="-4.489996">
        <ele>402.0</ele>
      </trkpt>
      <trkpt lat="56.711912" lon="-4.490107">
        <ele>401.1</ele>
      </trkpt>
      <trkpt lat="56.712305" lon="-4.490119">
        <ele>401.1</ele>
      </trkpt>
      <trkpt lat="56.712569" lon="-4.489794">
        <ele>403.4</ele>
      </trkpt>
      <trkpt lat="56.712867" lon="-4.48918">
        <ele>407.5</ele>
      </trkpt>
      <trkpt lat="56.713093" lon="-4.488641">
        <ele>411.1</ele>
      </trkpt>
      <trkpt lat="56.713374" lon="-4.488037">
        <ele>415.1</ele>
      </trkpt>
      <trkpt lat="56.713521" lon="-4.487766">
        <ele>416.8</ele>
      </trkpt>
      <trkpt lat="56.713851" lon="-4.487264">
        <ele>419.3</ele>
      </trkpt>
      <trkpt lat="56.714049" lon="-4.486713">
        <ele>422.1</ele>
      </trkpt>
      <trkpt lat="56.714453" lon="-4.485895">
        <ele>425.6</ele>
      </trkpt>
      <trkpt lat="56.714925" lon="-4.485351">
        <ele>427.7</ele>
      </trkpt>
      <trkpt lat="56.715126" lon="-4.484612">
        <ele>431.8</ele>
      </trkpt>
      <trkpt lat="56.715402" lon="-4.483766">
        <ele>436.7</ele>
      </trkpt>
      <trkpt lat="56.715652" lon="-4.483204">
        <ele>440.5</ele>
      </trkpt>
      <trkpt lat="56.716131" lon="-4.483154">
        <ele>439.7</ele>
      </trkpt>
      <trkpt lat="56.716816" lon="-4.483256">
        <ele>436.8</ele>
      </trkpt>
      <trkpt lat="56.717261" lon="-4.483425">
        <ele>433.4</ele>
      </trkpt>
      <trkpt lat="56.718408" lon="-4.483529">
        <ele>426.2</ele>
      </trkpt>
      <trkpt lat="56.718833" lon="-4.483795">
        <ele>423.3</ele>
      </trkpt>
      <trkpt lat="56.719115" lon="-4.483936">
        <ele>421.7</ele>
      </trkpt>
      <trkpt lat="56.71933" lon="-4.484089">
        <ele>420.3</ele>
      </trkpt>
      <trkpt lat="56.719486" lon="-4.484222">
        <ele>419.3</ele>
      </trkpt>
      <trkpt lat="56.719928" lon="-4.484773">
        <ele>415.4</ele>
      </trkpt>
      <trkpt lat="56.720129" lon="-4.485133">
        <ele>413.2</ele>
      </trkpt>
      <trkpt lat="56.720352" lon="-4.485436">
        <ele>411.1</ele>
      </trkpt>
      <trkpt lat="56.720617" lon="-4.485608">
        <ele>409.8</ele>
      </trkpt>
      <trkpt lat="56.720941" lon="-4.485738">
        <ele>408.4</ele>
      </trkpt>
      <trkpt lat="56.721191" lon="-4.485856">
        <ele>406.5</ele>
      </trkpt>
      <trkpt lat="56.721432" lon="-4.485995">
        <ele>404.6</ele>
      </trkpt>
      <trkpt lat="56.72238" lon="-4.486421">
        <ele>399.1</ele>
      </trkpt>
      <trkpt lat="56.722619" lon="-4.486647">
        <ele>396.9</ele>
      </trkpt>
      <trkpt lat="56.722754" lon="-4.486803">
        <ele>395.5</ele>
      </trkpt>
      <trkpt lat="56.723018" lon="-4.486843">
        <ele>394.6</ele>
      </trkpt>
      <trkpt lat="56.723622" lon="-4.48652">
        <ele>395.1</ele>
      </trkpt>
      <trkpt lat="56.724773" lon="-4.485712">
        <ele>397.7</ele>
      </trkpt>
      <trkpt lat="56.724882" lon="-4.485664">
        <ele>397.7</ele>
      </trkpt>
      <trkpt lat="56.725519" lon="-4.485202">
        <ele>398.4</ele>
      </trkpt>
      <trkpt lat="56.726225" lon="-4.484459">
        <ele>401.2</ele>
      </trkpt>
      <trkpt lat="56.72645" lon="-4.484272">
        <ele>401.5</ele>
      </trkpt>
      <trkpt lat="56.727094" lon="-4.483574">
        <ele>401.8</ele>
      </trkpt>
      <trkpt lat="56.727738" lon="-4.482952">
        <ele>401.5</ele>
      </trkpt>
      <trkpt lat="56.729074" lon="-4.481568">
        <ele>399.0</ele>
      </trkpt>
      <trkpt lat="56.729831" lon="-4.480865">
        <ele>395.1</ele>
      </trkpt>
      <trkpt lat="56.730657" lon="-4.48002">
        <ele>395.4</ele>
      </trkpt>
      <trkpt lat="56.73247" lon="-4.478054">
        <ele>391.5</ele>
      </trkpt>
      <trkpt lat="56.732892" lon="-4.477569">
        <ele>390.0</ele>
      </trkpt>
      <trkpt lat="56.73317" lon="-4.477423">
        <ele>389.0</ele>
      </trkpt>
      <trkpt lat="56.734112" lon="-4.477299">
        <ele>386.9</ele>
      </trkpt>
      <trkpt lat="56.734324" lon="-4.477257">
        <ele>386.9</ele>
      </trkpt>
      <trkpt lat="56.735464" lon="-4.476999">
        <ele>386.7</ele>
      </trkpt>
      <trkpt lat="56.735623" lon="-4.476955">
        <ele>386.5</ele>
      </trkpt>
      <trkpt lat="56.735804" lon="-4.476877">
        <ele>386.3</ele>
      </trkpt>
      <trkpt lat="56.736152" lon="-4.476681">
        <ele>386.2</ele>
      </trkpt>
      <trkpt lat="56.73679" lon="-4.476276">
        <ele>385.6</ele>
      </trkpt>
      <trkpt lat="56.737318" lon="-4.475884">
        <ele>385.3</ele>
      </trkpt>
      <trkpt lat="56.73757" lon="-4.475382">
        <ele>386.3</ele>
      </trkpt>
      <trkpt lat="56.737891" lon="-4.475103">
        <ele>385.4</ele>
      </trkpt>
      <trkpt lat="56.738425" lon="-4.474695">
        <ele>382.9</ele>
      </trkpt>
      <trkpt lat="56.738975" lon="-4.474659">
        <ele>380.3</ele>
      </trkpt>
      <trkpt lat="56.739471" lon="-4.47514">
        <ele>379.0</ele>
      </trkpt>
      <trkpt lat="56.73964" lon="-4.475332">
        <ele>380.5</ele>
      </trkpt>
      <trkpt lat="56.739928" lon="-4.475264">
        <ele>379.8</ele>
      </trkpt>
      <trkpt lat="56.740693" lon="-4.474448">
        <ele>377.7</ele>
      </trkpt>
      <trkpt lat="56.741532" lon="-4.473651">
        <ele>371.9</ele>
      </trkpt>
      <trkpt lat="56.741902" lon="-4.473372">
        <ele>368.5</ele>
      </trkpt>
      <trkpt lat="56.742608" lon="-4.473301">
        <ele>365.0</ele>
      </trkpt>
      <trkpt lat="56.74273" lon="-4.473596">
        <ele>364.8</ele>
      </trkpt>
      <trkpt lat="56.742764" lon="-4.474229">
        <ele>366.3</ele>
      </trkpt>
      <trkpt lat="56.742751" lon="-4.475094">
        <ele>368.6</ele>
      </trkpt>
      <trkpt lat="56.742832" lon="-4.475882">
        <ele>369.3</ele>
      </trkpt>
      <trkpt lat="56.743118" lon="-4.477069">
        <ele>366.8</ele>
      </trkpt>
      <trkpt lat="56.743204" lon="-4.477388">
        <ele>365.9</ele>
      </trkpt>
      <trkpt lat="56.74348" lon="-4.478239">
        <ele>364.7</ele>
      </trkpt>
      <trkpt lat="56.743731" lon="-4.478528">
        <ele>364.6</ele>
      </trkpt>
      <trkpt lat="56.743868" lon="-4.478455">
        <ele>364.4</ele>
      </trkpt>
      <trkpt lat="56.744184" lon="-4.478159">
        <ele>364.0</ele>
      </trkpt>
      <trkpt lat="56.744488" lon="-4.477901">
        <ele>366.4</ele>
      </trkpt>
      <trkpt lat="56.744566" lon="-4.477807">
        <ele>366.9</ele>
      </trkpt>
      <trkpt lat="56.74493" lon="-4.477004">
        <ele>368.3</ele>
      </trkpt>
      <trkpt lat="56.745351" lon="-4.47618">
        <ele>368.7</ele>
      </trkpt>
      <trkpt lat="56.745792" lon="-4.47515">
        <ele>365.7</ele>
      </trkpt>
      <trkpt lat="56.746498" lon="-4.474026">
        <ele>365.0</ele>
      </trkpt>
      <trkpt lat="56.746631" lon="-4.47376">
        <ele>363.9</ele>
      </trkpt>
      <trkpt lat="56.746734" lon="-4.473423">
        <ele>362.3</ele>
      </trkpt>
      <trkpt lat="56.747027" lon="-4.472917">
        <ele>363.1</ele>
      </trkpt>
      <trkpt lat="56.747351" lon="-4.472491">
        <ele>363.2</ele>
      </trkpt>
      <trkpt lat="56.747807" lon="-4.472296">
        <ele>363.1</ele>
      </trkpt>
      <trkpt lat="56.748748" lon="-4.471471">
        <ele>361.5</ele>
      </trkpt>
      <trkpt lat="56.748938" lon="-4.471379">
        <ele>362.8</ele>
      </trkpt>
      <trkpt lat="56.749129" lon="-4.471372">
        <ele>364.3</ele>
      </trkpt>
      <trkpt lat="56.74945" lon="-4.471051">
        <ele>363.0</ele>
      </trkpt>
      <trkpt lat="56.749725" lon="-4.470811">
        <ele>361.9</ele>
      </trkpt>
      <trkpt lat="56.749796" lon="-4.470857">
        <ele>362.1</ele>
      </trkpt>
      <trkpt lat="56.749917" lon="-4.470728">
        <ele>361.5</ele>
      </trkpt>
      <trkpt lat="56.750462" lon="-4.470663">
        <ele>362.4</ele>
      </trkpt>
      <trkpt lat="56.75076" lon="-4.470808">
        <ele>363.7</ele>
      </trkpt>
      <trkpt lat="56.750889" lon="-4.470853">
        <ele>364.0</ele>
      </trkpt>
      <trkpt lat="56.751462" lon="-4.470574">
        <ele>362.3</ele>
      </trkpt>
      <trkpt lat="56.751646" lon="-4.470509">
        <ele>361.9</ele>
      </trkpt>
      <trkpt lat="56.751883" lon="-4.470454">
        <ele>362.3</ele>
      </trkpt>
      <trkpt lat="56.753237" lon="-4.470309">
        <ele>363.5</ele>
      </trkpt>
      <trkpt lat="56.75394" lon="-4.470057">
        <ele>366.6</ele>
      </trkpt>
      <trkpt lat="56.754055" lon="-4.469808">
        <ele>366.1</ele>
      </trkpt>
      <trkpt lat="56.75407" lon="-4.469656">
        <ele>365.4</ele>
      </trkpt>
      <trkpt lat="56.754154" lon="-4.469378">
        <ele>364.2</ele>
      </trkpt>
      <trkpt lat="56.754315" lon="-4.469056">
        <ele>363.2</ele>
      </trkpt>
      <trkpt lat="56.754487" lon="-4.46886">
        <ele>363.1</ele>
      </trkpt>
      <trkpt lat="56.754598" lon="-4.4688">
        <ele>363.4</ele>
      </trkpt>
      <trkpt lat="56.755363" lon="-4.468119">
        <ele>363.6</ele>
      </trkpt>
      <trkpt lat="56.755584" lon="-4.467869">
        <ele>363.2</ele>
      </trkpt>
      <trkpt lat="56.755935" lon="-4.467011">
        <ele>360.3</ele>
      </trkpt>
      <trkpt lat="56.756948" lon="-4.465958">
        <ele>362.1</ele>
      </trkpt>
      <trkpt lat="56.757216" lon="-4.465796">
        <ele>362.1</ele>
      </trkpt>
      <trkpt lat="56.757379" lon="-4.465636">
        <ele>361.6</ele>
      </trkpt>
      <trkpt lat="56.75761" lon="-4.465489">
        <ele>361.2</ele>
      </trkpt>
      <trkpt lat="56.75808" lon="-4.465231">
        <ele>360.0</ele>
      </trkpt>
      <trkpt lat="56.758268" lon="-4.465183">
        <ele>359.7</ele>
      </trkpt>
      <trkpt lat="56.759028" lon="-4.465396">
        <ele>363.9</ele>
      </trkpt>
      <trkpt lat="56.759262" lon="-4.465515">
        <ele>365.2</ele>
      </trkpt>
      <trkpt lat="56.759469" lon="-4.465513">
        <ele>364.9</ele>
      </trkpt>
      <trkpt lat="56.759893" lon="-4.465368">
        <ele>363.3</ele>
      </trkpt>
      <trkpt lat="56.760059" lon="-4.465452">
        <ele>363.6</ele>
      </trkpt>
      <trkpt lat="56.760184" lon="-4.465457">
        <ele>363.5</ele>
      </trkpt>
      <trkpt lat="56.760466" lon="-4.465726">
        <ele>364.8</ele>
      </trkpt>
      <trkpt lat="56.760772" lon="-4.465778">
        <ele>364.7</ele>
      </trkpt>
      <trkpt lat="56.761188" lon="-4.465694">
        <ele>363.0</ele>
      </trkpt>
      <trkpt lat="56.761322" lon="-4.465716">
        <ele>362.7</ele>
      </trkpt>
      <trkpt lat="56.761346" lon="-4.465706">
        <ele>362.6</ele>
      </trkpt>
      <trkpt lat="56.761604" lon="-4.465873">
        <ele>362.4</ele>
      </trkpt>
      <trkpt lat="56.761873" lon="-4.466096">
        <ele>362.9</ele>
      </trkpt>
      <trkpt lat="56.762166" lon="-4.466027">
        <ele>362.7</ele>
      </trkpt>
      <trkpt lat="56.762528" lon="-4.465858">
        <ele>362.1</ele>
      </trkpt>
      <trkpt lat="56.762683" lon="-4.465802">
        <ele>362.1</ele>
      </trkpt>
      <trkpt lat="56.762746" lon="-4.465888">
        <ele>362.5</ele>
      </trkpt>
      <trkpt lat="56.76293" lon="-4.466328">
        <ele>364.3</ele>
      </trkpt>
      <trkpt lat="56.762967" lon="-4.466368">
        <ele>364.5</ele>
      </trkpt>
      <trkpt lat="56.763357" lon="-4.466241">
        <ele>364.7</ele>
      </trkpt>
      <trkpt lat="56.763387" lon="-4.466217">
        <ele>364.9</ele>
      </trkpt>
      <trkpt lat="56.763413" lon="-4.465168">
        <ele>360.2</ele>
      </trkpt>
      <trkpt lat="56.763429" lon="-4.465103">
        <ele>359.9</ele>
      </trkpt>
      <trkpt lat="56.763477" lon="-4.465014">
        <ele>359.6</ele>
      </trkpt>
      <trkpt lat="56.763688" lon="-4.464912">
        <ele>360.2</ele>
      </trkpt>
      <trkpt lat="56.763777" lon="-4.464758">
        <ele>360.3</ele>
      </trkpt>
      <trkpt lat="56.763863" lon="-4.464664">
        <ele>360.4</ele>
      </trkpt>
      <trkpt lat="56.763932" lon="-4.464654">
        <ele>360.6</ele>
      </trkpt>
      <trkpt lat="56.764192" lon="-4.464525">
        <ele>360.9</ele>
      </trkpt>
      <trkpt lat="56.764311" lon="-4.464412">
        <ele>361.0</ele>
      </trkpt>
      <trkpt lat="56.764551" lon="-4.464313">
        <ele>361.4</ele>
      </trkpt>
      <trkpt lat="56.764573" lon="-4.464232">
        <ele>361.2</ele>
      </trkpt>
      <trkpt lat="56.764679" lon="-4.464253">
        <ele>361.6</ele>
      </trkpt>
      <trkpt lat="56.765009" lon="-4.464131">
        <ele>361.8</ele>
      </trkpt>
      <trkpt lat="56.765182" lon="-4.464036">
        <ele>361.4</ele>
      </trkpt>
      <trkpt lat="56.765343" lon="-4.464">
        <ele>361.2</ele>
      </trkpt>
      <trkpt lat="56.7655" lon="-4.463855">
        <ele>360.5</ele>
      </trkpt>
      <trkpt lat="56.765588" lon="-4.463945">
        <ele>360.9</ele>
      </trkpt>
      <trkpt lat="56.765832" lon="-4.464118">
        <ele>361.8</ele>
      </trkpt>
      <trkpt lat="56.76592" lon="-4.464132">
        <ele>361.9</ele>
      </trkpt>
      <trkpt lat="56.765966" lon="-4.464058">
        <ele>361.7</ele>
      </trkpt>
      <trkpt lat="56.766291" lon="-4.464321">
        <ele>363.2</ele>
      </trkpt>
      <trkpt lat="56.766538" lon="-4.464597">
        <ele>364.5</ele>
      </trkpt>
      <trkpt lat="56.766656" lon="-4.464593">
        <ele>364.5</ele>
      </trkpt>
      <trkpt lat="56.766905" lon="-4.464338">
        <ele>363.6</ele>
      </trkpt>
      <trkpt lat="56.766977" lon="-4.464286">
        <ele>363.4</ele>
      </trkpt>
      <trkpt lat="56.767205" lon="-4.464222">
        <ele>363.2</ele>
      </trkpt>
      <trkpt lat="56.767413" lon="-4.464114">
        <ele>362.8</ele>
      </trkpt>
      <trkpt lat="56.767439" lon="-4.464113">
        <ele>362.8</ele>
      </trkpt>
      <trkpt lat="56.767482" lon="-4.464077">
        <ele>362.7</ele>
      </trkpt>
      <trkpt lat="56.767497" lon="-4.464039">
        <ele>362.5</ele>
      </trkpt>
      <trkpt lat="56.767693" lon="-4.463979">
        <ele>362.8</ele>
      </trkpt>
      <trkpt lat="56.767888" lon="-4.463958">
        <ele>363.2</ele>
      </trkpt>
      <trkpt lat="56.76828" lon="-4.463849">
        <ele>363.7</ele>
      </trkpt>
      <trkpt lat="56.768373" lon="-4.463792">
        <ele>363.8</ele>
      </trkpt>
      <trkpt lat="56.768611" lon="-4.463699">
        <ele>364.3</ele>
      </trkpt>
      <trkpt lat="56.768757" lon="-4.463484">
        <ele>364.1</ele>
      </trkpt>
      <trkpt lat="56.768871" lon="-4.463108">
        <ele>363.2</ele>
      </trkpt>
      <trkpt lat="56.769112" lon="-4.462628">
        <ele>362.3</ele>
      </trkpt>
      <trkpt lat="56.769291" lon="-4.462362">
        <ele>362.0</ele>
      </trkpt>
      <trkpt lat="56.769309" lon="-4.462344">
        <ele>362.0</ele>
      </trkpt>
      <trkpt lat="56.769389" lon="-4.462324">
        <ele>362.3</ele>
      </trkpt>
      <trkpt lat="56.769714" lon="-4.462108">
        <ele>363.1</ele>
      </trkpt>
      <trkpt lat="56.770084" lon="-4.461802">
        <ele>363.8</ele>
      </trkpt>
      <trkpt lat="56.770223" lon="-4.461942">
        <ele>364.8</ele>
      </trkpt>
      <trkpt lat="56.770379" lon="-4.462153">
        <ele>366.1</ele>
      </trkpt>
      <trkpt lat="56.770495" lon="-4.462276">
        <ele>367.0</ele>
      </trkpt>
      <trkpt lat="56.77052" lon="-4.462374">
        <ele>367.4</ele>
      </trkpt>
      <trkpt lat="56.77062" lon="-4.462411">
        <ele>367.9</ele>
      </trkpt>
      <trkpt lat="56.770675" lon="-4.462485">
        <ele>368.4</ele>
      </trkpt>
      <trkpt lat="56.770895" lon="-4.462572">
        <ele>369.8</ele>
      </trkpt>
      <trkpt lat="56.771157" lon="-4.462721">
        <ele>372.1</ele>
      </trkpt>
      <trkpt lat="56.771325" lon="-4.462778">
        <ele>373.3</ele>
      </trkpt>
      <trkpt lat="56.771494" lon="-4.462858">
        <ele>374.5</ele>
      </trkpt>
      <trkpt lat="56.771582" lon="-4.462922">
        <ele>375.0</ele>
      </trkpt>
      <trkpt lat="56.771781" lon="-4.463004">
        <ele>375.9</ele>
      </trkpt>
      <trkpt lat="56.772036" lon="-4.462964">
        <ele>377.2</ele>
      </trkpt>
      <trkpt lat="56.772385" lon="-4.463103">
        <ele>378.3</ele>
      </trkpt>
      <trkpt lat="56.772449" lon="-4.463067">
        <ele>378.7</ele>
      </trkpt>
      <trkpt lat="56.772605" lon="-4.463097">
        <ele>379.7</ele>
      </trkpt>
      <trkpt lat="56.772718" lon="-4.463217">
        <ele>380.1</ele>
      </trkpt>
      <trkpt lat="56.773011" lon="-4.46332">
        <ele>381.7</ele>
      </trkpt>
      <trkpt lat="56.7731" lon="-4.463282">
        <ele>382.6</ele>
      </trkpt>
      <trkpt lat="56.773433" lon="-4.463375">
        <ele>384.5</ele>
      </trkpt>
      <trkpt lat="56.773577" lon="-4.463252">
        <ele>385.7</ele>
      </trkpt>
      <trkpt lat="56.773672" lon="-4.463224">
        <ele>386.3</ele>
      </trkpt>
      <trkpt lat="56.773832" lon="-4.463218">
        <ele>387.2</ele>
      </trkpt>
      <trkpt lat="56.774021" lon="-4.463165">
        <ele>388.5</ele>
      </trkpt>
      <trkpt lat="56.774233" lon="-4.463134">
        <ele>389.5</ele>
      </trkpt>
      <trkpt lat="56.774421" lon="-4.463068">
        <ele>390.1</ele>
      </trkpt>
      <trkpt lat="56.774589" lon="-4.462976">
        <ele>390.7</ele>
      </trkpt>
      <trkpt lat="56.774764" lon="-4.462779">
        <ele>391.5</ele>
      </trkpt>
      <trkpt lat="56.775014" lon="-4.462438">
        <ele>392.0</ele>
      </trkpt>
      <trkpt lat="56.77521" lon="-4.462235">
        <ele>390.9</ele>
      </trkpt>
      <trkpt lat="56.775377" lon="-4.46191">
        <ele>389.7</ele>
      </trkpt>
      <trkpt lat="56.775404" lon="-4.461816">
        <ele>389.5</ele>
      </trkpt>
      <trkpt lat="56.7754" lon="-4.461764">
        <ele>389.6</ele>
      </trkpt>
      <trkpt lat="56.775455" lon="-4.461663">
        <ele>389.1</ele>
      </trkpt>
      <trkpt lat="56.775461" lon="-4.461678">
        <ele>389.0</ele>
      </trkpt>
      <trkpt lat="56.775494" lon="-4.46151">
        <ele>388.2</ele>
      </trkpt>
      <trkpt lat="56.775555" lon="-4.461442">
        <ele>387.4</ele>
      </trkpt>
      <trkpt lat="56.775715" lon="-4.46153">
        <ele>386.0</ele>
      </trkpt>
      <trkpt lat="56.775767" lon="-4.461497">
        <ele>385.4</ele>
      </trkpt>
      <trkpt lat="56.775786" lon="-4.461353">
        <ele>385.0</ele>
      </trkpt>
      <trkpt lat="56.775976" lon="-4.461334">
        <ele>383.2</ele>
      </trkpt>
      <trkpt lat="56.775997" lon="-4.461322">
        <ele>383.0</ele>
      </trkpt>
      <trkpt lat="56.776034" lon="-4.461252">
        <ele>382.3</ele>
      </trkpt>
      <trkpt lat="56.776218" lon="-4.461217">
        <ele>380.1</ele>
      </trkpt>
      <trkpt lat="56.776346" lon="-4.461234">
        <ele>378.8</ele>
      </trkpt>
      <trkpt lat="56.77652" lon="-4.4613">
        <ele>377.6</ele>
      </trkpt>
      <trkpt lat="56.776665" lon="-4.461421">
        <ele>377.8</ele>
      </trkpt>
      <trkpt lat="56.776673" lon="-4.461449">
        <ele>378.1</ele>
      </trkpt>
      <trkpt lat="56.776957" lon="-4.461607">
        <ele>376.5</ele>
      </trkpt>
      <trkpt lat="56.777215" lon="-4.461619">
        <ele>373.3</ele>
      </trkpt>
      <trkpt lat="56.777398" lon="-4.461556">
        <ele>370.5</ele>
      </trkpt>
      <trkpt lat="56.777486" lon="-4.461596">
        <ele>369.7</ele>
      </trkpt>
      <trkpt lat="56.777526" lon="-4.461668">
        <ele>369.8</ele>
      </trkpt>
      <trkpt lat="56.777571" lon="-4.461646">
        <ele>369.3</ele>
      </trkpt>
      <trkpt lat="56.77771" lon="-4.461704">
        <ele>368.7</ele>
      </trkpt>
      <trkpt lat="56.777884" lon="-4.461686">
        <ele>367.3</ele>
      </trkpt>
      <trkpt lat="56.778096" lon="-4.461705">
        <ele>365.9</ele>
      </trkpt>
      <trkpt lat="56.778136" lon="-4.461681">
        <ele>365.5</ele>
      </trkpt>
      <trkpt lat="56.778252" lon="-4.461684">
        <ele>364.6</ele>
      </trkpt>
      <trkpt lat="56.778278" lon="-4.461658">
        <ele>364.4</ele>
      </trkpt>
      <trkpt lat="56.778343" lon="-4.461528">
        <ele>363.6</ele>
      </trkpt>
      <trkpt lat="56.778447" lon="-4.461174">
        <ele>363.1</ele>
      </trkpt>
      <trkpt lat="56.778476" lon="-4.461177">
        <ele>363.4</ele>
      </trkpt>
      <trkpt lat="56.778709" lon="-4.461504">
        <ele>366.2</ele>
      </trkpt>
      <trkpt lat="56.778734" lon="-4.461392">
        <ele>366.1</ele>
      </trkpt>
      <trkpt lat="56.778755" lon="-4.461392">
        <ele>366.2</ele>
      </trkpt>
      <trkpt lat="56.778857" lon="-4.461484">
        <ele>367.3</ele>
      </trkpt>
      <trkpt lat="56.778903" lon="-4.461469">
        <ele>367.6</ele>
      </trkpt>
      <trkpt lat="56.779052" lon="-4.461522">
        <ele>368.8</ele>
      </trkpt>
      <trkpt lat="56.779174" lon="-4.461337">
        <ele>369.3</ele>
      </trkpt>
      <trkpt lat="56.77932" lon="-4.461269">
        <ele>370.6</ele>
      </trkpt>
      <trkpt lat="56.77946" lon="-4.461131">
        <ele>371.8</ele>
      </trkpt>
      <trkpt lat="56.779515" lon="-4.460875">
        <ele>371.8</ele>
      </trkpt>
      <trkpt lat="56.77955" lon="-4.460782">
        <ele>372.0</ele>
      </trkpt>
      <trkpt lat="56.779554" lon="-4.460675">
        <ele>371.8</ele>
      </trkpt>
      <trkpt lat="56.779605" lon="-4.460554">
        <ele>372.1</ele>
      </trkpt>
      <trkpt lat="56.779709" lon="-4.460486">
        <ele>373.2</ele>
      </trkpt>
      <trkpt lat="56.779723" lon="-4.460419">
        <ele>373.2</ele>
      </trkpt>
      <trkpt lat="56.779823" lon="-4.460206">
        <ele>374.0</ele>
      </trkpt>
      <trkpt lat="56.779948" lon="-4.460251">
        <ele>375.7</ele>
      </trkpt>
      <trkpt lat="56.780057" lon="-4.460239">
        <ele>377.4</ele>
      </trkpt>
      <trkpt lat="56.780169" lon="-4.460247">
        <ele>379.6</ele>
      </trkpt>
      <trkpt lat="56.780248" lon="-4.460205">
        <ele>381.2</ele>
      </trkpt>
      <trkpt lat="56.780315" lon="-4.460266">
        <ele>382.5</ele>
      </trkpt>
      <trkpt lat="56.780337" lon="-4.460328">
        <ele>383.0</ele>
      </trkpt>
      <trkpt lat="56.780531" lon="-4.460211">
        <ele>386.8</ele>
      </trkpt>
      <trkpt lat="56.78063" lon="-4.460274">
        <ele>388.7</ele>
      </trkpt>
      <trkpt lat="56.780684" lon="-4.460337">
        <ele>389.7</ele>
      </trkpt>
      <trkpt lat="56.780767" lon="-4.460573">
        <ele>391.1</ele>
      </trkpt>
      <trkpt lat="56.780767" lon="-4.460682">
        <ele>391.0</ele>
      </trkpt>
      <trkpt lat="56.780892" lon="-4.461172">
        <ele>393.3</ele>
      </trkpt>
      <trkpt lat="56.781049" lon="-4.461455">
        <ele>396.5</ele>
      </trkpt>
      <trkpt lat="56.781212" lon="-4.461598">
        <ele>399.8</ele>
      </trkpt>
      <trkpt lat="56.781237" lon="-4.46167">
        <ele>400.2</ele>
      </trkpt>
      <trkpt lat="56.781351" lon="-4.461847">
        <ele>401.9</ele>
      </trkpt>
      <trkpt lat="56.781436" lon="-4.461927">
        <ele>403.2</ele>
      </trkpt>
      <trkpt lat="56.781566" lon="-4.461977">
        <ele>405.5</ele>
      </trkpt>
      <trkpt lat="56.781744" lon="-4.462003">
        <ele>409.0</ele>
      </trkpt>
      <trkpt lat="56.78182" lon="-4.462046">
        <ele>410.4</ele>
      </trkpt>
      <trkpt lat="56.782" lon="-4.462231">
        <ele>413.1</ele>
      </trkpt>
      <trkpt lat="56.782123" lon="-4.462608">
        <ele>413.1</ele>
      </trkpt>
      <trkpt lat="56.782415" lon="-4.463273">
        <ele>414.0</ele>
      </trkpt>
      <trkpt lat="56.782675" lon="-4.46379">
        <ele>416.8</ele>
      </trkpt>
      <trkpt lat="56.782849" lon="-4.464181">
        <ele>418.9</ele>
      </trkpt>
      <trkpt lat="56.783133" lon="-4.465688">
        <ele>419.8</ele>
      </trkpt>
      <trkpt lat="56.783262" lon="-4.466198">
        <ele>421.5</ele>
      </trkpt>
      <trkpt lat="56.783457" lon="-4.46664">
        <ele>426.1</ele>
      </trkpt>
      <trkpt lat="56.783754" lon="-4.467463">
        <ele>430.4</ele>
      </trkpt>
      <trkpt lat="56.784174" lon="-4.469553">
        <ele>430.4</ele>
      </trkpt>
      <trkpt lat="56.784355" lon="-4.470203">
        <ele>431.8</ele>
      </trkpt>
      <trkpt lat="56.784556" lon="-4.470739">
        <ele>433.1</ele>
      </trkpt>
      <trkpt lat="56.784893" lon="-4.471733">
        <ele>433.3</ele>
      </trkpt>
      <trkpt lat="56.785966" lon="-4.473295">
        <ele>439.4</ele>
      </trkpt>
      <trkpt lat="56.786095" lon="-4.473431">
        <ele>440.3</ele>
      </trkpt>
      <trkpt lat="56.786454" lon="-4.473917">
        <ele>441.2</ele>
      </trkpt>
      <trkpt lat="56.786481" lon="-4.473966">
        <ele>441.1</ele>
      </trkpt>
      <trkpt lat="56.786605" lon="-4.474511">
        <ele>435.8</ele>
      </trkpt>
      <trkpt lat="56.78667" lon="-4.474605">
        <ele>435.8</ele>
      </trkpt>
      <trkpt lat="56.786797" lon="-4.474734">
        <ele>436.5</ele>
      </trkpt>
      <trkpt lat="56.787131" lon="-4.47499">
        <ele>439.1</ele>
      </trkpt>
      <trkpt lat="56.787352" lon="-4.475228">
        <ele>440.0</ele>
      </trkpt>
      <trkpt lat="56.787757" lon="-4.47553">
        <ele>444.1</ele>
      </trkpt>
      <trkpt lat="56.788245" lon="-4.476493">
        <ele>439.9</ele>
      </trkpt>
      <trkpt lat="56.788538" lon="-4.47686">
        <ele>441.7</ele>
      </trkpt>
      <trkpt lat="56.788766" lon="-4.477284">
        <ele>441.1</ele>
      </trkpt>
      <trkpt lat="56.788985" lon="-4.477758">
        <ele>439.0</ele>
      </trkpt>
      <trkpt lat="56.789232" lon="-4.478127">
        <ele>438.7</ele>
      </trkpt>
      <trkpt lat="56.789528" lon="-4.478507">
        <ele>439.5</ele>
      </trkpt>
      <trkpt lat="56.789811" lon="-4.478908">
        <ele>438.8</ele>
      </trkpt>
      <trkpt lat="56.790115" lon="-4.479271">
        <ele>438.9</ele>
      </trkpt>
      <trkpt lat="56.790292" lon="-4.479539">
        <ele>438.2</ele>
      </trkpt>
      <trkpt lat="56.790572" lon="-4.47987">
        <ele>438.6</ele>
      </trkpt>
      <trkpt lat="56.790931" lon="-4.480495">
        <ele>438.2</ele>
      </trkpt>
      <trkpt lat="56.791551" lon="-4.481443">
        <ele>438.1</ele>
      </trkpt>
      <trkpt lat="56.791824" lon="-4.481666">
        <ele>440.2</ele>
      </trkpt>
      <trkpt lat="56.792435" lon="-4.482665">
        <ele>442.3</ele>
      </trkpt>
      <trkpt lat="56.792927" lon="-4.483518">
        <ele>446.6</ele>
      </trkpt>
      <trkpt lat="56.793535" lon="-4.484788">
        <ele>451.0</ele>
      </trkpt>
      <trkpt lat="56.793606" lon="-4.48482">
        <ele>452.3</ele>
      </trkpt>
      <trkpt lat="56.793718" lon="-4.485008">
        <ele>453.3</ele>
      </trkpt>
      <trkpt lat="56.793783" lon="-4.485331">
        <ele>454.3</ele>
      </trkpt>
      <trkpt lat="56.793783" lon="-4.485427">
        <ele>454.2</ele>
      </trkpt>
      <trkpt lat="56.793752" lon="-4.485475">
        <ele>453.5</ele>
      </trkpt>
      <trkpt lat="56.793752" lon="-4.485452">
        <ele>453.5</ele>
      </trkpt>
      <trkpt lat="56.793765" lon="-4.48546">
        <ele>453.8</ele>
      </trkpt>
      <trkpt lat="56.793783" lon="-4.485575">
        <ele>454.0</ele>
      </trkpt>
      <trkpt lat="56.793873" lon="-4.48564">
        <ele>455.9</ele>
      </trkpt>
      <trkpt lat="56.794105" lon="-4.486229">
        <ele>460.2</ele>
      </trkpt>
      <trkpt lat="56.794542" lon="-4.487239">
        <ele>469.0</ele>
      </trkpt>
      <trkpt lat="56.794679" lon="-4.487641">
        <ele>472.1</ele>
      </trkpt>
      <trkpt lat="56.794845" lon="-4.488333">
        <ele>475.7</ele>
      </trkpt>
      <trkpt lat="56.794987" lon="-4.48865">
        <ele>477.6</ele>
      </trkpt>
      <trkpt lat="56.795128" lon="-4.488917">
        <ele>479.4</ele>
      </trkpt>
      <trkpt lat="56.795315" lon="-4.489223">
        <ele>481.8</ele>
      </trkpt>
      <trkpt lat="56.79555" lon="-4.489572">
        <ele>484.5</ele>
      </trkpt>
      <trkpt lat="56.796157" lon="-4.490053">
        <ele>492.9</ele>
      </trkpt>
      <trkpt lat="56.796377" lon="-4.490293">
        <ele>495.5</ele>
      </trkpt>
      <trkpt lat="56.796582" lon="-4.490553">
        <ele>497.5</ele>
      </trkpt>
      <trkpt lat="56.797251" lon="-4.491143">
        <ele>505.7</ele>
      </trkpt>
      <trkpt lat="56.797755" lon="-4.491692">
        <ele>511.2</ele>
      </trkpt>
      <trkpt lat="56.798016" lon="-4.492017">
        <ele>514.6</ele>
      </trkpt>
      <trkpt lat="56.798245" lon="-4.492426">
        <ele>516.9</ele>
      </trkpt>
      <trkpt lat="56.798532" lon="-4.492854">
        <ele>519.5</ele>
      </trkpt>
      <trkpt lat="56.799366" lon="-4.493599">
        <ele>528.4</ele>
      </trkpt>
      <trkpt lat="56.799885" lon="-4.494144">
        <ele>533.7</ele>
      </trkpt>
      <trkpt lat="56.800082" lon="-4.494424">
        <ele>535.5</ele>
      </trkpt>
      <trkpt lat="56.800115" lon="-4.494569">
        <ele>535.6</ele>
      </trkpt>
      <trkpt lat="56.800225" lon="-4.494605">
        <ele>537.0</ele>
      </trkpt>
      <trkpt lat="56.800698" lon="-4.495332">
        <ele>541.9</ele>
      </trkpt>
      <trkpt lat="56.800925" lon="-4.495712">
        <ele>544.3</ele>
      </trkpt>
      <trkpt lat="56.801273" lon="-4.49648">
        <ele>547.9</ele>
      </trkpt>
      <trkpt lat="56.801314" lon="-4.496539">
        <ele>548.3</ele>
      </trkpt>
      <trkpt lat="56.801426" lon="-4.496835">
        <ele>549.1</ele>
      </trkpt>
      <trkpt lat="56.801926" lon="-4.497978">
        <ele>554.2</ele>
      </trkpt>
      <trkpt lat="56.802174" lon="-4.498396">
        <ele>557.0</ele>
      </trkpt>
      <trkpt lat="56.802471" lon="-4.498822">
        <ele>559.5</ele>
      </trkpt>
      <trkpt lat="56.803336" lon="-4.500033">
        <ele>566.1</ele>
      </trkpt>
      <trkpt lat="56.803603" lon="-4.500378">
        <ele>570.5</ele>
      </trkpt>
      <trkpt lat="56.803852" lon="-4.50079">
        <ele>573.6</ele>
      </trkpt>
      <trkpt lat="56.804115" lon="-4.501526">
        <ele>575.8</ele>
      </trkpt>
      <trkpt lat="56.804311" lon="-4.501997">
        <ele>581.7</ele>
      </trkpt>
      <trkpt lat="56.804506" lon="-4.502369">
        <ele>586.7</ele>
      </trkpt>
      <trkpt lat="56.804704" lon="-4.502718">
        <ele>589.3</ele>
      </trkpt>
      <trkpt lat="56.804902" lon="-4.502981">
        <ele>590.0</ele>
      </trkpt>
      <trkpt lat="56.805144" lon="-4.503266">
        <ele>592.9</ele>
      </trkpt>
      <trkpt lat="56.805295" lon="-4.503606">
        <ele>598.4</ele>
      </trkpt>
      <trkpt lat="56.805429" lon="-4.504065">
        <ele>603.1</ele>
      </trkpt>
      <trkpt lat="56.805568" lon="-4.504411">
        <ele>605.2</ele>
      </trkpt>
      <trkpt lat="56.805805" lon="-4.504806">
        <ele>604.8</ele>
      </trkpt>
      <trkpt lat="56.806022" lon="-4.505209">
        <ele>610.3</ele>
      </trkpt>
      <trkpt lat="56.806291" lon="-4.505792">
        <ele>615.8</ele>
      </trkpt>
      <trkpt lat="56.80646" lon="-4.506205">
        <ele>615.4</ele>
      </trkpt>
      <trkpt lat="56.806841" lon="-4.506769">
        <ele>615.7</ele>
      </trkpt>
      <trkpt lat="56.807058" lon="-4.507142">
        <ele>620.6</ele>
      </trkpt>
      <trkpt lat="56.807452" lon="-4.508138">
        <ele>618.9</ele>
      </trkpt>
      <trkpt lat="56.807866" lon="-4.508936">
        <ele>628.9</ele>
      </trkpt>
      <trkpt lat="56.808442" lon="-4.510441">
        <ele>630.7</ele>
      </trkpt>
      <trkpt lat="56.808908" lon="-4.51139">
        <ele>635.1</ele>
      </trkpt>
      <trkpt lat="56.80919" lon="-4.511819">
        <ele>634.5</ele>
      </trkpt>
      <trkpt lat="56.809627" lon="-4.512434">
        <ele>644.3</ele>
      </trkpt>
      <trkpt lat="56.810247" lon="-4.513373">
        <ele>644.5</ele>
      </trkpt>
      <trkpt lat="56.810455" lon="-4.513587">
        <ele>649.3</ele>
      </trkpt>
      <trkpt lat="56.81082" lon="-4.513782">
        <ele>654.4</ele>
      </trkpt>
      <trkpt lat="56.811309" lon="-4.513808">
        <ele>658.7</ele>
      </trkpt>
      <trkpt lat="56.811835" lon="-4.513782">
        <ele>661.9</ele>
      </trkpt>
      <trkpt lat="56.811979" lon="-4.513756">
        <ele>662.2</ele>
      </trkpt>
      <trkpt lat="56.812251" lon="-4.513539">
        <ele>663.5</ele>
      </trkpt>
      <trkpt lat="56.812539" lon="-4.513211">
        <ele>665.7</ele>
      </trkpt>
      <trkpt lat="56.812865" lon="-4.512785">
        <ele>666.0</ele>
      </trkpt>
      <trkpt lat="56.813302" lon="-4.511846">
        <ele>668.9</ele>
      </trkpt>
      <trkpt lat="56.81357" lon="-4.51137">
        <ele>668.4</ele>
      </trkpt>
      <trkpt lat="56.813874" lon="-4.510903">
        <ele>667.5</ele>
      </trkpt>
      <trkpt lat="56.814138" lon="-4.510556">
        <ele>666.5</ele>
      </trkpt>
      <trkpt lat="56.81439" lon="-4.510389">
        <ele>662.8</ele>
      </trkpt>
      <trkpt lat="56.814647" lon="-4.510271">
        <ele>658.3</ele>
      </trkpt>
      <trkpt lat="56.814772" lon="-4.509925">
        <ele>659.3</ele>
      </trkpt>
      <trkpt lat="56.814828" lon="-4.509938">
        <ele>657.9</ele>
      </trkpt>
      <trkpt lat="56.815078" lon="-4.51013">
        <ele>650.2</ele>
      </trkpt>
      <trkpt lat="56.815186" lon="-4.51014">
        <ele>648.0</ele>
      </trkpt>
      <trkpt lat="56.815296" lon="-4.510118">
        <ele>646.1</ele>
      </trkpt>
      <trkpt lat="56.815633" lon="-4.509906">
        <ele>642.1</ele>
      </trkpt>
      <trkpt lat="56.815768" lon="-4.509761">
        <ele>641.5</ele>
      </trkpt>
      <trkpt lat="56.816078" lon="-4.509342">
        <ele>638.7</ele>
      </trkpt>
      <trkpt lat="56.816321" lon="-4.508962">
        <ele>636.7</ele>
      </trkpt>
      <trkpt lat="56.816399" lon="-4.508741">
        <ele>637.3</ele>
      </trkpt>
      <trkpt lat="56.816523" lon="-4.508652">
        <ele>634.9</ele>
      </trkpt>
      <trkpt lat="56.816653" lon="-4.508472">
        <ele>633.6</ele>
      </trkpt>
      <trkpt lat="56.816854" lon="-4.508319">
        <ele>630.3</ele>
      </trkpt>
      <trkpt lat="56.816956" lon="-4.508119">
        <ele>631.1</ele>
      </trkpt>
      <trkpt lat="56.817254" lon="-4.507648">
        <ele>631.2</ele>
      </trkpt>
      <trkpt lat="56.817451" lon="-4.507158">
        <ele>634.1</ele>
      </trkpt>
      <trkpt lat="56.817666" lon="-4.506837">
        <ele>632.9</ele>
      </trkpt>
      <trkpt lat="56.817804" lon="-4.506688">
        <ele>630.8</ele>
      </trkpt>
      <trkpt lat="56.81822" lon="-4.506134">
        <ele>627.7</ele>
      </trkpt>
      <trkpt lat="56.818719" lon="-4.505408">
        <ele>627.5</ele>
      </trkpt>
      <trkpt lat="56.81921" lon="-4.504776">
        <ele>625.1</ele>
      </trkpt>
      <trkpt lat="56.819552" lon="-4.504399">
        <ele>623.8</ele>
      </trkpt>
      <trkpt lat="56.819749" lon="-4.504215">
        <ele>622.2</ele>
      </trkpt>
      <trkpt lat="56.819984" lon="-4.503924">
        <ele>621.2</ele>
      </trkpt>
      <trkpt lat="56.820442" lon="-4.503082">
        <ele>624.7</ele>
      </trkpt>
      <trkpt lat="56.820807" lon="-4.502319">
        <ele>628.5</ele>
      </trkpt>
      <trkpt lat="56.821233" lon="-4.501549">
        <ele>632.2</ele>
      </trkpt>
      <trkpt lat="56.821339" lon="-4.501302">
        <ele>633.8</ele>
      </trkpt>
      <trkpt lat="56.821339" lon="-4.501074">
        <ele>637.2</ele>
      </trkpt>
      <trkpt lat="56.821392" lon="-4.500951">
        <ele>637.9</ele>
      </trkpt>
      <trkpt lat="56.821531" lon="-4.500893">
        <ele>635.4</ele>
      </trkpt>
      <trkpt lat="56.821863" lon="-4.500078">
        <ele>640.2</ele>
      </trkpt>
      <trkpt lat="56.822076" lon="-4.499653">
        <ele>643.8</ele>
      </trkpt>
      <trkpt lat="56.822327" lon="-4.498928">
        <ele>650.6</ele>
      </trkpt>
      <trkpt lat="56.822623" lon="-4.498479">
        <ele>650.5</ele>
      </trkpt>
      <trkpt lat="56.822839" lon="-4.498008">
        <ele>654.8</ele>
      </trkpt>
      <trkpt lat="56.822989" lon="-4.497574">
        <ele>659.5</ele>
      </trkpt>
      <trkpt lat="56.823072" lon="-4.497225">
        <ele>663.9</ele>
      </trkpt>
      <trkpt lat="56.823221" lon="-4.497086">
        <ele>661.7</ele>
      </trkpt>
      <trkpt lat="56.823578" lon="-4.496267">
        <ele>672.5</ele>
      </trkpt>
      <trkpt lat="56.823884" lon="-4.495721">
        <ele>678.2</ele>
      </trkpt>
      <trkpt lat="56.824172" lon="-4.494969">
        <ele>682.8</ele>
      </trkpt>
      <trkpt lat="56.824251" lon="-4.494798">
        <ele>686.6</ele>
      </trkpt>
      <trkpt lat="56.824477" lon="-4.494038">
        <ele>701.4</ele>
      </trkpt>
      <trkpt lat="56.824505" lon="-4.493886">
        <ele>704.3</ele>
      </trkpt>
      <trkpt lat="56.824623" lon="-4.49359">
        <ele>707.9</ele>
      </trkpt>
      <trkpt lat="56.824832" lon="-4.49279">
        <ele>715.1</ele>
      </trkpt>
      <trkpt lat="56.825091" lon="-4.492195">
        <ele>719.8</ele>
      </trkpt>
      <trkpt lat="56.825276" lon="-4.491698">
        <ele>728.9</ele>
      </trkpt>
      <trkpt lat="56.825307" lon="-4.491545">
        <ele>729.8</ele>
      </trkpt>
      <trkpt lat="56.825385" lon="-4.491385">
        <ele>730.7</ele>
      </trkpt>
      <trkpt lat="56.825499" lon="-4.491085">
        <ele>731.7</ele>
      </trkpt>
      <trkpt lat="56.825548" lon="-4.490899">
        <ele>732.0</ele>
      </trkpt>
      <trkpt lat="56.825594" lon="-4.490503">
        <ele>731.7</ele>
      </trkpt>
      <trkpt lat="56.825591" lon="-4.490326">
        <ele>731.3</ele>
      </trkpt>
      <trkpt lat="56.825638" lon="-4.489885">
        <ele>728.7</ele>
      </trkpt>
      <trkpt lat="56.825647" lon="-4.489877">
        <ele>728.5</ele>
      </trkpt>
      <trkpt lat="56.825656" lon="-4.489893">
        <ele>728.8</ele>
      </trkpt>
      <trkpt lat="56.825726" lon="-4.4895">
        <ele>721.5</ele>
      </trkpt>
      <trkpt lat="56.825833" lon="-4.489214">
        <ele>715.9</ele>
      </trkpt>
      <trkpt lat="56.825926" lon="-4.488853">
        <ele>713.0</ele>
      </trkpt>
      <trkpt lat="56.825959" lon="-4.488637">
        <ele>710.5</ele>
      </trkpt>
      <trkpt lat="56.825955" lon="-4.488419">
        <ele>706.3</ele>
      </trkpt>
      <trkpt lat="56.825986" lon="-4.488045">
        <ele>700.1</ele>
      </trkpt>
      <trkpt lat="56.826032" lon="-4.487701">
        <ele>694.9</ele>
      </trkpt>
      <trkpt lat="56.826104" lon="-4.487325">
        <ele>689.9</ele>
      </trkpt>
      <trkpt lat="56.826147" lon="-4.486994">
        <ele>684.5</ele>
      </trkpt>
      <trkpt lat="56.826164" lon="-4.486635">
        <ele>677.7</ele>
      </trkpt>
      <trkpt lat="56.826196" lon="-4.486478">
        <ele>676.9</ele>
      </trkpt>
      <trkpt lat="56.826217" lon="-4.485946">
        <ele>670.5</ele>
      </trkpt>
      <trkpt lat="56.826193" lon="-4.485664">
        <ele>665.9</ele>
      </trkpt>
      <trkpt lat="56.826236" lon="-4.485296">
        <ele>661.9</ele>
      </trkpt>
      <trkpt lat="56.826252" lon="-4.484548">
        <ele>653.7</ele>
      </trkpt>
      <trkpt lat="56.826316" lon="-4.484139">
        <ele>650.3</ele>
      </trkpt>
      <trkpt lat="56.826357" lon="-4.484022">
        <ele>649.4</ele>
      </trkpt>
      <trkpt lat="56.826394" lon="-4.483809">
        <ele>647.2</ele>
      </trkpt>
      <trkpt lat="56.826417" lon="-4.483285">
        <ele>641.5</ele>
      </trkpt>
      <trkpt lat="56.82647" lon="-4.483023">
        <ele>640.3</ele>
      </trkpt>
      <trkpt lat="56.826623" lon="-4.482521">
        <ele>635.9</ele>
      </trkpt>
      <trkpt lat="56.826689" lon="-4.482326">
        <ele>634.1</ele>
      </trkpt>
      <trkpt lat="56.826748" lon="-4.482244">
        <ele>634.8</ele>
      </trkpt>
      <trkpt lat="56.826768" lon="-4.482243">
        <ele>635.3</ele>
      </trkpt>
      <trkpt lat="56.826855" lon="-4.482078">
        <ele>635.6</ele>
      </trkpt>
      <trkpt lat="56.827365" lon="-4.480623">
        <ele>629.5</ele>
      </trkpt>
      <trkpt lat="56.827713" lon="-4.479922">
        <ele>626.4</ele>
      </trkpt>
      <trkpt lat="56.827873" lon="-4.479741">
        <ele>628.5</ele>
      </trkpt>
      <trkpt lat="56.828176" lon="-4.479209">
        <ele>627.8</ele>
      </trkpt>
      <trkpt lat="56.828447" lon="-4.478669">
        <ele>625.0</ele>
      </trkpt>
      <trkpt lat="56.828501" lon="-4.478525">
        <ele>624.3</ele>
      </trkpt>
      <trkpt lat="56.828634" lon="-4.47799">
        <ele>622.6</ele>
      </trkpt>
      <trkpt lat="56.828784" lon="-4.477501">
        <ele>622.0</ele>
      </trkpt>
      <trkpt lat="56.829235" lon="-4.476531">
        <ele>618.5</ele>
      </trkpt>
      <trkpt lat="56.829521" lon="-4.475713">
        <ele>617.0</ele>
      </trkpt>
      <trkpt lat="56.82995" lon="-4.475062">
        <ele>614.4</ele>
      </trkpt>
      <trkpt lat="56.830213" lon="-4.47489">
        <ele>617.0</ele>
      </trkpt>
      <trkpt lat="56.830349" lon="-4.474825">
        <ele>618.9</ele>
      </trkpt>
      <trkpt lat="56.830439" lon="-4.474753">
        <ele>619.8</ele>
      </trkpt>
      <trkpt lat="56.830859" lon="-4.474295">
        <ele>622.0</ele>
      </trkpt>
      <trkpt lat="56.831" lon="-4.47395">
        <ele>621.1</ele>
      </trkpt>
      <trkpt lat="56.831306" lon="-4.472934">
        <ele>614.2</ele>
      </trkpt>
      <trkpt lat="56.831398" lon="-4.472681">
        <ele>612.9</ele>
      </trkpt>
      <trkpt lat="56.831644" lon="-4.472028">
        <ele>608.2</ele>
      </trkpt>
      <trkpt lat="56.831937" lon="-4.471354">
        <ele>607.9</ele>
      </trkpt>
      <trkpt lat="56.83218" lon="-4.470378">
        <ele>605.1</ele>
      </trkpt>
      <trkpt lat="56.832335" lon="-4.469877">
        <ele>603.4</ele>
      </trkpt>
      <trkpt lat="56.832435" lon="-4.469776">
        <ele>603.9</ele>
      </trkpt>
      <trkpt lat="56.832585" lon="-4.469317">
        <ele>603.8</ele>
      </trkpt>
      <trkpt lat="56.832733" lon="-4.46873">
        <ele>602.7</ele>
      </trkpt>
      <trkpt lat="56.83289" lon="-4.468392">
        <ele>602.6</ele>
      </trkpt>
      <trkpt lat="56.833077" lon="-4.468162">
        <ele>604.0</ele>
      </trkpt>
      <trkpt lat="56.833243" lon="-4.46783">
        <ele>604.2</ele>
      </trkpt>
      <trkpt lat="56.833244" lon="-4.467845">
        <ele>604.3</ele>
      </trkpt>
      <trkpt lat="56.833312" lon="-4.467401">
        <ele>602.0</ele>
      </trkpt>
      <trkpt lat="56.833409" lon="-4.46712">
        <ele>601.6</ele>
      </trkpt>
      <trkpt lat="56.833738" lon="-4.466695">
        <ele>602.7</ele>
      </trkpt>
      <trkpt lat="56.833901" lon="-4.466535">
        <ele>603.9</ele>
      </trkpt>
      <trkpt lat="56.834158" lon="-4.465921">
        <ele>603.4</ele>
      </trkpt>
      <trkpt lat="56.834603" lon="-4.465347">
        <ele>607.6</ele>
      </trkpt>
      <trkpt lat="56.834885" lon="-4.464753">
        <ele>606.0</ele>
      </trkpt>
      <trkpt lat="56.835288" lon="-4.464266">
        <ele>609.5</ele>
      </trkpt>
      <trkpt lat="56.83544" lon="-4.464048">
        <ele>609.8</ele>
      </trkpt>
      <trkpt lat="56.83575" lon="-4.463343">
        <ele>603.2</ele>
      </trkpt>
      <trkpt lat="56.835949" lon="-4.463132">
        <ele>604.5</ele>
      </trkpt>
      <trkpt lat="56.836222" lon="-4.462594">
        <ele>604.1</ele>
      </trkpt>
      <trkpt lat="56.836342" lon="-4.462284">
        <ele>602.2</ele>
      </trkpt>
      <trkpt lat="56.836525" lon="-4.461586">
        <ele>595.9</ele>
      </trkpt>
      <trkpt lat="56.836642" lon="-4.461315">
        <ele>594.8</ele>
      </trkpt>
      <trkpt lat="56.837388" lon="-4.459773">
        <ele>592.9</ele>
      </trkpt>
      <trkpt lat="56.837765" lon="-4.458746">
        <ele>589.3</ele>
      </trkpt>
      <trkpt lat="56.837913" lon="-4.458203">
        <ele>586.2</ele>
      </trkpt>
      <trkpt lat="56.837861" lon="-4.45775">
        <ele>584.7</ele>
      </trkpt>
      <trkpt lat="56.837812" lon="-4.457536">
        <ele>583.9</ele>
      </trkpt>
      <trkpt lat="56.83785" lon="-4.457211">
        <ele>583.1</ele>
      </trkpt>
      <trkpt lat="56.837977" lon="-4.456585">
        <ele>581.5</ele>
      </trkpt>
      <trkpt lat="56.838034" lon="-4.456088">
        <ele>580.3</ele>
      </trkpt>
      <trkpt lat="56.837989" lon="-4.455665">
        <ele>579.1</ele>
      </trkpt>
      <trkpt lat="56.837998" lon="-4.45559">
        <ele>578.8</ele>
      </trkpt>
      <trkpt lat="56.83804" lon="-4.455489">
        <ele>578.6</ele>
      </trkpt>
      <trkpt lat="56.838056" lon="-4.454922">
        <ele>576.8</ele>
      </trkpt>
      <trkpt lat="56.83798" lon="-4.454293">
        <ele>575.5</ele>
      </trkpt>
      <trkpt lat="56.83819" lon="-4.453635">
        <ele>572.8</ele>
      </trkpt>
      <trkpt lat="56.838431" lon="-4.452612">
        <ele>569.5</ele>
      </trkpt>
      <trkpt lat="56.838681" lon="-4.451933">
        <ele>568.2</ele>
      </trkpt>
      <trkpt lat="56.838823" lon="-4.451408">
        <ele>567.2</ele>
      </trkpt>
      <trkpt lat="56.838871" lon="-4.451324">
        <ele>567.0</ele>
      </trkpt>
      <trkpt lat="56.838924" lon="-4.450971">
        <ele>566.1</ele>
      </trkpt>
      <trkpt lat="56.839122" lon="-4.450129">
        <ele>560.5</ele>
      </trkpt>
      <trkpt lat="56.839257" lon="-4.449455">
        <ele>559.5</ele>
      </trkpt>
      <trkpt lat="56.83959" lon="-4.448734">
        <ele>558.7</ele>
      </trkpt>
      <trkpt lat="56.83973" lon="-4.448239">
        <ele>556.5</ele>
      </trkpt>
      <trkpt lat="56.839827" lon="-4.447646">
        <ele>554.8</ele>
      </trkpt>
      <trkpt lat="56.840002" lon="-4.446263">
        <ele>547.1</ele>
      </trkpt>
      <trkpt lat="56.84033" lon="-4.444915">
        <ele>540.6</ele>
      </trkpt>
      <trkpt lat="56.84056" lon="-4.444566">
        <ele>539.9</ele>
      </trkpt>
      <trkpt lat="56.84077" lon="-4.44433">
        <ele>538.9</ele>
      </trkpt>
      <trkpt lat="56.840905" lon="-4.444073">
        <ele>538.0</ele>
      </trkpt>
      <trkpt lat="56.841023" lon="-4.443765">
        <ele>537.0</ele>
      </trkpt>
      <trkpt lat="56.84117" lon="-4.443624">
        <ele>537.0</ele>
      </trkpt>
      <trkpt lat="56.841182" lon="-4.443553">
        <ele>536.6</ele>
      </trkpt>
      <trkpt lat="56.841728" lon="-4.442173">
        <ele>527.0</ele>
      </trkpt>
      <trkpt lat="56.841951" lon="-4.441692">
        <ele>524.0</ele>
      </trkpt>
      <trkpt lat="56.842054" lon="-4.441394">
        <ele>523.3</ele>
      </trkpt>
      <trkpt lat="56.842255" lon="-4.440517">
        <ele>518.8</ele>
      </trkpt>
      <trkpt lat="56.842471" lon="-4.440116">
        <ele>515.2</ele>
      </trkpt>
      <trkpt lat="56.843059" lon="-4.43861">
        <ele>509.6</ele>
      </trkpt>
      <trkpt lat="56.843365" lon="-4.438093">
        <ele>505.3</ele>
      </trkpt>
      <trkpt lat="56.843721" lon="-4.437614">
        <ele>504.5</ele>
      </trkpt>
      <trkpt lat="56.843977" lon="-4.437066">
        <ele>501.7</ele>
      </trkpt>
      <trkpt lat="56.844476" lon="-4.436174">
        <ele>497.4</ele>
      </trkpt>
      <trkpt lat="56.84466" lon="-4.436026">
        <ele>496.6</ele>
      </trkpt>
      <trkpt lat="56.84485" lon="-4.435842">
        <ele>495.4</ele>
      </trkpt>
      <trkpt lat="56.845038" lon="-4.435997">
        <ele>495.9</ele>
      </trkpt>
      <trkpt lat="56.845096" lon="-4.435991">
        <ele>496.0</ele>
      </trkpt>
      <trkpt lat="56.845357" lon="-4.435607">
        <ele>494.5</ele>
      </trkpt>
      <trkpt lat="56.845425" lon="-4.435204">
        <ele>492.2</ele>
      </trkpt>
      <trkpt lat="56.845524" lon="-4.434875">
        <ele>490.9</ele>
      </trkpt>
      <trkpt lat="56.845599" lon="-4.43453">
        <ele>490.1</ele>
      </trkpt>
      <trkpt lat="56.84587" lon="-4.433761">
        <ele>487.1</ele>
      </trkpt>
      <trkpt lat="56.845896" lon="-4.433635">
        <ele>486.6</ele>
      </trkpt>
      <trkpt lat="56.845901" lon="-4.433413">
        <ele>485.5</ele>
      </trkpt>
      <trkpt lat="56.845956" lon="-4.433277">
        <ele>485.1</ele>
      </trkpt>
      <trkpt lat="56.846288" lon="-4.432833">
        <ele>484.9</ele>
      </trkpt>
      <trkpt lat="56.846356" lon="-4.432779">
        <ele>484.8</ele>
      </trkpt>
      <trkpt lat="56.846591" lon="-4.432435">
        <ele>483.9</ele>
      </trkpt>
      <trkpt lat="56.846636" lon="-4.432019">
        <ele>482.3</ele>
      </trkpt>
      <trkpt lat="56.846955" lon="-4.431772">
        <ele>481.8</ele>
      </trkpt>
      <trkpt lat="56.847248" lon="-4.431689">
        <ele>481.8</ele>
      </trkpt>
      <trkpt lat="56.84741" lon="-4.43162">
        <ele>481.7</ele>
      </trkpt>
      <trkpt lat="56.847562" lon="-4.431264">
        <ele>480.7</ele>
      </trkpt>
      <trkpt lat="56.847627" lon="-4.431172">
        <ele>480.5</ele>
      </trkpt>
      <trkpt lat="56.847681" lon="-4.430693">
        <ele>478.6</ele>
      </trkpt>
      <trkpt lat="56.847787" lon="-4.430438">
        <ele>477.6</ele>
      </trkpt>
      <trkpt lat="56.847849" lon="-4.430163">
        <ele>476.3</ele>
      </trkpt>
      <trkpt lat="56.84804" lon="-4.429844">
        <ele>475.4</ele>
      </trkpt>
      <trkpt lat="56.848201" lon="-4.429667">
        <ele>475.2</ele>
      </trkpt>
      <trkpt lat="56.848409" lon="-4.429562">
        <ele>475.0</ele>
      </trkpt>
      <trkpt lat="56.848547" lon="-4.429533">
        <ele>475.1</ele>
      </trkpt>
      <trkpt lat="56.848736" lon="-4.429447">
        <ele>475.0</ele>
      </trkpt>
      <trkpt lat="56.848974" lon="-4.429225">
        <ele>474.4</ele>
      </trkpt>
      <trkpt lat="56.84917" lon="-4.428879">
        <ele>472.6</ele>
      </trkpt>
      <trkpt lat="56.849437" lon="-4.428484">
        <ele>470.8</ele>
      </trkpt>
      <trkpt lat="56.849684" lon="-4.428371">
        <ele>470.2</ele>
      </trkpt>
      <trkpt lat="56.849787" lon="-4.428212">
        <ele>469.9</ele>
      </trkpt>
      <trkpt lat="56.849936" lon="-4.427725">
        <ele>469.3</ele>
      </trkpt>
      <trkpt lat="56.850215" lon="-4.427381">
        <ele>468.7</ele>
      </trkpt>
      <trkpt lat="56.850439" lon="-4.427156">
        <ele>467.9</ele>
      </trkpt>
      <trkpt lat="56.850756" lon="-4.42701">
        <ele>466.8</ele>
      </trkpt>
      <trkpt lat="56.85101" lon="-4.42679">
        <ele>465.8</ele>
      </trkpt>
      <trkpt lat="56.851308" lon="-4.426375">
        <ele>465.2</ele>
      </trkpt>
      <trkpt lat="56.851734" lon="-4.425606">
        <ele>463.2</ele>
      </trkpt>
      <trkpt lat="56.852167" lon="-4.424895">
        <ele>460.9</ele>
      </trkpt>
      <trkpt lat="56.852426" lon="-4.42464">
        <ele>460.6</ele>
      </trkpt>
      <trkpt lat="56.85259" lon="-4.424585">
        <ele>460.6</ele>
      </trkpt>
      <trkpt lat="56.852663" lon="-4.424431">
        <ele>460.4</ele>
      </trkpt>
      <trkpt lat="56.853093" lon="-4.423771">
        <ele>458.7</ele>
      </trkpt>
      <trkpt lat="56.853438" lon="-4.423299">
        <ele>457.0</ele>
      </trkpt>
      <trkpt lat="56.853429" lon="-4.423275">
        <ele>457.0</ele>
      </trkpt>
      <trkpt lat="56.853434" lon="-4.423307">
        <ele>457.0</ele>
      </trkpt>
      <trkpt lat="56.853461" lon="-4.423275">
        <ele>457.0</ele>
      </trkpt>
      <trkpt lat="56.853758" lon="-4.422924">
        <ele>456.7</ele>
      </trkpt>
      <trkpt lat="56.853898" lon="-4.422861">
        <ele>456.6</ele>
      </trkpt>
      <trkpt lat="56.854147" lon="-4.422889">
        <ele>456.5</ele>
      </trkpt>
      <trkpt lat="56.854596" lon="-4.422908">
        <ele>458.3</ele>
      </trkpt>
      <trkpt lat="56.854747" lon="-4.422712">
        <ele>458.2</ele>
      </trkpt>
      <trkpt lat="56.854827" lon="-4.422441">
        <ele>457.3</ele>
      </trkpt>
      <trkpt lat="56.854847" lon="-4.42227">
        <ele>456.7</ele>
      </trkpt>
      <trkpt lat="56.855011" lon="-4.421863">
        <ele>455.0</ele>
      </trkpt>
      <trkpt lat="56.855588" lon="-4.421173">
        <ele>454.4</ele>
      </trkpt>
      <trkpt lat="56.855817" lon="-4.421148">
        <ele>454.7</ele>
      </trkpt>
      <trkpt lat="56.855951" lon="-4.42109">
        <ele>455.1</ele>
      </trkpt>
      <trkpt lat="56.855879" lon="-4.420758">
        <ele>453.9</ele>
      </trkpt>
      <trkpt lat="56.855562" lon="-4.420344">
        <ele>452.1</ele>
      </trkpt>
      <trkpt lat="56.855253" lon="-4.419975">
        <ele>451.0</ele>
      </trkpt>
      <trkpt lat="56.855128" lon="-4.41987">
        <ele>451.0</ele>
      </trkpt>
      <trkpt lat="56.855101" lon="-4.419794">
        <ele>451.0</ele>
      </trkpt>
      <trkpt lat="56.854906" lon="-4.41957">
        <ele>451.5</ele>
      </trkpt>
      <trkpt lat="56.855292" lon="-4.418524">
        <ele>450.7</ele>
      </trkpt>
      <trkpt lat="56.85539" lon="-4.418296">
        <ele>450.6</ele>
      </trkpt>
      <trkpt lat="56.856347" lon="-4.416699">
        <ele>447.6</ele>
      </trkpt>
      <trkpt lat="56.856369" lon="-4.416316">
        <ele>447.4</ele>
      </trkpt>
      <trkpt lat="56.856362" lon="-4.41614">
        <ele>447.5</ele>
      </trkpt>
      <trkpt lat="56.856427" lon="-4.415801">
        <ele>447.2</ele>
      </trkpt>
      <trkpt lat="56.856561" lon="-4.415509">
        <ele>446.6</ele>
      </trkpt>
      <trkpt lat="56.857484" lon="-4.414158">
        <ele>444.0</ele>
      </trkpt>
      <trkpt lat="56.857577" lon="-4.413951">
        <ele>443.9</ele>
      </trkpt>
      <trkpt lat="56.857757" lon="-4.413106">
        <ele>443.4</ele>
      </trkpt>
      <trkpt lat="56.858423" lon="-4.411695">
        <ele>441.0</ele>
      </trkpt>
      <trkpt lat="56.858894" lon="-4.410138">
        <ele>439.8</ele>
      </trkpt>
      <trkpt lat="56.858979" lon="-4.409841">
        <ele>439.5</ele>
      </trkpt>
      <trkpt lat="56.859018" lon="-4.409618">
        <ele>439.4</ele>
      </trkpt>
      <trkpt lat="56.859118" lon="-4.408751">
        <ele>439.1</ele>
      </trkpt>
      <trkpt lat="56.859239" lon="-4.40836">
        <ele>438.9</ele>
      </trkpt>
      <trkpt lat="56.859499" lon="-4.407926">
        <ele>438.9</ele>
      </trkpt>
      <trkpt lat="56.859662" lon="-4.407693">
        <ele>438.7</ele>
      </trkpt>
      <trkpt lat="56.859842" lon="-4.407254">
        <ele>438.4</ele>
      </trkpt>
      <trkpt lat="56.859883" lon="-4.406956">
        <ele>438.4</ele>
      </trkpt>
      <trkpt lat="56.859972" lon="-4.406714">
        <ele>438.1</ele>
      </trkpt>
      <trkpt lat="56.860426" lon="-4.406478">
        <ele>436.9</ele>
      </trkpt>
      <trkpt lat="56.860843" lon="-4.405961">
        <ele>436.7</ele>
      </trkpt>
      <trkpt lat="56.861118" lon="-4.405681">
        <ele>436.6</ele>
      </trkpt>
      <trkpt lat="56.861806" lon="-4.405406">
        <ele>435.3</ele>
      </trkpt>
      <trkpt lat="56.862497" lon="-4.405574">
        <ele>434.3</ele>
      </trkpt>
      <trkpt lat="56.863277" lon="-4.405549">
        <ele>434.0</ele>
      </trkpt>
      <trkpt lat="56.863376" lon="-4.405483">
        <ele>433.9</ele>
      </trkpt>
      <trkpt lat="56.863502" lon="-4.405301">
        <ele>433.7</ele>
      </trkpt>
      <trkpt lat="56.863677" lon="-4.404992">
        <ele>433.2</ele>
      </trkpt>
      <trkpt lat="56.864257" lon="-4.403479">
        <ele>431.8</ele>
      </trkpt>
      <trkpt lat="56.864728" lon="-4.402304">
        <ele>430.6</ele>
      </trkpt>
      <trkpt lat="56.865172" lon="-4.401489">
        <ele>429.8</ele>
      </trkpt>
      <trkpt lat="56.865791" lon="-4.400605">
        <ele>429.1</ele>
      </trkpt>
      <trkpt lat="56.86634" lon="-4.399894">
        <ele>429.0</ele>
      </trkpt>
      <trkpt lat="56.86692" lon="-4.399378">
        <ele>428.7</ele>
      </trkpt>
      <trkpt lat="56.867553" lon="-4.398602">
        <ele>427.9</ele>
      </trkpt>
      <trkpt lat="56.868768" lon="-4.396709">
        <ele>426.0</ele>
      </trkpt>
      <trkpt lat="56.868935" lon="-4.396354">
        <ele>426.0</ele>
      </trkpt>
      <trkpt lat="56.869774" lon="-4.393794">
        <ele>426.7</ele>
      </trkpt>
      <trkpt lat="56.869976" lon="-4.393485">
        <ele>426.8</ele>
      </trkpt>
      <trkpt lat="56.870165" lon="-4.393268">
        <ele>427.5</ele>
      </trkpt>
      <trkpt lat="56.870708" lon="-4.39284">
        <ele>430.2</ele>
      </trkpt>
      <trkpt lat="56.871086" lon="-4.392693">
        <ele>431.1</ele>
      </trkpt>
      <trkpt lat="56.871211" lon="-4.392611">
        <ele>431.5</ele>
      </trkpt>
      <trkpt lat="56.871728" lon="-4.391952">
        <ele>433.7</ele>
      </trkpt>
      <trkpt lat="56.872346" lon="-4.391113">
        <ele>434.3</ele>
      </trkpt>
      <trkpt lat="56.872642" lon="-4.39051">
        <ele>436.0</ele>
      </trkpt>
      <trkpt lat="56.872846" lon="-4.389971">
        <ele>437.9</ele>
      </trkpt>
      <trkpt lat="56.873714" lon="-4.387977">
        <ele>441.8</ele>
      </trkpt>
      <trkpt lat="56.874026" lon="-4.387171">
        <ele>441.9</ele>
      </trkpt>
      <trkpt lat="56.874185" lon="-4.386696">
        <ele>441.8</ele>
      </trkpt>
      <trkpt lat="56.874495" lon="-4.385722">
        <ele>442.4</ele>
      </trkpt>
      <trkpt lat="56.874716" lon="-4.384908">
        <ele>443.3</ele>
      </trkpt>
      <trkpt lat="56.874896" lon="-4.38432">
        <ele>443.4</ele>
      </trkpt>
      <trkpt lat="56.875186" lon="-4.383867">
        <ele>443.3</ele>
      </trkpt>
      <trkpt lat="56.875385" lon="-4.383827">
        <ele>442.9</ele>
      </trkpt>
      <trkpt lat="56.87573" lon="-4.383826">
        <ele>442.1</ele>
      </trkpt>
      <trkpt lat="56.876596" lon="-4.384061">
        <ele>443.3</ele>
      </trkpt>
      <trkpt lat="56.876807" lon="-4.384156">
        <ele>443.7</ele>
      </trkpt>
      <trkpt lat="56.876938" lon="-4.384591">
        <ele>442.4</ele>
      </trkpt>
      <trkpt lat="56.877629" lon="-4.386058">
        <ele>437.9</ele>
      </trkpt>
      <trkpt lat="56.878317" lon="-4.387664">
        <ele>435.1</ele>
      </trkpt>
      <trkpt lat="56.879093" lon="-4.388563">
        <ele>438.3</ele>
      </trkpt>
      <trkpt lat="56.879091" lon="-4.388549">
        <ele>438.4</ele>
      </trkpt>
      <trkpt lat="56.879874" lon="-4.38953">
        <ele>436.5</ele>
      </trkpt>
      <trkpt lat="56.880504" lon="-4.390285">
        <ele>436.9</ele>
      </trkpt>
      <trkpt lat="56.881172" lon="-4.391036">
        <ele>436.1</ele>
      </trkpt>
      <trkpt lat="56.881534" lon="-4.391368">
        <ele>435.5</ele>
      </trkpt>
      <trkpt lat="56.88246" lon="-4.391851">
        <ele>437.5</ele>
      </trkpt>
      <trkpt lat="56.882611" lon="-4.391915">
        <ele>437.6</ele>
      </trkpt>
      <trkpt lat="56.884096" lon="-4.392764">
        <ele>436.8</ele>
      </trkpt>
      <trkpt lat="56.884763" lon="-4.393029">
        <ele>436.2</ele>
      </trkpt>
      <trkpt lat="56.885158" lon="-4.393209">
        <ele>434.1</ele>
      </trkpt>
      <trkpt lat="56.885535" lon="-4.393397">
        <ele>430.8</ele>
      </trkpt>
      <trkpt lat="56.886251" lon="-4.393809">
        <ele>428.3</ele>
      </trkpt>
      <trkpt lat="56.886664" lon="-4.393956">
        <ele>427.8</ele>
      </trkpt>
      <trkpt lat="56.887038" lon="-4.393723">
        <ele>428.2</ele>
      </trkpt>
      <trkpt lat="56.887268" lon="-4.393451">
        <ele>428.9</ele>
      </trkpt>
      <trkpt lat="56.887451" lon="-4.393327">
        <ele>429.1</ele>
      </trkpt>
      <trkpt lat="56.887721" lon="-4.393253">
        <ele>429.8</ele>
      </trkpt>
      <trkpt lat="56.887812" lon="-4.393273">
        <ele>429.4</ele>
      </trkpt>
      <trkpt lat="56.888118" lon="-4.393239">
        <ele>429.6</ele>
      </trkpt>
      <trkpt lat="56.888349" lon="-4.393277">
        <ele>428.8</ele>
      </trkpt>
      <trkpt lat="56.888943" lon="-4.393447">
        <ele>429.1</ele>
      </trkpt>
      <trkpt lat="56.888992" lon="-4.393439">
        <ele>429.2</ele>
      </trkpt>
      <trkpt lat="56.889249" lon="-4.393519">
        <ele>429.2</ele>
      </trkpt>
      <trkpt lat="56.88935" lon="-4.39357">
        <ele>428.9</ele>
      </trkpt>
      <trkpt lat="56.889754" lon="-4.393535">
        <ele>428.6</ele>
      </trkpt>
      <trkpt lat="56.890223" lon="-4.393741">
        <ele>427.4</ele>
      </trkpt>
      <trkpt lat="56.89067" lon="-4.393702">
        <ele>427.2</ele>
      </trkpt>
      <trkpt lat="56.891093" lon="-4.393225">
        <ele>428.0</ele>
      </trkpt>
      <trkpt lat="56.891322" lon="-4.392933">
        <ele>429.9</ele>
      </trkpt>
      <trkpt lat="56.891536" lon="-4.392714">
        <ele>431.3</ele>
      </trkpt>
      <trkpt lat="56.891787" lon="-4.39255">
        <ele>432.5</ele>
      </trkpt>
      <trkpt lat="56.892081" lon="-4.392557">
        <ele>432.5</ele>
      </trkpt>
      <trkpt lat="56.892408" lon="-4.392775">
        <ele>430.4</ele>
      </trkpt>
      <trkpt lat="56.89273" lon="-4.39294">
        <ele>428.8</ele>
      </trkpt>
      <trkpt lat="56.892986" lon="-4.392905">
        <ele>429.1</ele>
      </trkpt>
      <trkpt lat="56.894075" lon="-4.392532">
        <ele>431.0</ele>
      </trkpt>
      <trkpt lat="56.894457" lon="-4.392442">
        <ele>430.3</ele>
      </trkpt>
      <trkpt lat="56.894848" lon="-4.392371">
        <ele>429.3</ele>
      </trkpt>
      <trkpt lat="56.895521" lon="-4.392209">
        <ele>428.9</ele>
      </trkpt>
      <trkpt lat="56.895885" lon="-4.392157">
        <ele>428.6</ele>
      </trkpt>
      <trkpt lat="56.896527" lon="-4.391913">
        <ele>429.2</ele>
      </trkpt>
      <trkpt lat="56.896796" lon="-4.39174">
        <ele>429.3</ele>
      </trkpt>
      <trkpt lat="56.897253" lon="-4.391648">
        <ele>428.0</ele>
      </trkpt>
      <trkpt lat="56.897966" lon="-4.391595">
        <ele>426.6</ele>
      </trkpt>
      <trkpt lat="56.898713" lon="-4.391722">
        <ele>425.5</ele>
      </trkpt>
      <trkpt lat="56.899107" lon="-4.391884">
        <ele>425.1</ele>
      </trkpt>
      <trkpt lat="56.899579" lon="-4.391977">
        <ele>424.2</ele>
      </trkpt>
      <trkpt lat="56.900406" lon="-4.391919">
        <ele>423.3</ele>
      </trkpt>
      <trkpt lat="56.901481" lon="-4.392163">
        <ele>422.8</ele>
      </trkpt>
      <trkpt lat="56.902082" lon="-4.392269">
        <ele>422.2</ele>
      </trkpt>
      <trkpt lat="56.902473" lon="-4.39229">
        <ele>421.8</ele>
      </trkpt>
      <trkpt lat="56.903074" lon="-4.392229">
        <ele>421.7</ele>
      </trkpt>
      <trkpt lat="56.903061" lon="-4.392241">
        <ele>421.7</ele>
      </trkpt>
      <trkpt lat="56.903518" lon="-4.392084">
        <ele>422.3</ele>
      </trkpt>
      <trkpt lat="56.904283" lon="-4.391559">
        <ele>425.0</ele>
      </trkpt>
      <trkpt lat="56.904827" lon="-4.391017">
        <ele>424.4</ele>
      </trkpt>
      <trkpt lat="56.905" lon="-4.390738">
        <ele>423.5</ele>
      </trkpt>
      <trkpt lat="56.905305" lon="-4.390139">
        <ele>421.9</ele>
      </trkpt>
      <trkpt lat="56.905473" lon="-4.389997">
        <ele>422.3</ele>
      </trkpt>
      <trkpt lat="56.906312" lon="-4.38988">
        <ele>421.8</ele>
      </trkpt>
      <trkpt lat="56.907111" lon="-4.389684">
        <ele>417.6</ele>
      </trkpt>
      <trkpt lat="56.907808" lon="-4.389539">
        <ele>415.1</ele>
      </trkpt>
      <trkpt lat="56.908591" lon="-4.389317">
        <ele>414.9</ele>
      </trkpt>
      <trkpt lat="56.908909" lon="-4.389198">
        <ele>415.5</ele>
      </trkpt>
      <trkpt lat="56.911358" lon="-4.38965">
        <ele>415.3</ele>
      </trkpt>
      <trkpt lat="56.912327" lon="-4.38977">
        <ele>413.0</ele>
      </trkpt>
      <trkpt lat="56.912698" lon="-4.38957">
        <ele>413.1</ele>
      </trkpt>
      <trkpt lat="56.91398" lon="-4.387868">
        <ele>414.3</ele>
      </trkpt>
      <trkpt lat="56.914313" lon="-4.387396">
        <ele>412.6</ele>
      </trkpt>
      <trkpt lat="56.915122" lon="-4.386747">
        <ele>411.0</ele>
      </trkpt>
      <trkpt lat="56.915634" lon="-4.386419">
        <ele>412.8</ele>
      </trkpt>
      <trkpt lat="56.915726" lon="-4.386343">
        <ele>413.1</ele>
      </trkpt>
      <trkpt lat="56.915903" lon="-4.386081">
        <ele>413.6</ele>
      </trkpt>
      <trkpt lat="56.916309" lon="-4.385394">
        <ele>412.7</ele>
      </trkpt>
      <trkpt lat="56.916401" lon="-4.385409">
        <ele>412.8</ele>
      </trkpt>
      <trkpt lat="56.916772" lon="-4.385538">
        <ele>413.2</ele>
      </trkpt>
      <trkpt lat="56.916926" lon="-4.385696">
        <ele>413.4</ele>
      </trkpt>
      <trkpt lat="56.917159" lon="-4.386035">
        <ele>414.5</ele>
      </trkpt>
      <trkpt lat="56.917416" lon="-4.386113">
        <ele>413.8</ele>
      </trkpt>
      <trkpt lat="56.91809" lon="-4.386047">
        <ele>410.7</ele>
      </trkpt>
      <trkpt lat="56.918862" lon="-4.385861">
        <ele>405.1</ele>
      </trkpt>
      <trkpt lat="56.919317" lon="-4.385927">
        <ele>402.5</ele>
      </trkpt>
      <trkpt lat="56.919655" lon="-4.386087">
        <ele>400.5</ele>
      </trkpt>
      <trkpt lat="56.919806" lon="-4.3862">
        <ele>399.8</ele>
      </trkpt>
      <trkpt lat="56.920345" lon="-4.386671">
        <ele>395.2</ele>
      </trkpt>
      <trkpt lat="56.920511" lon="-4.386786">
        <ele>393.0</ele>
      </trkpt>
      <trkpt lat="56.920664" lon="-4.386983">
        <ele>391.6</ele>
      </trkpt>
      <trkpt lat="56.920932" lon="-4.387529">
        <ele>391.1</ele>
      </trkpt>
      <trkpt lat="56.921502" lon="-4.38841">
        <ele>387.9</ele>
      </trkpt>
      <trkpt lat="56.921776" lon="-4.388619">
        <ele>388.2</ele>
      </trkpt>
      <trkpt lat="56.921968" lon="-4.38868">
        <ele>389.2</ele>
      </trkpt>
      <trkpt lat="56.922797" lon="-4.388779">
        <ele>391.8</ele>
      </trkpt>
      <trkpt lat="56.923591" lon="-4.388979">
        <ele>397.0</ele>
      </trkpt>
      <trkpt lat="56.92383" lon="-4.388941">
        <ele>396.9</ele>
      </trkpt>
      <trkpt lat="56.923937" lon="-4.388889">
        <ele>396.4</ele>
      </trkpt>
      <trkpt lat="56.924079" lon="-4.388747">
        <ele>394.6</ele>
      </trkpt>
      <trkpt lat="56.924196" lon="-4.388522">
        <ele>392.2</ele>
      </trkpt>
      <trkpt lat="56.92437" lon="-4.387939">
        <ele>389.1</ele>
      </trkpt>
      <trkpt lat="56.924643" lon="-4.387591">
        <ele>388.5</ele>
      </trkpt>
      <trkpt lat="56.925578" lon="-4.387207">
        <ele>384.4</ele>
      </trkpt>
      <trkpt lat="56.926022" lon="-4.387152">
        <ele>381.7</ele>
      </trkpt>
      <trkpt lat="56.926154" lon="-4.387189">
        <ele>381.3</ele>
      </trkpt>
      <trkpt lat="56.927784" lon="-4.388539">
        <ele>377.2</ele>
      </trkpt>
      <trkpt lat="56.928209" lon="-4.389012">
        <ele>375.5</ele>
      </trkpt>
      <trkpt lat="56.928495" lon="-4.388988">
        <ele>373.7</ele>
      </trkpt>
      <trkpt lat="56.928948" lon="-4.388666">
        <ele>371.0</ele>
      </trkpt>
      <trkpt lat="56.929758" lon="-4.388321">
        <ele>369.4</ele>
      </trkpt>
      <trkpt lat="56.930523" lon="-4.388185">
        <ele>371.3</ele>
      </trkpt>
      <trkpt lat="56.930942" lon="-4.38807">
        <ele>372.0</ele>
      </trkpt>
      <trkpt lat="56.931749" lon="-4.387631">
        <ele>370.1</ele>
      </trkpt>
      <trkpt lat="56.932026" lon="-4.3876">
        <ele>369.9</ele>
      </trkpt>
      <trkpt lat="56.933436" lon="-4.387803">
        <ele>371.1</ele>
      </trkpt>
      <trkpt lat="56.933837" lon="-4.387886">
        <ele>369.9</ele>
      </trkpt>
      <trkpt lat="56.934198" lon="-4.388321">
        <ele>370.6</ele>
      </trkpt>
      <trkpt lat="56.934443" lon="-4.388693">
        <ele>369.4</ele>
      </trkpt>
      <trkpt lat="56.934548" lon="-4.388918">
        <ele>369.5</ele>
      </trkpt>
      <trkpt lat="56.934649" lon="-4.389281">
        <ele>370.5</ele>
      </trkpt>
      <trkpt lat="56.934857" lon="-4.390202">
        <ele>373.6</ele>
      </trkpt>
      <trkpt lat="56.935141" lon="-4.390813">
        <ele>375.4</ele>
      </trkpt>
      <trkpt lat="56.93573" lon="-4.391234">
        <ele>377.8</ele>
      </trkpt>
      <trkpt lat="56.936218" lon="-4.391643">
        <ele>377.6</ele>
      </trkpt>
      <trkpt lat="56.936388" lon="-4.391799">
        <ele>377.0</ele>
      </trkpt>
      <trkpt lat="56.93639" lon="-4.391825">
        <ele>376.9</ele>
      </trkpt>
      <trkpt lat="56.936748" lon="-4.391762">
        <ele>376.5</ele>
      </trkpt>
      <trkpt lat="56.937003" lon="-4.391889">
        <ele>375.3</ele>
      </trkpt>
      <trkpt lat="56.937259" lon="-4.392094">
        <ele>373.7</ele>
      </trkpt>
      <trkpt lat="56.937475" lon="-4.392165">
        <ele>372.7</ele>
      </trkpt>
      <trkpt lat="56.938036" lon="-4.392186">
        <ele>371.1</ele>
      </trkpt>
      <trkpt lat="56.938824" lon="-4.391895">
        <ele>369.0</ele>
      </trkpt>
      <trkpt lat="56.939609" lon="-4.391908">
        <ele>366.9</ele>
      </trkpt>
      <trkpt lat="56.94038" lon="-4.392426">
        <ele>361.2</ele>
      </trkpt>
      <trkpt lat="56.941148" lon="-4.39268">
        <ele>353.6</ele>
      </trkpt>
      <trkpt lat="56.941268" lon="-4.392694">
        <ele>352.2</ele>
      </trkpt>
      <trkpt lat="56.942408" lon="-4.392174">
        <ele>345.1</ele>
      </trkpt>
      <trkpt lat="56.94313" lon="-4.392089">
        <ele>343.4</ele>
      </trkpt>
      <trkpt lat="56.94337" lon="-4.392095">
        <ele>343.0</ele>
      </trkpt>
      <trkpt lat="56.943849" lon="-4.392166">
        <ele>342.1</ele>
      </trkpt>
      <trkpt lat="56.944174" lon="-4.391991">
        <ele>339.8</ele>
      </trkpt>
      <trkpt lat="56.944975" lon="-4.390688">
        <ele>338.3</ele>
      </trkpt>
      <trkpt lat="56.945177" lon="-4.390398">
        <ele>337.0</ele>
      </trkpt>
      <trkpt lat="56.945381" lon="-4.389989">
        <ele>335.0</ele>
      </trkpt>
      <trkpt lat="56.945603" lon="-4.389455">
        <ele>335.4</ele>
      </trkpt>
      <trkpt lat="56.94633" lon="-4.388642">
        <ele>334.8</ele>
      </trkpt>
      <trkpt lat="56.946953" lon="-4.387552">
        <ele>334.0</ele>
      </trkpt>
      <trkpt lat="56.947432" lon="-4.386595">
        <ele>331.2</ele>
      </trkpt>
      <trkpt lat="56.94789" lon="-4.385771">
        <ele>333.2</ele>
      </trkpt>
      <trkpt lat="56.948501" lon="-4.384999">
        <ele>334.6</ele>
      </trkpt>
      <trkpt lat="56.948579" lon="-4.38486">
        <ele>335.5</ele>
      </trkpt>
      <trkpt lat="56.949116" lon="-4.384075">
        <ele>337.8</ele>
      </trkpt>
      <trkpt lat="56.94924" lon="-4.383787">
        <ele>337.0</ele>
      </trkpt>
      <trkpt lat="56.949289" lon="-4.383532">
        <ele>335.5</ele>
      </trkpt>
      <trkpt lat="56.949644" lon="-4.382746">
        <ele>337.3</ele>
      </trkpt>
      <trkpt lat="56.949736" lon="-4.381866">
        <ele>334.6</ele>
      </trkpt>
      <trkpt lat="56.949801" lon="-4.381566">
        <ele>333.9</ele>
      </trkpt>
      <trkpt lat="56.94988" lon="-4.381347">
        <ele>333.9</ele>
      </trkpt>
      <trkpt lat="56.950305" lon="-4.380403">
        <ele>333.2</ele>
      </trkpt>
      <trkpt lat="56.95043" lon="-4.380039">
        <ele>331.3</ele>
      </trkpt>
      <trkpt lat="56.95043" lon="-4.379735">
        <ele>333.1</ele>
      </trkpt>
      <trkpt lat="56.950414" lon="-4.379584">
        <ele>334.2</ele>
      </trkpt>
      <trkpt lat="56.950437" lon="-4.379436">
        <ele>335.4</ele>
      </trkpt>
      <trkpt lat="56.950509" lon="-4.379334">
        <ele>336.3</ele>
      </trkpt>
      <trkpt lat="56.950869" lon="-4.379215">
        <ele>337.7</ele>
      </trkpt>
      <trkpt lat="56.951305" lon="-4.379178">
        <ele>337.9</ele>
      </trkpt>
      <trkpt lat="56.951716" lon="-4.379054">
        <ele>338.8</ele>
      </trkpt>
      <trkpt lat="56.952418" lon="-4.37893">
        <ele>340.5</ele>
      </trkpt>
      <trkpt lat="56.952695" lon="-4.378935">
        <ele>340.7</ele>
      </trkpt>
      <trkpt lat="56.953" lon="-4.379108">
        <ele>340.7</ele>
      </trkpt>
      <trkpt lat="56.953305" lon="-4.379065">
        <ele>341.0</ele>
      </trkpt>
      <trkpt lat="56.953481" lon="-4.378933">
        <ele>340.9</ele>
      </trkpt>
      <trkpt lat="56.954078" lon="-4.378696">
        <ele>339.4</ele>
      </trkpt>
      <trkpt lat="56.954363" lon="-4.378491">
        <ele>336.6</ele>
      </trkpt>
      <trkpt lat="56.954734" lon="-4.378274">
        <ele>332.5</ele>
      </trkpt>
      <trkpt lat="56.95494" lon="-4.378023">
        <ele>332.3</ele>
      </trkpt>
      <trkpt lat="56.954994" lon="-4.377279">
        <ele>336.3</ele>
      </trkpt>
      <trkpt lat="56.955078" lon="-4.377023">
        <ele>337.4</ele>
      </trkpt>
      <trkpt lat="56.955294" lon="-4.376726">
        <ele>337.6</ele>
      </trkpt>
      <trkpt lat="56.95579" lon="-4.376816">
        <ele>333.8</ele>
      </trkpt>
      <trkpt lat="56.95599" lon="-4.377121">
        <ele>332.8</ele>
      </trkpt>
      <trkpt lat="56.956072" lon="-4.377409">
        <ele>331.9</ele>
      </trkpt>
      <trkpt lat="56.956209" lon="-4.37768">
        <ele>331.4</ele>
      </trkpt>
      <trkpt lat="56.956646" lon="-4.377729">
        <ele>332.1</ele>
      </trkpt>
      <trkpt lat="56.956859" lon="-4.377551">
        <ele>332.5</ele>
      </trkpt>
      <trkpt lat="56.957585" lon="-4.376884">
        <ele>327.7</ele>
      </trkpt>
      <trkpt lat="56.958464" lon="-4.376211">
        <ele>325.4</ele>
      </trkpt>
      <trkpt lat="56.958701" lon="-4.375995">
        <ele>325.3</ele>
      </trkpt>
      <trkpt lat="56.95892" lon="-4.375547">
        <ele>324.7</ele>
      </trkpt>
      <trkpt lat="56.959111" lon="-4.375291">
        <ele>322.9</ele>
      </trkpt>
      <trkpt lat="56.959383" lon="-4.375159">
        <ele>320.1</ele>
      </trkpt>
      <trkpt lat="56.960055" lon="-4.375487">
        <ele>315.9</ele>
      </trkpt>
      <trkpt lat="56.961133" lon="-4.37684">
        <ele>317.5</ele>
      </trkpt>
      <trkpt lat="56.961238" lon="-4.37691">
        <ele>317.7</ele>
      </trkpt>
      <trkpt lat="56.961347" lon="-4.376931">
        <ele>317.5</ele>
      </trkpt>
      <trkpt lat="56.962008" lon="-4.376894">
        <ele>316.4</ele>
      </trkpt>
      <trkpt lat="56.962542" lon="-4.376837">
        <ele>316.8</ele>
      </trkpt>
      <trkpt lat="56.962558" lon="-4.376774">
        <ele>316.3</ele>
      </trkpt>
      <trkpt lat="56.96262" lon="-4.376797">
        <ele>316.8</ele>
      </trkpt>
      <trkpt lat="56.962927" lon="-4.376767">
        <ele>317.9</ele>
      </trkpt>
      <trkpt lat="56.963567" lon="-4.376766">
        <ele>319.4</ele>
      </trkpt>
      <trkpt lat="56.963904" lon="-4.376817">
        <ele>319.2</ele>
      </trkpt>
      <trkpt lat="56.964298" lon="-4.377266">
        <ele>320.6</ele>
      </trkpt>
      <trkpt lat="56.964428" lon="-4.377563">
        <ele>321.6</ele>
      </trkpt>
      <trkpt lat="56.96483" lon="-4.378295">
        <ele>322.7</ele>
      </trkpt>
      <trkpt lat="56.965089" lon="-4.378658">
        <ele>323.7</ele>
      </trkpt>
      <trkpt lat="56.965256" lon="-4.378761">
        <ele>324.0</ele>
      </trkpt>
      <trkpt lat="56.965749" lon="-4.378736">
        <ele>322.6</ele>
      </trkpt>
      <trkpt lat="56.966331" lon="-4.378625">
        <ele>320.9</ele>
      </trkpt>
      <trkpt lat="56.966818" lon="-4.378388">
        <ele>319.8</ele>
      </trkpt>
      <trkpt lat="56.967064" lon="-4.378765">
        <ele>319.1</ele>
      </trkpt>
      <trkpt lat="56.967046" lon="-4.379173">
        <ele>318.7</ele>
      </trkpt>
      <trkpt lat="56.966862" lon="-4.379879">
        <ele>319.9</ele>
      </trkpt>
      <trkpt lat="56.966692" lon="-4.380381">
        <ele>320.4</ele>
      </trkpt>
      <trkpt lat="56.966764" lon="-4.381051">
        <ele>317.2</ele>
      </trkpt>
      <trkpt lat="56.966919" lon="-4.381254">
        <ele>314.9</ele>
      </trkpt>
      <trkpt lat="56.967141" lon="-4.38147">
        <ele>312.0</ele>
      </trkpt>
      <trkpt lat="56.967809" lon="-4.381789">
        <ele>305.3</ele>
      </trkpt>
      <trkpt lat="56.967932" lon="-4.381841">
        <ele>304.3</ele>
      </trkpt>
      <trkpt lat="56.967938" lon="-4.381827">
        <ele>304.2</ele>
      </trkpt>
      <trkpt lat="56.967933" lon="-4.381849">
        <ele>304.3</ele>
      </trkpt>
      <trkpt lat="56.968448" lon="-4.38202">
        <ele>300.2</ele>
      </trkpt>
      <trkpt lat="56.968666" lon="-4.382485">
        <ele>299.4</ele>
      </trkpt>
      <trkpt lat="56.968852" lon="-4.382519">
        <ele>297.4</ele>
      </trkpt>
      <trkpt lat="56.969023" lon="-4.382511">
        <ele>295.6</ele>
      </trkpt>
      <trkpt lat="56.969241" lon="-4.382681">
        <ele>293.2</ele>
      </trkpt>
      <trkpt lat="56.969498" lon="-4.382625">
        <ele>290.4</ele>
      </trkpt>
      <trkpt lat="56.969583" lon="-4.382482">
        <ele>289.5</ele>
      </trkpt>
      <trkpt lat="56.969855" lon="-4.382538">
        <ele>286.6</ele>
      </trkpt>
      <trkpt lat="56.969958" lon="-4.382721">
        <ele>285.5</ele>
      </trkpt>
      <trkpt lat="56.970403" lon="-4.382713">
        <ele>281.1</ele>
      </trkpt>
      <trkpt lat="56.970561" lon="-4.382486">
        <ele>280.3</ele>
      </trkpt>
      <trkpt lat="56.970795" lon="-4.382293">
        <ele>279.3</ele>
      </trkpt>
      <trkpt lat="56.970978" lon="-4.382365">
        <ele>277.5</ele>
      </trkpt>
      <trkpt lat="56.971138" lon="-4.382311">
        <ele>276.6</ele>
      </trkpt>
      <trkpt lat="56.971299" lon="-4.382173">
        <ele>276.3</ele>
      </trkpt>
      <trkpt lat="56.971492" lon="-4.382363">
        <ele>273.5</ele>
      </trkpt>
      <trkpt lat="56.97146" lon="-4.382432">
        <ele>273.2</ele>
      </trkpt>
      <trkpt lat="56.971505" lon="-4.38293">
        <ele>269.5</ele>
      </trkpt>
      <trkpt lat="56.971699" lon="-4.382957">
        <ele>267.5</ele>
      </trkpt>
      <trkpt lat="56.971838" lon="-4.382894">
        <ele>267.0</ele>
      </trkpt>
      <trkpt lat="56.972025" lon="-4.382767">
        <ele>266.9</ele>
      </trkpt>
      <trkpt lat="56.972588" lon="-4.382632">
        <ele>264.5</ele>
      </trkpt>
      <trkpt lat="56.972858" lon="-4.382365">
        <ele>263.5</ele>
      </trkpt>
      <trkpt lat="56.973034" lon="-4.381932">
        <ele>264.1</ele>
      </trkpt>
      <trkpt lat="56.9737" lon="-4.38072">
        <ele>258.2</ele>
      </trkpt>
      <trkpt lat="56.97443" lon="-4.38037">
        <ele>254.8</ele>
      </trkpt>
      <trkpt lat="56.9749" lon="-4.37892">
        <ele>260.9</ele>
      </trkpt>
      <trkpt lat="56.97562" lon="-4.37974">
        <ele>254.4</ele>
      </trkpt>
      <trkpt lat="56.97679" lon="-4.38016">
        <ele>263.8</ele>
      </trkpt>
      <trkpt lat="56.97846" lon="-4.3764">
        <ele>261.9</ele>
      </trkpt>
      <trkpt lat="56.98098" lon="-4.37364">
        <ele>263.9</ele>
      </trkpt>
      <trkpt lat="56.98209" lon="-4.37145">
        <ele>267.8</ele>
      </trkpt>
      <trkpt lat="56.98214" lon="-4.36995">
        <ele>270.8</ele>
      </trkpt>
      <trkpt lat="56.98114" lon="-4.3674">
        <ele>272.5</ele>
      </trkpt>
      <trkpt lat="56.98101" lon="-4.3639">
        <ele>274.1</ele>
      </trkpt>
      <trkpt lat="56.98607" lon="-4.34443">
        <ele>264.8</ele>
      </trkpt>
      <trkpt lat="56.98645" lon="-4.33957">
        <ele>269.5</ele>
      </trkpt>
      <trkpt lat="56.98749" lon="-4.33755">
        <ele>262.1</ele>
      </trkpt>
      <trkpt lat="56.98786" lon="-4.33338">
        <ele>263.0</ele>
      </trkpt>
      <trkpt lat="56.98852" lon="-4.33127">
        <ele>264.2</ele>
      </trkpt>
      <trkpt lat="56.98934" lon="-4.33012">
        <ele>263.4</ele>
      </trkpt>
      <trkpt lat="56.98994" lon="-4.32735">
        <ele>271.6</ele>
      </trkpt>
      <trkpt lat="56.99058" lon="-4.32693">
        <ele>275.3</ele>
      </trkpt>
      <trkpt lat="56.99192" lon="-4.32697">
        <ele>274.4</ele>
      </trkpt>
      <trkpt lat="56.99499" lon="-4.32533">
        <ele>275.8</ele>
      </trkpt>
      <trkpt lat="57.000828" lon="-4.317846">
        <ele>267.6</ele>
      </trkpt>
      <trkpt lat="57.00116" lon="-4.31742">
        <ele>267.6</ele>
      </trkpt>
      <trkpt lat="57.00193" lon="-4.31754">
        <ele>265.2</ele>
      </trkpt>
      <trkpt lat="57.00265" lon="-4.3166">
        <ele>258.7</ele>
      </trkpt>
      <trkpt lat="57.00345" lon="-4.31773">
        <ele>256.2</ele>
      </trkpt>
      <trkpt lat="57.00452" lon="-4.32181">
        <ele>261.3</ele>
      </trkpt>
      <trkpt lat="57.00421" lon="-4.32392">
        <ele>266.7</ele>
      </trkpt>
      <trkpt lat="57.00529" lon="-4.32474">
        <ele>270.0</ele>
      </trkpt>
      <trkpt lat="57.00639" lon="-4.32822">
        <ele>272.9</ele>
      </trkpt>
      <trkpt lat="57.00796" lon="-4.32986">
        <ele>272.5</ele>
      </trkpt>
      <trkpt lat="57.00921" lon="-4.33237">
        <ele>278.1</ele>
      </trkpt>
      <trkpt lat="57.00979" lon="-4.33274">
        <ele>277.7</ele>
      </trkpt>
      <trkpt lat="57.01034" lon="-4.33476">
        <ele>282.3</ele>
      </trkpt>
      <trkpt lat="57.00998" lon="-4.33967">
        <ele>276.5</ele>
      </trkpt>
      <trkpt lat="57.00953" lon="-4.34096">
        <ele>275.1</ele>
      </trkpt>
      <trkpt lat="57.00842" lon="-4.34239">
        <ele>280.8</ele>
      </trkpt>
      <trkpt lat="57.00769" lon="-4.34485">
        <ele>277.1</ele>
      </trkpt>
      <trkpt lat="57.00658" lon="-4.35355">
        <ele>270.8</ele>
      </trkpt>
      <trkpt lat="57.00555" lon="-4.35597">
        <ele>276.5</ele>
      </trkpt>
      <trkpt lat="57.00519" lon="-4.35921">
        <ele>286.9</ele>
      </trkpt>
      <trkpt lat="57.00439" lon="-4.36165">
        <ele>292.3</ele>
      </trkpt>
      <trkpt lat="57.00496" lon="-4.36402">
        <ele>283.0</ele>
      </trkpt>
      <trkpt lat="57.00479" lon="-4.36613">
        <ele>278.6</ele>
      </trkpt>
      <trkpt lat="57.00563" lon="-4.36934">
        <ele>270.4</ele>
      </trkpt>
      <trkpt lat="57.0054" lon="-4.37131">
        <ele>270.9</ele>
      </trkpt>
      <trkpt lat="57.00574" lon="-4.37317">
        <ele>269.7</ele>
      </trkpt>
      <trkpt lat="57.00537" lon="-4.37725">
        <ele>269.0</ele>
      </trkpt>
      <trkpt lat="57.00671" lon="-4.38103">
        <ele>268.9</ele>
      </trkpt>
      <trkpt lat="57.00723" lon="-4.38372">
        <ele>268.7</ele>
      </trkpt>
      <trkpt lat="57.00787" lon="-4.3841">
        <ele>268.0</ele>
      </trkpt>
      <trkpt lat="57.0101" lon="-4.39116">
        <ele>276.2</ele>
      </trkpt>
      <trkpt lat="57.00867" lon="-4.40472">
        <ele>298.9</ele>
      </trkpt>
      <trkpt lat="57.00948" lon="-4.40899">
        <ele>297.9</ele>
      </trkpt>
      <trkpt lat="57.00975" lon="-4.41439">
        <ele>309.9</ele>
      </trkpt>
      <trkpt lat="57.01004" lon="-4.41483">
        <ele>313.0</ele>
      </trkpt>
      <trkpt lat="57.01086" lon="-4.41502">
        <ele>308.7</ele>
      </trkpt>
      <trkpt lat="57.0111" lon="-4.41767">
        <ele>314.2</ele>
      </trkpt>
      <trkpt lat="57.01168" lon="-4.41934">
        <ele>306.5</ele>
      </trkpt>
      <trkpt lat="57.01318" lon="-4.41885">
        <ele>291.3</ele>
      </trkpt>
      <trkpt lat="57.01429" lon="-4.4233">
        <ele>292.4</ele>
      </trkpt>
      <trkpt lat="57.02031" lon="-4.43295">
        <ele>295.1</ele>
      </trkpt>
      <trkpt lat="57.02003" lon="-4.43642">
        <ele>295.1</ele>
      </trkpt>
      <trkpt lat="57.02492" lon="-4.45807">
        <ele>362.7</ele>
      </trkpt>
      <trkpt lat="57.02452" lon="-4.47271">
        <ele>339.0</ele>
      </trkpt>
      <trkpt lat="57.02843" lon="-4.48684">
        <ele>327.5</ele>
      </trkpt>
      <trkpt lat="57.02586" lon="-4.50333">
        <ele>336.4</ele>
      </trkpt>
      <trkpt lat="57.02817" lon="-4.5121">
        <ele>341.6</ele>
      </trkpt>
      <trkpt lat="57.02871" lon="-4.5183">
        <ele>338.9</ele>
      </trkpt>
      <trkpt lat="57.02854" lon="-4.52491">
        <ele>341.2</ele>
      </trkpt>
      <trkpt lat="57.03004" lon="-4.53136">
        <ele>353.1</ele>
      </trkpt>
      <trkpt lat="57.030353" lon="-4.533947">
        <ele>356.4</ele>
      </trkpt>
      <trkpt lat="57.03326" lon="-4.55797">
        <ele>431.2</ele>
      </trkpt>
      <trkpt lat="57.03408" lon="-4.56001">
        <ele>447.1</ele>
      </trkpt>
      <trkpt lat="57.03796" lon="-4.56414">
        <ele>487.8</ele>
      </trkpt>
      <trkpt lat="57.04331" lon="-4.56848">
        <ele>525.9</ele>
      </trkpt>
      <trkpt lat="57.04953" lon="-4.57754">
        <ele>581.1</ele>
      </trkpt>
      <trkpt lat="57.04986" lon="-4.58063">
        <ele>571.4</ele>
      </trkpt>
      <trkpt lat="57.04944" lon="-4.5884">
        <ele>589.3</ele>
      </trkpt>
      <trkpt lat="57.04958" lon="-4.59013">
        <ele>606.7</ele>
      </trkpt>
      <trkpt lat="57.05018" lon="-4.59046">
        <ele>609.4</ele>
      </trkpt>
      <trkpt lat="57.04973" lon="-4.59112">
        <ele>621.7</ele>
      </trkpt>
      <trkpt lat="57.05011" lon="-4.59159">
        <ele>626.0</ele>
      </trkpt>
      <trkpt lat="57.0498" lon="-4.59206">
        <ele>636.5</ele>
      </trkpt>
      <trkpt lat="57.05011" lon="-4.5925">
        <ele>643.8</ele>
      </trkpt>
      <trkpt lat="57.04968" lon="-4.59286">
        <ele>651.4</ele>
      </trkpt>
      <trkpt lat="57.05019" lon="-4.59321">
        <ele>659.0</ele>
      </trkpt>
      <trkpt lat="57.04964" lon="-4.59361">
        <ele>663.9</ele>
      </trkpt>
      <trkpt lat="57.05015" lon="-4.59403">
        <ele>676.5</ele>
      </trkpt>
      <trkpt lat="57.04955" lon="-4.59511">
        <ele>686.3</ele>
      </trkpt>
      <trkpt lat="57.05002" lon="-4.59511">
        <ele>695.3</ele>
      </trkpt>
      <trkpt lat="57.0499" lon="-4.59874">
        <ele>732.3</ele>
      </trkpt>
      <trkpt lat="57.05167" lon="-4.60674">
        <ele>765.9</ele>
      </trkpt>
      <trkpt lat="57.05152" lon="-4.61259">
        <ele>768.6</ele>
      </trkpt>
      <trkpt lat="57.05096" lon="-4.61528">
        <ele>767.5</ele>
      </trkpt>
      <trkpt lat="57.05334" lon="-4.62197">
        <ele>704.9</ele>
      </trkpt>
      <trkpt lat="57.05327" lon="-4.62338">
        <ele>693.0</ele>
      </trkpt>
      <trkpt lat="57.05443" lon="-4.6276">
        <ele>661.8</ele>
      </trkpt>
      <trkpt lat="57.05707" lon="-4.63288">
        <ele>612.3</ele>
      </trkpt>
      <trkpt lat="57.05883" lon="-4.63443">
        <ele>595.0</ele>
      </trkpt>
      <trkpt lat="57.05878" lon="-4.63555">
        <ele>584.7</ele>
      </trkpt>
      <trkpt lat="57.05824" lon="-4.63591">
        <ele>577.2</ele>
      </trkpt>
      <trkpt lat="57.05982" lon="-4.64004">
        <ele>548.2</ele>
      </trkpt>
      <trkpt lat="57.06219" lon="-4.64393">
        <ele>511.3</ele>
      </trkpt>
      <trkpt lat="57.06545" lon="-4.64804">
        <ele>465.8</ele>
      </trkpt>
      <trkpt lat="57.06641" lon="-4.65111">
        <ele>437.4</ele>
      </trkpt>
      <trkpt lat="57.06543" lon="-4.65125">
        <ele>431.5</ele>
      </trkpt>
      <trkpt lat="57.06537" lon="-4.65179">
        <ele>426.9</ele>
      </trkpt>
      <trkpt lat="57.06701" lon="-4.65585">
        <ele>408.5</ele>
      </trkpt>
      <trkpt lat="57.06839" lon="-4.65758">
        <ele>389.6</ele>
      </trkpt>
      <trkpt lat="57.0687" lon="-4.65775">
        <ele>383.2</ele>
      </trkpt>
      <trkpt lat="57.06939" lon="-4.6573">
        <ele>373.0</ele>
      </trkpt>
      <trkpt lat="57.06936" lon="-4.65899">
        <ele>370.6</ele>
      </trkpt>
      <trkpt lat="57.07003" lon="-4.6581">
        <ele>357.6</ele>
      </trkpt>
      <trkpt lat="57.07116" lon="-4.65782">
        <ele>370.3</ele>
      </trkpt>
      <trkpt lat="57.07238" lon="-4.65632">
        <ele>368.5</ele>
      </trkpt>
      <trkpt lat="57.07458" lon="-4.65543">
        <ele>379.6</ele>
      </trkpt>
      <trkpt lat="57.07917" lon="-4.65611">
        <ele>385.3</ele>
      </trkpt>
      <trkpt lat="57.0836" lon="-4.65836">
        <ele>383.8</ele>
      </trkpt>
      <trkpt lat="57.08454" lon="-4.6593">
        <ele>372.9</ele>
      </trkpt>
      <trkpt lat="57.08869" lon="-4.67021">
        <ele>341.6</ele>
      </trkpt>
      <trkpt lat="57.09407" lon="-4.66934">
        <ele>354.5</ele>
      </trkpt>
      <trkpt lat="57.09505" lon="-4.67004">
        <ele>361.9</ele>
      </trkpt>
      <trkpt lat="57.09742" lon="-4.66833">
        <ele>354.9</ele>
      </trkpt>
      <trkpt lat="57.10149" lon="-4.66953">
        <ele>350.1</ele>
      </trkpt>
      <trkpt lat="57.10234" lon="-4.67046">
        <ele>352.0</ele>
      </trkpt>
      <trkpt lat="57.10286" lon="-4.67039">
        <ele>345.5</ele>
      </trkpt>
      <trkpt lat="57.10656" lon="-4.68013">
        <ele>317.1</ele>
      </trkpt>
      <trkpt lat="57.10725" lon="-4.68682">
        <ele>287.4</ele>
      </trkpt>
      <trkpt lat="57.10706" lon="-4.68825">
        <ele>282.4</ele>
      </trkpt>
      <trkpt lat="57.1081" lon="-4.6878">
        <ele>264.6</ele>
      </trkpt>
      <trkpt lat="57.10842" lon="-4.68829">
        <ele>254.7</ele>
      </trkpt>
      <trkpt lat="57.10827" lon="-4.68961">
        <ele>244.2</ele>
      </trkpt>
      <trkpt lat="57.10901" lon="-4.689">
        <ele>233.9</ele>
      </trkpt>
      <trkpt lat="57.108" lon="-4.69163">
        <ele>223.7</ele>
      </trkpt>
      <trkpt lat="57.10795" lon="-4.69395">
        <ele>206.7</ele>
      </trkpt>
      <trkpt lat="57.1088" lon="-4.69341">
        <ele>192.6</ele>
      </trkpt>
      <trkpt lat="57.1086" lon="-4.69496">
        <ele>188.0</ele>
      </trkpt>
      <trkpt lat="57.10889" lon="-4.6955">
        <ele>184.3</ele>
      </trkpt>
      <trkpt lat="57.11027" lon="-4.69472">
        <ele>192.7</ele>
      </trkpt>
      <trkpt lat="57.11091" lon="-4.69292">
        <ele>201.7</ele>
      </trkpt>
      <trkpt lat="57.1138" lon="-4.69029">
        <ele>213.1</ele>
      </trkpt>
      <trkpt lat="57.11597" lon="-4.68696">
        <ele>191.3</ele>
      </trkpt>
      <trkpt lat="57.11689" lon="-4.68642">
        <ele>187.5</ele>
      </trkpt>
      <trkpt lat="57.11766" lon="-4.68693">
        <ele>179.9</ele>
      </trkpt>
      <trkpt lat="57.11874" lon="-4.68686">
        <ele>160.8</ele>
      </trkpt>
      <trkpt lat="57.11964" lon="-4.68726">
        <ele>152.1</ele>
      </trkpt>
      <trkpt lat="57.1218" lon="-4.68515">
        <ele>112.1</ele>
      </trkpt>
      <trkpt lat="57.12269" lon="-4.68567">
        <ele>108.1</ele>
      </trkpt>
      <trkpt lat="57.12344" lon="-4.68555">
        <ele>101.5</ele>
      </trkpt>
      <trkpt lat="57.12435" lon="-4.68677">
        <ele>96.9</ele>
      </trkpt>
      <trkpt lat="57.12541" lon="-4.68736">
        <ele>82.6</ele>
      </trkpt>
      <trkpt lat="57.12589" lon="-4.6871">
        <ele>73.6</ele>
      </trkpt>
      <trkpt lat="57.12675" lon="-4.68865">
        <ele>56.8</ele>
      </trkpt>
      <trkpt lat="57.12899" lon="-4.68173">
        <ele>64.6</ele>
      </trkpt>
      <trkpt lat="57.12956" lon="-4.67825">
        <ele>51.5</ele>
      </trkpt>
      <trkpt lat="57.13026" lon="-4.67882">
        <ele>45.9</ele>
      </trkpt>
      <trkpt lat="57.13139" lon="-4.67776">
        <ele>45.1</ele>
      </trkpt>
      <trkpt lat="57.13514" lon="-4.67727">
        <ele>35.0</ele>
      </trkpt>
      <trkpt lat="57.13555" lon="-4.67781">
        <ele>33.5</ele>
      </trkpt>
      <trkpt lat="57.13718" lon="-4.67856">
        <ele>27.7</ele>
      </trkpt>
      <trkpt lat="57.13887" lon="-4.67544">
        <ele>22.3</ele>
      </trkpt>
      <trkpt lat="57.14039" lon="-4.67823">
        <ele>19.4</ele>
      </trkpt>
      <trkpt lat="57.14145" lon="-4.67846">
        <ele>19.0</ele>
      </trkpt>
      <trkpt lat="57.14223" lon="-4.67929">
        <ele>21.7</ele>
      </trkpt>
      <trkpt lat="57.1435" lon="-4.67926">
        <ele>26.6</ele>
      </trkpt>
      <trkpt lat="57.14484" lon="-4.68058">
        <ele>21.2</ele>
      </trkpt>
      <trkpt lat="57.145935" lon="-4.68118">
        <ele>20.2</ele>
      </trkpt>
      <trkpt lat="57.14621" lon="-4.68133">
        <ele>20.7</ele>
      </trkpt>
      <trkpt lat="57.14674" lon="-4.68133">
        <ele>22.2</ele>
      </trkpt>
      <trkpt lat="57.14756" lon="-4.68046">
        <ele>27.1</ele>
      </trkpt>
      <trkpt lat="57.14822" lon="-4.68269">
        <ele>39.2</ele>
      </trkpt>
      <trkpt lat="57.15007" lon="-4.68438">
        <ele>46.2</ele>
      </trkpt>
      <trkpt lat="57.15126" lon="-4.684">
        <ele>50.9</ele>
      </trkpt>
      <trkpt lat="57.15296" lon="-4.6795">
        <ele>31.3</ele>
      </trkpt>
      <trkpt lat="57.15407" lon="-4.681">
        <ele>64.8</ele>
      </trkpt>
      <trkpt lat="57.15427" lon="-4.68344">
        <ele>84.0</ele>
      </trkpt>
      <trkpt lat="57.15608" lon="-4.68058">
        <ele>91.0</ele>
      </trkpt>
      <trkpt lat="57.15676" lon="-4.67403">
        <ele>73.6</ele>
      </trkpt>
      <trkpt lat="57.15763" lon="-4.67272">
        <ele>77.1</ele>
      </trkpt>
      <trkpt lat="57.1577" lon="-4.67072">
        <ele>58.4</ele>
      </trkpt>
      <trkpt lat="57.15828" lon="-4.67021">
        <ele>61.7</ele>
      </trkpt>
      <trkpt lat="57.15928" lon="-4.66641">
        <ele>52.6</ele>
      </trkpt>
      <trkpt lat="57.15902" lon="-4.66507">
        <ele>41.5</ele>
      </trkpt>
      <trkpt lat="57.15915" lon="-4.66338">
        <ele>37.9</ele>
      </trkpt>
      <trkpt lat="57.15961" lon="-4.66277">
        <ele>44.6</ele>
      </trkpt>
      <trkpt lat="57.15936" lon="-4.66092">
        <ele>40.4</ele>
      </trkpt>
      <trkpt lat="57.16015" lon="-4.66141">
        <ele>51.3</ele>
      </trkpt>
      <trkpt lat="57.1612" lon="-4.6592">
        <ele>66.9</ele>
      </trkpt>
      <trkpt lat="57.16221" lon="-4.65958">
        <ele>70.8</ele>
      </trkpt>
      <trkpt lat="57.16275" lon="-4.65937">
        <ele>75.5</ele>
      </trkpt>
      <trkpt lat="57.16401" lon="-4.65756">
        <ele>79.8</ele>
      </trkpt>
      <trkpt lat="57.16504" lon="-4.65812">
        <ele>95.7</ele>
      </trkpt>
      <trkpt lat="57.16601" lon="-4.65587">
        <ele>98.9</ele>
      </trkpt>
      <trkpt lat="57.16665" lon="-4.652">
        <ele>73.6</ele>
      </trkpt>
      <trkpt lat="57.17001" lon="-4.64914">
        <ele>81.8</ele>
      </trkpt>
      <trkpt lat="57.17121" lon="-4.64754">
        <ele>82.7</ele>
      </trkpt>
      <trkpt lat="57.17344" lon="-4.64583">
        <ele>88.5</ele>
      </trkpt>
      <trkpt lat="57.17529" lon="-4.64215">
        <ele>85.7</ele>
      </trkpt>
      <trkpt lat="57.17723" lon="-4.64224">
        <ele>101.3</ele>
      </trkpt>
      <trkpt lat="57.17812" lon="-4.63917">
        <ele>75.4</ele>
      </trkpt>
      <trkpt lat="57.1808" lon="-4.63614">
        <ele>96.8</ele>
      </trkpt>
      <trkpt lat="57.18246" lon="-4.63516">
        <ele>88.8</ele>
      </trkpt>
      <trkpt lat="57.1833" lon="-4.63328">
        <ele>83.8</ele>
      </trkpt>
      <trkpt lat="57.18441" lon="-4.63208">
        <ele>85.7</ele>
      </trkpt>
      <trkpt lat="57.18555" lon="-4.62828">
        <ele>71.8</ele>
      </trkpt>
      <trkpt lat="57.18631" lon="-4.62816">
        <ele>72.0</ele>
      </trkpt>
      <trkpt lat="57.1868" lon="-4.6272">
        <ele>65.5</ele>
      </trkpt>
      <trkpt lat="57.18739" lon="-4.62744">
        <ele>71.0</ele>
      </trkpt>
      <trkpt lat="57.18766" lon="-4.62589">
        <ele>67.5</ele>
      </trkpt>
      <trkpt lat="57.19081" lon="-4.62333">
        <ele>85.4</ele>
      </trkpt>
      <trkpt lat="57.19202" lon="-4.62103">
        <ele>88.5</ele>
      </trkpt>
      <trkpt lat="57.19342" lon="-4.61932">
        <ele>91.7</ele>
      </trkpt>
      <trkpt lat="57.1939" lon="-4.61918">
        <ele>93.3</ele>
      </trkpt>
      <trkpt lat="57.1959" lon="-4.61596">
        <ele>72.4</ele>
      </trkpt>
      <trkpt lat="57.19753" lon="-4.61538">
        <ele>86.2</ele>
      </trkpt>
      <trkpt lat="57.19911" lon="-4.61378">
        <ele>86.9</ele>
      </trkpt>
      <trkpt lat="57.20005" lon="-4.61191">
        <ele>74.3</ele>
      </trkpt>
      <trkpt lat="57.2015" lon="-4.61083">
        <ele>69.5</ele>
      </trkpt>
      <trkpt lat="57.20302" lon="-4.61087">
        <ele>81.7</ele>
      </trkpt>
      <trkpt lat="57.20533" lon="-4.61233">
        <ele>92.1</ele>
      </trkpt>
      <trkpt lat="57.20603" lon="-4.61329">
        <ele>91.9</ele>
      </trkpt>
      <trkpt lat="57.20734" lon="-4.61411">
        <ele>88.0</ele>
      </trkpt>
      <trkpt lat="57.20872" lon="-4.61592">
        <ele>85.9</ele>
      </trkpt>
      <trkpt lat="57.21215" lon="-4.6242">
        <ele>88.8</ele>
      </trkpt>
      <trkpt lat="57.21277" lon="-4.62798">
        <ele>98.9</ele>
      </trkpt>
      <trkpt lat="57.21285" lon="-4.6272">
        <ele>92.1</ele>
      </trkpt>
      <trkpt lat="57.2141" lon="-4.62556">
        <ele>63.2</ele>
      </trkpt>
      <trkpt lat="57.21261" lon="-4.62148">
        <ele>52.8</ele>
      </trkpt>
      <trkpt lat="57.21188" lon="-4.61817">
        <ele>44.2</ele>
      </trkpt>
      <trkpt lat="57.21397" lon="-4.61744">
        <ele>43.8</ele>
      </trkpt>
      <trkpt lat="57.21464" lon="-4.61768">
        <ele>48.1</ele>
      </trkpt>
      <trkpt lat="57.215634" lon="-4.62055">
        <ele>51.3</ele>
      </trkpt>
      <trkpt lat="57.21737" lon="-4.62556">
        <ele>54.9</ele>
      </trkpt>
      <trkpt lat="57.2185" lon="-4.63124">
        <ele>52.7</ele>
      </trkpt>
      <trkpt lat="57.22058" lon="-4.63635">
        <ele>53.6</ele>
      </trkpt>
      <trkpt lat="57.22177" lon="-4.64163">
        <ele>54.6</ele>
      </trkpt>
      <trkpt lat="57.22183" lon="-4.64334">
        <ele>53.3</ele>
      </trkpt>
      <trkpt lat="57.22099" lon="-4.64707">
        <ele>48.1</ele>
      </trkpt>
      <trkpt lat="57.21827" lon="-4.65374">
        <ele>52.9</ele>
      </trkpt>
      <trkpt lat="57.21423" lon="-4.67201">
        <ele>67.1</ele>
      </trkpt>
      <trkpt lat="57.21137" lon="-4.67734">
        <ele>72.0</ele>
      </trkpt>
      <trkpt lat="57.21075" lon="-4.67919">
        <ele>67.7</ele>
      </trkpt>
      <trkpt lat="57.21045" lon="-4.68285">
        <ele>68.5</ele>
      </trkpt>
      <trkpt lat="57.2113" lon="-4.68285">
        <ele>73.5</ele>
      </trkpt>
      <trkpt lat="57.21284" lon="-4.6851">
        <ele>86.4</ele>
      </trkpt>
      <trkpt lat="57.21381" lon="-4.68449">
        <ele>100.9</ele>
      </trkpt>
      <trkpt lat="57.21453" lon="-4.68574">
        <ele>122.5</ele>
      </trkpt>
      <trkpt lat="57.21478" lon="-4.68778">
        <ele>131.6</ele>
      </trkpt>
      <trkpt lat="57.21599" lon="-4.68949">
        <ele>151.0</ele>
      </trkpt>
      <trkpt lat="57.21667" lon="-4.68825">
        <ele>167.6</ele>
      </trkpt>
      <trkpt lat="57.21723" lon="-4.68886">
        <ele>174.7</ele>
      </trkpt>
      <trkpt lat="57.21831" lon="-4.68822">
        <ele>187.2</ele>
      </trkpt>
      <trkpt lat="57.22034" lon="-4.68846">
        <ele>208.5</ele>
      </trkpt>
      <trkpt lat="57.22071" lon="-4.68883">
        <ele>214.7</ele>
      </trkpt>
      <trkpt lat="57.22065" lon="-4.69034">
        <ele>225.1</ele>
      </trkpt>
      <trkpt lat="57.22155" lon="-4.69127">
        <ele>241.9</ele>
      </trkpt>
      <trkpt lat="57.22193" lon="-4.69285">
        <ele>252.3</ele>
      </trkpt>
      <trkpt lat="57.22145" lon="-4.69552">
        <ele>256.7</ele>
      </trkpt>
      <trkpt lat="57.22244" lon="-4.6973">
        <ele>275.0</ele>
      </trkpt>
      <trkpt lat="57.22229" lon="-4.69951">
        <ele>279.5</ele>
      </trkpt>
      <trkpt lat="57.22469" lon="-4.70793">
        <ele>320.5</ele>
      </trkpt>
      <trkpt lat="57.22432" lon="-4.70981">
        <ele>318.9</ele>
      </trkpt>
      <trkpt lat="57.22513" lon="-4.7133">
        <ele>333.3</ele>
      </trkpt>
      <trkpt lat="57.22506" lon="-4.72032">
        <ele>348.8</ele>
      </trkpt>
      <trkpt lat="57.22422" lon="-4.7244">
        <ele>344.3</ele>
      </trkpt>
      <trkpt lat="57.22457" lon="-4.72907">
        <ele>369.5</ele>
      </trkpt>
      <trkpt lat="57.22573" lon="-4.73008">
        <ele>375.1</ele>
      </trkpt>
      <trkpt lat="57.22618" lon="-4.73264">
        <ele>396.3</ele>
      </trkpt>
      <trkpt lat="57.22775" lon="-4.73674">
        <ele>412.9</ele>
      </trkpt>
      <trkpt lat="57.22826" lon="-4.74047">
        <ele>427.3</ele>
      </trkpt>
      <trkpt lat="57.22934" lon="-4.74359">
        <ele>436.9</ele>
      </trkpt>
      <trkpt lat="57.23016" lon="-4.74864">
        <ele>432.3</ele>
      </trkpt>
      <trkpt lat="57.23093" lon="-4.75101">
        <ele>434.2</ele>
      </trkpt>
      <trkpt lat="57.23276" lon="-4.7534">
        <ele>441.9</ele>
      </trkpt>
      <trkpt lat="57.23339" lon="-4.75516">
        <ele>444.8</ele>
      </trkpt>
      <trkpt lat="57.23499" lon="-4.75706">
        <ele>455.9</ele>
      </trkpt>
      <trkpt lat="57.23702" lon="-4.75624">
        <ele>458.7</ele>
      </trkpt>
      <trkpt lat="57.23785" lon="-4.75706">
        <ele>458.2</ele>
      </trkpt>
      <trkpt lat="57.23854" lon="-4.75645">
        <ele>461.1</ele>
      </trkpt>
      <trkpt lat="57.23931" lon="-4.7564">
        <ele>460.0</ele>
      </trkpt>
      <trkpt lat="57.24427" lon="-4.75159">
        <ele>477.3</ele>
      </trkpt>
      <trkpt lat="57.24611" lon="-4.75169">
        <ele>477.4</ele>
      </trkpt>
      <trkpt lat="57.25007" lon="-4.7504">
        <ele>491.0</ele>
      </trkpt>
      <trkpt lat="57.25051" lon="-4.75115">
        <ele>489.4</ele>
      </trkpt>
      <trkpt lat="57.25078" lon="-4.75108">
        <ele>489.4</ele>
      </trkpt>
      <trkpt lat="57.25187" lon="-4.74899">
        <ele>491.6</ele>
      </trkpt>
      <trkpt lat="57.25254" lon="-4.74864">
        <ele>492.0</ele>
      </trkpt>
      <trkpt lat="57.25355" lon="-4.74925">
        <ele>490.0</ele>
      </trkpt>
      <trkpt lat="57.25464" lon="-4.74742">
        <ele>492.8</ele>
      </trkpt>
      <trkpt lat="57.25595" lon="-4.74702">
        <ele>488.0</ele>
      </trkpt>
      <trkpt lat="57.25683" lon="-4.74549">
        <ele>493.2</ele>
      </trkpt>
      <trkpt lat="57.2573" lon="-4.74573">
        <ele>490.1</ele>
      </trkpt>
      <trkpt lat="57.25801" lon="-4.74512">
        <ele>489.1</ele>
      </trkpt>
      <trkpt lat="57.25972" lon="-4.74275">
        <ele>489.6</ele>
      </trkpt>
      <trkpt lat="57.26004" lon="-4.74132">
        <ele>491.2</ele>
      </trkpt>
      <trkpt lat="57.26076" lon="-4.7415">
        <ele>488.9</ele>
      </trkpt>
      <trkpt lat="57.26176" lon="-4.74052">
        <ele>492.1</ele>
      </trkpt>
      <trkpt lat="57.2621" lon="-4.74068">
        <ele>491.8</ele>
      </trkpt>
      <trkpt lat="57.26396" lon="-4.73996">
        <ele>505.6</ele>
      </trkpt>
      <trkpt lat="57.26598" lon="-4.73747">
        <ele>509.3</ele>
      </trkpt>
      <trkpt lat="57.26844" lon="-4.73634">
        <ele>508.8</ele>
      </trkpt>
      <trkpt lat="57.26987" lon="-4.73618">
        <ele>511.7</ele>
      </trkpt>
      <trkpt lat="57.27316" lon="-4.73343">
        <ele>500.0</ele>
      </trkpt>
      <trkpt lat="57.27416" lon="-4.73362">
        <ele>493.4</ele>
      </trkpt>
      <trkpt lat="57.27577" lon="-4.73259">
        <ele>474.9</ele>
      </trkpt>
      <trkpt lat="57.27694" lon="-4.73301">
        <ele>464.7</ele>
      </trkpt>
      <trkpt lat="57.27858" lon="-4.73268">
        <ele>446.7</ele>
      </trkpt>
      <trkpt lat="57.2795" lon="-4.73332">
        <ele>435.8</ele>
      </trkpt>
      <trkpt lat="57.27968" lon="-4.73421">
        <ele>432.4</ele>
      </trkpt>
      <trkpt lat="57.28051" lon="-4.7343">
        <ele>425.1</ele>
      </trkpt>
      <trkpt lat="57.28116" lon="-4.73571">
        <ele>425.4</ele>
      </trkpt>
      <trkpt lat="57.28275" lon="-4.73402">
        <ele>420.9</ele>
      </trkpt>
      <trkpt lat="57.28464" lon="-4.73278">
        <ele>414.3</ele>
      </trkpt>
      <trkpt lat="57.28691" lon="-4.7298">
        <ele>405.2</ele>
      </trkpt>
      <trkpt lat="57.28851" lon="-4.73001">
        <ele>396.7</ele>
      </trkpt>
      <trkpt lat="57.28984" lon="-4.72905">
        <ele>389.0</ele>
      </trkpt>
      <trkpt lat="57.29182" lon="-4.73013">
        <ele>371.0</ele>
      </trkpt>
      <trkpt lat="57.29335" lon="-4.73043">
        <ele>359.4</ele>
      </trkpt>
      <trkpt lat="57.29533" lon="-4.7294">
        <ele>341.2</ele>
      </trkpt>
      <trkpt lat="57.29845" lon="-4.72926">
        <ele>300.8</ele>
      </trkpt>
      <trkpt lat="57.29961" lon="-4.72947">
        <ele>292.9</ele>
      </trkpt>
      <trkpt lat="57.3002" lon="-4.73038">
        <ele>293.0</ele>
      </trkpt>
      <trkpt lat="57.30075" lon="-4.72879">
        <ele>289.2</ele>
      </trkpt>
      <trkpt lat="57.30292" lon="-4.72621">
        <ele>287.4</ele>
      </trkpt>
      <trkpt lat="57.30477" lon="-4.72447">
        <ele>281.7</ele>
      </trkpt>
      <trkpt lat="57.3053" lon="-4.72445">
        <ele>281.8</ele>
      </trkpt>
      <trkpt lat="57.30685" lon="-4.72159">
        <ele>275.9</ele>
      </trkpt>
      <trkpt lat="57.30949" lon="-4.71987">
        <ele>283.2</ele>
      </trkpt>
      <trkpt lat="57.31076" lon="-4.71957">
        <ele>272.3</ele>
      </trkpt>
      <trkpt lat="57.31209" lon="-4.71851">
        <ele>270.9</ele>
      </trkpt>
      <trkpt lat="57.31324" lon="-4.7191">
        <ele>279.0</ele>
      </trkpt>
      <trkpt lat="57.31482" lon="-4.71793">
        <ele>283.6</ele>
      </trkpt>
      <trkpt lat="57.31721" lon="-4.71516">
        <ele>288.0</ele>
      </trkpt>
      <trkpt lat="57.31887" lon="-4.71136">
        <ele>279.5</ele>
      </trkpt>
      <trkpt lat="57.32176" lon="-4.70957">
        <ele>259.7</ele>
      </trkpt>
      <trkpt lat="57.32414" lon="-4.70669">
        <ele>247.1</ele>
      </trkpt>
      <trkpt lat="57.32492" lon="-4.70685">
        <ele>242.1</ele>
      </trkpt>
      <trkpt lat="57.32686" lon="-4.70566">
        <ele>215.4</ele>
      </trkpt>
      <trkpt lat="57.32953" lon="-4.7016">
        <ele>176.8</ele>
      </trkpt>
      <trkpt lat="57.33025" lon="-4.70146">
        <ele>170.0</ele>
      </trkpt>
      <trkpt lat="57.33134" lon="-4.70319">
        <ele>166.8</ele>
      </trkpt>
      <trkpt lat="57.3324" lon="-4.69965">
        <ele>160.2</ele>
      </trkpt>
      <trkpt lat="57.33405" lon="-4.69693">
        <ele>158.7</ele>
      </trkpt>
      <trkpt lat="57.335" lon="-4.6936">
        <ele>153.3</ele>
      </trkpt>
      <trkpt lat="57.3333" lon="-4.69181">
        <ele>156.4</ele>
      </trkpt>
      <trkpt lat="57.33464" lon="-4.68642">
        <ele>149.3</ele>
      </trkpt>
      <trkpt lat="57.33411" lon="-4.68323">
        <ele>149.2</ele>
      </trkpt>
      <trkpt lat="57.33443" lon="-4.6779">
        <ele>147.7</ele>
      </trkpt>
      <trkpt lat="57.33327" lon="-4.67389">
        <ele>150.7</ele>
      </trkpt>
      <trkpt lat="57.33302" lon="-4.67056">
        <ele>150.8</ele>
      </trkpt>
      <trkpt lat="57.33371" lon="-4.66927">
        <ele>148.6</ele>
      </trkpt>
      <trkpt lat="57.33464" lon="-4.67077">
        <ele>149.4</ele>
      </trkpt>
      <trkpt lat="57.33547" lon="-4.67387">
        <ele>150.2</ele>
      </trkpt>
      <trkpt lat="57.33668" lon="-4.67642">
        <ele>151.6</ele>
      </trkpt>
      <trkpt lat="57.34118" lon="-4.68151">
        <ele>158.9</ele>
      </trkpt>
      <trkpt lat="57.34286" lon="-4.68238">
        <ele>164.5</ele>
      </trkpt>
      <trkpt lat="57.34348" lon="-4.6832">
        <ele>166.7</ele>
      </trkpt>
      <trkpt lat="57.34476" lon="-4.68618">
        <ele>165.2</ele>
      </trkpt>
      <trkpt lat="57.34579" lon="-4.6916">
        <ele>177.5</ele>
      </trkpt>
      <trkpt lat="57.34659" lon="-4.694">
        <ele>184.4</ele>
      </trkpt>
      <trkpt lat="57.34956" lon="-4.6978">
        <ele>196.8</ele>
      </trkpt>
      <trkpt lat="57.35114" lon="-4.69925">
        <ele>212.3</ele>
      </trkpt>
      <trkpt lat="57.35166" lon="-4.7012">
        <ele>217.0</ele>
      </trkpt>
      <trkpt lat="57.35271" lon="-4.71225">
        <ele>215.8</ele>
      </trkpt>
      <trkpt lat="57.35211" lon="-4.71624">
        <ele>208.7</ele>
      </trkpt>
      <trkpt lat="57.35167" lon="-4.72461">
        <ele>178.8</ele>
      </trkpt>
      <trkpt lat="57.34832" lon="-4.73285">
        <ele>131.2</ele>
      </trkpt>
      <trkpt lat="57.34421" lon="-4.74667">
        <ele>85.4</ele>
      </trkpt>
      <trkpt lat="57.344377" lon="-4.746646">
        <ele>83.1</ele>
      </trkpt>
      <trkpt lat="57.34456" lon="-4.74662">
        <ele>80.6</ele>
      </trkpt>
      <trkpt lat="57.35051" lon="-4.73292">
        <ele>76.5</ele>
      </trkpt>
      <trkpt lat="57.35751" lon="-4.72342">
        <ele>76.5</ele>
      </trkpt>
      <trkpt lat="57.36051" lon="-4.7183">
        <ele>70.0</ele>
      </trkpt>
      <trkpt lat="57.36246" lon="-4.71321">
        <ele>72.7</ele>
      </trkpt>
      <trkpt lat="57.36606" lon="-4.70774">
        <ele>72.2</ele>
      </trkpt>
      <trkpt lat="57.3687" lon="-4.7027">
        <ele>73.2</ele>
      </trkpt>
      <trkpt lat="57.37082" lon="-4.70139">
        <ele>71.1</ele>
      </trkpt>
      <trkpt lat="57.37301" lon="-4.70181">
        <ele>58.7</ele>
      </trkpt>
      <trkpt lat="57.3734" lon="-4.70155">
        <ele>57.9</ele>
      </trkpt>
      <trkpt lat="57.37408" lon="-4.69951">
        <ele>70.0</ele>
      </trkpt>
      <trkpt lat="57.37654" lon="-4.69489">
        <ele>66.2</ele>
      </trkpt>
      <trkpt lat="57.38098" lon="-4.68905">
        <ele>64.4</ele>
      </trkpt>
      <trkpt lat="57.38675" lon="-4.68053">
        <ele>69.7</ele>
      </trkpt>
      <trkpt lat="57.38762" lon="-4.67971">
        <ele>66.6</ele>
      </trkpt>
      <trkpt lat="57.38899" lon="-4.67997">
        <ele>55.9</ele>
      </trkpt>
      <trkpt lat="57.39186" lon="-4.67619">
        <ele>66.8</ele>
      </trkpt>
      <trkpt lat="57.39327" lon="-4.67546">
        <ele>63.3</ele>
      </trkpt>
      <trkpt lat="57.39432" lon="-4.67436">
        <ele>65.8</ele>
      </trkpt>
      <trkpt lat="57.39496" lon="-4.67431">
        <ele>58.0</ele>
      </trkpt>
      <trkpt lat="57.39604" lon="-4.67288">
        <ele>67.4</ele>
      </trkpt>
      <trkpt lat="57.402" lon="-4.66962">
        <ele>65.0</ele>
      </trkpt>
      <trkpt lat="57.4051" lon="-4.6668">
        <ele>68.1</ele>
      </trkpt>
      <trkpt lat="57.40618" lon="-4.66655">
        <ele>70.3</ele>
      </trkpt>
      <trkpt lat="57.4069" lon="-4.6669">
        <ele>69.9</ele>
      </trkpt>
      <trkpt lat="57.40889" lon="-4.6669">
        <ele>71.0</ele>
      </trkpt>
      <trkpt lat="57.41125" lon="-4.66549">
        <ele>66.2</ele>
      </trkpt>
      <trkpt lat="57.41398" lon="-4.66319">
        <ele>68.6</ele>
      </trkpt>
      <trkpt lat="57.41502" lon="-4.66296">
        <ele>65.3</ele>
      </trkpt>
      <trkpt lat="57.41636" lon="-4.66204">
        <ele>67.7</ele>
      </trkpt>
      <trkpt lat="57.41872" lon="-4.65883">
        <ele>69.4</ele>
      </trkpt>
      <trkpt lat="57.41969" lon="-4.66202">
        <ele>49.8</ele>
      </trkpt>
      <trkpt lat="57.42176" lon="-4.66547">
        <ele>54.4</ele>
      </trkpt>
      <trkpt lat="57.42603" lon="-4.66298">
        <ele>54.4</ele>
      </trkpt>
      <trkpt lat="57.43038" lon="-4.65531">
        <ele>70.5</ele>
      </trkpt>
      <trkpt lat="57.43185" lon="-4.65062">
        <ele>74.8</ele>
      </trkpt>
      <trkpt lat="57.43106" lon="-4.64672">
        <ele>76.9</ele>
      </trkpt>
      <trkpt lat="57.43158" lon="-4.64583">
        <ele>85.5</ele>
      </trkpt>
      <trkpt lat="57.43236" lon="-4.6456">
        <ele>96.8</ele>
      </trkpt>
      <trkpt lat="57.433" lon="-4.64442">
        <ele>110.2</ele>
      </trkpt>
      <trkpt lat="57.4347" lon="-4.6398">
        <ele>155.4</ele>
      </trkpt>
      <trkpt lat="57.43599" lon="-4.63919">
        <ele>171.2</ele>
      </trkpt>
      <trkpt lat="57.43743" lon="-4.63706">
        <ele>182.0</ele>
      </trkpt>
      <trkpt lat="57.43954" lon="-4.63626">
        <ele>184.9</ele>
      </trkpt>
      <trkpt lat="57.44333" lon="-4.63243">
        <ele>214.3</ele>
      </trkpt>
      <trkpt lat="57.44388" lon="-4.63276">
        <ele>213.4</ele>
      </trkpt>
      <trkpt lat="57.44517" lon="-4.63201">
        <ele>219.4</ele>
      </trkpt>
      <trkpt lat="57.44603" lon="-4.63232">
        <ele>217.7</ele>
      </trkpt>
      <trkpt lat="57.44633" lon="-4.63173">
        <ele>220.7</ele>
      </trkpt>
      <trkpt lat="57.44773" lon="-4.63166">
        <ele>216.6</ele>
      </trkpt>
      <trkpt lat="57.45113" lon="-4.6265">
        <ele>221.8</ele>
      </trkpt>
      <trkpt lat="57.45411" lon="-4.62087">
        <ele>207.4</ele>
      </trkpt>
      <trkpt lat="57.45714" lon="-4.61923">
        <ele>199.1</ele>
      </trkpt>
      <trkpt lat="57.46024" lon="-4.61599">
        <ele>209.7</ele>
      </trkpt>
      <trkpt lat="57.46396" lon="-4.61062">
        <ele>208.4</ele>
      </trkpt>
      <trkpt lat="57.46539" lon="-4.60928">
        <ele>210.2</ele>
      </trkpt>
      <trkpt lat="57.46755" lon="-4.60555">
        <ele>195.0</ele>
      </trkpt>
      <trkpt lat="57.46878" lon="-4.6052">
        <ele>196.8</ele>
      </trkpt>
      <trkpt lat="57.46955" lon="-4.60552">
        <ele>209.8</ele>
      </trkpt>
      <trkpt lat="57.47056" lon="-4.60419">
        <ele>209.3</ele>
      </trkpt>
      <trkpt lat="57.47123" lon="-4.60402">
        <ele>215.9</ele>
      </trkpt>
      <trkpt lat="57.47263" lon="-4.60165">
        <ele>215.9</ele>
      </trkpt>
      <trkpt lat="57.47377" lon="-4.60135">
        <ele>229.8</ele>
      </trkpt>
      <trkpt lat="57.47463" lon="-4.60062">
        <ele>238.8</ele>
      </trkpt>
      <trkpt lat="57.47484" lon="-4.601">
        <ele>245.9</ele>
      </trkpt>
      <trkpt lat="57.47525" lon="-4.60093">
        <ele>254.7</ele>
      </trkpt>
      <trkpt lat="57.47602" lon="-4.5994">
        <ele>262.6</ele>
      </trkpt>
      <trkpt lat="57.47671" lon="-4.60064">
        <ele>290.5</ele>
      </trkpt>
      <trkpt lat="57.4772" lon="-4.59952">
        <ele>294.5</ele>
      </trkpt>
      <trkpt lat="57.47827" lon="-4.59842">
        <ele>310.6</ele>
      </trkpt>
      <trkpt lat="57.48277" lon="-4.59551">
        <ele>344.3</ele>
      </trkpt>
      <trkpt lat="57.48441" lon="-4.5949">
        <ele>352.3</ele>
      </trkpt>
      <trkpt lat="57.48492" lon="-4.59558">
        <ele>357.6</ele>
      </trkpt>
      <trkpt lat="57.48535" lon="-4.59443">
        <ele>358.7</ele>
      </trkpt>
      <trkpt lat="57.4865" lon="-4.59382">
        <ele>366.4</ele>
      </trkpt>
      <trkpt lat="57.48709" lon="-4.59241">
        <ele>367.9</ele>
      </trkpt>
      <trkpt lat="57.48843" lon="-4.59356">
        <ele>372.3</ele>
      </trkpt>
      <trkpt lat="57.48914" lon="-4.59234">
        <ele>377.7</ele>
      </trkpt>
      <trkpt lat="57.489" lon="-4.59124">
        <ele>380.4</ele>
      </trkpt>
      <trkpt lat="57.48946" lon="-4.58955">
        <ele>384.0</ele>
      </trkpt>
      <trkpt lat="57.49042" lon="-4.58833">
        <ele>388.5</ele>
      </trkpt>
      <trkpt lat="57.49096" lon="-4.58969">
        <ele>385.5</ele>
      </trkpt>
      <trkpt lat="57.49144" lon="-4.58976">
        <ele>378.7</ele>
      </trkpt>
      <trkpt lat="57.49249" lon="-4.58913">
        <ele>372.5</ele>
      </trkpt>
      <trkpt lat="57.49283" lon="-4.5903">
        <ele>360.3</ele>
      </trkpt>
      <trkpt lat="57.49391" lon="-4.59077">
        <ele>354.0</ele>
      </trkpt>
      <trkpt lat="57.49479" lon="-4.59459">
        <ele>351.8</ele>
      </trkpt>
      <trkpt lat="57.49546" lon="-4.59605">
        <ele>341.8</ele>
      </trkpt>
      <trkpt lat="57.49455" lon="-4.59987">
        <ele>348.4</ele>
      </trkpt>
      <trkpt lat="57.49558" lon="-4.60186">
        <ele>334.7</ele>
      </trkpt>
      <trkpt lat="57.49517" lon="-4.60635">
        <ele>324.8</ele>
      </trkpt>
      <trkpt lat="57.49458" lon="-4.60745">
        <ele>325.9</ele>
      </trkpt>
      <trkpt lat="57.49171" lon="-4.6105">
        <ele>334.7</ele>
      </trkpt>
      <trkpt lat="57.49087" lon="-4.61083">
        <ele>336.8</ele>
      </trkpt>
      <trkpt lat="57.4903" lon="-4.61057">
        <ele>340.4</ele>
      </trkpt>
      <trkpt lat="57.48917" lon="-4.61153">
        <ele>340.8</ele>
      </trkpt>
      <trkpt lat="57.49112" lon="-4.6124">
        <ele>333.1</ele>
      </trkpt>
      <trkpt lat="57.49146" lon="-4.61388">
        <ele>334.2</ele>
      </trkpt>
      <trkpt lat="57.49222" lon="-4.61479">
        <ele>331.0</ele>
      </trkpt>
      <trkpt lat="57.4924" lon="-4.61667">
        <ele>330.1</ele>
      </trkpt>
      <trkpt lat="57.49254" lon="-4.62357">
        <ele>327.3</ele>
      </trkpt>
      <trkpt lat="57.4913" lon="-4.62936">
        <ele>334.0</ele>
      </trkpt>
      <trkpt lat="57.49143" lon="-4.63096">
        <ele>326.9</ele>
      </trkpt>
      <trkpt lat="57.49092" lon="-4.63445">
        <ele>332.2</ele>
      </trkpt>
      <trkpt lat="57.49124" lon="-4.63607">
        <ele>326.2</ele>
      </trkpt>
      <trkpt lat="57.49107" lon="-4.63792">
        <ele>329.4</ele>
      </trkpt>
      <trkpt lat="57.49156" lon="-4.63914">
        <ele>324.5</ele>
      </trkpt>
      <trkpt lat="57.49187" lon="-4.64618">
        <ele>319.6</ele>
      </trkpt>
      <trkpt lat="57.49129" lon="-4.64794">
        <ele>329.8</ele>
      </trkpt>
      <trkpt lat="57.49176" lon="-4.65036">
        <ele>320.1</ele>
      </trkpt>
      <trkpt lat="57.49146" lon="-4.65193">
        <ele>325.4</ele>
      </trkpt>
      <trkpt lat="57.49147" lon="-4.65491">
        <ele>324.5</ele>
      </trkpt>
      <trkpt lat="57.49183" lon="-4.6558">
        <ele>317.2</ele>
      </trkpt>
      <trkpt lat="57.49154" lon="-4.65714">
        <ele>322.6</ele>
      </trkpt>
      <trkpt lat="57.49189" lon="-4.65852">
        <ele>319.6</ele>
      </trkpt>
      <trkpt lat="57.49169" lon="-4.65927">
        <ele>323.1</ele>
      </trkpt>
      <trkpt lat="57.49294" lon="-4.66075">
        <ele>316.5</ele>
      </trkpt>
      <trkpt lat="57.49325" lon="-4.66256">
        <ele>316.3</ele>
      </trkpt>
      <trkpt lat="57.49292" lon="-4.67642">
        <ele>314.6</ele>
      </trkpt>
      <trkpt lat="57.49406" lon="-4.68072">
        <ele>314.4</ele>
      </trkpt>
      <trkpt lat="57.49604" lon="-4.68168">
        <ele>299.5</ele>
      </trkpt>
      <trkpt lat="57.49653" lon="-4.68147">
        <ele>297.7</ele>
      </trkpt>
      <trkpt lat="57.4981" lon="-4.6818">
        <ele>298.6</ele>
      </trkpt>
      <trkpt lat="57.49857" lon="-4.68264">
        <ele>307.2</ele>
      </trkpt>
      <trkpt lat="57.49893" lon="-4.68194">
        <ele>307.8</ele>
      </trkpt>
      <trkpt lat="57.49951" lon="-4.68234">
        <ele>308.9</ele>
      </trkpt>
      <trkpt lat="57.50011" lon="-4.68405">
        <ele>307.8</ele>
      </trkpt>
      <trkpt lat="57.49975" lon="-4.6856">
        <ele>312.8</ele>
      </trkpt>
      <trkpt lat="57.50018" lon="-4.69015">
        <ele>309.9</ele>
      </trkpt>
      <trkpt lat="57.49947" lon="-4.69315">
        <ele>311.6</ele>
      </trkpt>
      <trkpt lat="57.49969" lon="-4.69383">
        <ele>310.5</ele>
      </trkpt>
      <trkpt lat="57.50097" lon="-4.69395">
        <ele>301.7</ele>
      </trkpt>
      <trkpt lat="57.502" lon="-4.69273">
        <ele>301.1</ele>
      </trkpt>
      <trkpt lat="57.50247" lon="-4.69116">
        <ele>301.0</ele>
      </trkpt>
      <trkpt lat="57.50269" lon="-4.68621">
        <ele>300.8</ele>
      </trkpt>
      <trkpt lat="57.50303" lon="-4.68578">
        <ele>302.6</ele>
      </trkpt>
      <trkpt lat="57.50451" lon="-4.68607">
        <ele>308.3</ele>
      </trkpt>
      <trkpt lat="57.50523" lon="-4.68562">
        <ele>310.2</ele>
      </trkpt>
      <trkpt lat="57.50616" lon="-4.68602">
        <ele>303.3</ele>
      </trkpt>
      <trkpt lat="57.5071" lon="-4.68445">
        <ele>307.5</ele>
      </trkpt>
      <trkpt lat="57.50759" lon="-4.68248">
        <ele>312.4</ele>
      </trkpt>
      <trkpt lat="57.50767" lon="-4.6799">
        <ele>314.2</ele>
      </trkpt>
      <trkpt lat="57.50842" lon="-4.67767">
        <ele>298.1</ele>
      </trkpt>
      <trkpt lat="57.5084" lon="-4.67591">
        <ele>287.5</ele>
      </trkpt>
      <trkpt lat="57.50937" lon="-4.67741">
        <ele>278.0</ele>
      </trkpt>
      <trkpt lat="57.50979" lon="-4.67581">
        <ele>263.6</ele>
      </trkpt>
      <trkpt lat="57.51031" lon="-4.6768">
        <ele>260.9</ele>
      </trkpt>
      <trkpt lat="57.51223" lon="-4.67375">
        <ele>257.9</ele>
      </trkpt>
      <trkpt lat="57.51221" lon="-4.67178">
        <ele>259.4</ele>
      </trkpt>
      <trkpt lat="57.51311" lon="-4.66845">
        <ele>254.1</ele>
      </trkpt>
      <trkpt lat="57.51379" lon="-4.66915">
        <ele>254.5</ele>
      </trkpt>
      <trkpt lat="57.51623" lon="-4.66741">
        <ele>255.5</ele>
      </trkpt>
      <trkpt lat="57.51571" lon="-4.66378">
        <ele>250.7</ele>
      </trkpt>
      <trkpt lat="57.51572" lon="-4.66005">
        <ele>250.4</ele>
      </trkpt>
      <trkpt lat="57.5164" lon="-4.65658">
        <ele>248.5</ele>
      </trkpt>
      <trkpt lat="57.51647" lon="-4.65193">
        <ele>232.4</ele>
      </trkpt>
      <trkpt lat="57.51706" lon="-4.64705">
        <ele>227.2</ele>
      </trkpt>
      <trkpt lat="57.51727" lon="-4.64346">
        <ele>240.4</ele>
      </trkpt>
      <trkpt lat="57.51692" lon="-4.636">
        <ele>257.9</ele>
      </trkpt>
      <trkpt lat="57.51751" lon="-4.63267">
        <ele>252.3</ele>
      </trkpt>
      <trkpt lat="57.52114" lon="-4.62523">
        <ele>225.5</ele>
      </trkpt>
      <trkpt lat="57.52149" lon="-4.62206">
        <ele>217.8</ele>
      </trkpt>
      <trkpt lat="57.52484" lon="-4.61805">
        <ele>215.1</ele>
      </trkpt>
      <trkpt lat="57.52643" lon="-4.61435">
        <ele>218.0</ele>
      </trkpt>
      <trkpt lat="57.52917" lon="-4.61064">
        <ele>219.8</ele>
      </trkpt>
      <trkpt lat="57.53048" lon="-4.60144">
        <ele>176.7</ele>
      </trkpt>
      <trkpt lat="57.53202" lon="-4.59858">
        <ele>156.9</ele>
      </trkpt>
      <trkpt lat="57.53318" lon="-4.59774">
        <ele>158.1</ele>
      </trkpt>
      <trkpt lat="57.53343" lon="-4.59713">
        <ele>151.8</ele>
      </trkpt>
      <trkpt lat="57.53386" lon="-4.59335">
        <ele>133.5</ele>
      </trkpt>
      <trkpt lat="57.53398" lon="-4.58666">
        <ele>134.4</ele>
      </trkpt>
      <trkpt lat="57.53662" lon="-4.58338">
        <ele>121.8</ele>
      </trkpt>
      <trkpt lat="57.53736" lon="-4.57976">
        <ele>127.5</ele>
      </trkpt>
      <trkpt lat="57.53895" lon="-4.58181">
        <ele>139.9</ele>
      </trkpt>
      <trkpt lat="57.54023" lon="-4.58277">
        <ele>138.3</ele>
      </trkpt>
      <trkpt lat="57.540465" lon="-4.582509">
        <ele>135.0</ele>
      </trkpt>
      <trkpt lat="57.54087" lon="-4.58206">
        <ele>129.9</ele>
      </trkpt>
      <trkpt lat="57.54148" lon="-4.58012">
        <ele>125.6</ele>
      </trkpt>
      <trkpt lat="57.54169" lon="-4.58279">
        <ele>117.3</ele>
      </trkpt>
      <trkpt lat="57.54582" lon="-4.57843">
        <ele>59.8</ele>
      </trkpt>
      <trkpt lat="57.54674" lon="-4.5788">
        <ele>52.9</ele>
      </trkpt>
      <trkpt lat="57.54724" lon="-4.57845">
        <ele>51.6</ele>
      </trkpt>
      <trkpt lat="57.54753" lon="-4.58012">
        <ele>40.9</ele>
      </trkpt>
      <trkpt lat="57.55054" lon="-4.5819">
        <ele>26.1</ele>
      </trkpt>
      <trkpt lat="57.55092" lon="-4.58129">
        <ele>23.3</ele>
      </trkpt>
      <trkpt lat="57.55047" lon="-4.57826">
        <ele>21.1</ele>
      </trkpt>
      <trkpt lat="57.55039" lon="-4.57212">
        <ele>20.0</ele>
      </trkpt>
      <trkpt lat="57.54777" lon="-4.54007">
        <ele>27.7</ele>
      </trkpt>
      <trkpt lat="57.55711" lon="-4.53885">
        <ele>17.4</ele>
      </trkpt>
      <trkpt lat="57.55773" lon="-4.53892">
        <ele>22.5</ele>
      </trkpt>
      <trkpt lat="57.55793" lon="-4.53939">
        <ele>24.0</ele>
      </trkpt>
      <trkpt lat="57.55827" lon="-4.54471">
        <ele>20.3</ele>
      </trkpt>
      <trkpt lat="57.56076" lon="-4.55419">
        <ele>16.7</ele>
      </trkpt>
      <trkpt lat="57.5612" lon="-4.56311">
        <ele>20.5</ele>
      </trkpt>
      <trkpt lat="57.56349" lon="-4.57571">
        <ele>23.6</ele>
      </trkpt>
      <trkpt lat="57.56524" lon="-4.57822">
        <ele>23.5</ele>
      </trkpt>
      <trkpt lat="57.56681" lon="-4.57908">
        <ele>26.5</ele>
      </trkpt>
      <trkpt lat="57.56763" lon="-4.57861">
        <ele>29.8</ele>
      </trkpt>
      <trkpt lat="57.568044" lon="-4.57911">
        <ele>29.9</ele>
      </trkpt>
      <trkpt lat="57.56942" lon="-4.580771">
        <ele>32.4</ele>
      </trkpt>
      <trkpt lat="57.57047" lon="-4.58204">
        <ele>37.3</ele>
      </trkpt>
      <trkpt lat="57.57579" lon="-4.5845">
        <ele>67.7</ele>
      </trkpt>
      <trkpt lat="57.57986" lon="-4.58704">
        <ele>97.4</ele>
      </trkpt>
      <trkpt lat="57.58022" lon="-4.58786">
        <ele>96.0</ele>
      </trkpt>
      <trkpt lat="57.58233" lon="-4.58976">
        <ele>110.9</ele>
      </trkpt>
      <trkpt lat="57.58291" lon="-4.5925">
        <ele>95.5</ele>
      </trkpt>
      <trkpt lat="57.58512" lon="-4.59572">
        <ele>91.4</ele>
      </trkpt>
      <trkpt lat="57.58545" lon="-4.5975">
        <ele>83.3</ele>
      </trkpt>
      <trkpt lat="57.586" lon="-4.59752">
        <ele>90.0</ele>
      </trkpt>
      <trkpt lat="57.58803" lon="-4.59893">
        <ele>100.8</ele>
      </trkpt>
      <trkpt lat="57.58959" lon="-4.59811">
        <ele>96.9</ele>
      </trkpt>
      <trkpt lat="57.59054" lon="-4.59823">
        <ele>89.5</ele>
      </trkpt>
      <trkpt lat="57.59442" lon="-4.6014">
        <ele>73.0</ele>
      </trkpt>
      <trkpt lat="57.59566" lon="-4.60581">
        <ele>70.5</ele>
      </trkpt>
      <trkpt lat="57.59807" lon="-4.60979">
        <ele>74.2</ele>
      </trkpt>
      <trkpt lat="57.59828" lon="-4.61146">
        <ele>73.0</ele>
      </trkpt>
      <trkpt lat="57.59789" lon="-4.6226">
        <ele>75.0</ele>
      </trkpt>
      <trkpt lat="57.59918" lon="-4.6246">
        <ele>75.1</ele>
      </trkpt>
      <trkpt lat="57.59752" lon="-4.62798">
        <ele>75.2</ele>
      </trkpt>
      <trkpt lat="57.5963" lon="-4.63262">
        <ele>78.3</ele>
      </trkpt>
      <trkpt lat="57.59593" lon="-4.64086">
        <ele>79.6</ele>
      </trkpt>
      <trkpt lat="57.59752" lon="-4.64365">
        <ele>77.2</ele>
      </trkpt>
      <trkpt lat="57.59822" lon="-4.64377">
        <ele>80.3</ele>
      </trkpt>
      <trkpt lat="57.60013" lon="-4.64184">
        <ele>85.0</ele>
      </trkpt>
      <trkpt lat="57.60117" lon="-4.64276">
        <ele>93.1</ele>
      </trkpt>
      <trkpt lat="57.60163" lon="-4.64731">
        <ele>100.6</ele>
      </trkpt>
      <trkpt lat="57.601" lon="-4.64987">
        <ele>107.1</ele>
      </trkpt>
      <trkpt lat="57.60089" lon="-4.65249">
        <ele>100.9</ele>
      </trkpt>
      <trkpt lat="57.6032" lon="-4.66024">
        <ele>77.5</ele>
      </trkpt>
      <trkpt lat="57.60728" lon="-4.66718">
        <ele>88.1</ele>
      </trkpt>
      <trkpt lat="57.61192" lon="-4.66985">
        <ele>85.5</ele>
      </trkpt>
      <trkpt lat="57.61327" lon="-4.67258">
        <ele>71.6</ele>
      </trkpt>
      <trkpt lat="57.61585" lon="-4.67389">
        <ele>77.1</ele>
      </trkpt>
      <trkpt lat="57.61751" lon="-4.67628">
        <ele>77.5</ele>
      </trkpt>
      <trkpt lat="57.62714" lon="-4.68632">
        <ele>83.9</ele>
      </trkpt>
      <trkpt lat="57.62725" lon="-4.6879">
        <ele>87.5</ele>
      </trkpt>
      <trkpt lat="57.62856" lon="-4.68886">
        <ele>96.1</ele>
      </trkpt>
      <trkpt lat="57.63405" lon="-4.68151">
        <ele>103.1</ele>
      </trkpt>
      <trkpt lat="57.63564" lon="-4.68356">
        <ele>120.0</ele>
      </trkpt>
      <trkpt lat="57.63805" lon="-4.68811">
        <ele>141.3</ele>
      </trkpt>
      <trkpt lat="57.64048" lon="-4.68881">
        <ele>139.4</ele>
      </trkpt>
      <trkpt lat="57.64205" lon="-4.68839">
        <ele>137.6</ele>
      </trkpt>
      <trkpt lat="57.64715" lon="-4.69085">
        <ele>168.0</ele>
      </trkpt>
      <trkpt lat="57.65036" lon="-4.69015">
        <ele>162.4</ele>
      </trkpt>
      <trkpt lat="57.65441" lon="-4.68677">
        <ele>169.3</ele>
      </trkpt>
      <trkpt lat="57.65598" lon="-4.68595">
        <ele>172.6</ele>
      </trkpt>
      <trkpt lat="57.658" lon="-4.68548">
        <ele>191.1</ele>
      </trkpt>
      <trkpt lat="57.65939" lon="-4.68414">
        <ele>192.5</ele>
      </trkpt>
      <trkpt lat="57.66127" lon="-4.6832">
        <ele>196.6</ele>
      </trkpt>
      <trkpt lat="57.66403" lon="-4.67896">
        <ele>191.0</ele>
      </trkpt>
      <trkpt lat="57.66614" lon="-4.6734">
        <ele>197.4</ele>
      </trkpt>
      <trkpt lat="57.66819" lon="-4.67058">
        <ele>202.0</ele>
      </trkpt>
      <trkpt lat="57.6704" lon="-4.67004">
        <ele>212.9</ele>
      </trkpt>
      <trkpt lat="57.67296" lon="-4.67004">
        <ele>220.1</ele>
      </trkpt>
      <trkpt lat="57.67573" lon="-4.67124">
        <ele>219.5</ele>
      </trkpt>
      <trkpt lat="57.68128" lon="-4.67696">
        <ele>172.0</ele>
      </trkpt>
      <trkpt lat="57.68102" lon="-4.6757">
        <ele>166.9</ele>
      </trkpt>
      <trkpt lat="57.68183" lon="-4.67401">
        <ele>159.7</ele>
      </trkpt>
      <trkpt lat="57.68497" lon="-4.68053">
        <ele>165.5</ele>
      </trkpt>
      <trkpt lat="57.685963" lon="-4.684484">
        <ele>167.5</ele>
      </trkpt>
      <trkpt lat="57.68655" lon="-4.68682">
        <ele>170.0</ele>
      </trkpt>
      <trkpt lat="57.68748" lon="-4.68717">
        <ele>177.4</ele>
      </trkpt>
      <trkpt lat="57.68978" lon="-4.68682">
        <ele>189.4</ele>
      </trkpt>
      <trkpt lat="57.69131" lon="-4.68752">
        <ele>200.4</ele>
      </trkpt>
      <trkpt lat="57.69384" lon="-4.68783">
        <ele>211.9</ele>
      </trkpt>
      <trkpt lat="57.6964" lon="-4.68719">
        <ele>231.7</ele>
      </trkpt>
      <trkpt lat="57.69794" lon="-4.68799">
        <ele>230.8</ele>
      </trkpt>
      <trkpt lat="57.69957" lon="-4.68811">
        <ele>232.5</ele>
      </trkpt>
      <trkpt lat="57.70059" lon="-4.68881">
        <ele>234.3</ele>
      </trkpt>
      <trkpt lat="57.70286" lon="-4.6916">
        <ele>238.0</ele>
      </trkpt>
      <trkpt lat="57.70495" lon="-4.69313">
        <ele>242.5</ele>
      </trkpt>
      <trkpt lat="57.7064" lon="-4.69665">
        <ele>242.7</ele>
      </trkpt>
      <trkpt lat="57.70723" lon="-4.6974">
        <ele>244.0</ele>
      </trkpt>
      <trkpt lat="57.70911" lon="-4.69801">
        <ele>247.0</ele>
      </trkpt>
      <trkpt lat="57.71011" lon="-4.69768">
        <ele>250.9</ele>
      </trkpt>
      <trkpt lat="57.7118" lon="-4.69963">
        <ele>250.2</ele>
      </trkpt>
      <trkpt lat="57.71244" lon="-4.7012">
        <ele>251.5</ele>
      </trkpt>
      <trkpt lat="57.71418" lon="-4.70127">
        <ele>261.0</ele>
      </trkpt>
      <trkpt lat="57.71497" lon="-4.70092">
        <ele>264.7</ele>
      </trkpt>
      <trkpt lat="57.71651" lon="-4.70136">
        <ele>267.1</ele>
      </trkpt>
      <trkpt lat="57.71756" lon="-4.70256">
        <ele>266.0</ele>
      </trkpt>
      <trkpt lat="57.71904" lon="-4.70216">
        <ele>270.3</ele>
      </trkpt>
      <trkpt lat="57.72148" lon="-4.70329">
        <ele>271.5</ele>
      </trkpt>
      <trkpt lat="57.7241" lon="-4.7035">
        <ele>279.2</ele>
      </trkpt>
      <trkpt lat="57.72671" lon="-4.70669">
        <ele>276.1</ele>
      </trkpt>
      <trkpt lat="57.72706" lon="-4.70758">
        <ele>273.6</ele>
      </trkpt>
      <trkpt lat="57.72827" lon="-4.70791">
        <ele>275.3</ele>
      </trkpt>
      <trkpt lat="57.72902" lon="-4.70906">
        <ele>274.7</ele>
      </trkpt>
      <trkpt lat="57.73086" lon="-4.70892">
        <ele>285.1</ele>
      </trkpt>
      <trkpt lat="57.73157" lon="-4.7107">
        <ele>283.8</ele>
      </trkpt>
      <trkpt lat="57.73251" lon="-4.71018">
        <ele>291.9</ele>
      </trkpt>
      <trkpt lat="57.73343" lon="-4.71825">
        <ele>288.2</ele>
      </trkpt>
      <trkpt lat="57.73438" lon="-4.72198">
        <ele>287.2</ele>
      </trkpt>
      <trkpt lat="57.73766" lon="-4.72827">
        <ele>289.5</ele>
      </trkpt>
      <trkpt lat="57.7378" lon="-4.73008">
        <ele>286.2</ele>
      </trkpt>
      <trkpt lat="57.73846" lon="-4.73001">
        <ele>288.6</ele>
      </trkpt>
      <trkpt lat="57.73875" lon="-4.73055">
        <ele>290.0</ele>
      </trkpt>
      <trkpt lat="57.73752" lon="-4.73346">
        <ele>288.2</ele>
      </trkpt>
      <trkpt lat="57.73798" lon="-4.73686">
        <ele>300.2</ele>
      </trkpt>
      <trkpt lat="57.73778" lon="-4.73871">
        <ele>310.4</ele>
      </trkpt>
      <trkpt lat="57.73607" lon="-4.74329">
        <ele>328.4</ele>
      </trkpt>
      <trkpt lat="57.73522" lon="-4.74411">
        <ele>332.1</ele>
      </trkpt>
      <trkpt lat="57.73427" lon="-4.74423">
        <ele>332.8</ele>
      </trkpt>
      <trkpt lat="57.7333" lon="-4.74385">
        <ele>332.2</ele>
      </trkpt>
      <trkpt lat="57.7323" lon="-4.74458">
        <ele>338.1</ele>
      </trkpt>
      <trkpt lat="57.73079" lon="-4.74772">
        <ele>350.6</ele>
      </trkpt>
      <trkpt lat="57.7306" lon="-4.75009">
        <ele>346.4</ele>
      </trkpt>
      <trkpt lat="57.73092" lon="-4.75115">
        <ele>342.6</ele>
      </trkpt>
      <trkpt lat="57.73388" lon="-4.75617">
        <ele>300.6</ele>
      </trkpt>
      <trkpt lat="57.73474" lon="-4.7568">
        <ele>294.8</ele>
      </trkpt>
      <trkpt lat="57.7354" lon="-4.75912">
        <ele>282.7</ele>
      </trkpt>
      <trkpt lat="57.73542" lon="-4.76037">
        <ele>279.4</ele>
      </trkpt>
      <trkpt lat="57.73476" lon="-4.76281">
        <ele>273.5</ele>
      </trkpt>
      <trkpt lat="57.73327" lon="-4.76419">
        <ele>270.0</ele>
      </trkpt>
      <trkpt lat="57.73197" lon="-4.76433">
        <ele>269.1</ele>
      </trkpt>
      <trkpt lat="57.73142" lon="-4.76553">
        <ele>263.6</ele>
      </trkpt>
      <trkpt lat="57.7316" lon="-4.76628">
        <ele>265.3</ele>
      </trkpt>
      <trkpt lat="57.73126" lon="-4.76783">
        <ele>260.3</ele>
      </trkpt>
      <trkpt lat="57.73174" lon="-4.76942">
        <ele>259.3</ele>
      </trkpt>
      <trkpt lat="57.73242" lon="-4.7701">
        <ele>267.1</ele>
      </trkpt>
      <trkpt lat="57.73256" lon="-4.77203">
        <ele>260.3</ele>
      </trkpt>
      <trkpt lat="57.73322" lon="-4.77421">
        <ele>262.6</ele>
      </trkpt>
      <trkpt lat="57.73448" lon="-4.77475">
        <ele>278.2</ele>
      </trkpt>
      <trkpt lat="57.73675" lon="-4.77423">
        <ele>299.7</ele>
      </trkpt>
      <trkpt lat="57.73805" lon="-4.77519">
        <ele>310.8</ele>
      </trkpt>
      <trkpt lat="57.73898" lon="-4.77719">
        <ele>311.6</ele>
      </trkpt>
      <trkpt lat="57.7412" lon="-4.77691">
        <ele>300.2</ele>
      </trkpt>
      <trkpt lat="57.74285" lon="-4.77773">
        <ele>286.4</ele>
      </trkpt>
      <trkpt lat="57.74465" lon="-4.77569">
        <ele>275.8</ele>
      </trkpt>
      <trkpt lat="57.74589" lon="-4.77545">
        <ele>273.7</ele>
      </trkpt>
      <trkpt lat="57.74716" lon="-4.77421">
        <ele>278.3</ele>
      </trkpt>
      <trkpt lat="57.74862" lon="-4.77538">
        <ele>276.4</ele>
      </trkpt>
      <trkpt lat="57.74961" lon="-4.77566">
        <ele>275.6</ele>
      </trkpt>
      <trkpt lat="57.75031" lon="-4.77522">
        <ele>279.9</ele>
      </trkpt>
      <trkpt lat="57.75327" lon="-4.77571">
        <ele>275.4</ele>
      </trkpt>
      <trkpt lat="57.75511" lon="-4.77475">
        <ele>285.9</ele>
      </trkpt>
      <trkpt lat="57.75614" lon="-4.77529">
        <ele>277.8</ele>
      </trkpt>
      <trkpt lat="57.75813" lon="-4.77536">
        <ele>270.1</ele>
      </trkpt>
      <trkpt lat="57.76015" lon="-4.77503">
        <ele>270.2</ele>
      </trkpt>
      <trkpt lat="57.76272" lon="-4.77299">
        <ele>281.0</ele>
      </trkpt>
      <trkpt lat="57.76368" lon="-4.7732">
        <ele>277.2</ele>
      </trkpt>
      <trkpt lat="57.76477" lon="-4.77292">
        <ele>280.0</ele>
      </trkpt>
      <trkpt lat="57.77166" lon="-4.77379">
        <ele>278.4</ele>
      </trkpt>
      <trkpt lat="57.77299" lon="-4.77447">
        <ele>273.2</ele>
      </trkpt>
      <trkpt lat="57.775" lon="-4.77449">
        <ele>274.9</ele>
      </trkpt>
      <trkpt lat="57.77658" lon="-4.77512">
        <ele>272.1</ele>
      </trkpt>
      <trkpt lat="57.77767" lon="-4.77409">
        <ele>277.9</ele>
      </trkpt>
      <trkpt lat="57.77939" lon="-4.77421">
        <ele>276.8</ele>
      </trkpt>
      <trkpt lat="57.78191" lon="-4.77318">
        <ele>282.5</ele>
      </trkpt>
      <trkpt lat="57.78296" lon="-4.77217">
        <ele>292.0</ele>
      </trkpt>
      <trkpt lat="57.78596" lon="-4.77243">
        <ele>294.9</ele>
      </trkpt>
      <trkpt lat="57.78781" lon="-4.7713">
        <ele>307.6</ele>
      </trkpt>
      <trkpt lat="57.78903" lon="-4.76987">
        <ele>319.7</ele>
      </trkpt>
      <trkpt lat="57.79122" lon="-4.76851">
        <ele>327.2</ele>
      </trkpt>
      <trkpt lat="57.79252" lon="-4.76717">
        <ele>329.8</ele>
      </trkpt>
      <trkpt lat="57.7958" lon="-4.7598">
        <ele>339.9</ele>
      </trkpt>
      <trkpt lat="57.79765" lon="-4.75797">
        <ele>333.8</ele>
      </trkpt>
      <trkpt lat="57.79891" lon="-4.75746">
        <ele>347.2</ele>
      </trkpt>
      <trkpt lat="57.80168" lon="-4.75286">
        <ele>368.3</ele>
      </trkpt>
      <trkpt lat="57.80317" lon="-4.75178">
        <ele>367.4</ele>
      </trkpt>
      <trkpt lat="57.8051" lon="-4.7514">
        <ele>356.9</ele>
      </trkpt>
      <trkpt lat="57.80758" lon="-4.75272">
        <ele>341.6</ele>
      </trkpt>
      <trkpt lat="57.80894" lon="-4.75265">
        <ele>327.2</ele>
      </trkpt>
      <trkpt lat="57.81025" lon="-4.75394">
        <ele>315.9</ele>
      </trkpt>
      <trkpt lat="57.81062" lon="-4.75211">
        <ele>304.4</ele>
      </trkpt>
      <trkpt lat="57.81221" lon="-4.74979">
        <ele>290.2</ele>
      </trkpt>
      <trkpt lat="57.81312" lon="-4.7495">
        <ele>282.7</ele>
      </trkpt>
      <trkpt lat="57.81385" lon="-4.74871">
        <ele>279.3</ele>
      </trkpt>
      <trkpt lat="57.81484" lon="-4.74899">
        <ele>275.6</ele>
      </trkpt>
      <trkpt lat="57.81654" lon="-4.74526">
        <ele>279.2</ele>
      </trkpt>
      <trkpt lat="57.81753" lon="-4.74472">
        <ele>280.3</ele>
      </trkpt>
      <trkpt lat="57.81948" lon="-4.74244">
        <ele>288.2</ele>
      </trkpt>
      <trkpt lat="57.81994" lon="-4.74268">
        <ele>289.2</ele>
      </trkpt>
      <trkpt lat="57.82155" lon="-4.73726">
        <ele>275.3</ele>
      </trkpt>
      <trkpt lat="57.82439" lon="-4.73271">
        <ele>269.2</ele>
      </trkpt>
      <trkpt lat="57.82739" lon="-4.72536">
        <ele>247.3</ele>
      </trkpt>
      <trkpt lat="57.82837" lon="-4.72173">
        <ele>235.4</ele>
      </trkpt>
      <trkpt lat="57.83018" lon="-4.71171">
        <ele>236.0</ele>
      </trkpt>
      <trkpt lat="57.83251" lon="-4.70385">
        <ele>228.1</ele>
      </trkpt>
      <trkpt lat="57.83453" lon="-4.6993">
        <ele>231.5</ele>
      </trkpt>
      <trkpt lat="57.83576" lon="-4.69437">
        <ele>226.4</ele>
      </trkpt>
      <trkpt lat="57.83843" lon="-4.69151">
        <ele>227.5</ele>
      </trkpt>
      <trkpt lat="57.84118" lon="-4.68501">
        <ele>223.5</ele>
      </trkpt>
      <trkpt lat="57.841678" lon="-4.684165">
        <ele>225.2</ele>
      </trkpt>
      <trkpt lat="57.84509" lon="-4.67837">
        <ele>230.3</ele>
      </trkpt>
      <trkpt lat="57.84594" lon="-4.67572">
        <ele>228.0</ele>
      </trkpt>
      <trkpt lat="57.84769" lon="-4.66526">
        <ele>221.7</ele>
      </trkpt>
      <trkpt lat="57.8486" lon="-4.66185">
        <ele>218.0</ele>
      </trkpt>
      <trkpt lat="57.84992" lon="-4.65979">
        <ele>224.4</ele>
      </trkpt>
      <trkpt lat="57.85144" lon="-4.65306">
        <ele>212.7</ele>
      </trkpt>
      <trkpt lat="57.85345" lon="-4.64928">
        <ele>209.3</ele>
      </trkpt>
      <trkpt lat="57.85569" lon="-4.64745">
        <ele>209.9</ele>
      </trkpt>
      <trkpt lat="57.85894" lon="-4.64316">
        <ele>207.2</ele>
      </trkpt>
      <trkpt lat="57.86004" lon="-4.64076">
        <ele>211.7</ele>
      </trkpt>
      <trkpt lat="57.86115" lon="-4.63931">
        <ele>227.3</ele>
      </trkpt>
      <trkpt lat="57.86203" lon="-4.63677">
        <ele>222.8</ele>
      </trkpt>
      <trkpt lat="57.86387" lon="-4.63389">
        <ele>220.4</ele>
      </trkpt>
      <trkpt lat="57.86465" lon="-4.63105">
        <ele>205.5</ele>
      </trkpt>
      <trkpt lat="57.86577" lon="-4.63056">
        <ele>200.0</ele>
      </trkpt>
      <trkpt lat="57.86698" lon="-4.63239">
        <ele>191.9</ele>
      </trkpt>
      <trkpt lat="57.86703" lon="-4.62974">
        <ele>181.2</ele>
      </trkpt>
      <trkpt lat="57.86788" lon="-4.62875">
        <ele>180.7</ele>
      </trkpt>
      <trkpt lat="57.86691" lon="-4.62199">
        <ele>170.6</ele>
      </trkpt>
      <trkpt lat="57.86705" lon="-4.62113">
        <ele>173.2</ele>
      </trkpt>
      <trkpt lat="57.86605" lon="-4.61775">
        <ele>162.0</ele>
      </trkpt>
      <trkpt lat="57.86489" lon="-4.61531">
        <ele>153.8</ele>
      </trkpt>
      <trkpt lat="57.86341" lon="-4.60574">
        <ele>143.1</ele>
      </trkpt>
      <trkpt lat="57.86307" lon="-4.60053">
        <ele>138.6</ele>
      </trkpt>
      <trkpt lat="57.8641" lon="-4.59745">
        <ele>136.7</ele>
      </trkpt>
      <trkpt lat="57.86458" lon="-4.59309">
        <ele>130.6</ele>
      </trkpt>
      <trkpt lat="57.86626" lon="-4.58586">
        <ele>126.7</ele>
      </trkpt>
      <trkpt lat="57.86747" lon="-4.58469">
        <ele>124.9</ele>
      </trkpt>
      <trkpt lat="57.8684" lon="-4.58432">
        <ele>124.5</ele>
      </trkpt>
      <trkpt lat="57.87021" lon="-4.58171">
        <ele>113.9</ele>
      </trkpt>
      <trkpt lat="57.87117" lon="-4.57944">
        <ele>111.5</ele>
      </trkpt>
      <trkpt lat="57.87214" lon="-4.57918">
        <ele>111.5</ele>
      </trkpt>
      <trkpt lat="57.87381" lon="-4.57784">
        <ele>108.7</ele>
      </trkpt>
      <trkpt lat="57.87883" lon="-4.57524">
        <ele>113.1</ele>
      </trkpt>
      <trkpt lat="57.88063" lon="-4.57535">
        <ele>106.9</ele>
      </trkpt>
      <trkpt lat="57.88152" lon="-4.57648">
        <ele>107.3</ele>
      </trkpt>
      <trkpt lat="57.8807" lon="-4.57915">
        <ele>105.8</ele>
      </trkpt>
      <trkpt lat="57.88099" lon="-4.58209">
        <ele>107.7</ele>
      </trkpt>
      <trkpt lat="57.88366" lon="-4.59262">
        <ele>112.2</ele>
      </trkpt>
      <trkpt lat="57.88585" lon="-4.5987">
        <ele>119.0</ele>
      </trkpt>
      <trkpt lat="57.8863" lon="-4.60158">
        <ele>118.6</ele>
      </trkpt>
      <trkpt lat="57.88643" lon="-4.60416">
        <ele>120.7</ele>
      </trkpt>
      <trkpt lat="57.88544" lon="-4.60972">
        <ele>117.4</ele>
      </trkpt>
      <trkpt lat="57.88612" lon="-4.61437">
        <ele>128.8</ele>
      </trkpt>
      <trkpt lat="57.88736" lon="-4.61629">
        <ele>133.0</ele>
      </trkpt>
      <trkpt lat="57.88762" lon="-4.61822">
        <ele>131.5</ele>
      </trkpt>
      <trkpt lat="57.89138" lon="-4.62357">
        <ele>133.2</ele>
      </trkpt>
      <trkpt lat="57.89286" lon="-4.62725">
        <ele>134.7</ele>
      </trkpt>
      <trkpt lat="57.89406" lon="-4.6288">
        <ele>139.0</ele>
      </trkpt>
      <trkpt lat="57.8946" lon="-4.63016">
        <ele>137.9</ele>
      </trkpt>
      <trkpt lat="57.89643" lon="-4.63213">
        <ele>141.2</ele>
      </trkpt>
      <trkpt lat="57.89758" lon="-4.63279">
        <ele>143.1</ele>
      </trkpt>
      <trkpt lat="57.89975" lon="-4.63849">
        <ele>137.3</ele>
      </trkpt>
      <trkpt lat="57.90057" lon="-4.64015">
        <ele>137.5</ele>
      </trkpt>
      <trkpt lat="57.90122" lon="-4.64053">
        <ele>143.9</ele>
      </trkpt>
      <trkpt lat="57.90222" lon="-4.64365">
        <ele>138.5</ele>
      </trkpt>
      <trkpt lat="57.903" lon="-4.64492">
        <ele>141.9</ele>
      </trkpt>
      <trkpt lat="57.90376" lon="-4.64975">
        <ele>135.8</ele>
      </trkpt>
      <trkpt lat="57.90413" lon="-4.6505">
        <ele>135.4</ele>
      </trkpt>
      <trkpt lat="57.90504" lon="-4.65097">
        <ele>142.1</ele>
      </trkpt>
      <trkpt lat="57.90636" lon="-4.65261">
        <ele>143.1</ele>
      </trkpt>
      <trkpt lat="57.90966" lon="-4.66066">
        <ele>140.4</ele>
      </trkpt>
      <trkpt lat="57.91471" lon="-4.66784">
        <ele>137.2</ele>
      </trkpt>
      <trkpt lat="57.91602" lon="-4.66856">
        <ele>139.1</ele>
      </trkpt>
      <trkpt lat="57.91861" lon="-4.67354">
        <ele>144.0</ele>
      </trkpt>
      <trkpt lat="57.91985" lon="-4.6772">
        <ele>142.6</ele>
      </trkpt>
      <trkpt lat="57.91979" lon="-4.67828">
        <ele>139.8</ele>
      </trkpt>
      <trkpt lat="57.92181" lon="-4.68306">
        <ele>148.0</ele>
      </trkpt>
      <trkpt lat="57.9222" lon="-4.68583">
        <ele>147.1</ele>
      </trkpt>
      <trkpt lat="57.92355" lon="-4.69048">
        <ele>153.5</ele>
      </trkpt>
      <trkpt lat="57.92338" lon="-4.69233">
        <ele>146.8</ele>
      </trkpt>
      <trkpt lat="57.92389" lon="-4.69475">
        <ele>150.4</ele>
      </trkpt>
      <trkpt lat="57.92392" lon="-4.69803">
        <ele>149.4</ele>
      </trkpt>
      <trkpt lat="57.92486" lon="-4.70024">
        <ele>156.5</ele>
      </trkpt>
      <trkpt lat="57.92524" lon="-4.70385">
        <ele>162.4</ele>
      </trkpt>
      <trkpt lat="57.92521" lon="-4.70526">
        <ele>161.1</ele>
      </trkpt>
      <trkpt lat="57.92455" lon="-4.70666">
        <ele>157.9</ele>
      </trkpt>
      <trkpt lat="57.92471" lon="-4.7156">
        <ele>165.2</ele>
      </trkpt>
      <trkpt lat="57.924719" lon="-4.715618">
        <ele>165.2</ele>
      </trkpt>
      <trkpt lat="57.92602" lon="-4.71844">
        <ele>174.9</ele>
      </trkpt>
      <trkpt lat="57.92769" lon="-4.72001">
        <ele>192.2</ele>
      </trkpt>
      <trkpt lat="57.92878" lon="-4.72365">
        <ele>204.7</ele>
      </trkpt>
      <trkpt lat="57.92951" lon="-4.72513">
        <ele>210.2</ele>
      </trkpt>
      <trkpt lat="57.93088" lon="-4.72668">
        <ele>213.4</ele>
      </trkpt>
      <trkpt lat="57.93173" lon="-4.72928">
        <ele>219.5</ele>
      </trkpt>
      <trkpt lat="57.93401" lon="-4.73299">
        <ele>230.3</ele>
      </trkpt>
      <trkpt lat="57.93508" lon="-4.73552">
        <ele>224.8</ele>
      </trkpt>
      <trkpt lat="57.93643" lon="-4.73655">
        <ele>224.0</ele>
      </trkpt>
      <trkpt lat="57.93855" lon="-4.73984">
        <ele>212.9</ele>
      </trkpt>
      <trkpt lat="57.93896" lon="-4.74385">
        <ele>195.4</ele>
      </trkpt>
      <trkpt lat="57.93853" lon="-4.74662">
        <ele>187.2</ele>
      </trkpt>
      <trkpt lat="57.93778" lon="-4.74852">
        <ele>183.0</ele>
      </trkpt>
      <trkpt lat="57.93792" lon="-4.75162">
        <ele>182.0</ele>
      </trkpt>
      <trkpt lat="57.93882" lon="-4.75682">
        <ele>172.0</ele>
      </trkpt>
      <trkpt lat="57.93963" lon="-4.75755">
        <ele>166.3</ele>
      </trkpt>
      <trkpt lat="57.94011" lon="-4.75875">
        <ele>166.1</ele>
      </trkpt>
      <trkpt lat="57.94063" lon="-4.76128">
        <ele>169.4</ele>
      </trkpt>
      <trkpt lat="57.94125" lon="-4.76227">
        <ele>163.9</ele>
      </trkpt>
      <trkpt lat="57.94188" lon="-4.7641">
        <ele>158.2</ele>
      </trkpt>
      <trkpt lat="57.94281" lon="-4.76567">
        <ele>146.9</ele>
      </trkpt>
      <trkpt lat="57.94316" lon="-4.76804">
        <ele>143.1</ele>
      </trkpt>
      <trkpt lat="57.94336" lon="-4.76827">
        <ele>139.6</ele>
      </trkpt>
      <trkpt lat="57.94371" lon="-4.76811">
        <ele>135.4</ele>
      </trkpt>
      <trkpt lat="57.94404" lon="-4.76755">
        <ele>130.5</ele>
      </trkpt>
      <trkpt lat="57.94449" lon="-4.76475">
        <ele>121.1</ele>
      </trkpt>
      <trkpt lat="57.94503" lon="-4.76398">
        <ele>116.5</ele>
      </trkpt>
      <trkpt lat="57.94542" lon="-4.76276">
        <ele>111.1</ele>
      </trkpt>
      <trkpt lat="57.94607" lon="-4.7617">
        <ele>102.5</ele>
      </trkpt>
      <trkpt lat="57.94612" lon="-4.76105">
        <ele>101.2</ele>
      </trkpt>
      <trkpt lat="57.94595" lon="-4.76067">
        <ele>101.7</ele>
      </trkpt>
      <trkpt lat="57.94529" lon="-4.75992">
        <ele>103.0</ele>
      </trkpt>
      <trkpt lat="57.94536" lon="-4.75936">
        <ele>105.4</ele>
      </trkpt>
      <trkpt lat="57.945668" lon="-4.758861">
        <ele>105.4</ele>
      </trkpt>
      <trkpt lat="57.946969" lon="-4.75884">
        <ele>103.8</ele>
      </trkpt>
      <trkpt lat="57.947253" lon="-4.758641">
        <ele>104.1</ele>
      </trkpt>
      <trkpt lat="57.947728" lon="-4.757996">
        <ele>101.2</ele>
      </trkpt>
      <trkpt lat="57.948378" lon="-4.757211">
        <ele>97.1</ele>
      </trkpt>
      <trkpt lat="57.949621" lon="-4.756541">
        <ele>93.9</ele>
      </trkpt>
      <trkpt lat="57.949864" lon="-4.755434">
        <ele>96.8</ele>
      </trkpt>
      <trkpt lat="57.950339" lon="-4.754157">
        <ele>95.8</ele>
      </trkpt>
      <trkpt lat="57.951235" lon="-4.752316">
        <ele>93.9</ele>
      </trkpt>
      <trkpt lat="57.95189" lon="-4.751223">
        <ele>93.6</ele>
      </trkpt>
      <trkpt lat="57.952612" lon="-4.750094">
        <ele>96.3</ele>
      </trkpt>
      <trkpt lat="57.952955" lon="-4.749359">
        <ele>95.8</ele>
      </trkpt>
      <trkpt lat="57.953337" lon="-4.749174">
        <ele>92.9</ele>
      </trkpt>
      <trkpt lat="57.953677" lon="-4.748829">
        <ele>89.1</ele>
      </trkpt>
      <trkpt lat="57.954231" lon="-4.746221">
        <ele>84.8</ele>
      </trkpt>
      <trkpt lat="57.955013" lon="-4.744271">
        <ele>76.9</ele>
      </trkpt>
      <trkpt lat="57.955495" lon="-4.742945">
        <ele>73.9</ele>
      </trkpt>
      <trkpt lat="57.956022" lon="-4.742144">
        <ele>69.7</ele>
      </trkpt>
      <trkpt lat="57.95669" lon="-4.741004">
        <ele>64.1</ele>
      </trkpt>
      <trkpt lat="57.957164" lon="-4.740627">
        <ele>56.2</ele>
      </trkpt>
      <trkpt lat="57.957696" lon="-4.739123">
        <ele>51.5</ele>
      </trkpt>
      <trkpt lat="57.958182" lon="-4.738231">
        <ele>46.6</ele>
      </trkpt>
      <trkpt lat="57.95892" lon="-4.737263">
        <ele>42.4</ele>
      </trkpt>
      <trkpt lat="57.959203" lon="-4.736424">
        <ele>40.3</ele>
      </trkpt>
      <trkpt lat="57.959505" lon="-4.735432">
        <ele>39.9</ele>
      </trkpt>
      <trkpt lat="57.960106" lon="-4.733944">
        <ele>36.1</ele>
      </trkpt>
      <trkpt lat="57.96058" lon="-4.732401">
        <ele>34.0</ele>
      </trkpt>
      <trkpt lat="57.960785" lon="-4.731326">
        <ele>33.4</ele>
      </trkpt>
      <trkpt lat="57.961044" lon="-4.7302">
        <ele>32.4</ele>
      </trkpt>
      <trkpt lat="57.961182" lon="-4.729893">
        <ele>31.7</ele>
      </trkpt>
      <trkpt lat="57.961273" lon="-4.729784">
        <ele>31.4</ele>
      </trkpt>
      <trkpt lat="57.96192" lon="-4.73001">
        <ele>33.1</ele>
      </trkpt>
      <trkpt lat="57.96214" lon="-4.72973">
        <ele>35.5</ele>
      </trkpt>
      <trkpt lat="57.9623" lon="-4.72935">
        <ele>37.0</ele>
      </trkpt>
      <trkpt lat="57.96261" lon="-4.72703">
        <ele>35.5</ele>
      </trkpt>
      <trkpt lat="57.9634" lon="-4.72508">
        <ele>31.4</ele>
      </trkpt>
      <trkpt lat="57.96393" lon="-4.72452">
        <ele>30.4</ele>
      </trkpt>
      <trkpt lat="57.96469" lon="-4.72513">
        <ele>29.6</ele>
      </trkpt>
      <trkpt lat="57.96514" lon="-4.72593">
        <ele>31.4</ele>
      </trkpt>
      <trkpt lat="57.96553" lon="-4.7271">
        <ele>33.3</ele>
      </trkpt>
      <trkpt lat="57.96562" lon="-4.72818">
        <ele>38.5</ele>
      </trkpt>
      <trkpt lat="57.96611" lon="-4.72966">
        <ele>40.6</ele>
      </trkpt>
      <trkpt lat="57.9673" lon="-4.73043">
        <ele>36.3</ele>
      </trkpt>
      <trkpt lat="57.967676" lon="-4.73077">
        <ele>37.0</ele>
      </trkpt>
      <trkpt lat="57.96782" lon="-4.7309">
        <ele>37.5</ele>
      </trkpt>
      <trkpt lat="57.96778" lon="-4.73111">
        <ele>37.8</ele>
      </trkpt>
      <trkpt lat="57.9681" lon="-4.72905">
        <ele>41.7</ele>
      </trkpt>
      <trkpt lat="57.9682" lon="-4.72485">
        <ele>64.2</ele>
      </trkpt>
      <trkpt lat="57.968" lon="-4.72243">
        <ele>67.9</ele>
      </trkpt>
      <trkpt lat="57.96845" lon="-4.71497">
        <ele>76.0</ele>
      </trkpt>
      <trkpt lat="57.96829" lon="-4.7114">
        <ele>71.3</ele>
      </trkpt>
      <trkpt lat="57.96878" lon="-4.70441">
        <ele>66.4</ele>
      </trkpt>
      <trkpt lat="57.9696" lon="-4.69923">
        <ele>66.8</ele>
      </trkpt>
      <trkpt lat="57.96988" lon="-4.69618">
        <ele>63.3</ele>
      </trkpt>
      <trkpt lat="57.9702" lon="-4.69517">
        <ele>61.1</ele>
      </trkpt>
      <trkpt lat="57.97094" lon="-4.69374">
        <ele>55.8</ele>
      </trkpt>
      <trkpt lat="57.97251" lon="-4.69153">
        <ele>44.7</ele>
      </trkpt>
      <trkpt lat="57.97288" lon="-4.69064">
        <ele>41.0</ele>
      </trkpt>
      <trkpt lat="57.97316" lon="-4.68895">
        <ele>44.4</ele>
      </trkpt>
      <trkpt lat="57.97286" lon="-4.68076">
        <ele>47.2</ele>
      </trkpt>
      <trkpt lat="57.97252" lon="-4.67673">
        <ele>42.8</ele>
      </trkpt>
      <trkpt lat="57.97112" lon="-4.66793">
        <ele>35.6</ele>
      </trkpt>
      <trkpt lat="57.9707" lon="-4.66397">
        <ele>32.8</ele>
      </trkpt>
      <trkpt lat="57.97099" lon="-4.65658">
        <ele>35.2</ele>
      </trkpt>
      <trkpt lat="57.9715" lon="-4.65496">
        <ele>34.1</ele>
      </trkpt>
      <trkpt lat="57.97233" lon="-4.65367">
        <ele>29.7</ele>
      </trkpt>
      <trkpt lat="57.97297" lon="-4.65313">
        <ele>31.7</ele>
      </trkpt>
      <trkpt lat="57.97451" lon="-4.64975">
        <ele>23.9</ele>
      </trkpt>
      <trkpt lat="57.9747" lon="-4.64893">
        <ele>23.1</ele>
      </trkpt>
      <trkpt lat="57.97473" lon="-4.64752">
        <ele>17.8</ele>
      </trkpt>
      <trkpt lat="57.97539" lon="-4.64421">
        <ele>18.1</ele>
      </trkpt>
      <trkpt lat="57.97535" lon="-4.64348">
        <ele>18.6</ele>
      </trkpt>
      <trkpt lat="57.97473" lon="-4.6409">
        <ele>12.7</ele>
      </trkpt>
      <trkpt lat="57.97489" lon="-4.6391">
        <ele>16.0</ele>
      </trkpt>
      <trkpt lat="57.97474" lon="-4.63227">
        <ele>14.3</ele>
      </trkpt>
      <trkpt lat="57.97524" lon="-4.6265">
        <ele>17.1</ele>
      </trkpt>
      <trkpt lat="57.97526" lon="-4.62441">
        <ele>19.7</ele>
      </trkpt>
      <trkpt lat="57.97504" lon="-4.61972">
        <ele>15.1</ele>
      </trkpt>
      <trkpt lat="57.97506" lon="-4.61047">
        <ele>13.3</ele>
      </trkpt>
      <trkpt lat="57.97468" lon="-4.60473">
        <ele>13.0</ele>
      </trkpt>
      <trkpt lat="57.9749" lon="-4.601">
        <ele>10.4</ele>
      </trkpt>
      <trkpt lat="57.97719" lon="-4.59159">
        <ele>13.2</ele>
      </trkpt>
      <trkpt lat="57.977687" lon="-4.590768">
        <ele>15.9</ele>
      </trkpt>
      <trkpt lat="57.9778" lon="-4.59058">
        <ele>16.1</ele>
      </trkpt>
      <trkpt lat="57.97859" lon="-4.58999">
        <ele>17.0</ele>
      </trkpt>
      <trkpt lat="57.981538" lon="-4.588309">
        <ele>16.3</ele>
      </trkpt>
      <trkpt lat="57.981896" lon="-4.588106">
        <ele>15.7</ele>
      </trkpt>
      <trkpt lat="57.98266" lon="-4.58767">
        <ele>14.2</ele>
      </trkpt>
      <trkpt lat="57.983" lon="-4.5872">
        <ele>12.3</ele>
      </trkpt>
      <trkpt lat="57.98365" lon="-4.58446">
        <ele>19.9</ele>
      </trkpt>
      <trkpt lat="57.98374" lon="-4.58441">
        <ele>20.3</ele>
      </trkpt>
      <trkpt lat="57.98413" lon="-4.58474">
        <ele>16.9</ele>
      </trkpt>
      <trkpt lat="57.98436" lon="-4.58474">
        <ele>16.9</ele>
      </trkpt>
      <trkpt lat="57.98493" lon="-4.58403">
        <ele>21.1</ele>
      </trkpt>
      <trkpt lat="57.985149" lon="-4.584229">
        <ele>20.6</ele>
      </trkpt>
      <trkpt lat="57.98525" lon="-4.58432">
        <ele>21.0</ele>
      </trkpt>
      <trkpt lat="57.98682" lon="-4.58812">
        <ele>21.6</ele>
      </trkpt>
      <trkpt lat="57.98736" lon="-4.58884">
        <ele>26.1</ele>
      </trkpt>
      <trkpt lat="57.98841" lon="-4.58985">
        <ele>31.6</ele>
      </trkpt>
      <trkpt lat="57.98973" lon="-4.59053">
        <ele>40.2</ele>
      </trkpt>
      <trkpt lat="57.99083" lon="-4.59032">
        <ele>47.9</ele>
      </trkpt>
      <trkpt lat="57.99101" lon="-4.59044">
        <ele>47.1</ele>
      </trkpt>
      <trkpt lat="57.99215" lon="-4.59152">
        <ele>40.5</ele>
      </trkpt>
      <trkpt lat="57.99352" lon="-4.59396">
        <ele>42.7</ele>
      </trkpt>
      <trkpt lat="57.99483" lon="-4.59527">
        <ele>42.2</ele>
      </trkpt>
      <trkpt lat="57.99572" lon="-4.59677">
        <ele>41.2</ele>
      </trkpt>
      <trkpt lat="57.99638" lon="-4.59713">
        <ele>41.0</ele>
      </trkpt>
      <trkpt lat="57.99765" lon="-4.59896">
        <ele>40.9</ele>
      </trkpt>
      <trkpt lat="57.99781" lon="-4.59912">
        <ele>41.4</ele>
      </trkpt>
      <trkpt lat="57.99922" lon="-4.59952">
        <ele>44.2</ele>
      </trkpt>
      <trkpt lat="58.00044" lon="-4.60032">
        <ele>44.4</ele>
      </trkpt>
      <trkpt lat="58.00088" lon="-4.60076">
        <ele>44.2</ele>
      </trkpt>
      <trkpt lat="58.00207" lon="-4.60276">
        <ele>43.2</ele>
      </trkpt>
      <trkpt lat="58.00261" lon="-4.60327">
        <ele>41.5</ele>
      </trkpt>
      <trkpt lat="58.00377" lon="-4.60625">
        <ele>44.0</ele>
      </trkpt>
      <trkpt lat="58.00534" lon="-4.61209">
        <ele>46.0</ele>
      </trkpt>
      <trkpt lat="58.00583" lon="-4.61348">
        <ele>46.5</ele>
      </trkpt>
      <trkpt lat="58.0062" lon="-4.61402">
        <ele>48.1</ele>
      </trkpt>
      <trkpt lat="58.00797" lon="-4.61467">
        <ele>47.2</ele>
      </trkpt>
      <trkpt lat="58.00871" lon="-4.61524">
        <ele>49.0</ele>
      </trkpt>
      <trkpt lat="58.01044" lon="-4.61761">
        <ele>54.8</ele>
      </trkpt>
      <trkpt lat="58.011" lon="-4.61869">
        <ele>54.7</ele>
      </trkpt>
      <trkpt lat="58.01181" lon="-4.62169">
        <ele>50.7</ele>
      </trkpt>
      <trkpt lat="58.01299" lon="-4.6245">
        <ele>49.3</ele>
      </trkpt>
      <trkpt lat="58.01319" lon="-4.62486">
        <ele>49.1</ele>
      </trkpt>
      <trkpt lat="58.01496" lon="-4.62615">
        <ele>54.7</ele>
      </trkpt>
      <trkpt lat="58.01576" lon="-4.62748">
        <ele>55.7</ele>
      </trkpt>
      <trkpt lat="58.01794" lon="-4.63422">
        <ele>53.6</ele>
      </trkpt>
      <trkpt lat="58.0181" lon="-4.63443">
        <ele>53.8</ele>
      </trkpt>
      <trkpt lat="58.01894" lon="-4.63466">
        <ele>55.3</ele>
      </trkpt>
      <trkpt lat="58.01985" lon="-4.63455">
        <ele>58.2</ele>
      </trkpt>
      <trkpt lat="58.02115" lon="-4.63511">
        <ele>59.8</ele>
      </trkpt>
      <trkpt lat="58.02169" lon="-4.63513">
        <ele>61.4</ele>
      </trkpt>
      <trkpt lat="58.02251" lon="-4.636">
        <ele>63.9</ele>
      </trkpt>
      <trkpt lat="58.02402" lon="-4.63853">
        <ele>57.5</ele>
      </trkpt>
      <trkpt lat="58.02491" lon="-4.63943">
        <ele>60.3</ele>
      </trkpt>
      <trkpt lat="58.02545" lon="-4.64027">
        <ele>60.0</ele>
      </trkpt>
      <trkpt lat="58.02605" lon="-4.64046">
        <ele>62.3</ele>
      </trkpt>
      <trkpt lat="58.02665" lon="-4.63978">
        <ele>70.0</ele>
      </trkpt>
      <trkpt lat="58.02707" lon="-4.63992">
        <ele>73.2</ele>
      </trkpt>
      <trkpt lat="58.02744" lon="-4.64072">
        <ele>72.2</ele>
      </trkpt>
      <trkpt lat="58.02779" lon="-4.64086">
        <ele>73.9</ele>
      </trkpt>
      <trkpt lat="58.0284" lon="-4.64182">
        <ele>69.8</ele>
      </trkpt>
      <trkpt lat="58.02881" lon="-4.64273">
        <ele>67.4</ele>
      </trkpt>
      <trkpt lat="58.02906" lon="-4.64381">
        <ele>64.1</ele>
      </trkpt>
      <trkpt lat="58.03029" lon="-4.64445">
        <ele>67.0</ele>
      </trkpt>
      <trkpt lat="58.03088" lon="-4.64513">
        <ele>65.0</ele>
      </trkpt>
      <trkpt lat="58.03154" lon="-4.64482">
        <ele>69.6</ele>
      </trkpt>
      <trkpt lat="58.03504" lon="-4.64846">
        <ele>67.0</ele>
      </trkpt>
      <trkpt lat="58.0355" lon="-4.64879">
        <ele>68.8</ele>
      </trkpt>
      <trkpt lat="58.03866" lon="-4.65064">
        <ele>70.5</ele>
      </trkpt>
      <trkpt lat="58.03987" lon="-4.65111">
        <ele>70.6</ele>
      </trkpt>
      <trkpt lat="58.04248" lon="-4.65015">
        <ele>75.3</ele>
      </trkpt>
      <trkpt lat="58.0427" lon="-4.65019">
        <ele>77.6</ele>
      </trkpt>
      <trkpt lat="58.04446" lon="-4.65219">
        <ele>75.3</ele>
      </trkpt>
      <trkpt lat="58.04495" lon="-4.65313">
        <ele>71.1</ele>
      </trkpt>
      <trkpt lat="58.04528" lon="-4.65334">
        <ele>73.3</ele>
      </trkpt>
      <trkpt lat="58.04577" lon="-4.65428">
        <ele>72.4</ele>
      </trkpt>
      <trkpt lat="58.04615" lon="-4.65465">
        <ele>74.9</ele>
      </trkpt>
      <trkpt lat="58.04706" lon="-4.65643">
        <ele>73.1</ele>
      </trkpt>
      <trkpt lat="58.05046" lon="-4.66108">
        <ele>71.9</ele>
      </trkpt>
      <trkpt lat="58.05193" lon="-4.66345">
        <ele>70.7</ele>
      </trkpt>
      <trkpt lat="58.05329" lon="-4.66465">
        <ele>75.6</ele>
      </trkpt>
      <trkpt lat="58.05387" lon="-4.66533">
        <ele>75.8</ele>
      </trkpt>
      <trkpt lat="58.05594" lon="-4.67021">
        <ele>70.4</ele>
      </trkpt>
      <trkpt lat="58.05639" lon="-4.67058">
        <ele>73.2</ele>
      </trkpt>
      <trkpt lat="58.05749" lon="-4.67333">
        <ele>70.9</ele>
      </trkpt>
      <trkpt lat="58.05801" lon="-4.67408">
        <ele>74.1</ele>
      </trkpt>
      <trkpt lat="58.05845" lon="-4.67516">
        <ele>72.0</ele>
      </trkpt>
      <trkpt lat="58.05927" lon="-4.67807">
        <ele>70.1</ele>
      </trkpt>
      <trkpt lat="58.06006" lon="-4.67999">
        <ele>71.5</ele>
      </trkpt>
      <trkpt lat="58.06065" lon="-4.68107">
        <ele>73.1</ele>
      </trkpt>
      <trkpt lat="58.06141" lon="-4.68393">
        <ele>73.9</ele>
      </trkpt>
      <trkpt lat="58.06274" lon="-4.68649">
        <ele>77.8</ele>
      </trkpt>
      <trkpt lat="58.06402" lon="-4.68825">
        <ele>75.0</ele>
      </trkpt>
      <trkpt lat="58.06451" lon="-4.68935">
        <ele>74.0</ele>
      </trkpt>
      <trkpt lat="58.06505" lon="-4.69015">
        <ele>74.2</ele>
      </trkpt>
      <trkpt lat="58.06564" lon="-4.69062">
        <ele>78.5</ele>
      </trkpt>
      <trkpt lat="58.06612" lon="-4.69153">
        <ele>75.9</ele>
      </trkpt>
      <trkpt lat="58.06732" lon="-4.69273">
        <ele>76.4</ele>
      </trkpt>
      <trkpt lat="58.0686" lon="-4.69615">
        <ele>78.2</ele>
      </trkpt>
      <trkpt lat="58.06919" lon="-4.69728">
        <ele>79.2</ele>
      </trkpt>
      <trkpt lat="58.0715" lon="-4.70509">
        <ele>84.7</ele>
      </trkpt>
      <trkpt lat="58.07251" lon="-4.70737">
        <ele>86.0</ele>
      </trkpt>
      <trkpt lat="58.07454" lon="-4.71133">
        <ele>91.7</ele>
      </trkpt>
      <trkpt lat="58.07744" lon="-4.71586">
        <ele>96.5</ele>
      </trkpt>
      <trkpt lat="58.07856" lon="-4.71659">
        <ele>98.2</ele>
      </trkpt>
      <trkpt lat="58.08252" lon="-4.72147">
        <ele>102.0</ele>
      </trkpt>
      <trkpt lat="58.0832" lon="-4.72187">
        <ele>102.7</ele>
      </trkpt>
      <trkpt lat="58.08676" lon="-4.72123">
        <ele>108.6</ele>
      </trkpt>
      <trkpt lat="58.08755" lon="-4.72065">
        <ele>110.7</ele>
      </trkpt>
      <trkpt lat="58.08841" lon="-4.72025">
        <ele>113.2</ele>
      </trkpt>
      <trkpt lat="58.09009" lon="-4.72013">
        <ele>114.3</ele>
      </trkpt>
      <trkpt lat="58.09069" lon="-4.72025">
        <ele>112.4</ele>
      </trkpt>
      <trkpt lat="58.09108" lon="-4.72098">
        <ele>110.1</ele>
      </trkpt>
      <trkpt lat="58.09129" lon="-4.72114">
        <ele>110.0</ele>
      </trkpt>
      <trkpt lat="58.09552" lon="-4.72248">
        <ele>114.1</ele>
      </trkpt>
      <trkpt lat="58.09601" lon="-4.72302">
        <ele>111.2</ele>
      </trkpt>
      <trkpt lat="58.09698" lon="-4.72351">
        <ele>110.9</ele>
      </trkpt>
      <trkpt lat="58.09755" lon="-4.72421">
        <ele>108.9</ele>
      </trkpt>
      <trkpt lat="58.09798" lon="-4.72435">
        <ele>109.9</ele>
      </trkpt>
      <trkpt lat="58.09929" lon="-4.72534">
        <ele>108.4</ele>
      </trkpt>
      <trkpt lat="58.09994" lon="-4.72557">
        <ele>110.3</ele>
      </trkpt>
      <trkpt lat="58.1004" lon="-4.72609">
        <ele>109.1</ele>
      </trkpt>
      <trkpt lat="58.1012" lon="-4.72661">
        <ele>108.7</ele>
      </trkpt>
      <trkpt lat="58.10177" lon="-4.72722">
        <ele>109.8</ele>
      </trkpt>
      <trkpt lat="58.10226" lon="-4.7282">
        <ele>108.1</ele>
      </trkpt>
      <trkpt lat="58.10276" lon="-4.72858">
        <ele>109.1</ele>
      </trkpt>
      <trkpt lat="58.10374" lon="-4.72893">
        <ele>112.9</ele>
      </trkpt>
      <trkpt lat="58.10417" lon="-4.72935">
        <ele>111.7</ele>
      </trkpt>
      <trkpt lat="58.10466" lon="-4.72954">
        <ele>115.2</ele>
      </trkpt>
      <trkpt lat="58.10511" lon="-4.73048">
        <ele>112.4</ele>
      </trkpt>
      <trkpt lat="58.1071" lon="-4.73217">
        <ele>119.2</ele>
      </trkpt>
      <trkpt lat="58.11098" lon="-4.73702">
        <ele>118.6</ele>
      </trkpt>
      <trkpt lat="58.11089" lon="-4.73836">
        <ele>112.4</ele>
      </trkpt>
      <trkpt lat="58.11226" lon="-4.74064">
        <ele>116.6</ele>
      </trkpt>
      <trkpt lat="58.11314" lon="-4.74139">
        <ele>118.5</ele>
      </trkpt>
      <trkpt lat="58.11438" lon="-4.74362">
        <ele>121.6</ele>
      </trkpt>
      <trkpt lat="58.11493" lon="-4.7442">
        <ele>123.9</ele>
      </trkpt>
      <trkpt lat="58.11548" lon="-4.74397">
        <ele>127.2</ele>
      </trkpt>
      <trkpt lat="58.11595" lon="-4.7443">
        <ele>128.2</ele>
      </trkpt>
      <trkpt lat="58.1167" lon="-4.7458">
        <ele>126.3</ele>
      </trkpt>
      <trkpt lat="58.1181" lon="-4.74807">
        <ele>130.5</ele>
      </trkpt>
      <trkpt lat="58.11892" lon="-4.75049">
        <ele>135.3</ele>
      </trkpt>
      <trkpt lat="58.11924" lon="-4.75065">
        <ele>135.5</ele>
      </trkpt>
      <trkpt lat="58.11949" lon="-4.75122">
        <ele>137.3</ele>
      </trkpt>
      <trkpt lat="58.12003" lon="-4.75307">
        <ele>138.2</ele>
      </trkpt>
      <trkpt lat="58.12041" lon="-4.7534">
        <ele>140.3</ele>
      </trkpt>
      <trkpt lat="58.12079" lon="-4.75309">
        <ele>142.6</ele>
      </trkpt>
      <trkpt lat="58.12127" lon="-4.75298">
        <ele>149.1</ele>
      </trkpt>
      <trkpt lat="58.12163" lon="-4.75434">
        <ele>147.3</ele>
      </trkpt>
      <trkpt lat="58.12296" lon="-4.75652">
        <ele>160.9</ele>
      </trkpt>
      <trkpt lat="58.12354" lon="-4.75689">
        <ele>172.9</ele>
      </trkpt>
      <trkpt lat="58.12407" lon="-4.75793">
        <ele>180.0</ele>
      </trkpt>
      <trkpt lat="58.12478" lon="-4.75865">
        <ele>193.5</ele>
      </trkpt>
      <trkpt lat="58.12551" lon="-4.75969">
        <ele>204.5</ele>
      </trkpt>
      <trkpt lat="58.12585" lon="-4.76039">
        <ele>206.8</ele>
      </trkpt>
      <trkpt lat="58.12596" lon="-4.76135">
        <ele>200.3</ele>
      </trkpt>
      <trkpt lat="58.12701" lon="-4.7633">
        <ele>202.9</ele>
      </trkpt>
      <trkpt lat="58.12803" lon="-4.76438">
        <ele>194.4</ele>
      </trkpt>
      <trkpt lat="58.1284" lon="-4.76461">
        <ele>192.2</ele>
      </trkpt>
      <trkpt lat="58.12873" lon="-4.76475">
        <ele>190.3</ele>
      </trkpt>
      <trkpt lat="58.12943" lon="-4.76473">
        <ele>194.3</ele>
      </trkpt>
      <trkpt lat="58.12997" lon="-4.76501">
        <ele>191.8</ele>
      </trkpt>
      <trkpt lat="58.13039" lon="-4.76548">
        <ele>195.2</ele>
      </trkpt>
      <trkpt lat="58.13254" lon="-4.76658">
        <ele>189.6</ele>
      </trkpt>
      <trkpt lat="58.13277" lon="-4.76649">
        <ele>191.0</ele>
      </trkpt>
      <trkpt lat="58.13305" lon="-4.76609">
        <ele>197.5</ele>
      </trkpt>
      <trkpt lat="58.13463" lon="-4.76567">
        <ele>203.5</ele>
      </trkpt>
      <trkpt lat="58.13531" lon="-4.76525">
        <ele>211.6</ele>
      </trkpt>
      <trkpt lat="58.13576" lon="-4.76553">
        <ele>209.8</ele>
      </trkpt>
      <trkpt lat="58.13613" lon="-4.76604">
        <ele>205.4</ele>
      </trkpt>
      <trkpt lat="58.13602" lon="-4.76689">
        <ele>197.4</ele>
      </trkpt>
      <trkpt lat="58.1361" lon="-4.76722">
        <ele>198.7</ele>
      </trkpt>
      <trkpt lat="58.1366" lon="-4.76698">
        <ele>199.5</ele>
      </trkpt>
      <trkpt lat="58.13735" lon="-4.76698">
        <ele>205.0</ele>
      </trkpt>
      <trkpt lat="58.13782" lon="-4.76736">
        <ele>208.9</ele>
      </trkpt>
      <trkpt lat="58.13826" lon="-4.76811">
        <ele>205.7</ele>
      </trkpt>
      <trkpt lat="58.13885" lon="-4.76865">
        <ele>213.3</ele>
      </trkpt>
      <trkpt lat="58.13995" lon="-4.77149">
        <ele>210.0</ele>
      </trkpt>
      <trkpt lat="58.1406" lon="-4.77217">
        <ele>219.7</ele>
      </trkpt>
      <trkpt lat="58.14076" lon="-4.77264">
        <ele>217.5</ele>
      </trkpt>
      <trkpt lat="58.14223" lon="-4.77512">
        <ele>223.7</ele>
      </trkpt>
      <trkpt lat="58.14274" lon="-4.77672">
        <ele>221.3</ele>
      </trkpt>
      <trkpt lat="58.14315" lon="-4.77754">
        <ele>225.8</ele>
      </trkpt>
      <trkpt lat="58.14386" lon="-4.77874">
        <ele>232.8</ele>
      </trkpt>
      <trkpt lat="58.14469" lon="-4.77949">
        <ele>246.6</ele>
      </trkpt>
      <trkpt lat="58.14473" lon="-4.77923">
        <ele>249.7</ele>
      </trkpt>
      <trkpt lat="58.14408" lon="-4.77648">
        <ele>260.9</ele>
      </trkpt>
      <trkpt lat="58.14368" lon="-4.77531">
        <ele>264.8</ele>
      </trkpt>
      <trkpt lat="58.14332" lon="-4.77346">
        <ele>278.9</ele>
      </trkpt>
      <trkpt lat="58.14289" lon="-4.76987">
        <ele>301.3</ele>
      </trkpt>
      <trkpt lat="58.14301" lon="-4.76853">
        <ele>310.8</ele>
      </trkpt>
      <trkpt lat="58.14279" lon="-4.76769">
        <ele>312.4</ele>
      </trkpt>
      <trkpt lat="58.14276" lon="-4.76689">
        <ele>316.7</ele>
      </trkpt>
      <trkpt lat="58.14283" lon="-4.76611">
        <ele>321.6</ele>
      </trkpt>
      <trkpt lat="58.14326" lon="-4.76543">
        <ele>330.4</ele>
      </trkpt>
      <trkpt lat="58.14399" lon="-4.76682">
        <ele>336.5</ele>
      </trkpt>
      <trkpt lat="58.14423" lon="-4.76682">
        <ele>340.2</ele>
      </trkpt>
      <trkpt lat="58.14434" lon="-4.76658">
        <ele>342.8</ele>
      </trkpt>
      <trkpt lat="58.14444" lon="-4.76525">
        <ele>349.3</ele>
      </trkpt>
      <trkpt lat="58.14487" lon="-4.76304">
        <ele>367.2</ele>
      </trkpt>
      <trkpt lat="58.1447" lon="-4.76084">
        <ele>374.8</ele>
      </trkpt>
      <trkpt lat="58.14489" lon="-4.75657">
        <ele>398.8</ele>
      </trkpt>
      <trkpt lat="58.14612" lon="-4.75335">
        <ele>417.1</ele>
      </trkpt>
      <trkpt lat="58.14658" lon="-4.75164">
        <ele>411.5</ele>
      </trkpt>
      <trkpt lat="58.14677" lon="-4.75126">
        <ele>409.2</ele>
      </trkpt>
      <trkpt lat="58.14699" lon="-4.75115">
        <ele>408.6</ele>
      </trkpt>
      <trkpt lat="58.14789" lon="-4.75138">
        <ele>416.6</ele>
      </trkpt>
      <trkpt lat="58.14874" lon="-4.75129">
        <ele>417.2</ele>
      </trkpt>
      <trkpt lat="58.14966" lon="-4.7504">
        <ele>406.7</ele>
      </trkpt>
      <trkpt lat="58.15117" lon="-4.74934">
        <ele>404.6</ele>
      </trkpt>
      <trkpt lat="58.15118" lon="-4.74922">
        <ele>403.6</ele>
      </trkpt>
      <trkpt lat="58.15123" lon="-4.74932">
        <ele>404.3</ele>
      </trkpt>
      <trkpt lat="58.15381" lon="-4.74892">
        <ele>380.2</ele>
      </trkpt>
      <trkpt lat="58.15489" lon="-4.7484">
        <ele>368.2</ele>
      </trkpt>
      <trkpt lat="58.15564" lon="-4.7477">
        <ele>357.1</ele>
      </trkpt>
      <trkpt lat="58.15762" lon="-4.7477">
        <ele>336.2</ele>
      </trkpt>
      <trkpt lat="58.1585" lon="-4.74784">
        <ele>327.6</ele>
      </trkpt>
      <trkpt lat="58.16006" lon="-4.7476">
        <ele>312.0</ele>
      </trkpt>
      <trkpt lat="58.16153" lon="-4.74779">
        <ele>296.2</ele>
      </trkpt>
      <trkpt lat="58.16181" lon="-4.74765">
        <ele>292.7</ele>
      </trkpt>
      <trkpt lat="58.16201" lon="-4.74678">
        <ele>285.4</ele>
      </trkpt>
      <trkpt lat="58.16186" lon="-4.74624">
        <ele>283.1</ele>
      </trkpt>
      <trkpt lat="58.16138" lon="-4.74552">
        <ele>282.5</ele>
      </trkpt>
      <trkpt lat="58.16118" lon="-4.74345">
        <ele>267.7</ele>
      </trkpt>
      <trkpt lat="58.16014" lon="-4.73993">
        <ele>251.2</ele>
      </trkpt>
      <trkpt lat="58.16024" lon="-4.73949">
        <ele>247.0</ele>
      </trkpt>
      <trkpt lat="58.16102" lon="-4.73953">
        <ele>239.6</ele>
      </trkpt>
      <trkpt lat="58.16203" lon="-4.73923">
        <ele>226.1</ele>
      </trkpt>
      <trkpt lat="58.16445" lon="-4.73953">
        <ele>202.7</ele>
      </trkpt>
      <trkpt lat="58.16595" lon="-4.74045">
        <ele>194.7</ele>
      </trkpt>
      <trkpt lat="58.16643" lon="-4.74057">
        <ele>191.1</ele>
      </trkpt>
      <trkpt lat="58.16759" lon="-4.74125">
        <ele>183.8</ele>
      </trkpt>
      <trkpt lat="58.16895" lon="-4.74254">
        <ele>177.3</ele>
      </trkpt>
      <trkpt lat="58.16991" lon="-4.74254">
        <ele>168.1</ele>
      </trkpt>
      <trkpt lat="58.17026" lon="-4.74275">
        <ele>164.5</ele>
      </trkpt>
      <trkpt lat="58.17103" lon="-4.74397">
        <ele>162.5</ele>
      </trkpt>
      <trkpt lat="58.17156" lon="-4.74437">
        <ele>159.4</ele>
      </trkpt>
      <trkpt lat="58.17261" lon="-4.74582">
        <ele>153.3</ele>
      </trkpt>
      <trkpt lat="58.17308" lon="-4.7462">
        <ele>148.8</ele>
      </trkpt>
      <trkpt lat="58.17398" lon="-4.74812">
        <ele>144.1</ele>
      </trkpt>
      <trkpt lat="58.17567" lon="-4.75007">
        <ele>132.9</ele>
      </trkpt>
      <trkpt lat="58.17698" lon="-4.75096">
        <ele>124.4</ele>
      </trkpt>
      <trkpt lat="58.17778" lon="-4.7518">
        <ele>118.6</ele>
      </trkpt>
      <trkpt lat="58.17825" lon="-4.75253">
        <ele>114.1</ele>
      </trkpt>
      <trkpt lat="58.18002" lon="-4.75713">
        <ele>99.4</ele>
      </trkpt>
      <trkpt lat="58.1802" lon="-4.75847">
        <ele>98.4</ele>
      </trkpt>
      <trkpt lat="58.18034" lon="-4.76194">
        <ele>101.2</ele>
      </trkpt>
      <trkpt lat="58.18056" lon="-4.76337">
        <ele>100.4</ele>
      </trkpt>
      <trkpt lat="58.18183" lon="-4.76811">
        <ele>103.3</ele>
      </trkpt>
      <trkpt lat="58.18218" lon="-4.76902">
        <ele>105.2</ele>
      </trkpt>
      <trkpt lat="58.18417" lon="-4.77221">
        <ele>101.9</ele>
      </trkpt>
      <trkpt lat="58.18476" lon="-4.77409">
        <ele>102.2</ele>
      </trkpt>
      <trkpt lat="58.18556" lon="-4.77571">
        <ele>99.9</ele>
      </trkpt>
      <trkpt lat="58.186" lon="-4.77592">
        <ele>98.0</ele>
      </trkpt>
      <trkpt lat="58.1871" lon="-4.77557">
        <ele>99.2</ele>
      </trkpt>
      <trkpt lat="58.18731" lon="-4.77536">
        <ele>100.5</ele>
      </trkpt>
      <trkpt lat="58.18749" lon="-4.77454">
        <ele>103.0</ele>
      </trkpt>
      <trkpt lat="58.1868" lon="-4.77092">
        <ele>102.9</ele>
      </trkpt>
      <trkpt lat="58.18684" lon="-4.76959">
        <ele>107.2</ele>
      </trkpt>
      <trkpt lat="58.1867" lon="-4.76837">
        <ele>107.6</ele>
      </trkpt>
      <trkpt lat="58.18557" lon="-4.76471">
        <ele>103.7</ele>
      </trkpt>
      <trkpt lat="58.18513" lon="-4.76206">
        <ele>102.9</ele>
      </trkpt>
      <trkpt lat="58.18539" lon="-4.75328">
        <ele>109.6</ele>
      </trkpt>
      <trkpt lat="58.18518" lon="-4.74955">
        <ele>103.9</ele>
      </trkpt>
      <trkpt lat="58.1858" lon="-4.74699">
        <ele>108.1</ele>
      </trkpt>
      <trkpt lat="58.18596" lon="-4.74516">
        <ele>107.1</ele>
      </trkpt>
      <trkpt lat="58.18594" lon="-4.74359">
        <ele>102.5</ele>
      </trkpt>
      <trkpt lat="58.18611" lon="-4.74218">
        <ele>99.0</ele>
      </trkpt>
      <trkpt lat="58.18581" lon="-4.73855">
        <ele>96.5</ele>
      </trkpt>
      <trkpt lat="58.18592" lon="-4.73681">
        <ele>103.2</ele>
      </trkpt>
      <trkpt lat="58.18609" lon="-4.73648">
        <ele>105.2</ele>
      </trkpt>
      <trkpt lat="58.18658" lon="-4.73634">
        <ele>105.5</ele>
      </trkpt>
      <trkpt lat="58.18699" lon="-4.73585">
        <ele>106.2</ele>
      </trkpt>
      <trkpt lat="58.18723" lon="-4.73484">
        <ele>110.1</ele>
      </trkpt>
      <trkpt lat="58.1872" lon="-4.73041">
        <ele>112.8</ele>
      </trkpt>
      <trkpt lat="58.18764" lon="-4.72808">
        <ele>114.3</ele>
      </trkpt>
      <trkpt lat="58.18793" lon="-4.72513">
        <ele>124.5</ele>
      </trkpt>
      <trkpt lat="58.18785" lon="-4.72475">
        <ele>127.1</ele>
      </trkpt>
      <trkpt lat="58.18914" lon="-4.72581">
        <ele>123.1</ele>
      </trkpt>
      <trkpt lat="58.18965" lon="-4.72684">
        <ele>121.0</ele>
      </trkpt>
      <trkpt lat="58.1926" lon="-4.73132">
        <ele>110.0</ele>
      </trkpt>
      <trkpt lat="58.19331" lon="-4.73203">
        <ele>107.0</ele>
      </trkpt>
      <trkpt lat="58.19428" lon="-4.73268">
        <ele>103.3</ele>
      </trkpt>
      <trkpt lat="58.19624" lon="-4.73376">
        <ele>102.9</ele>
      </trkpt>
      <trkpt lat="58.2016" lon="-4.73538">
        <ele>103.1</ele>
      </trkpt>
      <trkpt lat="58.20255" lon="-4.73585">
        <ele>100.2</ele>
      </trkpt>
      <trkpt lat="58.20344" lon="-4.73651">
        <ele>100.0</ele>
      </trkpt>
      <trkpt lat="58.20436" lon="-4.73681">
        <ele>98.9</ele>
      </trkpt>
      <trkpt lat="58.20528" lon="-4.73693">
        <ele>100.3</ele>
      </trkpt>
      <trkpt lat="58.20712" lon="-4.73698">
        <ele>102.8</ele>
      </trkpt>
      <trkpt lat="58.20883" lon="-4.73569">
        <ele>105.2</ele>
      </trkpt>
      <trkpt lat="58.21457" lon="-4.73048">
        <ele>110.4</ele>
      </trkpt>
      <trkpt lat="58.21536" lon="-4.73013">
        <ele>106.4</ele>
      </trkpt>
      <trkpt lat="58.21693" lon="-4.72902">
        <ele>108.9</ele>
      </trkpt>
      <trkpt lat="58.21759" lon="-4.72839">
        <ele>108.5</ele>
      </trkpt>
      <trkpt lat="58.21843" lon="-4.72726">
        <ele>113.4</ele>
      </trkpt>
      <trkpt lat="58.22205" lon="-4.72426">
        <ele>121.4</ele>
      </trkpt>
      <trkpt lat="58.22271" lon="-4.72391">
        <ele>122.0</ele>
      </trkpt>
      <trkpt lat="58.22356" lon="-4.72372">
        <ele>122.4</ele>
      </trkpt>
      <trkpt lat="58.22425" lon="-4.72377">
        <ele>121.3</ele>
      </trkpt>
      <trkpt lat="58.22631" lon="-4.72433">
        <ele>118.9</ele>
      </trkpt>
      <trkpt lat="58.2286" lon="-4.72569">
        <ele>122.5</ele>
      </trkpt>
      <trkpt lat="58.2327" lon="-4.72881">
        <ele>123.5</ele>
      </trkpt>
      <trkpt lat="58.23291" lon="-4.72886">
        <ele>124.7</ele>
      </trkpt>
      <trkpt lat="58.2331" lon="-4.72914">
        <ele>123.8</ele>
      </trkpt>
      <trkpt lat="58.23692" lon="-4.73198">
        <ele>125.1</ele>
      </trkpt>
      <trkpt lat="58.24006" lon="-4.73484">
        <ele>125.2</ele>
      </trkpt>
      <trkpt lat="58.24521" lon="-4.74087">
        <ele>119.2</ele>
      </trkpt>
      <trkpt lat="58.24664" lon="-4.74195">
        <ele>121.1</ele>
      </trkpt>
      <trkpt lat="58.24824" lon="-4.74411">
        <ele>121.6</ele>
      </trkpt>
      <trkpt lat="58.24986" lon="-4.74596">
        <ele>121.6</ele>
      </trkpt>
      <trkpt lat="58.25062" lon="-4.74664">
        <ele>121.2</ele>
      </trkpt>
      <trkpt lat="58.25124" lon="-4.74746">
        <ele>120.2</ele>
      </trkpt>
      <trkpt lat="58.252" lon="-4.74871">
        <ele>118.9</ele>
      </trkpt>
      <trkpt lat="58.25523" lon="-4.75504">
        <ele>118.4</ele>
      </trkpt>
      <trkpt lat="58.2554" lon="-4.75506">
        <ele>119.4</ele>
      </trkpt>
      <trkpt lat="58.25608" lon="-4.75457">
        <ele>126.5</ele>
      </trkpt>
      <trkpt lat="58.25704" lon="-4.75467">
        <ele>136.8</ele>
      </trkpt>
      <trkpt lat="58.25737" lon="-4.75448">
        <ele>140.6</ele>
      </trkpt>
      <trkpt lat="58.25802" lon="-4.75349">
        <ele>146.5</ele>
      </trkpt>
      <trkpt lat="58.25837" lon="-4.75211">
        <ele>151.5</ele>
      </trkpt>
      <trkpt lat="58.25867" lon="-4.75145">
        <ele>155.1</ele>
      </trkpt>
      <trkpt lat="58.25936" lon="-4.75077">
        <ele>160.8</ele>
      </trkpt>
      <trkpt lat="58.26029" lon="-4.74901">
        <ele>171.3</ele>
      </trkpt>
      <trkpt lat="58.26068" lon="-4.74852">
        <ele>174.2</ele>
      </trkpt>
      <trkpt lat="58.26177" lon="-4.74735">
        <ele>177.2</ele>
      </trkpt>
      <trkpt lat="58.2622" lon="-4.74716">
        <ele>176.1</ele>
      </trkpt>
      <trkpt lat="58.26263" lon="-4.74662">
        <ele>176.7</ele>
      </trkpt>
      <trkpt lat="58.26356" lon="-4.74601">
        <ele>176.0</ele>
      </trkpt>
      <trkpt lat="58.26493" lon="-4.74441">
        <ele>181.0</ele>
      </trkpt>
      <trkpt lat="58.26599" lon="-4.7434">
        <ele>183.7</ele>
      </trkpt>
      <trkpt lat="58.26697" lon="-4.74258">
        <ele>189.3</ele>
      </trkpt>
      <trkpt lat="58.26747" lon="-4.74235">
        <ele>191.7</ele>
      </trkpt>
      <trkpt lat="58.26837" lon="-4.74125">
        <ele>197.1</ele>
      </trkpt>
      <trkpt lat="58.26949" lon="-4.74085">
        <ele>204.2</ele>
      </trkpt>
      <trkpt lat="58.27059" lon="-4.74">
        <ele>213.0</ele>
      </trkpt>
      <trkpt lat="58.27102" lon="-4.73996">
        <ele>214.0</ele>
      </trkpt>
      <trkpt lat="58.27144" lon="-4.73963">
        <ele>218.7</ele>
      </trkpt>
      <trkpt lat="58.27229" lon="-4.73852">
        <ele>228.3</ele>
      </trkpt>
      <trkpt lat="58.27307" lon="-4.73822">
        <ele>229.7</ele>
      </trkpt>
      <trkpt lat="58.27353" lon="-4.73784">
        <ele>232.2</ele>
      </trkpt>
      <trkpt lat="58.27457" lon="-4.73641">
        <ele>235.6</ele>
      </trkpt>
      <trkpt lat="58.27656" lon="-4.73322">
        <ele>243.7</ele>
      </trkpt>
      <trkpt lat="58.27728" lon="-4.732">
        <ele>252.0</ele>
      </trkpt>
      <trkpt lat="58.27763" lon="-4.73102">
        <ele>257.1</ele>
      </trkpt>
      <trkpt lat="58.27895" lon="-4.72851">
        <ele>266.5</ele>
      </trkpt>
      <trkpt lat="58.28047" lon="-4.72076">
        <ele>262.4</ele>
      </trkpt>
      <trkpt lat="58.28026" lon="-4.71802">
        <ele>256.5</ele>
      </trkpt>
      <trkpt lat="58.28092" lon="-4.7142">
        <ele>260.4</ele>
      </trkpt>
      <trkpt lat="58.28181" lon="-4.71183">
        <ele>263.5</ele>
      </trkpt>
      <trkpt lat="58.28267" lon="-4.71049">
        <ele>266.5</ele>
      </trkpt>
      <trkpt lat="58.28345" lon="-4.70824">
        <ele>257.0</ele>
      </trkpt>
      <trkpt lat="58.28545" lon="-4.7057">
        <ele>258.6</ele>
      </trkpt>
      <trkpt lat="58.28633" lon="-4.70385">
        <ele>255.9</ele>
      </trkpt>
      <trkpt lat="58.28718" lon="-4.70303">
        <ele>257.6</ele>
      </trkpt>
      <trkpt lat="58.28798" lon="-4.70249">
        <ele>260.7</ele>
      </trkpt>
      <trkpt lat="58.28849" lon="-4.70099">
        <ele>256.7</ele>
      </trkpt>
      <trkpt lat="58.28903" lon="-4.70007">
        <ele>255.6</ele>
      </trkpt>
      <trkpt lat="58.28984" lon="-4.69923">
        <ele>256.0</ele>
      </trkpt>
      <trkpt lat="58.29043" lon="-4.6978">
        <ele>258.0</ele>
      </trkpt>
      <trkpt lat="58.29084" lon="-4.69716">
        <ele>259.4</ele>
      </trkpt>
      <trkpt lat="58.29363" lon="-4.69369">
        <ele>258.9</ele>
      </trkpt>
      <trkpt lat="58.29426" lon="-4.69191">
        <ele>258.2</ele>
      </trkpt>
      <trkpt lat="58.29485" lon="-4.69069">
        <ele>258.6</ele>
      </trkpt>
      <trkpt lat="58.29521" lon="-4.68888">
        <ele>257.2</ele>
      </trkpt>
      <trkpt lat="58.29646" lon="-4.68693">
        <ele>257.8</ele>
      </trkpt>
      <trkpt lat="58.29772" lon="-4.68351">
        <ele>249.6</ele>
      </trkpt>
      <trkpt lat="58.29814" lon="-4.68149">
        <ele>245.6</ele>
      </trkpt>
      <trkpt lat="58.29895" lon="-4.67985">
        <ele>244.2</ele>
      </trkpt>
      <trkpt lat="58.30005" lon="-4.67706">
        <ele>241.3</ele>
      </trkpt>
      <trkpt lat="58.30065" lon="-4.67483">
        <ele>238.9</ele>
      </trkpt>
      <trkpt lat="58.30166" lon="-4.67201">
        <ele>230.2</ele>
      </trkpt>
      <trkpt lat="58.30477" lon="-4.66648">
        <ele>225.1</ele>
      </trkpt>
      <trkpt lat="58.30578" lon="-4.66418">
        <ele>222.9</ele>
      </trkpt>
      <trkpt lat="58.3085" lon="-4.66047">
        <ele>218.7</ele>
      </trkpt>
      <trkpt lat="58.30923" lon="-4.66009">
        <ele>218.4</ele>
      </trkpt>
      <trkpt lat="58.31012" lon="-4.66019">
        <ele>219.1</ele>
      </trkpt>
      <trkpt lat="58.31165" lon="-4.65965">
        <ele>216.7</ele>
      </trkpt>
      <trkpt lat="58.31364" lon="-4.65925">
        <ele>212.4</ele>
      </trkpt>
      <trkpt lat="58.3143" lon="-4.6597">
        <ele>210.9</ele>
      </trkpt>
      <trkpt lat="58.31523" lon="-4.66082">
        <ele>205.6</ele>
      </trkpt>
      <trkpt lat="58.31558" lon="-4.66324">
        <ele>203.1</ele>
      </trkpt>
      <trkpt lat="58.31641" lon="-4.66483">
        <ele>196.6</ele>
      </trkpt>
      <trkpt lat="58.31671" lon="-4.66683">
        <ele>190.7</ele>
      </trkpt>
      <trkpt lat="58.31756" lon="-4.66725">
        <ele>188.5</ele>
      </trkpt>
      <trkpt lat="58.31818" lon="-4.66826">
        <ele>188.7</ele>
      </trkpt>
      <trkpt lat="58.31869" lon="-4.66988">
        <ele>187.5</ele>
      </trkpt>
      <trkpt lat="58.32103" lon="-4.67448">
        <ele>181.9</ele>
      </trkpt>
      <trkpt lat="58.32138" lon="-4.67558">
        <ele>180.9</ele>
      </trkpt>
      <trkpt lat="58.32271" lon="-4.67724">
        <ele>175.8</ele>
      </trkpt>
      <trkpt lat="58.3238" lon="-4.67889">
        <ele>168.3</ele>
      </trkpt>
      <trkpt lat="58.32438" lon="-4.67903">
        <ele>161.7</ele>
      </trkpt>
      <trkpt lat="58.32535" lon="-4.67978">
        <ele>150.0</ele>
      </trkpt>
      <trkpt lat="58.3264" lon="-4.67992">
        <ele>139.8</ele>
      </trkpt>
      <trkpt lat="58.32759" lon="-4.67912">
        <ele>132.4</ele>
      </trkpt>
      <trkpt lat="58.32841" lon="-4.67882">
        <ele>126.2</ele>
      </trkpt>
      <trkpt lat="58.32954" lon="-4.67811">
        <ele>119.5</ele>
      </trkpt>
      <trkpt lat="58.33088" lon="-4.67821">
        <ele>108.3</ele>
      </trkpt>
      <trkpt lat="58.33141" lon="-4.67797">
        <ele>106.0</ele>
      </trkpt>
      <trkpt lat="58.33385" lon="-4.67656">
        <ele>93.9</ele>
      </trkpt>
      <trkpt lat="58.33449" lon="-4.67602">
        <ele>89.5</ele>
      </trkpt>
      <trkpt lat="58.3354" lon="-4.67495">
        <ele>79.4</ele>
      </trkpt>
      <trkpt lat="58.3356" lon="-4.67518">
        <ele>78.9</ele>
      </trkpt>
      <trkpt lat="58.33576" lon="-4.67495">
        <ele>76.4</ele>
      </trkpt>
      <trkpt lat="58.33593" lon="-4.67497">
        <ele>75.5</ele>
      </trkpt>
      <trkpt lat="58.33678" lon="-4.67645">
        <ele>83.1</ele>
      </trkpt>
      <trkpt lat="58.33738" lon="-4.67713">
        <ele>84.7</ele>
      </trkpt>
      <trkpt lat="58.33772" lon="-4.67642">
        <ele>80.7</ele>
      </trkpt>
      <trkpt lat="58.33815" lon="-4.67598">
        <ele>78.0</ele>
      </trkpt>
      <trkpt lat="58.33852" lon="-4.67635">
        <ele>78.7</ele>
      </trkpt>
      <trkpt lat="58.33878" lon="-4.67675">
        <ele>77.7</ele>
      </trkpt>
      <trkpt lat="58.33896" lon="-4.67769">
        <ele>83.1</ele>
      </trkpt>
      <trkpt lat="58.33936" lon="-4.67863">
        <ele>88.9</ele>
      </trkpt>
      <trkpt lat="58.3398" lon="-4.67903">
        <ele>92.4</ele>
      </trkpt>
      <trkpt lat="58.3403" lon="-4.67919">
        <ele>93.2</ele>
      </trkpt>
      <trkpt lat="58.34052" lon="-4.67959">
        <ele>95.8</ele>
      </trkpt>
      <trkpt lat="58.34134" lon="-4.6818">
        <ele>108.2</ele>
      </trkpt>
      <trkpt lat="58.34174" lon="-4.68238">
        <ele>109.5</ele>
      </trkpt>
      <trkpt lat="58.34273" lon="-4.68445">
        <ele>114.9</ele>
      </trkpt>
      <trkpt lat="58.34344" lon="-4.68672">
        <ele>121.2</ele>
      </trkpt>
      <trkpt lat="58.34435" lon="-4.68811">
        <ele>123.9</ele>
      </trkpt>
      <trkpt lat="58.3448" lon="-4.68832">
        <ele>126.4</ele>
      </trkpt>
      <trkpt lat="58.34527" lon="-4.68811">
        <ele>123.8</ele>
      </trkpt>
      <trkpt lat="58.34607" lon="-4.68928">
        <ele>129.9</ele>
      </trkpt>
      <trkpt lat="58.34728" lon="-4.69008">
        <ele>121.4</ele>
      </trkpt>
      <trkpt lat="58.34754" lon="-4.68994">
        <ele>116.7</ele>
      </trkpt>
      <trkpt lat="58.34774" lon="-4.69052">
        <ele>117.9</ele>
      </trkpt>
      <trkpt lat="58.34788" lon="-4.69043">
        <ele>113.7</ele>
      </trkpt>
      <trkpt lat="58.34874" lon="-4.69231">
        <ele>110.8</ele>
      </trkpt>
      <trkpt lat="58.34941" lon="-4.6932">
        <ele>102.1</ele>
      </trkpt>
      <trkpt lat="58.35068" lon="-4.69571">
        <ele>103.6</ele>
      </trkpt>
      <trkpt lat="58.35151" lon="-4.69683">
        <ele>101.3</ele>
      </trkpt>
      <trkpt lat="58.35263" lon="-4.69965">
        <ele>111.1</ele>
      </trkpt>
      <trkpt lat="58.35295" lon="-4.7001">
        <ele>112.6</ele>
      </trkpt>
      <trkpt lat="58.3531" lon="-4.7">
        <ele>110.4</ele>
      </trkpt>
      <trkpt lat="58.35333" lon="-4.70024">
        <ele>112.2</ele>
      </trkpt>
      <trkpt lat="58.35411" lon="-4.70202">
        <ele>125.4</ele>
      </trkpt>
      <trkpt lat="58.35494" lon="-4.70315">
        <ele>130.9</ele>
      </trkpt>
      <trkpt lat="58.3553" lon="-4.7042">
        <ele>137.1</ele>
      </trkpt>
      <trkpt lat="58.35606" lon="-4.70544">
        <ele>140.5</ele>
      </trkpt>
      <trkpt lat="58.35706" lon="-4.7092">
        <ele>151.5</ele>
      </trkpt>
      <trkpt lat="58.35733" lon="-4.71159">
        <ele>160.3</ele>
      </trkpt>
      <trkpt lat="58.35814" lon="-4.71551">
        <ele>166.9</ele>
      </trkpt>
      <trkpt lat="58.35897" lon="-4.71748">
        <ele>166.0</ele>
      </trkpt>
      <trkpt lat="58.35989" lon="-4.72065">
        <ele>179.9</ele>
      </trkpt>
      <trkpt lat="58.36038" lon="-4.72147">
        <ele>177.5</ele>
      </trkpt>
      <trkpt lat="58.36081" lon="-4.72269">
        <ele>177.5</ele>
      </trkpt>
      <trkpt lat="58.36107" lon="-4.72295">
        <ele>177.4</ele>
      </trkpt>
      <trkpt lat="58.36104" lon="-4.72391">
        <ele>181.0</ele>
      </trkpt>
      <trkpt lat="58.36155" lon="-4.72642">
        <ele>182.2</ele>
      </trkpt>
      <trkpt lat="58.3622" lon="-4.7274">
        <ele>181.1</ele>
      </trkpt>
      <trkpt lat="58.3625" lon="-4.72747">
        <ele>178.9</ele>
      </trkpt>
      <trkpt lat="58.3631" lon="-4.7283">
        <ele>183.1</ele>
      </trkpt>
      <trkpt lat="58.36349" lon="-4.72848">
        <ele>185.5</ele>
      </trkpt>
      <trkpt lat="58.3637" lon="-4.72886">
        <ele>187.9</ele>
      </trkpt>
      <trkpt lat="58.3638" lon="-4.73029">
        <ele>191.2</ele>
      </trkpt>
      <trkpt lat="58.36398" lon="-4.73081">
        <ele>193.3</ele>
      </trkpt>
      <trkpt lat="58.36474" lon="-4.73207">
        <ele>199.7</ele>
      </trkpt>
      <trkpt lat="58.36571" lon="-4.73522">
        <ele>221.9</ele>
      </trkpt>
      <trkpt lat="58.36621" lon="-4.73564">
        <ele>229.5</ele>
      </trkpt>
      <trkpt lat="58.36624" lon="-4.73594">
        <ele>233.1</ele>
      </trkpt>
      <trkpt lat="58.36649" lon="-4.7362">
        <ele>239.1</ele>
      </trkpt>
      <trkpt lat="58.36681" lon="-4.73634">
        <ele>242.8</ele>
      </trkpt>
      <trkpt lat="58.36683" lon="-4.73747">
        <ele>258.0</ele>
      </trkpt>
      <trkpt lat="58.36704" lon="-4.7374">
        <ele>257.5</ele>
      </trkpt>
      <trkpt lat="58.36717" lon="-4.73761">
        <ele>260.7</ele>
      </trkpt>
      <trkpt lat="58.3674" lon="-4.73895">
        <ele>277.5</ele>
      </trkpt>
      <trkpt lat="58.36736" lon="-4.73996">
        <ele>286.0</ele>
      </trkpt>
      <trkpt lat="58.36768" lon="-4.74064">
        <ele>293.0</ele>
      </trkpt>
      <trkpt lat="58.36766" lon="-4.74169">
        <ele>308.3</ele>
      </trkpt>
      <trkpt lat="58.36774" lon="-4.74176">
        <ele>308.9</ele>
      </trkpt>
      <trkpt lat="58.36789" lon="-4.74157">
        <ele>305.1</ele>
      </trkpt>
      <trkpt lat="58.36801" lon="-4.74162">
        <ele>305.2</ele>
      </trkpt>
      <trkpt lat="58.36804" lon="-4.74322">
        <ele>332.8</ele>
      </trkpt>
      <trkpt lat="58.36841" lon="-4.74394">
        <ele>343.9</ele>
      </trkpt>
      <trkpt lat="58.36861" lon="-4.74523">
        <ele>358.1</ele>
      </trkpt>
      <trkpt lat="58.36873" lon="-4.74556">
        <ele>361.1</ele>
      </trkpt>
      <trkpt lat="58.36927" lon="-4.74601">
        <ele>367.4</ele>
      </trkpt>
      <trkpt lat="58.36937" lon="-4.74629">
        <ele>368.3</ele>
      </trkpt>
      <trkpt lat="58.36977" lon="-4.74969">
        <ele>385.8</ele>
      </trkpt>
      <trkpt lat="58.37013" lon="-4.75157">
        <ele>388.8</ele>
      </trkpt>
      <trkpt lat="58.37081" lon="-4.75284">
        <ele>394.5</ele>
      </trkpt>
      <trkpt lat="58.37141" lon="-4.75532">
        <ele>404.2</ele>
      </trkpt>
      <trkpt lat="58.37193" lon="-4.75891">
        <ele>398.7</ele>
      </trkpt>
      <trkpt lat="58.37152" lon="-4.75997">
        <ele>399.1</ele>
      </trkpt>
      <trkpt lat="58.37172" lon="-4.76138">
        <ele>399.3</ele>
      </trkpt>
      <trkpt lat="58.37128" lon="-4.76466">
        <ele>403.7</ele>
      </trkpt>
      <trkpt lat="58.37115" lon="-4.76536">
        <ele>402.3</ele>
      </trkpt>
      <trkpt lat="58.37075" lon="-4.76581">
        <ele>402.9</ele>
      </trkpt>
      <trkpt lat="58.37071" lon="-4.76635">
        <ele>401.0</ele>
      </trkpt>
      <trkpt lat="58.37091" lon="-4.76696">
        <ele>398.0</ele>
      </trkpt>
      <trkpt lat="58.37145" lon="-4.76773">
        <ele>396.0</ele>
      </trkpt>
      <trkpt lat="58.37216" lon="-4.77055">
        <ele>398.8</ele>
      </trkpt>
      <trkpt lat="58.37229" lon="-4.77414">
        <ele>390.4</ele>
      </trkpt>
      <trkpt lat="58.373" lon="-4.77677">
        <ele>385.2</ele>
      </trkpt>
      <trkpt lat="58.37323" lon="-4.77892">
        <ele>371.4</ele>
      </trkpt>
      <trkpt lat="58.37403" lon="-4.78111">
        <ele>351.1</ele>
      </trkpt>
      <trkpt lat="58.3742" lon="-4.78111">
        <ele>352.0</ele>
      </trkpt>
      <trkpt lat="58.37425" lon="-4.78125">
        <ele>351.4</ele>
      </trkpt>
      <trkpt lat="58.37422" lon="-4.78233">
        <ele>344.4</ele>
      </trkpt>
      <trkpt lat="58.37439" lon="-4.78329">
        <ele>342.6</ele>
      </trkpt>
      <trkpt lat="58.37425" lon="-4.78554">
        <ele>327.5</ele>
      </trkpt>
      <trkpt lat="58.37443" lon="-4.78648">
        <ele>324.2</ele>
      </trkpt>
      <trkpt lat="58.37415" lon="-4.78803">
        <ele>326.6</ele>
      </trkpt>
      <trkpt lat="58.37429" lon="-4.78925">
        <ele>327.4</ele>
      </trkpt>
      <trkpt lat="58.37419" lon="-4.79129">
        <ele>333.8</ele>
      </trkpt>
      <trkpt lat="58.37487" lon="-4.79462">
        <ele>342.1</ele>
      </trkpt>
      <trkpt lat="58.37582" lon="-4.79619">
        <ele>340.2</ele>
      </trkpt>
      <trkpt lat="58.37601" lon="-4.79797">
        <ele>351.8</ele>
      </trkpt>
      <trkpt lat="58.3764" lon="-4.7988">
        <ele>350.4</ele>
      </trkpt>
      <trkpt lat="58.37661" lon="-4.80037">
        <ele>342.4</ele>
      </trkpt>
      <trkpt lat="58.37651" lon="-4.8018">
        <ele>327.5</ele>
      </trkpt>
      <trkpt lat="58.37622" lon="-4.80274">
        <ele>313.5</ele>
      </trkpt>
      <trkpt lat="58.37535" lon="-4.804">
        <ele>305.4</ele>
      </trkpt>
      <trkpt lat="58.37519" lon="-4.80527">
        <ele>286.1</ele>
      </trkpt>
      <trkpt lat="58.37458" lon="-4.80614">
        <ele>280.7</ele>
      </trkpt>
      <trkpt lat="58.37455" lon="-4.80715">
        <ele>269.3</ele>
      </trkpt>
      <trkpt lat="58.37467" lon="-4.80783">
        <ele>260.1</ele>
      </trkpt>
      <trkpt lat="58.3744" lon="-4.80891">
        <ele>255.2</ele>
      </trkpt>
      <trkpt lat="58.37451" lon="-4.809">
        <ele>253.1</ele>
      </trkpt>
      <trkpt lat="58.37447" lon="-4.80952">
        <ele>249.7</ele>
      </trkpt>
      <trkpt lat="58.37452" lon="-4.80942">
        <ele>250.0</ele>
      </trkpt>
      <trkpt lat="58.37462" lon="-4.80949">
        <ele>248.5</ele>
      </trkpt>
      <trkpt lat="58.37473" lon="-4.80982">
        <ele>245.6</ele>
      </trkpt>
      <trkpt lat="58.37472" lon="-4.81071">
        <ele>247.2</ele>
      </trkpt>
      <trkpt lat="58.37458" lon="-4.81104">
        <ele>248.5</ele>
      </trkpt>
      <trkpt lat="58.3746" lon="-4.81308">
        <ele>260.9</ele>
      </trkpt>
      <trkpt lat="58.37479" lon="-4.81426">
        <ele>276.6</ele>
      </trkpt>
      <trkpt lat="58.37501" lon="-4.81447">
        <ele>282.9</ele>
      </trkpt>
      <trkpt lat="58.37536" lon="-4.81423">
        <ele>286.8</ele>
      </trkpt>
      <trkpt lat="58.37562" lon="-4.81571">
        <ele>310.6</ele>
      </trkpt>
      <trkpt lat="58.37587" lon="-4.81627">
        <ele>319.7</ele>
      </trkpt>
      <trkpt lat="58.37608" lon="-4.81625">
        <ele>323.0</ele>
      </trkpt>
      <trkpt lat="58.37615" lon="-4.81721">
        <ele>332.8</ele>
      </trkpt>
      <trkpt lat="58.37682" lon="-4.81801">
        <ele>354.4</ele>
      </trkpt>
      <trkpt lat="58.37726" lon="-4.81775">
        <ele>362.4</ele>
      </trkpt>
      <trkpt lat="58.37728" lon="-4.81792">
        <ele>365.0</ele>
      </trkpt>
      <trkpt lat="58.37712" lon="-4.81878">
        <ele>373.5</ele>
      </trkpt>
      <trkpt lat="58.37665" lon="-4.8201">
        <ele>383.0</ele>
      </trkpt>
      <trkpt lat="58.37648" lon="-4.82132">
        <ele>396.5</ele>
      </trkpt>
      <trkpt lat="58.37635" lon="-4.82298">
        <ele>416.0</ele>
      </trkpt>
      <trkpt lat="58.37617" lon="-4.82362">
        <ele>420.1</ele>
      </trkpt>
      <trkpt lat="58.37613" lon="-4.82641">
        <ele>446.3</ele>
      </trkpt>
      <trkpt lat="58.37596" lon="-4.82667">
        <ele>444.8</ele>
      </trkpt>
      <trkpt lat="58.37575" lon="-4.82634">
        <ele>439.7</ele>
      </trkpt>
      <trkpt lat="58.37516" lon="-4.82737">
        <ele>450.0</ele>
      </trkpt>
      <trkpt lat="58.37493" lon="-4.8303">
        <ele>464.3</ele>
      </trkpt>
      <trkpt lat="58.37423" lon="-4.83185">
        <ele>470.7</ele>
      </trkpt>
      <trkpt lat="58.3732" lon="-4.83331">
        <ele>485.5</ele>
      </trkpt>
      <trkpt lat="58.37251" lon="-4.83488">
        <ele>502.1</ele>
      </trkpt>
      <trkpt lat="58.37213" lon="-4.83739">
        <ele>509.5</ele>
      </trkpt>
      <trkpt lat="58.37182" lon="-4.8384">
        <ele>513.9</ele>
      </trkpt>
      <trkpt lat="58.37137" lon="-4.83929">
        <ele>520.5</ele>
      </trkpt>
      <trkpt lat="58.3708" lon="-4.84124">
        <ele>513.7</ele>
      </trkpt>
      <trkpt lat="58.37061" lon="-4.84091">
        <ele>513.9</ele>
      </trkpt>
      <trkpt lat="58.37023" lon="-4.8411">
        <ele>509.5</ele>
      </trkpt>
      <trkpt lat="58.3699" lon="-4.8411">
        <ele>505.2</ele>
      </trkpt>
      <trkpt lat="58.36882" lon="-4.8403">
        <ele>493.6</ele>
      </trkpt>
      <trkpt lat="58.36795" lon="-4.84056">
        <ele>472.3</ele>
      </trkpt>
      <trkpt lat="58.3676" lon="-4.84081">
        <ele>461.4</ele>
      </trkpt>
      <trkpt lat="58.36692" lon="-4.84093">
        <ele>450.0</ele>
      </trkpt>
      <trkpt lat="58.36641" lon="-4.84147">
        <ele>436.0</ele>
      </trkpt>
      <trkpt lat="58.36573" lon="-4.84178">
        <ele>424.7</ele>
      </trkpt>
      <trkpt lat="58.36518" lon="-4.843">
        <ele>410.7</ele>
      </trkpt>
      <trkpt lat="58.36482" lon="-4.84349">
        <ele>405.3</ele>
      </trkpt>
      <trkpt lat="58.36383" lon="-4.8441">
        <ele>394.9</ele>
      </trkpt>
      <trkpt lat="58.36221" lon="-4.84574">
        <ele>401.3</ele>
      </trkpt>
      <trkpt lat="58.36062" lon="-4.84616">
        <ele>399.0</ele>
      </trkpt>
      <trkpt lat="58.36025" lon="-4.84647">
        <ele>396.5</ele>
      </trkpt>
      <trkpt lat="58.35884" lon="-4.84924">
        <ele>390.6</ele>
      </trkpt>
      <trkpt lat="58.35787" lon="-4.8505">
        <ele>383.6</ele>
      </trkpt>
      <trkpt lat="58.35604" lon="-4.85149">
        <ele>368.0</ele>
      </trkpt>
      <trkpt lat="58.35376" lon="-4.85334">
        <ele>355.4</ele>
      </trkpt>
      <trkpt lat="58.35325" lon="-4.8536">
        <ele>351.5</ele>
      </trkpt>
      <trkpt lat="58.35277" lon="-4.8536">
        <ele>340.8</ele>
      </trkpt>
      <trkpt lat="58.35183" lon="-4.85393">
        <ele>323.9</ele>
      </trkpt>
      <trkpt lat="58.35089" lon="-4.85456">
        <ele>308.0</ele>
      </trkpt>
      <trkpt lat="58.35061" lon="-4.85496">
        <ele>301.6</ele>
      </trkpt>
      <trkpt lat="58.35049" lon="-4.85562">
        <ele>306.1</ele>
      </trkpt>
      <trkpt lat="58.34901" lon="-4.85731">
        <ele>263.1</ele>
      </trkpt>
      <trkpt lat="58.34866" lon="-4.85808">
        <ele>253.3</ele>
      </trkpt>
      <trkpt lat="58.34819" lon="-4.86003">
        <ele>245.2</ele>
      </trkpt>
      <trkpt lat="58.34683" lon="-4.86369">
        <ele>219.2</ele>
      </trkpt>
      <trkpt lat="58.34616" lon="-4.86707">
        <ele>207.6</ele>
      </trkpt>
      <trkpt lat="58.34519" lon="-4.8689">
        <ele>192.9</ele>
      </trkpt>
      <trkpt lat="58.34492" lon="-4.86991">
        <ele>188.5</ele>
      </trkpt>
      <trkpt lat="58.34478" lon="-4.87178">
        <ele>188.2</ele>
      </trkpt>
      <trkpt lat="58.3443" lon="-4.87291">
        <ele>191.1</ele>
      </trkpt>
      <trkpt lat="58.3432" lon="-4.87378">
        <ele>180.4</ele>
      </trkpt>
      <trkpt lat="58.34281" lon="-4.87387">
        <ele>176.7</ele>
      </trkpt>
      <trkpt lat="58.34244" lon="-4.87434">
        <ele>173.5</ele>
      </trkpt>
      <trkpt lat="58.34178" lon="-4.87633">
        <ele>161.7</ele>
      </trkpt>
      <trkpt lat="58.34143" lon="-4.87657">
        <ele>154.1</ele>
      </trkpt>
      <trkpt lat="58.34101" lon="-4.87734">
        <ele>139.0</ele>
      </trkpt>
      <trkpt lat="58.34098" lon="-4.87767">
        <ele>135.9</ele>
      </trkpt>
      <trkpt lat="58.34118" lon="-4.87835">
        <ele>137.1</ele>
      </trkpt>
      <trkpt lat="58.34091" lon="-4.87866">
        <ele>123.7</ele>
      </trkpt>
      <trkpt lat="58.34094" lon="-4.87927">
        <ele>114.1</ele>
      </trkpt>
      <trkpt lat="58.34062" lon="-4.87955">
        <ele>102.7</ele>
      </trkpt>
      <trkpt lat="58.3408" lon="-4.88016">
        <ele>96.9</ele>
      </trkpt>
      <trkpt lat="58.34062" lon="-4.88039">
        <ele>90.3</ele>
      </trkpt>
      <trkpt lat="58.34004" lon="-4.88037">
        <ele>80.7</ele>
      </trkpt>
      <trkpt lat="58.33996" lon="-4.88056">
        <ele>77.7</ele>
      </trkpt>
      <trkpt lat="58.34007" lon="-4.88114">
        <ele>72.9</ele>
      </trkpt>
      <trkpt lat="58.33991" lon="-4.8826">
        <ele>61.3</ele>
      </trkpt>
      <trkpt lat="58.33955" lon="-4.88396">
        <ele>54.7</ele>
      </trkpt>
      <trkpt lat="58.33884" lon="-4.88459">
        <ele>50.4</ele>
      </trkpt>
      <trkpt lat="58.33857" lon="-4.88523">
        <ele>48.0</ele>
      </trkpt>
      <trkpt lat="58.33741" lon="-4.88645">
        <ele>44.2</ele>
      </trkpt>
      <trkpt lat="58.33657" lon="-4.88804">
        <ele>41.4</ele>
      </trkpt>
      <trkpt lat="58.33615" lon="-4.88825">
        <ele>41.1</ele>
      </trkpt>
      <trkpt lat="58.33576" lon="-4.88816">
        <ele>41.2</ele>
      </trkpt>
      <trkpt lat="58.33563" lon="-4.88832">
        <ele>41.0</ele>
      </trkpt>
      <trkpt lat="58.33543" lon="-4.88964">
        <ele>39.7</ele>
      </trkpt>
      <trkpt lat="58.33525" lon="-4.88954">
        <ele>39.7</ele>
      </trkpt>
      <trkpt lat="58.33499" lon="-4.8898">
        <ele>39.2</ele>
      </trkpt>
      <trkpt lat="58.33464" lon="-4.89079">
        <ele>38.1</ele>
      </trkpt>
      <trkpt lat="58.33447" lon="-4.89083">
        <ele>38.0</ele>
      </trkpt>
      <trkpt lat="58.33375" lon="-4.89039">
        <ele>38.5</ele>
      </trkpt>
      <trkpt lat="58.33296" lon="-4.89086">
        <ele>38.0</ele>
      </trkpt>
      <trkpt lat="58.33236" lon="-4.89135">
        <ele>37.7</ele>
      </trkpt>
      <trkpt lat="58.33162" lon="-4.89224">
        <ele>38.4</ele>
      </trkpt>
      <trkpt lat="58.33111" lon="-4.89344">
        <ele>38.2</ele>
      </trkpt>
      <trkpt lat="58.33044" lon="-4.89616">
        <ele>37.9</ele>
      </trkpt>
      <trkpt lat="58.33" lon="-4.8994">
        <ele>43.6</ele>
      </trkpt>
      <trkpt lat="58.33037" lon="-4.90219">
        <ele>47.8</ele>
      </trkpt>
      <trkpt lat="58.33026" lon="-4.90275">
        <ele>48.5</ele>
      </trkpt>
      <trkpt lat="58.32949" lon="-4.90439">
        <ele>52.0</ele>
      </trkpt>
      <trkpt lat="58.32891" lon="-4.90477">
        <ele>54.2</ele>
      </trkpt>
      <trkpt lat="58.3282" lon="-4.90498">
        <ele>56.8</ele>
      </trkpt>
      <trkpt lat="58.32753" lon="-4.90568">
        <ele>51.5</ele>
      </trkpt>
      <trkpt lat="58.32687" lon="-4.90561">
        <ele>50.8</ele>
      </trkpt>
      <trkpt lat="58.32604" lon="-4.90632">
        <ele>40.6</ele>
      </trkpt>
      <trkpt lat="58.3251" lon="-4.90618">
        <ele>42.9</ele>
      </trkpt>
      <trkpt lat="58.32323" lon="-4.90775">
        <ele>43.1</ele>
      </trkpt>
      <trkpt lat="58.32284" lon="-4.90784">
        <ele>43.9</ele>
      </trkpt>
      <trkpt lat="58.32225" lon="-4.90789">
        <ele>44.4</ele>
      </trkpt>
      <trkpt lat="58.32197" lon="-4.90763">
        <ele>46.5</ele>
      </trkpt>
      <trkpt lat="58.32167" lon="-4.90756">
        <ele>47.3</ele>
      </trkpt>
      <trkpt lat="58.31976" lon="-4.90735">
        <ele>42.8</ele>
      </trkpt>
      <trkpt lat="58.31833" lon="-4.90627">
        <ele>43.8</ele>
      </trkpt>
      <trkpt lat="58.31772" lon="-4.90625">
        <ele>42.9</ele>
      </trkpt>
      <trkpt lat="58.31727" lon="-4.90679">
        <ele>39.1</ele>
      </trkpt>
      <trkpt lat="58.31717" lon="-4.90714">
        <ele>38.8</ele>
      </trkpt>
      <trkpt lat="58.31744" lon="-4.90977">
        <ele>40.3</ele>
      </trkpt>
      <trkpt lat="58.31737" lon="-4.91012">
        <ele>40.9</ele>
      </trkpt>
      <trkpt lat="58.31554" lon="-4.91216">
        <ele>41.9</ele>
      </trkpt>
      <trkpt lat="58.31342" lon="-4.9135">
        <ele>43.7</ele>
      </trkpt>
      <trkpt lat="58.31199" lon="-4.9153">
        <ele>47.0</ele>
      </trkpt>
      <trkpt lat="58.31208" lon="-4.91519">
        <ele>46.7</ele>
      </trkpt>
      <trkpt lat="58.31152" lon="-4.91582">
        <ele>47.8</ele>
      </trkpt>
      <trkpt lat="58.31135" lon="-4.91596">
        <ele>47.9</ele>
      </trkpt>
      <trkpt lat="58.31114" lon="-4.91607">
        <ele>47.9</ele>
      </trkpt>
      <trkpt lat="58.31087" lon="-4.91608">
        <ele>47.6</ele>
      </trkpt>
      <trkpt lat="58.31069" lon="-4.91603">
        <ele>48.5</ele>
      </trkpt>
      <trkpt lat="58.3105" lon="-4.91589">
        <ele>49.2</ele>
      </trkpt>
      <trkpt lat="58.31027" lon="-4.91565">
        <ele>49.3</ele>
      </trkpt>
      <trkpt lat="58.3099" lon="-4.91507">
        <ele>47.3</ele>
      </trkpt>
      <trkpt lat="58.30805" lon="-4.9117">
        <ele>43.5</ele>
      </trkpt>
      <trkpt lat="58.30799" lon="-4.911796">
        <ele>44.2</ele>
      </trkpt>
      <trkpt lat="58.307984" lon="-4.911671">
        <ele>43.7</ele>
      </trkpt>
      <trkpt lat="58.30793" lon="-4.911532">
        <ele>43.9</ele>
      </trkpt>
      <trkpt lat="58.307292" lon="-4.910334">
        <ele>45.6</ele>
      </trkpt>
      <trkpt lat="58.306079" lon="-4.9078">
        <ele>47.8</ele>
      </trkpt>
      <trkpt lat="58.304877" lon="-4.904995">
        <ele>44.9</ele>
      </trkpt>
      <trkpt lat="58.304207" lon="-4.903321">
        <ele>43.9</ele>
      </trkpt>
      <trkpt lat="58.303728" lon="-4.901952">
        <ele>48.5</ele>
      </trkpt>
      <trkpt lat="58.303704" lon="-4.901919">
        <ele>48.7</ele>
      </trkpt>
      <trkpt lat="58.303677" lon="-4.901911">
        <ele>49.1</ele>
      </trkpt>
      <trkpt lat="58.303546" lon="-4.9021">
        <ele>51.5</ele>
      </trkpt>
      <trkpt lat="58.30348" lon="-4.90277">
        <ele>54.6</ele>
      </trkpt>
      <trkpt lat="58.30349" lon="-4.903042">
        <ele>55.3</ele>
      </trkpt>
      <trkpt lat="58.30346" lon="-4.903535">
        <ele>58.1</ele>
      </trkpt>
      <trkpt lat="58.303386" lon="-4.903822">
        <ele>61.5</ele>
      </trkpt>
      <trkpt lat="58.303361" lon="-4.904665">
        <ele>67.3</ele>
      </trkpt>
      <trkpt lat="58.303393" lon="-4.905056">
        <ele>69.1</ele>
      </trkpt>
      <trkpt lat="58.30343" lon="-4.905166">
        <ele>69.3</ele>
      </trkpt>
      <trkpt lat="58.303608" lon="-4.905445">
        <ele>67.7</ele>
      </trkpt>
      <trkpt lat="58.303678" lon="-4.905688">
        <ele>68.3</ele>
      </trkpt>
      <trkpt lat="58.303657" lon="-4.905721">
        <ele>69.2</ele>
      </trkpt>
      <trkpt lat="58.303659" lon="-4.905792">
        <ele>69.8</ele>
      </trkpt>
      <trkpt lat="58.303768" lon="-4.90617">
        <ele>70.6</ele>
      </trkpt>
      <trkpt lat="58.303786" lon="-4.906484">
        <ele>73.0</ele>
      </trkpt>
      <trkpt lat="58.303775" lon="-4.906653">
        <ele>74.7</ele>
      </trkpt>
      <trkpt lat="58.303721" lon="-4.906988">
        <ele>78.9</ele>
      </trkpt>
      <trkpt lat="58.303566" lon="-4.907493">
        <ele>86.6</ele>
      </trkpt>
      <trkpt lat="58.303536" lon="-4.907644">
        <ele>88.3</ele>
      </trkpt>
      <trkpt lat="58.303613" lon="-4.908163">
        <ele>90.1</ele>
      </trkpt>
      <trkpt lat="58.30374" lon="-4.909773">
        <ele>100.4</ele>
      </trkpt>
      <trkpt lat="58.303668" lon="-4.910675">
        <ele>109.6</ele>
      </trkpt>
      <trkpt lat="58.303691" lon="-4.911161">
        <ele>113.0</ele>
      </trkpt>
      <trkpt lat="58.303794" lon="-4.911954">
        <ele>115.7</ele>
      </trkpt>
      <trkpt lat="58.303804" lon="-4.912471">
        <ele>117.9</ele>
      </trkpt>
      <trkpt lat="58.303762" lon="-4.913067">
        <ele>121.2</ele>
      </trkpt>
      <trkpt lat="58.303644" lon="-4.913567">
        <ele>126.0</ele>
      </trkpt>
      <trkpt lat="58.303604" lon="-4.913969">
        <ele>127.6</ele>
      </trkpt>
      <trkpt lat="58.3034" lon="-4.914799">
        <ele>133.4</ele>
      </trkpt>
      <trkpt lat="58.303361" lon="-4.915146">
        <ele>134.9</ele>
      </trkpt>
      <trkpt lat="58.303189" lon="-4.915799">
        <ele>145.9</ele>
      </trkpt>
      <trkpt lat="58.30311" lon="-4.916387">
        <ele>152.0</ele>
      </trkpt>
      <trkpt lat="58.303083" lon="-4.917541">
        <ele>156.5</ele>
      </trkpt>
      <trkpt lat="58.303013" lon="-4.918161">
        <ele>160.8</ele>
      </trkpt>
      <trkpt lat="58.302993" lon="-4.918673">
        <ele>162.7</ele>
      </trkpt>
      <trkpt lat="58.302963" lon="-4.918922">
        <ele>164.4</ele>
      </trkpt>
      <trkpt lat="58.302858" lon="-4.919406">
        <ele>169.0</ele>
      </trkpt>
      <trkpt lat="58.302607" lon="-4.920133">
        <ele>178.3</ele>
      </trkpt>
      <trkpt lat="58.302535" lon="-4.920429">
        <ele>181.5</ele>
      </trkpt>
      <trkpt lat="58.30236" lon="-4.920921">
        <ele>192.8</ele>
      </trkpt>
      <trkpt lat="58.302179" lon="-4.921277">
        <ele>202.3</ele>
      </trkpt>
      <trkpt lat="58.301953" lon="-4.921842">
        <ele>210.8</ele>
      </trkpt>
      <trkpt lat="58.301772" lon="-4.922485">
        <ele>218.2</ele>
      </trkpt>
      <trkpt lat="58.301668" lon="-4.922622">
        <ele>221.8</ele>
      </trkpt>
      <trkpt lat="58.301497" lon="-4.923648">
        <ele>227.2</ele>
      </trkpt>
      <trkpt lat="58.301561" lon="-4.924716">
        <ele>224.7</ele>
      </trkpt>
      <trkpt lat="58.301488" lon="-4.925322">
        <ele>229.0</ele>
      </trkpt>
      <trkpt lat="58.301492" lon="-4.925845">
        <ele>231.6</ele>
      </trkpt>
      <trkpt lat="58.30154" lon="-4.92694">
        <ele>235.7</ele>
      </trkpt>
      <trkpt lat="58.30251" lon="-4.93154">
        <ele>245.6</ele>
      </trkpt>
      <trkpt lat="58.30291" lon="-4.93609">
        <ele>299.1</ele>
      </trkpt>
      <trkpt lat="58.30242" lon="-4.94597">
        <ele>381.1</ele>
      </trkpt>
      <trkpt lat="58.30213" lon="-4.94754">
        <ele>394.2</ele>
      </trkpt>
      <trkpt lat="58.29985" lon="-4.94998">
        <ele>405.3</ele>
      </trkpt>
      <trkpt lat="58.29853" lon="-4.95092">
        <ele>403.3</ele>
      </trkpt>
      <trkpt lat="58.29813" lon="-4.95167">
        <ele>403.1</ele>
      </trkpt>
      <trkpt lat="58.29759" lon="-4.95202">
        <ele>399.5</ele>
      </trkpt>
      <trkpt lat="58.29714" lon="-4.95268">
        <ele>396.4</ele>
      </trkpt>
      <trkpt lat="58.29656" lon="-4.95406">
        <ele>396.3</ele>
      </trkpt>
      <trkpt lat="58.29564" lon="-4.95432">
        <ele>392.5</ele>
      </trkpt>
      <trkpt lat="58.29499" lon="-4.95474">
        <ele>392.0</ele>
      </trkpt>
      <trkpt lat="58.2936" lon="-4.95655">
        <ele>385.7</ele>
      </trkpt>
      <trkpt lat="58.29185" lon="-4.95814">
        <ele>374.6</ele>
      </trkpt>
      <trkpt lat="58.29009" lon="-4.96044">
        <ele>364.3</ele>
      </trkpt>
      <trkpt lat="58.28783" lon="-4.96178">
        <ele>342.5</ele>
      </trkpt>
      <trkpt lat="58.28737" lon="-4.96279">
        <ele>338.5</ele>
      </trkpt>
      <trkpt lat="58.28707" lon="-4.96269">
        <ele>336.1</ele>
      </trkpt>
      <trkpt lat="58.28665" lon="-4.96204">
        <ele>328.6</ele>
      </trkpt>
      <trkpt lat="58.28642" lon="-4.96124">
        <ele>322.1</ele>
      </trkpt>
      <trkpt lat="58.28568" lon="-4.96004">
        <ele>305.7</ele>
      </trkpt>
      <trkpt lat="58.28519" lon="-4.96014">
        <ele>301.5</ele>
      </trkpt>
      <trkpt lat="58.28445" lon="-4.96004">
        <ele>292.5</ele>
      </trkpt>
      <trkpt lat="58.28367" lon="-4.95953">
        <ele>282.1</ele>
      </trkpt>
      <trkpt lat="58.28294" lon="-4.95873">
        <ele>268.6</ele>
      </trkpt>
      <trkpt lat="58.28243" lon="-4.95878">
        <ele>263.6</ele>
      </trkpt>
      <trkpt lat="58.28152" lon="-4.95779">
        <ele>245.4</ele>
      </trkpt>
      <trkpt lat="58.28139" lon="-4.95718">
        <ele>240.4</ele>
      </trkpt>
      <trkpt lat="58.28124" lon="-4.95713">
        <ele>238.9</ele>
      </trkpt>
      <trkpt lat="58.28095" lon="-4.95723">
        <ele>237.0</ele>
      </trkpt>
      <trkpt lat="58.27977" lon="-4.95828">
        <ele>222.5</ele>
      </trkpt>
      <trkpt lat="58.27938" lon="-4.95838">
        <ele>217.6</ele>
      </trkpt>
      <trkpt lat="58.27889" lon="-4.95913">
        <ele>220.3</ele>
      </trkpt>
      <trkpt lat="58.27749" lon="-4.95995">
        <ele>215.7</ele>
      </trkpt>
      <trkpt lat="58.27679" lon="-4.96072">
        <ele>221.0</ele>
      </trkpt>
      <trkpt lat="58.27577" lon="-4.96126">
        <ele>215.7</ele>
      </trkpt>
      <trkpt lat="58.27539" lon="-4.96194">
        <ele>214.4</ele>
      </trkpt>
      <trkpt lat="58.27494" lon="-4.9618">
        <ele>203.2</ele>
      </trkpt>
      <trkpt lat="58.27441" lon="-4.96225">
        <ele>200.1</ele>
      </trkpt>
      <trkpt lat="58.27397" lon="-4.9622">
        <ele>191.3</ele>
      </trkpt>
      <trkpt lat="58.27376" lon="-4.96239">
        <ele>187.9</ele>
      </trkpt>
      <trkpt lat="58.27389" lon="-4.96373">
        <ele>196.9</ele>
      </trkpt>
      <trkpt lat="58.27381" lon="-4.96436">
        <ele>197.4</ele>
      </trkpt>
      <trkpt lat="58.27339" lon="-4.96483">
        <ele>187.5</ele>
      </trkpt>
      <trkpt lat="58.27307" lon="-4.96497">
        <ele>185.5</ele>
      </trkpt>
      <trkpt lat="58.27273" lon="-4.9649">
        <ele>183.6</ele>
      </trkpt>
      <trkpt lat="58.27243" lon="-4.96513">
        <ele>184.1</ele>
      </trkpt>
      <trkpt lat="58.27211" lon="-4.96628">
        <ele>190.7</ele>
      </trkpt>
      <trkpt lat="58.272" lon="-4.96795">
        <ele>193.3</ele>
      </trkpt>
      <trkpt lat="58.27147" lon="-4.96884">
        <ele>178.8</ele>
      </trkpt>
      <trkpt lat="58.27092" lon="-4.97086">
        <ele>168.9</ele>
      </trkpt>
      <trkpt lat="58.27052" lon="-4.97123">
        <ele>165.8</ele>
      </trkpt>
      <trkpt lat="58.26996" lon="-4.97234">
        <ele>168.5</ele>
      </trkpt>
      <trkpt lat="58.26959" lon="-4.9725">
        <ele>166.1</ele>
      </trkpt>
      <trkpt lat="58.26877" lon="-4.97252">
        <ele>157.9</ele>
      </trkpt>
      <trkpt lat="58.26819" lon="-4.97295">
        <ele>152.8</ele>
      </trkpt>
      <trkpt lat="58.26795" lon="-4.97414">
        <ele>156.2</ele>
      </trkpt>
      <trkpt lat="58.26768" lon="-4.97478">
        <ele>155.4</ele>
      </trkpt>
      <trkpt lat="58.26456" lon="-4.97785">
        <ele>116.6</ele>
      </trkpt>
      <trkpt lat="58.26425" lon="-4.97844">
        <ele>111.5</ele>
      </trkpt>
      <trkpt lat="58.26397" lon="-4.97942">
        <ele>110.8</ele>
      </trkpt>
      <trkpt lat="58.26356" lon="-4.98214">
        <ele>101.6</ele>
      </trkpt>
      <trkpt lat="58.26243" lon="-4.98339">
        <ele>74.7</ele>
      </trkpt>
      <trkpt lat="58.2619" lon="-4.98444">
        <ele>64.6</ele>
      </trkpt>
      <trkpt lat="58.26179" lon="-4.98524">
        <ele>65.0</ele>
      </trkpt>
      <trkpt lat="58.26186" lon="-4.98651">
        <ele>63.3</ele>
      </trkpt>
      <trkpt lat="58.26101" lon="-4.98892">
        <ele>41.6</ele>
      </trkpt>
      <trkpt lat="58.26073" lon="-4.99017">
        <ele>41.3</ele>
      </trkpt>
      <trkpt lat="58.26061" lon="-4.99357">
        <ele>33.3</ele>
      </trkpt>
      <trkpt lat="58.26066" lon="-4.99458">
        <ele>27.4</ele>
      </trkpt>
      <trkpt lat="58.26168" lon="-4.99913">
        <ele>18.9</ele>
      </trkpt>
      <trkpt lat="58.2636" lon="-5.00492">
        <ele>23.7</ele>
      </trkpt>
      <trkpt lat="58.26418" lon="-5.00804">
        <ele>17.3</ele>
      </trkpt>
      <trkpt lat="58.26405" lon="-5.01269">
        <ele>8.2</ele>
      </trkpt>
      <trkpt lat="58.26426" lon="-5.01405">
        <ele>12.4</ele>
      </trkpt>
      <trkpt lat="58.26409" lon="-5.01532">
        <ele>9.3</ele>
      </trkpt>
      <trkpt lat="58.26438" lon="-5.01783">
        <ele>21.2</ele>
      </trkpt>
      <trkpt lat="58.26397" lon="-5.01905">
        <ele>14.5</ele>
      </trkpt>
      <trkpt lat="58.2639" lon="-5.02001">
        <ele>16.0</ele>
      </trkpt>
      <trkpt lat="58.2643" lon="-5.02292">
        <ele>24.3</ele>
      </trkpt>
      <trkpt lat="58.26351" lon="-5.02618">
        <ele>12.0</ele>
      </trkpt>
      <trkpt lat="58.26366" lon="-5.02794">
        <ele>18.2</ele>
      </trkpt>
      <trkpt lat="58.26319" lon="-5.02956">
        <ele>15.6</ele>
      </trkpt>
      <trkpt lat="58.263" lon="-5.03172">
        <ele>21.0</ele>
      </trkpt>
      <trkpt lat="58.26259" lon="-5.03275">
        <ele>21.3</ele>
      </trkpt>
      <trkpt lat="58.26253" lon="-5.03366">
        <ele>25.2</ele>
      </trkpt>
      <trkpt lat="58.26302" lon="-5.03742">
        <ele>40.6</ele>
      </trkpt>
      <trkpt lat="58.2638" lon="-5.04058">
        <ele>47.4</ele>
      </trkpt>
      <trkpt lat="58.26325" lon="-5.0407">
        <ele>43.5</ele>
      </trkpt>
      <trkpt lat="58.26249" lon="-5.04042">
        <ele>37.3</ele>
      </trkpt>
      <trkpt lat="58.26163" lon="-5.03922">
        <ele>27.2</ele>
      </trkpt>
      <trkpt lat="58.26028" lon="-5.03852">
        <ele>9.8</ele>
      </trkpt>
      <trkpt lat="58.25926" lon="-5.03688">
        <ele>2.6</ele>
      </trkpt>
      <trkpt lat="58.25793" lon="-5.03587">
        <ele>4.4</ele>
      </trkpt>
      <trkpt lat="58.25783" lon="-5.03566">
        <ele>4.9</ele>
      </trkpt>
      <trkpt lat="58.25664" lon="-5.0312">
        <ele>25.4</ele>
      </trkpt>
      <trkpt lat="58.25656" lon="-5.02993">
        <ele>31.1</ele>
      </trkpt>
      <trkpt lat="58.25682" lon="-5.02892">
        <ele>28.5</ele>
      </trkpt>
      <trkpt lat="58.25742" lon="-5.0278">
        <ele>30.8</ele>
      </trkpt>
      <trkpt lat="58.25782" lon="-5.02658">
        <ele>29.1</ele>
      </trkpt>
      <trkpt lat="58.25781" lon="-5.02508">
        <ele>17.4</ele>
      </trkpt>
      <trkpt lat="58.25734" lon="-5.0239">
        <ele>9.0</ele>
      </trkpt>
      <trkpt lat="58.25637" lon="-5.02273">
        <ele>15.3</ele>
      </trkpt>
      <trkpt lat="58.25538" lon="-5.02224">
        <ele>22.1</ele>
      </trkpt>
      <trkpt lat="58.25416" lon="-5.02252">
        <ele>27.2</ele>
      </trkpt>
      <trkpt lat="58.253774" lon="-5.022434">
        <ele>26.5</ele>
      </trkpt>
      <trkpt lat="58.25353" lon="-5.02238">
        <ele>26.2</ele>
      </trkpt>
      <trkpt lat="58.25281" lon="-5.02177">
        <ele>29.9</ele>
      </trkpt>
      <trkpt lat="58.25242" lon="-5.02109">
        <ele>38.5</ele>
      </trkpt>
      <trkpt lat="58.25189" lon="-5.01982">
        <ele>48.9</ele>
      </trkpt>
      <trkpt lat="58.2507" lon="-5.01593">
        <ele>55.6</ele>
      </trkpt>
      <trkpt lat="58.2502" lon="-5.01288">
        <ele>54.5</ele>
      </trkpt>
      <trkpt lat="58.24982" lon="-5.00889">
        <ele>39.3</ele>
      </trkpt>
      <trkpt lat="58.24923" lon="-5.00748">
        <ele>30.3</ele>
      </trkpt>
      <trkpt lat="58.248015" lon="-5.005788">
        <ele>28.3</ele>
      </trkpt>
      <trkpt lat="58.24783" lon="-5.00553">
        <ele>26.6</ele>
      </trkpt>
      <trkpt lat="58.24686" lon="-5.00471">
        <ele>20.6</ele>
      </trkpt>
      <trkpt lat="58.24659" lon="-5.00469">
        <ele>21.3</ele>
      </trkpt>
      <trkpt lat="58.24571" lon="-5.00504">
        <ele>25.6</ele>
      </trkpt>
      <trkpt lat="58.2446" lon="-5.00389">
        <ele>21.9</ele>
      </trkpt>
      <trkpt lat="58.24418" lon="-5.00394">
        <ele>26.1</ele>
      </trkpt>
      <trkpt lat="58.24322" lon="-5.00506">
        <ele>33.3</ele>
      </trkpt>
      <trkpt lat="58.24204" lon="-5.00767">
        <ele>49.8</ele>
      </trkpt>
      <trkpt lat="58.24017" lon="-5.00997">
        <ele>65.1</ele>
      </trkpt>
      <trkpt lat="58.23894" lon="-5.01055">
        <ele>68.2</ele>
      </trkpt>
      <trkpt lat="58.2381" lon="-5.01065">
        <ele>67.0</ele>
      </trkpt>
      <trkpt lat="58.23744" lon="-5.01041">
        <ele>63.6</ele>
      </trkpt>
      <trkpt lat="58.23685" lon="-5.01116">
        <ele>66.5</ele>
      </trkpt>
      <trkpt lat="58.23631" lon="-5.01229">
        <ele>70.3</ele>
      </trkpt>
      <trkpt lat="58.23596" lon="-5.01342">
        <ele>72.4</ele>
      </trkpt>
      <trkpt lat="58.23582" lon="-5.01614">
        <ele>83.5</ele>
      </trkpt>
      <trkpt lat="58.23565" lon="-5.01698">
        <ele>89.6</ele>
      </trkpt>
      <trkpt lat="58.23578" lon="-5.0175">
        <ele>92.6</ele>
      </trkpt>
      <trkpt lat="58.23648" lon="-5.01844">
        <ele>95.7</ele>
      </trkpt>
      <trkpt lat="58.23703" lon="-5.01947">
        <ele>97.2</ele>
      </trkpt>
      <trkpt lat="58.23755" lon="-5.0209">
        <ele>97.0</ele>
      </trkpt>
      <trkpt lat="58.23841" lon="-5.02409">
        <ele>100.9</ele>
      </trkpt>
      <trkpt lat="58.2398" lon="-5.02733">
        <ele>99.4</ele>
      </trkpt>
      <trkpt lat="58.23996" lon="-5.02808">
        <ele>100.5</ele>
      </trkpt>
      <trkpt lat="58.24001" lon="-5.0297">
        <ele>105.3</ele>
      </trkpt>
      <trkpt lat="58.23987" lon="-5.03141">
        <ele>112.3</ele>
      </trkpt>
      <trkpt lat="58.24075" lon="-5.03427">
        <ele>108.2</ele>
      </trkpt>
      <trkpt lat="58.24111" lon="-5.03723">
        <ele>87.6</ele>
      </trkpt>
      <trkpt lat="58.24161" lon="-5.03831">
        <ele>80.7</ele>
      </trkpt>
      <trkpt lat="58.24188" lon="-5.03953">
        <ele>72.0</ele>
      </trkpt>
      <trkpt lat="58.24207" lon="-5.04068">
        <ele>68.5</ele>
      </trkpt>
      <trkpt lat="58.2419" lon="-5.04312">
        <ele>65.4</ele>
      </trkpt>
      <trkpt lat="58.24272" lon="-5.04582">
        <ele>72.2</ele>
      </trkpt>
      <trkpt lat="58.24284" lon="-5.04725">
        <ele>72.8</ele>
      </trkpt>
      <trkpt lat="58.24425" lon="-5.05152">
        <ele>53.9</ele>
      </trkpt>
      <trkpt lat="58.2446" lon="-5.05224">
        <ele>49.1</ele>
      </trkpt>
      <trkpt lat="58.24475" lon="-5.05297">
        <ele>47.8</ele>
      </trkpt>
      <trkpt lat="58.24518" lon="-5.05393">
        <ele>37.6</ele>
      </trkpt>
      <trkpt lat="58.24535" lon="-5.05771">
        <ele>45.7</ele>
      </trkpt>
      <trkpt lat="58.24576" lon="-5.05844">
        <ele>38.6</ele>
      </trkpt>
      <trkpt lat="58.24631" lon="-5.06074">
        <ele>42.6</ele>
      </trkpt>
      <trkpt lat="58.24652" lon="-5.06224">
        <ele>49.4</ele>
      </trkpt>
      <trkpt lat="58.24701" lon="-5.06271">
        <ele>40.2</ele>
      </trkpt>
      <trkpt lat="58.24736" lon="-5.06369">
        <ele>41.3</ele>
      </trkpt>
      <trkpt lat="58.24785" lon="-5.06402">
        <ele>34.4</ele>
      </trkpt>
      <trkpt lat="58.24881" lon="-5.0651">
        <ele>25.2</ele>
      </trkpt>
      <trkpt lat="58.24929" lon="-5.06651">
        <ele>24.5</ele>
      </trkpt>
      <trkpt lat="58.24931" lon="-5.06714">
        <ele>26.2</ele>
      </trkpt>
      <trkpt lat="58.24873" lon="-5.0701">
        <ele>41.8</ele>
      </trkpt>
      <trkpt lat="58.24885" lon="-5.07322">
        <ele>72.5</ele>
      </trkpt>
      <trkpt lat="58.2493" lon="-5.07505">
        <ele>72.2</ele>
      </trkpt>
      <trkpt lat="58.24913" lon="-5.07831">
        <ele>73.4</ele>
      </trkpt>
      <trkpt lat="58.24943" lon="-5.07953">
        <ele>68.3</ele>
      </trkpt>
      <trkpt lat="58.24921" lon="-5.0811">
        <ele>83.1</ele>
      </trkpt>
      <trkpt lat="58.24996" lon="-5.08521">
        <ele>85.1</ele>
      </trkpt>
      <trkpt lat="58.25076" lon="-5.08612">
        <ele>84.3</ele>
      </trkpt>
      <trkpt lat="58.2509" lon="-5.08664">
        <ele>86.5</ele>
      </trkpt>
      <trkpt lat="58.25111" lon="-5.09072">
        <ele>90.5</ele>
      </trkpt>
      <trkpt lat="58.25021" lon="-5.09309">
        <ele>88.2</ele>
      </trkpt>
      <trkpt lat="58.25015" lon="-5.09424">
        <ele>82.9</ele>
      </trkpt>
      <trkpt lat="58.24952" lon="-5.09555">
        <ele>61.2</ele>
      </trkpt>
      <trkpt lat="58.24946" lon="-5.09691">
        <ele>57.0</ele>
      </trkpt>
      <trkpt lat="58.24932" lon="-5.09743">
        <ele>53.2</ele>
      </trkpt>
      <trkpt lat="58.24897" lon="-5.09792">
        <ele>54.1</ele>
      </trkpt>
      <trkpt lat="58.24861" lon="-5.09762">
        <ele>61.0</ele>
      </trkpt>
      <trkpt lat="58.24852" lon="-5.09884">
        <ele>64.7</ele>
      </trkpt>
      <trkpt lat="58.24837" lon="-5.09931">
        <ele>67.4</ele>
      </trkpt>
      <trkpt lat="58.24815" lon="-5.09947">
        <ele>72.3</ele>
      </trkpt>
      <trkpt lat="58.24738" lon="-5.09809">
        <ele>90.1</ele>
      </trkpt>
      <trkpt lat="58.24705" lon="-5.09795">
        <ele>97.4</ele>
      </trkpt>
      <trkpt lat="58.24669" lon="-5.09811">
        <ele>103.2</ele>
      </trkpt>
      <trkpt lat="58.24658" lon="-5.09863">
        <ele>106.5</ele>
      </trkpt>
      <trkpt lat="58.24679" lon="-5.10125">
        <ele>111.2</ele>
      </trkpt>
      <trkpt lat="58.24662" lon="-5.10182">
        <ele>115.6</ele>
      </trkpt>
      <trkpt lat="58.24634" lon="-5.10229">
        <ele>115.6</ele>
      </trkpt>
      <trkpt lat="58.24536" lon="-5.10257">
        <ele>112.4</ele>
      </trkpt>
      <trkpt lat="58.24493" lon="-5.10311">
        <ele>108.9</ele>
      </trkpt>
      <trkpt lat="58.24488" lon="-5.10508">
        <ele>97.1</ele>
      </trkpt>
      <trkpt lat="58.24453" lon="-5.10684">
        <ele>90.1</ele>
      </trkpt>
      <trkpt lat="58.2444" lon="-5.10881">
        <ele>78.0</ele>
      </trkpt>
      <trkpt lat="58.2442" lon="-5.10963">
        <ele>74.5</ele>
      </trkpt>
      <trkpt lat="58.24458" lon="-5.11141">
        <ele>68.4</ele>
      </trkpt>
      <trkpt lat="58.24445" lon="-5.11226">
        <ele>72.2</ele>
      </trkpt>
      <trkpt lat="58.24412" lon="-5.1124">
        <ele>79.2</ele>
      </trkpt>
      <trkpt lat="58.24378" lon="-5.1128">
        <ele>81.5</ele>
      </trkpt>
      <trkpt lat="58.24311" lon="-5.11437">
        <ele>89.2</ele>
      </trkpt>
      <trkpt lat="58.24303" lon="-5.11491">
        <ele>91.4</ele>
      </trkpt>
      <trkpt lat="58.24264" lon="-5.11545">
        <ele>96.9</ele>
      </trkpt>
      <trkpt lat="58.2419" lon="-5.1173">
        <ele>108.6</ele>
      </trkpt>
      <trkpt lat="58.2418" lon="-5.1181">
        <ele>111.7</ele>
      </trkpt>
      <trkpt lat="58.24186" lon="-5.12413">
        <ele>133.4</ele>
      </trkpt>
      <trkpt lat="58.2404" lon="-5.12758">
        <ele>134.2</ele>
      </trkpt>
      <trkpt lat="58.23989" lon="-5.12842">
        <ele>132.2</ele>
      </trkpt>
      <trkpt lat="58.23985" lon="-5.12999">
        <ele>128.9</ele>
      </trkpt>
      <trkpt lat="58.23955" lon="-5.13124">
        <ele>128.7</ele>
      </trkpt>
      <trkpt lat="58.23866" lon="-5.13262">
        <ele>130.4</ele>
      </trkpt>
      <trkpt lat="58.23768" lon="-5.13208">
        <ele>132.8</ele>
      </trkpt>
      <trkpt lat="58.23744" lon="-5.13225">
        <ele>133.2</ele>
      </trkpt>
      <trkpt lat="58.23727" lon="-5.13307">
        <ele>133.1</ele>
      </trkpt>
      <trkpt lat="58.23732" lon="-5.13457">
        <ele>132.1</ele>
      </trkpt>
      <trkpt lat="58.23643" lon="-5.1364">
        <ele>129.0</ele>
      </trkpt>
      <trkpt lat="58.23619" lon="-5.13769">
        <ele>123.8</ele>
      </trkpt>
      <trkpt lat="58.23594" lon="-5.13762">
        <ele>118.9</ele>
      </trkpt>
      <trkpt lat="58.23561" lon="-5.13696">
        <ele>116.6</ele>
      </trkpt>
      <trkpt lat="58.23531" lon="-5.1367">
        <ele>115.1</ele>
      </trkpt>
      <trkpt lat="58.23431" lon="-5.1371">
        <ele>109.4</ele>
      </trkpt>
      <trkpt lat="58.23354" lon="-5.13696">
        <ele>108.1</ele>
      </trkpt>
      <trkpt lat="58.23299" lon="-5.13741">
        <ele>104.7</ele>
      </trkpt>
      <trkpt lat="58.23241" lon="-5.13921">
        <ele>96.6</ele>
      </trkpt>
      <trkpt lat="58.23233" lon="-5.14015">
        <ele>94.4</ele>
      </trkpt>
      <trkpt lat="58.23222" lon="-5.14564">
        <ele>85.1</ele>
      </trkpt>
      <trkpt lat="58.23236" lon="-5.14752">
        <ele>78.5</ele>
      </trkpt>
      <trkpt lat="58.23206" lon="-5.149">
        <ele>59.8</ele>
      </trkpt>
      <trkpt lat="58.23268" lon="-5.15064">
        <ele>52.0</ele>
      </trkpt>
      <trkpt lat="58.23285" lon="-5.15364">
        <ele>30.1</ele>
      </trkpt>
      <trkpt lat="58.23353" lon="-5.15531">
        <ele>25.3</ele>
      </trkpt>
      <trkpt lat="58.23375" lon="-5.15648">
        <ele>15.7</ele>
      </trkpt>
      <trkpt lat="58.23361" lon="-5.15714">
        <ele>10.3</ele>
      </trkpt>
      <trkpt lat="58.23294" lon="-5.15789">
        <ele>9.2</ele>
      </trkpt>
      <trkpt lat="58.23285" lon="-5.15859">
        <ele>12.3</ele>
      </trkpt>
      <trkpt lat="58.23431" lon="-5.16277">
        <ele>12.7</ele>
      </trkpt>
      <trkpt lat="58.23434" lon="-5.16406">
        <ele>24.0</ele>
      </trkpt>
      <trkpt lat="58.23476" lon="-5.1649">
        <ele>17.3</ele>
      </trkpt>
      <trkpt lat="58.23531" lon="-5.16723">
        <ele>18.9</ele>
      </trkpt>
      <trkpt lat="58.23544" lon="-5.16854">
        <ele>22.3</ele>
      </trkpt>
      <trkpt lat="58.23533" lon="-5.17117">
        <ele>40.9</ele>
      </trkpt>
      <trkpt lat="58.23543" lon="-5.17168">
        <ele>41.3</ele>
      </trkpt>
      <trkpt lat="58.23608" lon="-5.17368">
        <ele>44.0</ele>
      </trkpt>
      <trkpt lat="58.23611" lon="-5.17438">
        <ele>42.8</ele>
      </trkpt>
      <trkpt lat="58.2365" lon="-5.17572">
        <ele>51.1</ele>
      </trkpt>
      <trkpt lat="58.23676" lon="-5.17591">
        <ele>53.5</ele>
      </trkpt>
      <trkpt lat="58.23786" lon="-5.17621">
        <ele>47.0</ele>
      </trkpt>
      <trkpt lat="58.23902" lon="-5.1772">
        <ele>48.6</ele>
      </trkpt>
      <trkpt lat="58.23944" lon="-5.17734">
        <ele>48.0</ele>
      </trkpt>
      <trkpt lat="58.23978" lon="-5.17724">
        <ele>43.7</ele>
      </trkpt>
      <trkpt lat="58.24038" lon="-5.17802">
        <ele>52.4</ele>
      </trkpt>
      <trkpt lat="58.24059" lon="-5.17945">
        <ele>61.8</ele>
      </trkpt>
      <trkpt lat="58.24088" lon="-5.18027">
        <ele>63.7</ele>
      </trkpt>
      <trkpt lat="58.24161" lon="-5.18114">
        <ele>68.9</ele>
      </trkpt>
      <trkpt lat="58.24193" lon="-5.18466">
        <ele>73.3</ele>
      </trkpt>
      <trkpt lat="58.243" lon="-5.18895">
        <ele>63.9</ele>
      </trkpt>
      <trkpt lat="58.24304" lon="-5.18975">
        <ele>60.4</ele>
      </trkpt>
      <trkpt lat="58.24279" lon="-5.1912">
        <ele>57.8</ele>
      </trkpt>
      <trkpt lat="58.24239" lon="-5.19249">
        <ele>57.3</ele>
      </trkpt>
      <trkpt lat="58.24128" lon="-5.19498">
        <ele>68.8</ele>
      </trkpt>
      <trkpt lat="58.24092" lon="-5.19604">
        <ele>60.5</ele>
      </trkpt>
      <trkpt lat="58.2409" lon="-5.19646">
        <ele>58.3</ele>
      </trkpt>
      <trkpt lat="58.24107" lon="-5.19782">
        <ele>50.9</ele>
      </trkpt>
      <trkpt lat="58.243209" lon="-5.201858">
        <ele>50.2</ele>
      </trkpt>
      <trkpt lat="58.243295" lon="-5.20202">
        <ele>49.3</ele>
      </trkpt>
      <trkpt lat="58.243396" lon="-5.202211">
        <ele>48.4</ele>
      </trkpt>
      <trkpt lat="58.24348" lon="-5.20237">
        <ele>47.6</ele>
      </trkpt>
      <trkpt lat="58.24335" lon="-5.20218">
        <ele>48.4</ele>
      </trkpt>
      <trkpt lat="58.24436" lon="-5.20488">
        <ele>46.5</ele>
      </trkpt>
      <trkpt lat="58.2446" lon="-5.20481">
        <ele>42.5</ele>
      </trkpt>
      <trkpt lat="58.2444" lon="-5.20514">
        <ele>46.1</ele>
      </trkpt>
      <trkpt lat="58.24477" lon="-5.20786">
        <ele>46.1</ele>
      </trkpt>
      <trkpt lat="58.24444" lon="-5.20953">
        <ele>41.4</ele>
      </trkpt>
      <trkpt lat="58.2447" lon="-5.21204">
        <ele>44.6</ele>
      </trkpt>
      <trkpt lat="58.24443" lon="-5.21363">
        <ele>38.3</ele>
      </trkpt>
      <trkpt lat="58.24421" lon="-5.21422">
        <ele>37.5</ele>
      </trkpt>
      <trkpt lat="58.24393" lon="-5.21431">
        <ele>38.3</ele>
      </trkpt>
      <trkpt lat="58.24367" lon="-5.21422">
        <ele>39.0</ele>
      </trkpt>
      <trkpt lat="58.24324" lon="-5.21356">
        <ele>36.0</ele>
      </trkpt>
      <trkpt lat="58.24313" lon="-5.21356">
        <ele>35.6</ele>
      </trkpt>
      <trkpt lat="58.24255" lon="-5.21431">
        <ele>36.9</ele>
      </trkpt>
      <trkpt lat="58.24234" lon="-5.21509">
        <ele>39.1</ele>
      </trkpt>
      <trkpt lat="58.24335" lon="-5.21985">
        <ele>37.8</ele>
      </trkpt>
      <trkpt lat="58.24342" lon="-5.22123">
        <ele>38.1</ele>
      </trkpt>
      <trkpt lat="58.24329" lon="-5.22187">
        <ele>37.1</ele>
      </trkpt>
      <trkpt lat="58.24286" lon="-5.22259">
        <ele>37.0</ele>
      </trkpt>
      <trkpt lat="58.24274" lon="-5.22487">
        <ele>32.8</ele>
      </trkpt>
      <trkpt lat="58.24353" lon="-5.2267">
        <ele>16.7</ele>
      </trkpt>
      <trkpt lat="58.24517" lon="-5.23327">
        <ele>7.7</ele>
      </trkpt>
      <trkpt lat="58.24393" lon="-5.23578">
        <ele>15.9</ele>
      </trkpt>
      <trkpt lat="58.24225" lon="-5.23763">
        <ele>14.3</ele>
      </trkpt>
      <trkpt lat="58.24174" lon="-5.23923">
        <ele>13.0</ele>
      </trkpt>
      <trkpt lat="58.24143" lon="-5.23972">
        <ele>12.4</ele>
      </trkpt>
      <trkpt lat="58.24115" lon="-5.23998">
        <ele>12.3</ele>
      </trkpt>
      <trkpt lat="58.23983" lon="-5.23977">
        <ele>12.9</ele>
      </trkpt>
      <trkpt lat="58.2386" lon="-5.24134">
        <ele>31.7</ele>
      </trkpt>
      <trkpt lat="58.23729" lon="-5.24127">
        <ele>43.9</ele>
      </trkpt>
      <trkpt lat="58.23667" lon="-5.24181">
        <ele>49.6</ele>
      </trkpt>
      <trkpt lat="58.23561" lon="-5.24331">
        <ele>64.2</ele>
      </trkpt>
      <trkpt lat="58.23447" lon="-5.24551">
        <ele>77.8</ele>
      </trkpt>
      <trkpt lat="58.23331" lon="-5.24715">
        <ele>81.9</ele>
      </trkpt>
      <trkpt lat="58.2315" lon="-5.25011">
        <ele>81.4</ele>
      </trkpt>
      <trkpt lat="58.23111" lon="-5.25238">
        <ele>76.7</ele>
      </trkpt>
      <trkpt lat="58.23146" lon="-5.25441">
        <ele>75.5</ele>
      </trkpt>
      <trkpt lat="58.23123" lon="-5.2571">
        <ele>78.2</ele>
      </trkpt>
      <trkpt lat="58.23107" lon="-5.25719">
        <ele>77.5</ele>
      </trkpt>
      <trkpt lat="58.23048" lon="-5.25703">
        <ele>76.1</ele>
      </trkpt>
      <trkpt lat="58.22984" lon="-5.25746">
        <ele>78.3</ele>
      </trkpt>
      <trkpt lat="58.22933" lon="-5.25821">
        <ele>79.3</ele>
      </trkpt>
      <trkpt lat="58.22845" lon="-5.26008">
        <ele>72.6</ele>
      </trkpt>
      <trkpt lat="58.22846" lon="-5.26388">
        <ele>67.2</ele>
      </trkpt>
      <trkpt lat="58.22723" lon="-5.26545">
        <ele>63.3</ele>
      </trkpt>
      <trkpt lat="58.22707" lon="-5.26735">
        <ele>63.7</ele>
      </trkpt>
      <trkpt lat="58.22834" lon="-5.27508">
        <ele>43.9</ele>
      </trkpt>
      <trkpt lat="58.22974" lon="-5.28061">
        <ele>26.7</ele>
      </trkpt>
      <trkpt lat="58.23101" lon="-5.28648">
        <ele>29.5</ele>
      </trkpt>
      <trkpt lat="58.23136" lon="-5.2906">
        <ele>28.3</ele>
      </trkpt>
      <trkpt lat="58.23084" lon="-5.29497">
        <ele>12.2</ele>
      </trkpt>
      <trkpt lat="58.22881" lon="-5.29752">
        <ele>18.0</ele>
      </trkpt>
      <trkpt lat="58.22849" lon="-5.29908">
        <ele>14.1</ele>
      </trkpt>
      <trkpt lat="58.22808" lon="-5.29975">
        <ele>14.3</ele>
      </trkpt>
      <trkpt lat="58.22681" lon="-5.30106">
        <ele>23.1</ele>
      </trkpt>
      <trkpt lat="58.22627" lon="-5.30236">
        <ele>22.9</ele>
      </trkpt>
      <trkpt lat="58.22607" lon="-5.30357">
        <ele>15.1</ele>
      </trkpt>
      <trkpt lat="58.22569" lon="-5.30417">
        <ele>15.5</ele>
      </trkpt>
      <trkpt lat="58.22531" lon="-5.30447">
        <ele>19.5</ele>
      </trkpt>
      <trkpt lat="58.22423" lon="-5.30858">
        <ele>16.0</ele>
      </trkpt>
      <trkpt lat="58.22356" lon="-5.30963">
        <ele>16.0</ele>
      </trkpt>
      <trkpt lat="58.22307" lon="-5.31109">
        <ele>14.0</ele>
      </trkpt>
      <trkpt lat="58.22295" lon="-5.31362">
        <ele>17.2</ele>
      </trkpt>
      <trkpt lat="58.22237" lon="-5.31584">
        <ele>30.9</ele>
      </trkpt>
      <trkpt lat="58.22187" lon="-5.317">
        <ele>35.2</ele>
      </trkpt>
      <trkpt lat="58.22134" lon="-5.32018">
        <ele>46.9</ele>
      </trkpt>
      <trkpt lat="58.2211" lon="-5.32098">
        <ele>51.0</ele>
      </trkpt>
      <trkpt lat="58.21996" lon="-5.32307">
        <ele>53.3</ele>
      </trkpt>
      <trkpt lat="58.21869" lon="-5.32457">
        <ele>52.9</ele>
      </trkpt>
      <trkpt lat="58.21797" lon="-5.32565">
        <ele>55.8</ele>
      </trkpt>
      <trkpt lat="58.21592" lon="-5.33245">
        <ele>49.8</ele>
      </trkpt>
      <trkpt lat="58.21559" lon="-5.33314">
        <ele>49.4</ele>
      </trkpt>
      <trkpt lat="58.212492" lon="-5.336281">
        <ele>49.5</ele>
      </trkpt>
      <trkpt lat="58.21134" lon="-5.33745">
        <ele>59.1</ele>
      </trkpt>
      <trkpt lat="58.20804" lon="-5.33828">
        <ele>60.8</ele>
      </trkpt>
      <trkpt lat="58.20707" lon="-5.33926">
        <ele>59.2</ele>
      </trkpt>
      <trkpt lat="58.2058" lon="-5.34015">
        <ele>59.0</ele>
      </trkpt>
      <trkpt lat="58.20518" lon="-5.34137">
        <ele>55.6</ele>
      </trkpt>
      <trkpt lat="58.20477" lon="-5.34145">
        <ele>53.8</ele>
      </trkpt>
      <trkpt lat="58.20337" lon="-5.3402">
        <ele>47.8</ele>
      </trkpt>
      <trkpt lat="58.20306" lon="-5.33954">
        <ele>46.3</ele>
      </trkpt>
      <trkpt lat="58.2029" lon="-5.33872">
        <ele>45.1</ele>
      </trkpt>
      <trkpt lat="58.20245" lon="-5.33825">
        <ele>41.7</ele>
      </trkpt>
      <trkpt lat="58.20117" lon="-5.33757">
        <ele>28.7</ele>
      </trkpt>
      <trkpt lat="58.20055" lon="-5.33797">
        <ele>21.1</ele>
      </trkpt>
      <trkpt lat="58.20038" lon="-5.33795">
        <ele>18.7</ele>
      </trkpt>
      <trkpt lat="58.19977" lon="-5.33694">
        <ele>12.7</ele>
      </trkpt>
      <trkpt lat="58.19859" lon="-5.33649">
        <ele>6.6</ele>
      </trkpt>
      <trkpt lat="58.19808" lon="-5.33647">
        <ele>5.9</ele>
      </trkpt>
      <trkpt lat="58.19763" lon="-5.33671">
        <ele>6.0</ele>
      </trkpt>
      <trkpt lat="58.19737" lon="-5.33663">
        <ele>7.6</ele>
      </trkpt>
      <trkpt lat="58.19653" lon="-5.33511">
        <ele>9.1</ele>
      </trkpt>
      <trkpt lat="58.19487" lon="-5.33304">
        <ele>12.5</ele>
      </trkpt>
      <trkpt lat="58.19411" lon="-5.33224">
        <ele>13.4</ele>
      </trkpt>
      <trkpt lat="58.19321" lon="-5.33173">
        <ele>14.2</ele>
      </trkpt>
      <trkpt lat="58.1921" lon="-5.3319">
        <ele>15.0</ele>
      </trkpt>
      <trkpt lat="58.19101" lon="-5.33236">
        <ele>14.3</ele>
      </trkpt>
      <trkpt lat="58.18936" lon="-5.33229">
        <ele>15.2</ele>
      </trkpt>
      <trkpt lat="58.18915" lon="-5.33215">
        <ele>17.1</ele>
      </trkpt>
      <trkpt lat="58.18902" lon="-5.33257">
        <ele>17.6</ele>
      </trkpt>
      <trkpt lat="58.18912" lon="-5.3321">
        <ele>18.0</ele>
      </trkpt>
      <trkpt lat="58.18869" lon="-5.32882">
        <ele>43.8</ele>
      </trkpt>
      <trkpt lat="58.18837" lon="-5.32819">
        <ele>42.7</ele>
      </trkpt>
      <trkpt lat="58.18679" lon="-5.32655">
        <ele>46.7</ele>
      </trkpt>
      <trkpt lat="58.18659" lon="-5.32606">
        <ele>48.1</ele>
      </trkpt>
      <trkpt lat="58.18583" lon="-5.32274">
        <ele>44.9</ele>
      </trkpt>
      <trkpt lat="58.18531" lon="-5.32167">
        <ele>42.9</ele>
      </trkpt>
      <trkpt lat="58.18497" lon="-5.32042">
        <ele>49.1</ele>
      </trkpt>
      <trkpt lat="58.18479" lon="-5.3193">
        <ele>57.2</ele>
      </trkpt>
      <trkpt lat="58.18472" lon="-5.31643">
        <ele>61.9</ele>
      </trkpt>
      <trkpt lat="58.18311" lon="-5.31165">
        <ele>54.8</ele>
      </trkpt>
      <trkpt lat="58.182789" lon="-5.30979">
        <ele>47.1</ele>
      </trkpt>
      <trkpt lat="58.182776" lon="-5.309222">
        <ele>47.0</ele>
      </trkpt>
      <trkpt lat="58.181828" lon="-5.306082">
        <ele>53.7</ele>
      </trkpt>
      <trkpt lat="58.180632" lon="-5.303493">
        <ele>59.4</ele>
      </trkpt>
      <trkpt lat="58.180074" lon="-5.302734">
        <ele>55.9</ele>
      </trkpt>
      <trkpt lat="58.179832" lon="-5.303426">
        <ele>55.1</ele>
      </trkpt>
      <trkpt lat="58.17975" lon="-5.303603">
        <ele>55.3</ele>
      </trkpt>
      <trkpt lat="58.179563" lon="-5.303756">
        <ele>55.8</ele>
      </trkpt>
      <trkpt lat="58.17934" lon="-5.30416">
        <ele>57.4</ele>
      </trkpt>
      <trkpt lat="58.17902" lon="-5.30397">
        <ele>56.2</ele>
      </trkpt>
      <trkpt lat="58.17875" lon="-5.30346">
        <ele>53.7</ele>
      </trkpt>
      <trkpt lat="58.1778" lon="-5.30412">
        <ele>47.4</ele>
      </trkpt>
      <trkpt lat="58.17763" lon="-5.30409">
        <ele>46.5</ele>
      </trkpt>
      <trkpt lat="58.17679" lon="-5.30139">
        <ele>54.0</ele>
      </trkpt>
      <trkpt lat="58.17666" lon="-5.29996">
        <ele>57.1</ele>
      </trkpt>
      <trkpt lat="58.17644" lon="-5.29949">
        <ele>58.5</ele>
      </trkpt>
      <trkpt lat="58.17637" lon="-5.29886">
        <ele>60.1</ele>
      </trkpt>
      <trkpt lat="58.17605" lon="-5.29848">
        <ele>61.4</ele>
      </trkpt>
      <trkpt lat="58.17511" lon="-5.30001">
        <ele>50.2</ele>
      </trkpt>
      <trkpt lat="58.17468" lon="-5.30015">
        <ele>41.3</ele>
      </trkpt>
      <trkpt lat="58.17438" lon="-5.29966">
        <ele>34.5</ele>
      </trkpt>
      <trkpt lat="58.17419" lon="-5.30006">
        <ele>29.4</ele>
      </trkpt>
      <trkpt lat="58.17327" lon="-5.30043">
        <ele>23.1</ele>
      </trkpt>
      <trkpt lat="58.17293" lon="-5.2998">
        <ele>26.9</ele>
      </trkpt>
      <trkpt lat="58.17218" lon="-5.30022">
        <ele>27.9</ele>
      </trkpt>
      <trkpt lat="58.17195" lon="-5.30161">
        <ele>21.9</ele>
      </trkpt>
      <trkpt lat="58.17092" lon="-5.30257">
        <ele>18.6</ele>
      </trkpt>
      <trkpt lat="58.17069" lon="-5.30245">
        <ele>18.6</ele>
      </trkpt>
      <trkpt lat="58.16961" lon="-5.3028">
        <ele>10.5</ele>
      </trkpt>
      <trkpt lat="58.169481" lon="-5.302422">
        <ele>11.2</ele>
      </trkpt>
      <trkpt lat="58.16945" lon="-5.30233">
        <ele>11.3</ele>
      </trkpt>
      <trkpt lat="58.16945" lon="-5.30334">
        <ele>8.3</ele>
      </trkpt>
      <trkpt lat="58.16921" lon="-5.30449">
        <ele>7.1</ele>
      </trkpt>
      <trkpt lat="58.16901" lon="-5.30463">
        <ele>6.8</ele>
      </trkpt>
      <trkpt lat="58.16879" lon="-5.30438">
        <ele>6.5</ele>
      </trkpt>
      <trkpt lat="58.16832" lon="-5.30348">
        <ele>6.8</ele>
      </trkpt>
      <trkpt lat="58.16833" lon="-5.30189">
        <ele>7.0</ele>
      </trkpt>
      <trkpt lat="58.16838" lon="-5.3009">
        <ele>7.2</ele>
      </trkpt>
      <trkpt lat="58.16902" lon="-5.29863">
        <ele>15.9</ele>
      </trkpt>
      <trkpt lat="58.16887" lon="-5.298">
        <ele>19.4</ele>
      </trkpt>
      <trkpt lat="58.16901" lon="-5.29732">
        <ele>23.5</ele>
      </trkpt>
      <trkpt lat="58.16869" lon="-5.29665">
        <ele>28.6</ele>
      </trkpt>
      <trkpt lat="58.16851" lon="-5.29564">
        <ele>30.1</ele>
      </trkpt>
      <trkpt lat="58.16788" lon="-5.29424">
        <ele>35.4</ele>
      </trkpt>
      <trkpt lat="58.16759" lon="-5.29398">
        <ele>35.4</ele>
      </trkpt>
      <trkpt lat="58.16799" lon="-5.29156">
        <ele>38.6</ele>
      </trkpt>
      <trkpt lat="58.168" lon="-5.29002">
        <ele>34.5</ele>
      </trkpt>
      <trkpt lat="58.16872" lon="-5.28566">
        <ele>34.2</ele>
      </trkpt>
      <trkpt lat="58.17012" lon="-5.28129">
        <ele>44.8</ele>
      </trkpt>
      <trkpt lat="58.16899" lon="-5.28082">
        <ele>29.1</ele>
      </trkpt>
      <trkpt lat="58.16836" lon="-5.28021">
        <ele>24.5</ele>
      </trkpt>
      <trkpt lat="58.16793" lon="-5.27965">
        <ele>21.2</ele>
      </trkpt>
      <trkpt lat="58.1675" lon="-5.27841">
        <ele>12.3</ele>
      </trkpt>
      <trkpt lat="58.16716" lon="-5.27836">
        <ele>14.1</ele>
      </trkpt>
      <trkpt lat="58.16675" lon="-5.27712">
        <ele>18.9</ele>
      </trkpt>
      <trkpt lat="58.16562" lon="-5.27815">
        <ele>23.6</ele>
      </trkpt>
      <trkpt lat="58.16523" lon="-5.27939">
        <ele>20.1</ele>
      </trkpt>
      <trkpt lat="58.16435" lon="-5.28047">
        <ele>15.2</ele>
      </trkpt>
      <trkpt lat="58.16345" lon="-5.28042">
        <ele>22.8</ele>
      </trkpt>
      <trkpt lat="58.16188" lon="-5.28141">
        <ele>31.7</ele>
      </trkpt>
      <trkpt lat="58.16084" lon="-5.28077">
        <ele>33.2</ele>
      </trkpt>
      <trkpt lat="58.15985" lon="-5.28188">
        <ele>49.7</ele>
      </trkpt>
      <trkpt lat="58.15892" lon="-5.28138">
        <ele>48.6</ele>
      </trkpt>
      <trkpt lat="58.15871" lon="-5.28103">
        <ele>52.3</ele>
      </trkpt>
      <trkpt lat="58.15985" lon="-5.27845">
        <ele>59.5</ele>
      </trkpt>
      <trkpt lat="58.15994" lon="-5.27777">
        <ele>60.5</ele>
      </trkpt>
      <trkpt lat="58.15953" lon="-5.27704">
        <ele>67.8</ele>
      </trkpt>
      <trkpt lat="58.15935" lon="-5.27399">
        <ele>66.9</ele>
      </trkpt>
      <trkpt lat="58.1591" lon="-5.27317">
        <ele>68.5</ele>
      </trkpt>
      <trkpt lat="58.15881" lon="-5.26995">
        <ele>64.9</ele>
      </trkpt>
      <trkpt lat="58.15838" lon="-5.26871">
        <ele>67.6</ele>
      </trkpt>
      <trkpt lat="58.15849" lon="-5.26806">
        <ele>67.6</ele>
      </trkpt>
      <trkpt lat="58.15844" lon="-5.26695">
        <ele>73.3</ele>
      </trkpt>
      <trkpt lat="58.15867" lon="-5.26557">
        <ele>78.3</ele>
      </trkpt>
      <trkpt lat="58.15844" lon="-5.26437">
        <ele>82.4</ele>
      </trkpt>
      <trkpt lat="58.15747" lon="-5.26317">
        <ele>89.6</ele>
      </trkpt>
      <trkpt lat="58.15745" lon="-5.26271">
        <ele>87.9</ele>
      </trkpt>
      <trkpt lat="58.1567" lon="-5.26095">
        <ele>78.7</ele>
      </trkpt>
      <trkpt lat="58.15656" lon="-5.25922">
        <ele>67.5</ele>
      </trkpt>
      <trkpt lat="58.15622" lon="-5.25922">
        <ele>64.7</ele>
      </trkpt>
      <trkpt lat="58.15593" lon="-5.25879">
        <ele>58.6</ele>
      </trkpt>
      <trkpt lat="58.15611" lon="-5.2582">
        <ele>55.4</ele>
      </trkpt>
      <trkpt lat="58.15613" lon="-5.25712">
        <ele>47.7</ele>
      </trkpt>
      <trkpt lat="58.15582" lon="-5.25682">
        <ele>41.2</ele>
      </trkpt>
      <trkpt lat="58.15568" lon="-5.25605">
        <ele>37.6</ele>
      </trkpt>
      <trkpt lat="58.15532" lon="-5.25605">
        <ele>33.7</ele>
      </trkpt>
      <trkpt lat="58.15421" lon="-5.25421">
        <ele>21.4</ele>
      </trkpt>
      <trkpt lat="58.1536" lon="-5.25391">
        <ele>15.1</ele>
      </trkpt>
      <trkpt lat="58.15367" lon="-5.25137">
        <ele>11.4</ele>
      </trkpt>
      <trkpt lat="58.1545" lon="-5.24974">
        <ele>16.0</ele>
      </trkpt>
      <trkpt lat="58.154938" lon="-5.248253">
        <ele>17.2</ele>
      </trkpt>
      <trkpt lat="58.15518" lon="-5.24743">
        <ele>20.9</ele>
      </trkpt>
      <trkpt lat="58.15525" lon="-5.24167">
        <ele>20.2</ele>
      </trkpt>
      <trkpt lat="58.15568" lon="-5.23808">
        <ele>14.0</ele>
      </trkpt>
      <trkpt lat="58.15534" lon="-5.23735">
        <ele>15.1</ele>
      </trkpt>
      <trkpt lat="58.15503" lon="-5.23763">
        <ele>13.1</ele>
      </trkpt>
      <trkpt lat="58.154625" lon="-5.23842">
        <ele>11.3</ele>
      </trkpt>
      <trkpt lat="58.15453" lon="-5.238605">
        <ele>11.4</ele>
      </trkpt>
      <trkpt lat="58.15445" lon="-5.23876">
        <ele>11.3</ele>
      </trkpt>
      <trkpt lat="58.153809" lon="-5.239597">
        <ele>7.3</ele>
      </trkpt>
      <trkpt lat="58.153753" lon="-5.23967">
        <ele>6.9</ele>
      </trkpt>
      <trkpt lat="58.153477" lon="-5.24003">
        <ele>4.8</ele>
      </trkpt>
      <trkpt lat="58.15298" lon="-5.24068">
        <ele>4.4</ele>
      </trkpt>
      <trkpt lat="58.15193" lon="-5.2404">
        <ele>8.5</ele>
      </trkpt>
      <trkpt lat="58.1502" lon="-5.24108">
        <ele>4.3</ele>
      </trkpt>
      <trkpt lat="58.14829" lon="-5.24066">
        <ele>6.0</ele>
      </trkpt>
      <trkpt lat="58.147924" lon="-5.240458">
        <ele>6.6</ele>
      </trkpt>
      <trkpt lat="58.14791" lon="-5.24045">
        <ele>6.6</ele>
      </trkpt>
      <trkpt lat="58.1481" lon="-5.23538">
        <ele>32.8</ele>
      </trkpt>
      <trkpt lat="58.14885" lon="-5.2328">
        <ele>39.3</ele>
      </trkpt>
      <trkpt lat="58.14925" lon="-5.23083">
        <ele>38.7</ele>
      </trkpt>
      <trkpt lat="58.14922" lon="-5.23036">
        <ele>38.1</ele>
      </trkpt>
      <trkpt lat="58.14879" lon="-5.2294">
        <ele>42.2</ele>
      </trkpt>
      <trkpt lat="58.14863" lon="-5.22527">
        <ele>49.2</ele>
      </trkpt>
      <trkpt lat="58.14848" lon="-5.22485">
        <ele>49.3</ele>
      </trkpt>
      <trkpt lat="58.14753" lon="-5.22442">
        <ele>50.0</ele>
      </trkpt>
      <trkpt lat="58.14727" lon="-5.22393">
        <ele>52.7</ele>
      </trkpt>
      <trkpt lat="58.14597" lon="-5.21675">
        <ele>55.2</ele>
      </trkpt>
      <trkpt lat="58.14594" lon="-5.21551">
        <ele>54.7</ele>
      </trkpt>
      <trkpt lat="58.14661" lon="-5.21159">
        <ele>51.7</ele>
      </trkpt>
      <trkpt lat="58.14661" lon="-5.20587">
        <ele>51.5</ele>
      </trkpt>
      <trkpt lat="58.14676" lon="-5.20467">
        <ele>49.9</ele>
      </trkpt>
      <trkpt lat="58.14726" lon="-5.20385">
        <ele>53.8</ele>
      </trkpt>
      <trkpt lat="58.14752" lon="-5.20216">
        <ele>52.7</ele>
      </trkpt>
      <trkpt lat="58.14778" lon="-5.20155">
        <ele>53.2</ele>
      </trkpt>
      <trkpt lat="58.1473" lon="-5.19909">
        <ele>53.7</ele>
      </trkpt>
      <trkpt lat="58.14696" lon="-5.19838">
        <ele>50.8</ele>
      </trkpt>
      <trkpt lat="58.14663" lon="-5.19606">
        <ele>52.3</ele>
      </trkpt>
      <trkpt lat="58.14633" lon="-5.19489">
        <ele>56.2</ele>
      </trkpt>
      <trkpt lat="58.14616" lon="-5.1901">
        <ele>73.8</ele>
      </trkpt>
      <trkpt lat="58.14573" lon="-5.18942">
        <ele>68.5</ele>
      </trkpt>
      <trkpt lat="58.14543" lon="-5.18841">
        <ele>72.1</ele>
      </trkpt>
      <trkpt lat="58.14539" lon="-5.18768">
        <ele>72.2</ele>
      </trkpt>
      <trkpt lat="58.1456" lon="-5.18689">
        <ele>78.4</ele>
      </trkpt>
      <trkpt lat="58.14554" lon="-5.18616">
        <ele>77.3</ele>
      </trkpt>
      <trkpt lat="58.1458" lon="-5.18405">
        <ele>88.1</ele>
      </trkpt>
      <trkpt lat="58.14556" lon="-5.18372">
        <ele>86.3</ele>
      </trkpt>
      <trkpt lat="58.14532" lon="-5.1814">
        <ele>99.4</ele>
      </trkpt>
      <trkpt lat="58.14513" lon="-5.18081">
        <ele>99.7</ele>
      </trkpt>
      <trkpt lat="58.14482" lon="-5.18046">
        <ele>98.1</ele>
      </trkpt>
      <trkpt lat="58.14468" lon="-5.17992">
        <ele>100.6</ele>
      </trkpt>
      <trkpt lat="58.14406" lon="-5.17626">
        <ele>108.8</ele>
      </trkpt>
      <trkpt lat="58.14431" lon="-5.17499">
        <ele>107.6</ele>
      </trkpt>
      <trkpt lat="58.14437" lon="-5.17377">
        <ele>110.6</ele>
      </trkpt>
      <trkpt lat="58.14425" lon="-5.17208">
        <ele>114.0</ele>
      </trkpt>
      <trkpt lat="58.14379" lon="-5.16976">
        <ele>124.1</ele>
      </trkpt>
      <trkpt lat="58.14398" lon="-5.1692">
        <ele>130.4</ele>
      </trkpt>
      <trkpt lat="58.14321" lon="-5.16725">
        <ele>138.4</ele>
      </trkpt>
      <trkpt lat="58.14103" lon="-5.16035">
        <ele>111.6</ele>
      </trkpt>
      <trkpt lat="58.14035" lon="-5.15782">
        <ele>112.4</ele>
      </trkpt>
      <trkpt lat="58.13996" lon="-5.15545">
        <ele>120.2</ele>
      </trkpt>
      <trkpt lat="58.13963" lon="-5.15451">
        <ele>126.1</ele>
      </trkpt>
      <trkpt lat="58.13957" lon="-5.15317">
        <ele>133.0</ele>
      </trkpt>
      <trkpt lat="58.1388" lon="-5.1513">
        <ele>132.4</ele>
      </trkpt>
      <trkpt lat="58.13869" lon="-5.15052">
        <ele>129.6</ele>
      </trkpt>
      <trkpt lat="58.13872" lon="-5.14886">
        <ele>125.7</ele>
      </trkpt>
      <trkpt lat="58.138685" lon="-5.148515">
        <ele>123.7</ele>
      </trkpt>
      <trkpt lat="58.13845" lon="-5.14623">
        <ele>114.4</ele>
      </trkpt>
      <trkpt lat="58.1385" lon="-5.14527">
        <ele>115.5</ele>
      </trkpt>
      <trkpt lat="58.13787" lon="-5.14391">
        <ele>121.1</ele>
      </trkpt>
      <trkpt lat="58.13733" lon="-5.14121">
        <ele>128.2</ele>
      </trkpt>
      <trkpt lat="58.1369" lon="-5.14053">
        <ele>124.0</ele>
      </trkpt>
      <trkpt lat="58.13698" lon="-5.13938">
        <ele>127.6</ele>
      </trkpt>
      <trkpt lat="58.13678" lon="-5.1387">
        <ele>127.1</ele>
      </trkpt>
      <trkpt lat="58.13621" lon="-5.13764">
        <ele>126.9</ele>
      </trkpt>
      <trkpt lat="58.13603" lon="-5.13666">
        <ele>129.1</ele>
      </trkpt>
      <trkpt lat="58.13557" lon="-5.13093">
        <ele>140.6</ele>
      </trkpt>
      <trkpt lat="58.13459" lon="-5.12725">
        <ele>145.4</ele>
      </trkpt>
      <trkpt lat="58.13442" lon="-5.12223">
        <ele>142.6</ele>
      </trkpt>
      <trkpt lat="58.13417" lon="-5.12176">
        <ele>139.9</ele>
      </trkpt>
      <trkpt lat="58.13408" lon="-5.12124">
        <ele>140.3</ele>
      </trkpt>
      <trkpt lat="58.13411" lon="-5.1204">
        <ele>141.8</ele>
      </trkpt>
      <trkpt lat="58.1333" lon="-5.11768">
        <ele>147.6</ele>
      </trkpt>
      <trkpt lat="58.13308" lon="-5.11728">
        <ele>149.5</ele>
      </trkpt>
      <trkpt lat="58.13283" lon="-5.11716">
        <ele>148.6</ele>
      </trkpt>
      <trkpt lat="58.13098" lon="-5.11362">
        <ele>160.6</ele>
      </trkpt>
      <trkpt lat="58.13071" lon="-5.11341">
        <ele>160.1</ele>
      </trkpt>
      <trkpt lat="58.12962" lon="-5.11437">
        <ele>168.1</ele>
      </trkpt>
      <trkpt lat="58.12908" lon="-5.11437">
        <ele>170.7</ele>
      </trkpt>
      <trkpt lat="58.12838" lon="-5.11357">
        <ele>169.4</ele>
      </trkpt>
      <trkpt lat="58.12763" lon="-5.11338">
        <ele>170.0</ele>
      </trkpt>
      <trkpt lat="58.12663" lon="-5.11179">
        <ele>173.8</ele>
      </trkpt>
      <trkpt lat="58.12629" lon="-5.11085">
        <ele>178.2</ele>
      </trkpt>
      <trkpt lat="58.1261" lon="-5.10909">
        <ele>183.1</ele>
      </trkpt>
      <trkpt lat="58.12491" lon="-5.10548">
        <ele>190.0</ele>
      </trkpt>
      <trkpt lat="58.1244" lon="-5.10325">
        <ele>194.1</ele>
      </trkpt>
      <trkpt lat="58.12388" lon="-5.10175">
        <ele>191.2</ele>
      </trkpt>
      <trkpt lat="58.1235" lon="-5.1013">
        <ele>188.4</ele>
      </trkpt>
      <trkpt lat="58.12323" lon="-5.1006">
        <ele>191.3</ele>
      </trkpt>
      <trkpt lat="58.12283" lon="-5.10046">
        <ele>188.8</ele>
      </trkpt>
      <trkpt lat="58.12251" lon="-5.09973">
        <ele>193.3</ele>
      </trkpt>
      <trkpt lat="58.12214" lon="-5.09952">
        <ele>190.1</ele>
      </trkpt>
      <trkpt lat="58.12125" lon="-5.09802">
        <ele>190.1</ele>
      </trkpt>
      <trkpt lat="58.11975" lon="-5.09607">
        <ele>185.2</ele>
      </trkpt>
      <trkpt lat="58.1193" lon="-5.09518">
        <ele>184.6</ele>
      </trkpt>
      <trkpt lat="58.11857" lon="-5.09288">
        <ele>187.0</ele>
      </trkpt>
      <trkpt lat="58.11737" lon="-5.09039">
        <ele>179.1</ele>
      </trkpt>
      <trkpt lat="58.11708" lon="-5.08948">
        <ele>179.0</ele>
      </trkpt>
      <trkpt lat="58.11638" lon="-5.08856">
        <ele>177.2</ele>
      </trkpt>
      <trkpt lat="58.11612" lon="-5.0868">
        <ele>184.7</ele>
      </trkpt>
      <trkpt lat="58.11513" lon="-5.08488">
        <ele>186.4</ele>
      </trkpt>
      <trkpt lat="58.11485" lon="-5.08352">
        <ele>189.1</ele>
      </trkpt>
      <trkpt lat="58.11432" lon="-5.08305">
        <ele>187.2</ele>
      </trkpt>
      <trkpt lat="58.11351" lon="-5.08136">
        <ele>190.4</ele>
      </trkpt>
      <trkpt lat="58.11317" lon="-5.07953">
        <ele>204.8</ele>
      </trkpt>
      <trkpt lat="58.11263" lon="-5.07854">
        <ele>206.0</ele>
      </trkpt>
      <trkpt lat="58.11244" lon="-5.07782">
        <ele>209.1</ele>
      </trkpt>
      <trkpt lat="58.11195" lon="-5.07505">
        <ele>218.4</ele>
      </trkpt>
      <trkpt lat="58.11124" lon="-5.07294">
        <ele>222.9</ele>
      </trkpt>
      <trkpt lat="58.11061" lon="-5.07">
        <ele>226.1</ele>
      </trkpt>
      <trkpt lat="58.10908" lon="-5.06475">
        <ele>234.1</ele>
      </trkpt>
      <trkpt lat="58.10862" lon="-5.06205">
        <ele>244.4</ele>
      </trkpt>
      <trkpt lat="58.10807" lon="-5.06041">
        <ele>238.8</ele>
      </trkpt>
      <trkpt lat="58.10755" lon="-5.0605">
        <ele>235.5</ele>
      </trkpt>
      <trkpt lat="58.10754" lon="-5.06008">
        <ele>229.8</ele>
      </trkpt>
      <trkpt lat="58.10728" lon="-5.05994">
        <ele>234.1</ele>
      </trkpt>
      <trkpt lat="58.10691" lon="-5.05921">
        <ele>236.9</ele>
      </trkpt>
      <trkpt lat="58.10653" lon="-5.05895">
        <ele>240.2</ele>
      </trkpt>
      <trkpt lat="58.10642" lon="-5.05872">
        <ele>239.5</ele>
      </trkpt>
      <trkpt lat="58.1063" lon="-5.05891">
        <ele>245.3</ele>
      </trkpt>
      <trkpt lat="58.10592" lon="-5.0579">
        <ele>242.7</ele>
      </trkpt>
      <trkpt lat="58.10554" lon="-5.05776">
        <ele>249.3</ele>
      </trkpt>
      <trkpt lat="58.10533" lon="-5.05675">
        <ele>246.6</ele>
      </trkpt>
      <trkpt lat="58.10501" lon="-5.05637">
        <ele>250.0</ele>
      </trkpt>
      <trkpt lat="58.10489" lon="-5.0559">
        <ele>248.8</ele>
      </trkpt>
      <trkpt lat="58.10467" lon="-5.05553">
        <ele>249.5</ele>
      </trkpt>
      <trkpt lat="58.10411" lon="-5.05506">
        <ele>254.2</ele>
      </trkpt>
      <trkpt lat="58.1039" lon="-5.0545">
        <ele>252.6</ele>
      </trkpt>
      <trkpt lat="58.10295" lon="-5.05311">
        <ele>253.3</ele>
      </trkpt>
      <trkpt lat="58.10239" lon="-5.05189">
        <ele>252.1</ele>
      </trkpt>
      <trkpt lat="58.10174" lon="-5.05107">
        <ele>255.9</ele>
      </trkpt>
      <trkpt lat="58.10084" lon="-5.04922">
        <ele>251.3</ele>
      </trkpt>
      <trkpt lat="58.10007" lon="-5.04847">
        <ele>248.2</ele>
      </trkpt>
      <trkpt lat="58.09967" lon="-5.04765">
        <ele>245.2</ele>
      </trkpt>
      <trkpt lat="58.09921" lon="-5.04617">
        <ele>238.3</ele>
      </trkpt>
      <trkpt lat="58.09902" lon="-5.04593">
        <ele>237.5</ele>
      </trkpt>
      <trkpt lat="58.09886" lon="-5.04476">
        <ele>233.8</ele>
      </trkpt>
      <trkpt lat="58.09739" lon="-5.04173">
        <ele>239.3</ele>
      </trkpt>
      <trkpt lat="58.09676" lon="-5.03993">
        <ele>242.7</ele>
      </trkpt>
      <trkpt lat="58.0967" lon="-5.03939">
        <ele>242.8</ele>
      </trkpt>
      <trkpt lat="58.09601" lon="-5.03803">
        <ele>247.2</ele>
      </trkpt>
      <trkpt lat="58.09586" lon="-5.03674">
        <ele>244.9</ele>
      </trkpt>
      <trkpt lat="58.09528" lon="-5.03498">
        <ele>237.0</ele>
      </trkpt>
      <trkpt lat="58.09501" lon="-5.03298">
        <ele>233.5</ele>
      </trkpt>
      <trkpt lat="58.09405" lon="-5.03073">
        <ele>226.5</ele>
      </trkpt>
      <trkpt lat="58.09355" lon="-5.02918">
        <ele>220.3</ele>
      </trkpt>
      <trkpt lat="58.09325" lon="-5.02869">
        <ele>220.0</ele>
      </trkpt>
      <trkpt lat="58.09286" lon="-5.02836">
        <ele>221.4</ele>
      </trkpt>
      <trkpt lat="58.09251" lon="-5.02827">
        <ele>222.0</ele>
      </trkpt>
      <trkpt lat="58.09235" lon="-5.02749">
        <ele>222.2</ele>
      </trkpt>
      <trkpt lat="58.09172" lon="-5.02719">
        <ele>222.9</ele>
      </trkpt>
      <trkpt lat="58.09125" lon="-5.0266">
        <ele>225.1</ele>
      </trkpt>
      <trkpt lat="58.09108" lon="-5.02702">
        <ele>227.4</ele>
      </trkpt>
      <trkpt lat="58.09102" lon="-5.02782">
        <ele>230.1</ele>
      </trkpt>
      <trkpt lat="58.09092" lon="-5.02831">
        <ele>232.8</ele>
      </trkpt>
      <trkpt lat="58.09003" lon="-5.02928">
        <ele>234.6</ele>
      </trkpt>
      <trkpt lat="58.08941" lon="-5.02977">
        <ele>232.8</ele>
      </trkpt>
      <trkpt lat="58.08897" lon="-5.02998">
        <ele>231.6</ele>
      </trkpt>
      <trkpt lat="58.08865" lon="-5.02998">
        <ele>229.3</ele>
      </trkpt>
      <trkpt lat="58.08821" lon="-5.02963">
        <ele>226.7</ele>
      </trkpt>
      <trkpt lat="58.08755" lon="-5.03003">
        <ele>225.7</ele>
      </trkpt>
      <trkpt lat="58.08694" lon="-5.0301">
        <ele>219.5</ele>
      </trkpt>
      <trkpt lat="58.08663" lon="-5.02939">
        <ele>216.9</ele>
      </trkpt>
      <trkpt lat="58.08593" lon="-5.02932">
        <ele>210.0</ele>
      </trkpt>
      <trkpt lat="58.08518" lon="-5.02993">
        <ele>208.9</ele>
      </trkpt>
      <trkpt lat="58.08486" lon="-5.03024">
        <ele>206.5</ele>
      </trkpt>
      <trkpt lat="58.0838" lon="-5.03092">
        <ele>199.1</ele>
      </trkpt>
      <trkpt lat="58.0832" lon="-5.03073">
        <ele>196.3</ele>
      </trkpt>
      <trkpt lat="58.08296" lon="-5.03052">
        <ele>195.4</ele>
      </trkpt>
      <trkpt lat="58.08207" lon="-5.03057">
        <ele>185.1</ele>
      </trkpt>
      <trkpt lat="58.0811" lon="-5.0305">
        <ele>175.8</ele>
      </trkpt>
      <trkpt lat="58.08099" lon="-5.03038">
        <ele>175.7</ele>
      </trkpt>
      <trkpt lat="58.08064" lon="-5.02977">
        <ele>175.0</ele>
      </trkpt>
      <trkpt lat="58.08027" lon="-5.02728">
        <ele>163.0</ele>
      </trkpt>
      <trkpt lat="58.07985" lon="-5.02707">
        <ele>157.3</ele>
      </trkpt>
      <trkpt lat="58.0796" lon="-5.02726">
        <ele>155.5</ele>
      </trkpt>
      <trkpt lat="58.07946" lon="-5.02712">
        <ele>153.3</ele>
      </trkpt>
      <trkpt lat="58.07912" lon="-5.02562">
        <ele>143.9</ele>
      </trkpt>
      <trkpt lat="58.07886" lon="-5.0255">
        <ele>141.4</ele>
      </trkpt>
      <trkpt lat="58.07876" lon="-5.02526">
        <ele>139.9</ele>
      </trkpt>
      <trkpt lat="58.07863" lon="-5.02437">
        <ele>138.1</ele>
      </trkpt>
      <trkpt lat="58.07805" lon="-5.02334">
        <ele>133.3</ele>
      </trkpt>
      <trkpt lat="58.07796" lon="-5.02264">
        <ele>131.9</ele>
      </trkpt>
      <trkpt lat="58.07762" lon="-5.02203">
        <ele>129.1</ele>
      </trkpt>
      <trkpt lat="58.07734" lon="-5.02196">
        <ele>127.5</ele>
      </trkpt>
      <trkpt lat="58.07719" lon="-5.02153">
        <ele>126.7</ele>
      </trkpt>
      <trkpt lat="58.07703" lon="-5.02172">
        <ele>125.8</ele>
      </trkpt>
      <trkpt lat="58.07694" lon="-5.02149">
        <ele>125.5</ele>
      </trkpt>
      <trkpt lat="58.07669" lon="-5.02001">
        <ele>127.1</ele>
      </trkpt>
      <trkpt lat="58.07578" lon="-5.019">
        <ele>125.3</ele>
      </trkpt>
      <trkpt lat="58.07499" lon="-5.01696">
        <ele>128.9</ele>
      </trkpt>
      <trkpt lat="58.07455" lon="-5.01677">
        <ele>126.6</ele>
      </trkpt>
      <trkpt lat="58.07399" lon="-5.01616">
        <ele>125.4</ele>
      </trkpt>
      <trkpt lat="58.07381" lon="-5.01525">
        <ele>126.9</ele>
      </trkpt>
      <trkpt lat="58.07343" lon="-5.01426">
        <ele>128.4</ele>
      </trkpt>
      <trkpt lat="58.07203" lon="-5.01241">
        <ele>129.0</ele>
      </trkpt>
      <trkpt lat="58.07162" lon="-5.01107">
        <ele>132.6</ele>
      </trkpt>
      <trkpt lat="58.07113" lon="-5.01004">
        <ele>134.1</ele>
      </trkpt>
      <trkpt lat="58.07061" lon="-5.00931">
        <ele>132.0</ele>
      </trkpt>
      <trkpt lat="58.07026" lon="-5.00788">
        <ele>135.3</ele>
      </trkpt>
      <trkpt lat="58.06969" lon="-5.00694">
        <ele>132.4</ele>
      </trkpt>
      <trkpt lat="58.06962" lon="-5.00628">
        <ele>137.7</ele>
      </trkpt>
      <trkpt lat="58.06923" lon="-5.00542">
        <ele>138.3</ele>
      </trkpt>
      <trkpt lat="58.06878" lon="-5.00267">
        <ele>145.2</ele>
      </trkpt>
      <trkpt lat="58.06786" lon="-5.00103">
        <ele>138.0</ele>
      </trkpt>
      <trkpt lat="58.06734" lon="-4.99913">
        <ele>140.4</ele>
      </trkpt>
      <trkpt lat="58.06704" lon="-4.99878">
        <ele>139.2</ele>
      </trkpt>
      <trkpt lat="58.06652" lon="-4.99878">
        <ele>133.3</ele>
      </trkpt>
      <trkpt lat="58.06567" lon="-4.99927">
        <ele>128.1</ele>
      </trkpt>
      <trkpt lat="58.06551" lon="-4.99866">
        <ele>130.8</ele>
      </trkpt>
      <trkpt lat="58.06492" lon="-4.99772">
        <ele>135.3</ele>
      </trkpt>
      <trkpt lat="58.06455" lon="-4.99662">
        <ele>139.1</ele>
      </trkpt>
      <trkpt lat="58.06425" lon="-4.99641">
        <ele>139.8</ele>
      </trkpt>
      <trkpt lat="58.06383" lon="-4.99568">
        <ele>135.9</ele>
      </trkpt>
      <trkpt lat="58.06361" lon="-4.99554">
        <ele>134.5</ele>
      </trkpt>
      <trkpt lat="58.06331" lon="-4.99566">
        <ele>133.5</ele>
      </trkpt>
      <trkpt lat="58.0633" lon="-4.99519">
        <ele>132.3</ele>
      </trkpt>
      <trkpt lat="58.0639" lon="-4.99209">
        <ele>132.3</ele>
      </trkpt>
      <trkpt lat="58.06376" lon="-4.98655">
        <ele>134.1</ele>
      </trkpt>
      <trkpt lat="58.06397" lon="-4.98491">
        <ele>136.2</ele>
      </trkpt>
      <trkpt lat="58.06611" lon="-4.98041">
        <ele>129.8</ele>
      </trkpt>
      <trkpt lat="58.06631" lon="-4.97417">
        <ele>140.1</ele>
      </trkpt>
      <trkpt lat="58.06668" lon="-4.97187">
        <ele>148.1</ele>
      </trkpt>
      <trkpt lat="58.06605" lon="-4.97147">
        <ele>147.5</ele>
      </trkpt>
      <trkpt lat="58.06516" lon="-4.97053">
        <ele>146.1</ele>
      </trkpt>
      <trkpt lat="58.06113" lon="-4.96431">
        <ele>147.1</ele>
      </trkpt>
      <trkpt lat="58.05959" lon="-4.96044">
        <ele>149.2</ele>
      </trkpt>
      <trkpt lat="58.0566" lon="-4.9512">
        <ele>151.3</ele>
      </trkpt>
      <trkpt lat="58.05547" lon="-4.94958">
        <ele>149.1</ele>
      </trkpt>
      <trkpt lat="58.0546" lon="-4.94768">
        <ele>147.4</ele>
      </trkpt>
      <trkpt lat="58.05332" lon="-4.94395">
        <ele>142.2</ele>
      </trkpt>
      <trkpt lat="58.05266" lon="-4.94038">
        <ele>144.9</ele>
      </trkpt>
      <trkpt lat="58.05116" lon="-4.93541">
        <ele>144.2</ele>
      </trkpt>
      <trkpt lat="58.05044" lon="-4.93405">
        <ele>146.1</ele>
      </trkpt>
      <trkpt lat="58.04933" lon="-4.9329">
        <ele>145.9</ele>
      </trkpt>
      <trkpt lat="58.04749" lon="-4.93015">
        <ele>148.6</ele>
      </trkpt>
      <trkpt lat="58.04668" lon="-4.9264">
        <ele>151.1</ele>
      </trkpt>
      <trkpt lat="58.04609" lon="-4.92497">
        <ele>152.6</ele>
      </trkpt>
      <trkpt lat="58.0436" lon="-4.91582">
        <ele>159.3</ele>
      </trkpt>
      <trkpt lat="58.04304" lon="-4.91176">
        <ele>162.1</ele>
      </trkpt>
      <trkpt lat="58.04279" lon="-4.9077">
        <ele>161.5</ele>
      </trkpt>
      <trkpt lat="58.04157" lon="-4.90348">
        <ele>155.2</ele>
      </trkpt>
      <trkpt lat="58.04078" lon="-4.90188">
        <ele>156.1</ele>
      </trkpt>
      <trkpt lat="58.03679" lon="-4.89555">
        <ele>153.2</ele>
      </trkpt>
      <trkpt lat="58.03377" lon="-4.88985">
        <ele>151.7</ele>
      </trkpt>
      <trkpt lat="58.03291" lon="-4.8887">
        <ele>155.1</ele>
      </trkpt>
      <trkpt lat="58.03138" lon="-4.88762">
        <ele>160.3</ele>
      </trkpt>
      <trkpt lat="58.03116" lon="-4.88722">
        <ele>161.6</ele>
      </trkpt>
      <trkpt lat="58.03066" lon="-4.88586">
        <ele>163.3</ele>
      </trkpt>
      <trkpt lat="58.02958" lon="-4.88152">
        <ele>164.3</ele>
      </trkpt>
      <trkpt lat="58.02731" lon="-4.8754">
        <ele>163.2</ele>
      </trkpt>
      <trkpt lat="58.02559" lon="-4.87279">
        <ele>162.4</ele>
      </trkpt>
      <trkpt lat="58.02513" lon="-4.87171">
        <ele>160.3</ele>
      </trkpt>
      <trkpt lat="58.02456" lon="-4.86779">
        <ele>158.1</ele>
      </trkpt>
      <trkpt lat="58.02432" lon="-4.86702">
        <ele>156.7</ele>
      </trkpt>
      <trkpt lat="58.02215" lon="-4.86538">
        <ele>149.9</ele>
      </trkpt>
      <trkpt lat="58.01979" lon="-4.86327">
        <ele>158.8</ele>
      </trkpt>
      <trkpt lat="58.01813" lon="-4.86085">
        <ele>166.2</ele>
      </trkpt>
      <trkpt lat="58.01649" lon="-4.85954">
        <ele>169.6</ele>
      </trkpt>
      <trkpt lat="58.01574" lon="-4.85881">
        <ele>170.8</ele>
      </trkpt>
      <trkpt lat="58.01516" lon="-4.85799">
        <ele>172.9</ele>
      </trkpt>
      <trkpt lat="58.01415" lon="-4.85576">
        <ele>175.0</ele>
      </trkpt>
      <trkpt lat="58.01285" lon="-4.85196">
        <ele>172.5</ele>
      </trkpt>
      <trkpt lat="58.01239" lon="-4.84795">
        <ele>169.0</ele>
      </trkpt>
      <trkpt lat="58.01165" lon="-4.84532">
        <ele>169.1</ele>
      </trkpt>
      <trkpt lat="58.01102" lon="-4.84393">
        <ele>168.2</ele>
      </trkpt>
      <trkpt lat="58.00987" lon="-4.84227">
        <ele>166.0</ele>
      </trkpt>
      <trkpt lat="58.00954" lon="-4.84159">
        <ele>165.3</ele>
      </trkpt>
      <trkpt lat="58.00829" lon="-4.83781">
        <ele>168.5</ele>
      </trkpt>
      <trkpt lat="58.00741" lon="-4.8357">
        <ele>164.6</ele>
      </trkpt>
      <trkpt lat="58.00669" lon="-4.83443">
        <ele>164.1</ele>
      </trkpt>
      <trkpt lat="58.00537" lon="-4.83073">
        <ele>161.2</ele>
      </trkpt>
      <trkpt lat="58.00421" lon="-4.82946">
        <ele>156.4</ele>
      </trkpt>
      <trkpt lat="58.00286" lon="-4.82709">
        <ele>160.3</ele>
      </trkpt>
      <trkpt lat="58.0004" lon="-4.82378">
        <ele>155.3</ele>
      </trkpt>
      <trkpt lat="57.99966" lon="-4.8231">
        <ele>154.4</ele>
      </trkpt>
      <trkpt lat="57.99811" lon="-4.82207">
        <ele>155.0</ele>
      </trkpt>
      <trkpt lat="57.99664" lon="-4.82052">
        <ele>153.8</ele>
      </trkpt>
      <trkpt lat="57.99508" lon="-4.81949">
        <ele>155.0</ele>
      </trkpt>
      <trkpt lat="57.99353" lon="-4.81756">
        <ele>147.7</ele>
      </trkpt>
      <trkpt lat="57.99267" lon="-4.81677">
        <ele>144.7</ele>
      </trkpt>
      <trkpt lat="57.99073" lon="-4.81545">
        <ele>146.0</ele>
      </trkpt>
      <trkpt lat="57.98863" lon="-4.81156">
        <ele>139.5</ele>
      </trkpt>
      <trkpt lat="57.98765" lon="-4.81034">
        <ele>135.0</ele>
      </trkpt>
      <trkpt lat="57.98685" lon="-4.80973">
        <ele>131.5</ele>
      </trkpt>
      <trkpt lat="57.9865" lon="-4.80928">
        <ele>129.4</ele>
      </trkpt>
      <trkpt lat="57.98514" lon="-4.80715">
        <ele>121.2</ele>
      </trkpt>
      <trkpt lat="57.98457" lon="-4.806">
        <ele>120.5</ele>
      </trkpt>
      <trkpt lat="57.98414" lon="-4.80457">
        <ele>116.4</ele>
      </trkpt>
      <trkpt lat="57.98271" lon="-4.79826">
        <ele>98.0</ele>
      </trkpt>
      <trkpt lat="57.97965" lon="-4.79019">
        <ele>76.4</ele>
      </trkpt>
      <trkpt lat="57.97685" lon="-4.78568">
        <ele>65.9</ele>
      </trkpt>
      <trkpt lat="57.97529" lon="-4.78514">
        <ele>63.9</ele>
      </trkpt>
      <trkpt lat="57.97449" lon="-4.78446">
        <ele>67.3</ele>
      </trkpt>
      <trkpt lat="57.97434" lon="-4.78312">
        <ele>67.7</ele>
      </trkpt>
      <trkpt lat="57.97364" lon="-4.78101">
        <ele>70.5</ele>
      </trkpt>
      <trkpt lat="57.97375" lon="-4.77977">
        <ele>67.7</ele>
      </trkpt>
      <trkpt lat="57.97361" lon="-4.77667">
        <ele>63.7</ele>
      </trkpt>
      <trkpt lat="57.9732" lon="-4.77515">
        <ele>62.5</ele>
      </trkpt>
      <trkpt lat="57.97238" lon="-4.77346">
        <ele>63.3</ele>
      </trkpt>
      <trkpt lat="57.97226" lon="-4.7698">
        <ele>66.2</ele>
      </trkpt>
      <trkpt lat="57.97117" lon="-4.76532">
        <ele>68.1</ele>
      </trkpt>
      <trkpt lat="57.97071" lon="-4.7622">
        <ele>68.6</ele>
      </trkpt>
      <trkpt lat="57.97062" lon="-4.76081">
        <ele>69.3</ele>
      </trkpt>
      <trkpt lat="57.97082" lon="-4.75943">
        <ele>66.2</ele>
      </trkpt>
      <trkpt lat="57.9709" lon="-4.7561">
        <ele>61.5</ele>
      </trkpt>
      <trkpt lat="57.97068" lon="-4.75354">
        <ele>56.8</ele>
      </trkpt>
      <trkpt lat="57.97006" lon="-4.75091">
        <ele>55.0</ele>
      </trkpt>
      <trkpt lat="57.9699" lon="-4.74601">
        <ele>54.1</ele>
      </trkpt>
      <trkpt lat="57.96918" lon="-4.74261">
        <ele>56.3</ele>
      </trkpt>
      <trkpt lat="57.96892" lon="-4.73897">
        <ele>53.0</ele>
      </trkpt>
      <trkpt lat="57.96806" lon="-4.73381">
        <ele>42.6</ele>
      </trkpt>
      <trkpt lat="57.967937" lon="-4.732358">
        <ele>40.1</ele>
      </trkpt>
      <trkpt lat="57.967936" lon="-4.732344">
        <ele>40.1</ele>
      </trkpt>
      <trkpt lat="57.96781" lon="-4.73085">
        <ele>37.4</ele>
      </trkpt>
      <trkpt lat="57.9678" lon="-4.73125">
        <ele>38.0</ele>
      </trkpt>
      <trkpt lat="57.967748" lon="-4.731165">
        <ele>37.9</ele>
      </trkpt>
      <trkpt lat="57.9673" lon="-4.73043">
        <ele>36.3</ele>
      </trkpt>
      <trkpt lat="57.96621" lon="-4.72977">
        <ele>40.1</ele>
      </trkpt>
      <trkpt lat="57.96606" lon="-4.72956">
        <ele>40.7</ele>
      </trkpt>
      <trkpt lat="57.96562" lon="-4.72818">
        <ele>38.5</ele>
      </trkpt>
      <trkpt lat="57.96553" lon="-4.7271">
        <ele>33.3</ele>
      </trkpt>
      <trkpt lat="57.96485" lon="-4.72532">
        <ele>29.7</ele>
      </trkpt>
      <trkpt lat="57.96404" lon="-4.72452">
        <ele>30.4</ele>
      </trkpt>
      <trkpt lat="57.96368" lon="-4.72471">
        <ele>30.7</ele>
      </trkpt>
      <trkpt lat="57.96331" lon="-4.72527">
        <ele>32.2</ele>
      </trkpt>
      <trkpt lat="57.96261" lon="-4.72703">
        <ele>35.5</ele>
      </trkpt>
      <trkpt lat="57.9623" lon="-4.72935">
        <ele>37.0</ele>
      </trkpt>
      <trkpt lat="57.96214" lon="-4.72973">
        <ele>35.5</ele>
      </trkpt>
      <trkpt lat="57.96192" lon="-4.73001">
        <ele>33.1</ele>
      </trkpt>
      <trkpt lat="57.96127" lon="-4.72984">
        <ele>31.4</ele>
      </trkpt>
      <trkpt lat="57.96107" lon="-4.73015">
        <ele>32.2</ele>
      </trkpt>
      <trkpt lat="57.96033" lon="-4.73334">
        <ele>35.0</ele>
      </trkpt>
      <trkpt lat="57.95894" lon="-4.73719">
        <ele>42.3</ele>
      </trkpt>
      <trkpt lat="57.95775" lon="-4.73897">
        <ele>51.3</ele>
      </trkpt>
      <trkpt lat="57.95718" lon="-4.74057">
        <ele>56.1</ele>
      </trkpt>
      <trkpt lat="57.95674" lon="-4.74092">
        <ele>63.4</ele>
      </trkpt>
      <trkpt lat="57.95542" lon="-4.7431">
        <ele>74.4</ele>
      </trkpt>
      <trkpt lat="57.95424" lon="-4.74634">
        <ele>84.5</ele>
      </trkpt>
      <trkpt lat="57.95359" lon="-4.74892">
        <ele>90.1</ele>
      </trkpt>
      <trkpt lat="57.95286" lon="-4.7496">
        <ele>95.8</ele>
      </trkpt>
      <trkpt lat="57.95122" lon="-4.75227">
        <ele>94.3</ele>
      </trkpt>
      <trkpt lat="57.95015" lon="-4.75457">
        <ele>96.7</ele>
      </trkpt>
      <trkpt lat="57.9496" lon="-4.7564">
        <ele>94.7</ele>
      </trkpt>
      <trkpt lat="57.94826" lon="-4.75732">
        <ele>97.5</ele>
      </trkpt>
      <trkpt lat="57.94705" lon="-4.75877">
        <ele>104.0</ele>
      </trkpt>
      <trkpt lat="57.94574" lon="-4.75884">
        <ele>104.9</ele>
      </trkpt>
      <trkpt lat="57.94532" lon="-4.75943">
        <ele>105.4</ele>
      </trkpt>
      <trkpt lat="57.94529" lon="-4.75992">
        <ele>103.0</ele>
      </trkpt>
      <trkpt lat="57.94595" lon="-4.76067">
        <ele>101.7</ele>
      </trkpt>
      <trkpt lat="57.94612" lon="-4.76105">
        <ele>101.2</ele>
      </trkpt>
      <trkpt lat="57.94707" lon="-4.7637">
        <ele>94.2</ele>
      </trkpt>
      <trkpt lat="57.94732" lon="-4.76487">
        <ele>89.9</ele>
      </trkpt>
      <trkpt lat="57.94727" lon="-4.76621">
        <ele>87.7</ele>
      </trkpt>
      <trkpt lat="57.9467" lon="-4.76752">
        <ele>93.4</ele>
      </trkpt>
      <trkpt lat="57.94642" lon="-4.76945">
        <ele>95.1</ele>
      </trkpt>
      <trkpt lat="57.94651" lon="-4.77102">
        <ele>91.2</ele>
      </trkpt>
      <trkpt lat="57.94607" lon="-4.77252">
        <ele>93.3</ele>
      </trkpt>
      <trkpt lat="57.94557" lon="-4.7732">
        <ele>98.8</ele>
      </trkpt>
      <trkpt lat="57.94528" lon="-4.77388">
        <ele>101.0</ele>
      </trkpt>
      <trkpt lat="57.94487" lon="-4.77543">
        <ele>101.2</ele>
      </trkpt>
      <trkpt lat="57.94419" lon="-4.77881">
        <ele>108.7</ele>
      </trkpt>
      <trkpt lat="57.94428" lon="-4.7804">
        <ele>102.3</ele>
      </trkpt>
      <trkpt lat="57.94416" lon="-4.78111">
        <ele>98.6</ele>
      </trkpt>
      <trkpt lat="57.9432" lon="-4.78282">
        <ele>115.2</ele>
      </trkpt>
      <trkpt lat="57.94286" lon="-4.7838">
        <ele>116.3</ele>
      </trkpt>
      <trkpt lat="57.94253" lon="-4.7857">
        <ele>117.4</ele>
      </trkpt>
      <trkpt lat="57.94262" lon="-4.7877">
        <ele>107.5</ele>
      </trkpt>
      <trkpt lat="57.94249" lon="-4.78845">
        <ele>108.3</ele>
      </trkpt>
      <trkpt lat="57.94087" lon="-4.79185">
        <ele>125.2</ele>
      </trkpt>
      <trkpt lat="57.94032" lon="-4.79331">
        <ele>121.7</ele>
      </trkpt>
      <trkpt lat="57.94004" lon="-4.79354">
        <ele>123.8</ele>
      </trkpt>
      <trkpt lat="57.93923" lon="-4.79354">
        <ele>128.5</ele>
      </trkpt>
      <trkpt lat="57.93873" lon="-4.79382">
        <ele>127.4</ele>
      </trkpt>
      <trkpt lat="57.93781" lon="-4.79544">
        <ele>124.2</ele>
      </trkpt>
      <trkpt lat="57.93686" lon="-4.79793">
        <ele>119.6</ele>
      </trkpt>
      <trkpt lat="57.93545" lon="-4.80363">
        <ele>109.6</ele>
      </trkpt>
      <trkpt lat="57.93531" lon="-4.80506">
        <ele>104.0</ele>
      </trkpt>
      <trkpt lat="57.93497" lon="-4.80647">
        <ele>101.6</ele>
      </trkpt>
      <trkpt lat="57.9334" lon="-4.80755">
        <ele>108.9</ele>
      </trkpt>
      <trkpt lat="57.93149" lon="-4.80811">
        <ele>120.3</ele>
      </trkpt>
      <trkpt lat="57.9305" lon="-4.80778">
        <ele>124.1</ele>
      </trkpt>
      <trkpt lat="57.92959" lon="-4.80898">
        <ele>131.4</ele>
      </trkpt>
      <trkpt lat="57.92768" lon="-4.80865">
        <ele>133.3</ele>
      </trkpt>
      <trkpt lat="57.92506" lon="-4.80928">
        <ele>144.2</ele>
      </trkpt>
      <trkpt lat="57.92293" lon="-4.81078">
        <ele>147.0</ele>
      </trkpt>
      <trkpt lat="57.92007" lon="-4.81522">
        <ele>152.9</ele>
      </trkpt>
      <trkpt lat="57.91875" lon="-4.81989">
        <ele>159.0</ele>
      </trkpt>
      <trkpt lat="57.91556" lon="-4.82608">
        <ele>166.4</ele>
      </trkpt>
      <trkpt lat="57.914" lon="-4.83056">
        <ele>188.6</ele>
      </trkpt>
      <trkpt lat="57.91169" lon="-4.83317">
        <ele>183.1</ele>
      </trkpt>
      <trkpt lat="57.90989" lon="-4.83678">
        <ele>189.0</ele>
      </trkpt>
      <trkpt lat="57.90849" lon="-4.83708">
        <ele>182.1</ele>
      </trkpt>
      <trkpt lat="57.90752" lon="-4.83781">
        <ele>183.1</ele>
      </trkpt>
      <trkpt lat="57.90655" lon="-4.83995">
        <ele>187.6</ele>
      </trkpt>
      <trkpt lat="57.90543" lon="-4.84051">
        <ele>189.2</ele>
      </trkpt>
      <trkpt lat="57.90448" lon="-4.84161">
        <ele>189.2</ele>
      </trkpt>
      <trkpt lat="57.90386" lon="-4.84354">
        <ele>195.2</ele>
      </trkpt>
      <trkpt lat="57.90297" lon="-4.84349">
        <ele>194.0</ele>
      </trkpt>
      <trkpt lat="57.90213" lon="-4.84419">
        <ele>198.6</ele>
      </trkpt>
      <trkpt lat="57.90145" lon="-4.84424">
        <ele>198.8</ele>
      </trkpt>
      <trkpt lat="57.89986" lon="-4.84595">
        <ele>202.8</ele>
      </trkpt>
      <trkpt lat="57.89817" lon="-4.84654">
        <ele>205.8</ele>
      </trkpt>
      <trkpt lat="57.8979" lon="-4.84694">
        <ele>205.7</ele>
      </trkpt>
      <trkpt lat="57.89562" lon="-4.85684">
        <ele>211.5</ele>
      </trkpt>
      <trkpt lat="57.89572" lon="-4.85825">
        <ele>215.7</ele>
      </trkpt>
      <trkpt lat="57.89476" lon="-4.86015">
        <ele>212.0</ele>
      </trkpt>
      <trkpt lat="57.89455" lon="-4.86303">
        <ele>219.6</ele>
      </trkpt>
      <trkpt lat="57.89385" lon="-4.86449">
        <ele>219.7</ele>
      </trkpt>
      <trkpt lat="57.89304" lon="-4.86465">
        <ele>215.6</ele>
      </trkpt>
      <trkpt lat="57.89243" lon="-4.86627">
        <ele>219.2</ele>
      </trkpt>
      <trkpt lat="57.89148" lon="-4.86716">
        <ele>218.2</ele>
      </trkpt>
      <trkpt lat="57.89044" lon="-4.87059">
        <ele>228.8</ele>
      </trkpt>
      <trkpt lat="57.89065" lon="-4.87429">
        <ele>247.0</ele>
      </trkpt>
      <trkpt lat="57.88986" lon="-4.87751">
        <ele>262.0</ele>
      </trkpt>
      <trkpt lat="57.88924" lon="-4.87826">
        <ele>257.6</ele>
      </trkpt>
      <trkpt lat="57.8881" lon="-4.88347">
        <ele>285.8</ele>
      </trkpt>
      <trkpt lat="57.88768" lon="-4.88769">
        <ele>304.5</ele>
      </trkpt>
      <trkpt lat="57.88541" lon="-4.89489">
        <ele>332.8</ele>
      </trkpt>
      <trkpt lat="57.88503" lon="-4.8971">
        <ele>339.1</ele>
      </trkpt>
      <trkpt lat="57.8848" lon="-4.90144">
        <ele>339.8</ele>
      </trkpt>
      <trkpt lat="57.88505" lon="-4.90367">
        <ele>336.4</ele>
      </trkpt>
      <trkpt lat="57.88451" lon="-4.90676">
        <ele>325.8</ele>
      </trkpt>
      <trkpt lat="57.88482" lon="-4.90836">
        <ele>324.4</ele>
      </trkpt>
      <trkpt lat="57.88439" lon="-4.90916">
        <ele>315.4</ele>
      </trkpt>
      <trkpt lat="57.88409" lon="-4.91244">
        <ele>298.7</ele>
      </trkpt>
      <trkpt lat="57.88464" lon="-4.91495">
        <ele>296.3</ele>
      </trkpt>
      <trkpt lat="57.88903" lon="-4.92476">
        <ele>275.4</ele>
      </trkpt>
      <trkpt lat="57.89247" lon="-4.92919">
        <ele>254.0</ele>
      </trkpt>
      <trkpt lat="57.89338" lon="-4.92957">
        <ele>247.8</ele>
      </trkpt>
      <trkpt lat="57.89439" lon="-4.92931">
        <ele>240.4</ele>
      </trkpt>
      <trkpt lat="57.89665" lon="-4.9264">
        <ele>224.9</ele>
      </trkpt>
      <trkpt lat="57.8973" lon="-4.92706">
        <ele>212.4</ele>
      </trkpt>
      <trkpt lat="57.89756" lon="-4.92666">
        <ele>209.7</ele>
      </trkpt>
      <trkpt lat="57.89837" lon="-4.92703">
        <ele>207.1</ele>
      </trkpt>
      <trkpt lat="57.89831" lon="-4.92882">
        <ele>210.7</ele>
      </trkpt>
      <trkpt lat="57.89893" lon="-4.92978">
        <ele>217.1</ele>
      </trkpt>
      <trkpt lat="57.89874" lon="-4.93121">
        <ele>220.6</ele>
      </trkpt>
      <trkpt lat="57.89963" lon="-4.93576">
        <ele>244.7</ele>
      </trkpt>
      <trkpt lat="57.89877" lon="-4.94064">
        <ele>258.4</ele>
      </trkpt>
      <trkpt lat="57.89563" lon="-4.94754">
        <ele>251.4</ele>
      </trkpt>
      <trkpt lat="57.89407" lon="-4.95371">
        <ele>219.7</ele>
      </trkpt>
      <trkpt lat="57.89403" lon="-4.96314">
        <ele>140.6</ele>
      </trkpt>
      <trkpt lat="57.89432" lon="-4.96539">
        <ele>128.1</ele>
      </trkpt>
      <trkpt lat="57.89535" lon="-4.9676">
        <ele>129.5</ele>
      </trkpt>
      <trkpt lat="57.89829" lon="-4.97947">
        <ele>104.9</ele>
      </trkpt>
      <trkpt lat="57.90071" lon="-4.98299">
        <ele>111.6</ele>
      </trkpt>
      <trkpt lat="57.90192" lon="-4.98587">
        <ele>113.7</ele>
      </trkpt>
      <trkpt lat="57.90331" lon="-4.99167">
        <ele>105.8</ele>
      </trkpt>
      <trkpt lat="57.90382" lon="-4.99242">
        <ele>112.0</ele>
      </trkpt>
      <trkpt lat="57.90576" lon="-5.00537">
        <ele>102.3</ele>
      </trkpt>
      <trkpt lat="57.9054" lon="-5.01168">
        <ele>98.3</ele>
      </trkpt>
      <trkpt lat="57.90484" lon="-5.01316">
        <ele>96.7</ele>
      </trkpt>
      <trkpt lat="57.9049" lon="-5.01604">
        <ele>97.7</ele>
      </trkpt>
      <trkpt lat="57.90589" lon="-5.02198">
        <ele>95.7</ele>
      </trkpt>
      <trkpt lat="57.90644" lon="-5.02817">
        <ele>92.3</ele>
      </trkpt>
      <trkpt lat="57.90773" lon="-5.0335">
        <ele>91.5</ele>
      </trkpt>
      <trkpt lat="57.90718" lon="-5.03589">
        <ele>87.6</ele>
      </trkpt>
      <trkpt lat="57.90714" lon="-5.04082">
        <ele>87.7</ele>
      </trkpt>
      <trkpt lat="57.90795" lon="-5.04976">
        <ele>84.9</ele>
      </trkpt>
      <trkpt lat="57.90954" lon="-5.06123">
        <ele>85.9</ele>
      </trkpt>
      <trkpt lat="57.90946" lon="-5.0628">
        <ele>83.1</ele>
      </trkpt>
      <trkpt lat="57.91078" lon="-5.06808">
        <ele>85.6</ele>
      </trkpt>
      <trkpt lat="57.91027" lon="-5.07031">
        <ele>82.4</ele>
      </trkpt>
      <trkpt lat="57.91058" lon="-5.07512">
        <ele>90.9</ele>
      </trkpt>
      <trkpt lat="57.91003" lon="-5.07667">
        <ele>87.5</ele>
      </trkpt>
      <trkpt lat="57.90976" lon="-5.07993">
        <ele>85.0</ele>
      </trkpt>
      <trkpt lat="57.9104" lon="-5.08253">
        <ele>88.3</ele>
      </trkpt>
      <trkpt lat="57.91021" lon="-5.08532">
        <ele>82.7</ele>
      </trkpt>
      <trkpt lat="57.91093" lon="-5.08908">
        <ele>85.5</ele>
      </trkpt>
      <trkpt lat="57.9111" lon="-5.09539">
        <ele>81.6</ele>
      </trkpt>
      <trkpt lat="57.91196" lon="-5.09783">
        <ele>85.8</ele>
      </trkpt>
      <trkpt lat="57.91157" lon="-5.10247">
        <ele>83.6</ele>
      </trkpt>
      <trkpt lat="57.91239" lon="-5.10707">
        <ele>88.4</ele>
      </trkpt>
      <trkpt lat="57.91176" lon="-5.11085">
        <ele>87.3</ele>
      </trkpt>
      <trkpt lat="57.91051" lon="-5.11334">
        <ele>83.5</ele>
      </trkpt>
      <trkpt lat="57.91042" lon="-5.1146">
        <ele>83.5</ele>
      </trkpt>
      <trkpt lat="57.90952" lon="-5.11627">
        <ele>82.2</ele>
      </trkpt>
      <trkpt lat="57.9088" lon="-5.11646">
        <ele>85.8</ele>
      </trkpt>
      <trkpt lat="57.90828" lon="-5.11742">
        <ele>91.8</ele>
      </trkpt>
      <trkpt lat="57.9083" lon="-5.11718">
        <ele>91.5</ele>
      </trkpt>
      <trkpt lat="57.90766" lon="-5.11585">
        <ele>97.3</ele>
      </trkpt>
      <trkpt lat="57.90742" lon="-5.11601">
        <ele>100.5</ele>
      </trkpt>
      <trkpt lat="57.90719" lon="-5.11763">
        <ele>109.0</ele>
      </trkpt>
      <trkpt lat="57.90698" lon="-5.11817">
        <ele>114.4</ele>
      </trkpt>
      <trkpt lat="57.90694" lon="-5.12019">
        <ele>122.0</ele>
      </trkpt>
      <trkpt lat="57.90663" lon="-5.12211">
        <ele>132.9</ele>
      </trkpt>
      <trkpt lat="57.90661" lon="-5.12413">
        <ele>138.3</ele>
      </trkpt>
      <trkpt lat="57.90691" lon="-5.12945">
        <ele>151.4</ele>
      </trkpt>
      <trkpt lat="57.90689" lon="-5.13103">
        <ele>154.2</ele>
      </trkpt>
      <trkpt lat="57.90607" lon="-5.13504">
        <ele>161.6</ele>
      </trkpt>
      <trkpt lat="57.9059" lon="-5.13555">
        <ele>160.3</ele>
      </trkpt>
      <trkpt lat="57.90543" lon="-5.13619">
        <ele>164.3</ele>
      </trkpt>
      <trkpt lat="57.9047" lon="-5.13853">
        <ele>169.9</ele>
      </trkpt>
      <trkpt lat="57.90472" lon="-5.14032">
        <ele>164.4</ele>
      </trkpt>
      <trkpt lat="57.90422" lon="-5.14407">
        <ele>148.9</ele>
      </trkpt>
      <trkpt lat="57.90433" lon="-5.14548">
        <ele>143.7</ele>
      </trkpt>
      <trkpt lat="57.90469" lon="-5.14698">
        <ele>135.5</ele>
      </trkpt>
      <trkpt lat="57.90471" lon="-5.14787">
        <ele>133.7</ele>
      </trkpt>
      <trkpt lat="57.90439" lon="-5.14876">
        <ele>135.2</ele>
      </trkpt>
      <trkpt lat="57.9037" lon="-5.15259">
        <ele>109.8</ele>
      </trkpt>
      <trkpt lat="57.90285" lon="-5.15334">
        <ele>104.0</ele>
      </trkpt>
      <trkpt lat="57.90231" lon="-5.1535">
        <ele>98.1</ele>
      </trkpt>
      <trkpt lat="57.9008" lon="-5.15127">
        <ele>90.6</ele>
      </trkpt>
      <trkpt lat="57.90012" lon="-5.14991">
        <ele>88.0</ele>
      </trkpt>
      <trkpt lat="57.90003" lon="-5.14996">
        <ele>83.8</ele>
      </trkpt>
      <trkpt lat="57.90006" lon="-5.15167">
        <ele>61.8</ele>
      </trkpt>
      <trkpt lat="57.90034" lon="-5.1532">
        <ele>49.0</ele>
      </trkpt>
      <trkpt lat="57.90138" lon="-5.15622">
        <ele>30.6</ele>
      </trkpt>
      <trkpt lat="57.90096" lon="-5.15721">
        <ele>20.1</ele>
      </trkpt>
      <trkpt lat="57.899959" lon="-5.157166">
        <ele>18.3</ele>
      </trkpt>
      <trkpt lat="57.89938" lon="-5.15714">
        <ele>16.9</ele>
      </trkpt>
      <trkpt lat="57.898234" lon="-5.156214">
        <ele>15.9</ele>
      </trkpt>
      <trkpt lat="57.89673" lon="-5.155">
        <ele>10.3</ele>
      </trkpt>
      <trkpt lat="57.89664" lon="-5.1547">
        <ele>9.3</ele>
      </trkpt>
      <trkpt lat="57.8966" lon="-5.15484">
        <ele>9.0</ele>
      </trkpt>
      <trkpt lat="57.89685" lon="-5.1528">
        <ele>10.1</ele>
      </trkpt>
      <trkpt lat="57.89684" lon="-5.15137">
        <ele>14.5</ele>
      </trkpt>
      <trkpt lat="57.8961" lon="-5.14965">
        <ele>18.6</ele>
      </trkpt>
      <trkpt lat="57.89497" lon="-5.14459">
        <ele>35.8</ele>
      </trkpt>
      <trkpt lat="57.8937" lon="-5.14264">
        <ele>43.5</ele>
      </trkpt>
      <trkpt lat="57.89195" lon="-5.14165">
        <ele>38.0</ele>
      </trkpt>
      <trkpt lat="57.89065" lon="-5.13933">
        <ele>44.0</ele>
      </trkpt>
      <trkpt lat="57.88925" lon="-5.13776">
        <ele>32.9</ele>
      </trkpt>
      <trkpt lat="57.88839" lon="-5.13588">
        <ele>35.0</ele>
      </trkpt>
      <trkpt lat="57.88643" lon="-5.13389">
        <ele>30.6</ele>
      </trkpt>
      <trkpt lat="57.88529" lon="-5.13067">
        <ele>42.0</ele>
      </trkpt>
      <trkpt lat="57.88092" lon="-5.12373">
        <ele>47.2</ele>
      </trkpt>
      <trkpt lat="57.87336" lon="-5.10224">
        <ele>42.5</ele>
      </trkpt>
      <trkpt lat="57.87092" lon="-5.0968">
        <ele>45.4</ele>
      </trkpt>
      <trkpt lat="57.8697" lon="-5.09572">
        <ele>33.5</ele>
      </trkpt>
      <trkpt lat="57.86763" lon="-5.09511">
        <ele>19.3</ele>
      </trkpt>
      <trkpt lat="57.864" lon="-5.08992">
        <ele>29.5</ele>
      </trkpt>
      <trkpt lat="57.86103" lon="-5.08704">
        <ele>39.0</ele>
      </trkpt>
      <trkpt lat="57.85697" lon="-5.08713">
        <ele>56.8</ele>
      </trkpt>
      <trkpt lat="57.85641" lon="-5.08666">
        <ele>56.6</ele>
      </trkpt>
      <trkpt lat="57.85347" lon="-5.0819">
        <ele>44.9</ele>
      </trkpt>
      <trkpt lat="57.85049" lon="-5.0788">
        <ele>32.0</ele>
      </trkpt>
      <trkpt lat="57.84822" lon="-5.07763">
        <ele>30.1</ele>
      </trkpt>
      <trkpt lat="57.84224" lon="-5.07641">
        <ele>24.4</ele>
      </trkpt>
      <trkpt lat="57.83461" lon="-5.07146">
        <ele>16.7</ele>
      </trkpt>
      <trkpt lat="57.82834" lon="-5.06569">
        <ele>20.2</ele>
      </trkpt>
      <trkpt lat="57.82332" lon="-5.0636">
        <ele>10.7</ele>
      </trkpt>
      <trkpt lat="57.8197" lon="-5.06264">
        <ele>10.6</ele>
      </trkpt>
      <trkpt lat="57.81859" lon="-5.06196">
        <ele>12.0</ele>
      </trkpt>
      <trkpt lat="57.81638" lon="-5.05912">
        <ele>12.3</ele>
      </trkpt>
      <trkpt lat="57.81426" lon="-5.05919">
        <ele>11.9</ele>
      </trkpt>
      <trkpt lat="57.81231" lon="-5.05811">
        <ele>20.4</ele>
      </trkpt>
      <trkpt lat="57.80998" lon="-5.05745">
        <ele>28.2</ele>
      </trkpt>
      <trkpt lat="57.80807" lon="-5.06461">
        <ele>11.4</ele>
      </trkpt>
      <trkpt lat="57.808186" lon="-5.067189">
        <ele>14.3</ele>
      </trkpt>
      <trkpt lat="57.808501" lon="-5.067356">
        <ele>12.2</ele>
      </trkpt>
      <trkpt lat="57.808547" lon="-5.067854">
        <ele>12.6</ele>
      </trkpt>
      <trkpt lat="57.809069" lon="-5.068398">
        <ele>10.1</ele>
      </trkpt>
      <trkpt lat="57.808937" lon="-5.06901">
        <ele>24.0</ele>
      </trkpt>
      <trkpt lat="57.80859" lon="-5.069028">
        <ele>27.6</ele>
      </trkpt>
      <trkpt lat="57.806708" lon="-5.069784">
        <ele>66.6</ele>
      </trkpt>
      <trkpt lat="57.805587" lon="-5.069835">
        <ele>85.4</ele>
      </trkpt>
      <trkpt lat="57.805351" lon="-5.069855">
        <ele>90.8</ele>
      </trkpt>
      <trkpt lat="57.805065" lon="-5.06991">
        <ele>98.2</ele>
      </trkpt>
      <trkpt lat="57.804921" lon="-5.070019">
        <ele>103.5</ele>
      </trkpt>
      <trkpt lat="57.804638" lon="-5.070291">
        <ele>113.5</ele>
      </trkpt>
      <trkpt lat="57.80398" lon="-5.07085">
        <ele>125.2</ele>
      </trkpt>
      <trkpt lat="57.8037" lon="-5.07148">
        <ele>132.2</ele>
      </trkpt>
      <trkpt lat="57.80367" lon="-5.07268">
        <ele>150.6</ele>
      </trkpt>
      <trkpt lat="57.80579" lon="-5.0739">
        <ele>209.8</ele>
      </trkpt>
      <trkpt lat="57.80679" lon="-5.07406">
        <ele>220.5</ele>
      </trkpt>
      <trkpt lat="57.80676" lon="-5.07439">
        <ele>229.5</ele>
      </trkpt>
      <trkpt lat="57.80835" lon="-5.07585">
        <ele>274.3</ele>
      </trkpt>
      <trkpt lat="57.80856" lon="-5.07784">
        <ele>305.2</ele>
      </trkpt>
      <trkpt lat="57.80897" lon="-5.07847">
        <ele>313.3</ele>
      </trkpt>
      <trkpt lat="57.80915" lon="-5.08143">
        <ele>343.3</ele>
      </trkpt>
      <trkpt lat="57.80993" lon="-5.08227">
        <ele>339.0</ele>
      </trkpt>
      <trkpt lat="57.81022" lon="-5.08427">
        <ele>363.0</ele>
      </trkpt>
      <trkpt lat="57.81255" lon="-5.08882">
        <ele>382.4</ele>
      </trkpt>
      <trkpt lat="57.81297" lon="-5.09037">
        <ele>385.3</ele>
      </trkpt>
      <trkpt lat="57.81287" lon="-5.09229">
        <ele>390.3</ele>
      </trkpt>
      <trkpt lat="57.81438" lon="-5.09431">
        <ele>397.9</ele>
      </trkpt>
      <trkpt lat="57.81491" lon="-5.09959">
        <ele>409.7</ele>
      </trkpt>
      <trkpt lat="57.81531" lon="-5.09947">
        <ele>406.0</ele>
      </trkpt>
      <trkpt lat="57.81587" lon="-5.10027">
        <ele>401.3</ele>
      </trkpt>
      <trkpt lat="57.8162" lon="-5.10198">
        <ele>396.0</ele>
      </trkpt>
      <trkpt lat="57.81604" lon="-5.10332">
        <ele>389.8</ele>
      </trkpt>
      <trkpt lat="57.81646" lon="-5.10672">
        <ele>392.6</ele>
      </trkpt>
      <trkpt lat="57.81607" lon="-5.11036">
        <ele>401.3</ele>
      </trkpt>
      <trkpt lat="57.81519" lon="-5.11223">
        <ele>401.4</ele>
      </trkpt>
      <trkpt lat="57.8149" lon="-5.11449">
        <ele>404.3</ele>
      </trkpt>
      <trkpt lat="57.81435" lon="-5.11517">
        <ele>399.6</ele>
      </trkpt>
      <trkpt lat="57.81463" lon="-5.11728">
        <ele>401.0</ele>
      </trkpt>
      <trkpt lat="57.81434" lon="-5.11986">
        <ele>391.0</ele>
      </trkpt>
      <trkpt lat="57.81537" lon="-5.12833">
        <ele>334.2</ele>
      </trkpt>
      <trkpt lat="57.81637" lon="-5.13145">
        <ele>309.4</ele>
      </trkpt>
      <trkpt lat="57.81658" lon="-5.13436">
        <ele>288.5</ele>
      </trkpt>
      <trkpt lat="57.81779" lon="-5.13933">
        <ele>277.7</ele>
      </trkpt>
      <trkpt lat="57.81836" lon="-5.14625">
        <ele>288.1</ele>
      </trkpt>
      <trkpt lat="57.81828" lon="-5.1505">
        <ele>265.8</ele>
      </trkpt>
      <trkpt lat="57.81966" lon="-5.15808">
        <ele>231.2</ele>
      </trkpt>
      <trkpt lat="57.82012" lon="-5.15873">
        <ele>239.0</ele>
      </trkpt>
      <trkpt lat="57.81926" lon="-5.16019">
        <ele>207.3</ele>
      </trkpt>
      <trkpt lat="57.81855" lon="-5.1631">
        <ele>194.4</ele>
      </trkpt>
      <trkpt lat="57.81846" lon="-5.16779">
        <ele>149.3</ele>
      </trkpt>
      <trkpt lat="57.81972" lon="-5.17117">
        <ele>106.6</ele>
      </trkpt>
      <trkpt lat="57.82079" lon="-5.1726">
        <ele>89.9</ele>
      </trkpt>
      <trkpt lat="57.82017" lon="-5.17382">
        <ele>57.0</ele>
      </trkpt>
      <trkpt lat="57.82078" lon="-5.17553">
        <ele>48.9</ele>
      </trkpt>
      <trkpt lat="57.82051" lon="-5.17652">
        <ele>46.4</ele>
      </trkpt>
      <trkpt lat="57.82012" lon="-5.17656">
        <ele>47.5</ele>
      </trkpt>
      <trkpt lat="57.82004" lon="-5.17809">
        <ele>54.6</ele>
      </trkpt>
      <trkpt lat="57.81505" lon="-5.17607">
        <ele>57.9</ele>
      </trkpt>
      <trkpt lat="57.81398" lon="-5.17593">
        <ele>63.3</ele>
      </trkpt>
      <trkpt lat="57.81388" lon="-5.17612">
        <ele>65.2</ele>
      </trkpt>
      <trkpt lat="57.81404" lon="-5.17638">
        <ele>65.3</ele>
      </trkpt>
      <trkpt lat="57.81392" lon="-5.17687">
        <ele>68.3</ele>
      </trkpt>
      <trkpt lat="57.81312" lon="-5.17865">
        <ele>79.0</ele>
      </trkpt>
      <trkpt lat="57.81298" lon="-5.17945">
        <ele>81.6</ele>
      </trkpt>
      <trkpt lat="57.81282" lon="-5.17968">
        <ele>85.0</ele>
      </trkpt>
      <trkpt lat="57.81214" lon="-5.18015">
        <ele>96.4</ele>
      </trkpt>
      <trkpt lat="57.81126" lon="-5.18107">
        <ele>105.0</ele>
      </trkpt>
      <trkpt lat="57.81046" lon="-5.1813">
        <ele>114.9</ele>
      </trkpt>
      <trkpt lat="57.80949" lon="-5.18236">
        <ele>125.5</ele>
      </trkpt>
      <trkpt lat="57.80915" lon="-5.1825">
        <ele>130.2</ele>
      </trkpt>
      <trkpt lat="57.80837" lon="-5.18323">
        <ele>137.8</ele>
      </trkpt>
      <trkpt lat="57.80775" lon="-5.18412">
        <ele>146.5</ele>
      </trkpt>
      <trkpt lat="57.80691" lon="-5.1848">
        <ele>155.2</ele>
      </trkpt>
      <trkpt lat="57.80639" lon="-5.18494">
        <ele>163.2</ele>
      </trkpt>
      <trkpt lat="57.80353" lon="-5.18815">
        <ele>205.5</ele>
      </trkpt>
      <trkpt lat="57.80064" lon="-5.18874">
        <ele>235.6</ele>
      </trkpt>
      <trkpt lat="57.79941" lon="-5.18832">
        <ele>246.5</ele>
      </trkpt>
      <trkpt lat="57.79878" lon="-5.18771">
        <ele>257.3</ele>
      </trkpt>
      <trkpt lat="57.79794" lon="-5.18731">
        <ele>260.1</ele>
      </trkpt>
      <trkpt lat="57.79655" lon="-5.18731">
        <ele>257.7</ele>
      </trkpt>
      <trkpt lat="57.79572" lon="-5.1882">
        <ele>260.5</ele>
      </trkpt>
      <trkpt lat="57.79553" lon="-5.18942">
        <ele>276.3</ele>
      </trkpt>
      <trkpt lat="57.79493" lon="-5.18987">
        <ele>283.8</ele>
      </trkpt>
      <trkpt lat="57.79449" lon="-5.18996">
        <ele>288.2</ele>
      </trkpt>
      <trkpt lat="57.79366" lon="-5.19104">
        <ele>316.0</ele>
      </trkpt>
      <trkpt lat="57.79308" lon="-5.1909">
        <ele>322.8</ele>
      </trkpt>
      <trkpt lat="57.79303" lon="-5.19116">
        <ele>326.4</ele>
      </trkpt>
      <trkpt lat="57.79315" lon="-5.19134">
        <ele>326.1</ele>
      </trkpt>
      <trkpt lat="57.79297" lon="-5.19181">
        <ele>334.5</ele>
      </trkpt>
      <trkpt lat="57.79256" lon="-5.19214">
        <ele>344.1</ele>
      </trkpt>
      <trkpt lat="57.79233" lon="-5.19254">
        <ele>350.4</ele>
      </trkpt>
      <trkpt lat="57.7912" lon="-5.1951">
        <ele>370.9</ele>
      </trkpt>
      <trkpt lat="57.79044" lon="-5.19561">
        <ele>374.0</ele>
      </trkpt>
      <trkpt lat="57.79007" lon="-5.19669">
        <ele>378.3</ele>
      </trkpt>
      <trkpt lat="57.78936" lon="-5.19787">
        <ele>376.3</ele>
      </trkpt>
      <trkpt lat="57.78863" lon="-5.19972">
        <ele>378.3</ele>
      </trkpt>
      <trkpt lat="57.78796" lon="-5.19988">
        <ele>371.2</ele>
      </trkpt>
      <trkpt lat="57.78751" lon="-5.20059">
        <ele>369.2</ele>
      </trkpt>
      <trkpt lat="57.78694" lon="-5.2008">
        <ele>368.5</ele>
      </trkpt>
      <trkpt lat="57.78634" lon="-5.2015">
        <ele>370.5</ele>
      </trkpt>
      <trkpt lat="57.78602" lon="-5.20167">
        <ele>370.5</ele>
      </trkpt>
      <trkpt lat="57.78502" lon="-5.20305">
        <ele>375.9</ele>
      </trkpt>
      <trkpt lat="57.78425" lon="-5.20371">
        <ele>382.8</ele>
      </trkpt>
      <trkpt lat="57.78358" lon="-5.20493">
        <ele>391.5</ele>
      </trkpt>
      <trkpt lat="57.78289" lon="-5.20474">
        <ele>387.6</ele>
      </trkpt>
      <trkpt lat="57.78228" lon="-5.20542">
        <ele>386.9</ele>
      </trkpt>
      <trkpt lat="57.78108" lon="-5.20636">
        <ele>381.9</ele>
      </trkpt>
      <trkpt lat="57.78033" lon="-5.20669">
        <ele>379.2</ele>
      </trkpt>
      <trkpt lat="57.77949" lon="-5.20683">
        <ele>376.6</ele>
      </trkpt>
      <trkpt lat="57.77885" lon="-5.20664">
        <ele>374.2</ele>
      </trkpt>
      <trkpt lat="57.77805" lon="-5.20699">
        <ele>372.0</ele>
      </trkpt>
      <trkpt lat="57.77607" lon="-5.20744">
        <ele>363.2</ele>
      </trkpt>
      <trkpt lat="57.77556" lon="-5.20779">
        <ele>361.8</ele>
      </trkpt>
      <trkpt lat="57.77486" lon="-5.20798">
        <ele>356.8</ele>
      </trkpt>
      <trkpt lat="57.77333" lon="-5.20781">
        <ele>345.0</ele>
      </trkpt>
      <trkpt lat="57.77233" lon="-5.20716">
        <ele>337.2</ele>
      </trkpt>
      <trkpt lat="57.77203" lon="-5.20711">
        <ele>336.0</ele>
      </trkpt>
      <trkpt lat="57.7715" lon="-5.2077">
        <ele>331.5</ele>
      </trkpt>
      <trkpt lat="57.77088" lon="-5.208">
        <ele>326.5</ele>
      </trkpt>
      <trkpt lat="57.77069" lon="-5.20791">
        <ele>325.3</ele>
      </trkpt>
      <trkpt lat="57.76926" lon="-5.2091">
        <ele>308.2</ele>
      </trkpt>
      <trkpt lat="57.7678" lon="-5.20887">
        <ele>291.0</ele>
      </trkpt>
      <trkpt lat="57.76717" lon="-5.20934">
        <ele>279.0</ele>
      </trkpt>
      <trkpt lat="57.76691" lon="-5.20929">
        <ele>275.6</ele>
      </trkpt>
      <trkpt lat="57.76667" lon="-5.20903">
        <ele>274.2</ele>
      </trkpt>
      <trkpt lat="57.76648" lon="-5.2091">
        <ele>270.0</ele>
      </trkpt>
      <trkpt lat="57.76601" lon="-5.20887">
        <ele>263.4</ele>
      </trkpt>
      <trkpt lat="57.76533" lon="-5.20903">
        <ele>248.9</ele>
      </trkpt>
      <trkpt lat="57.765" lon="-5.20894">
        <ele>243.7</ele>
      </trkpt>
      <trkpt lat="57.76448" lon="-5.20831">
        <ele>239.5</ele>
      </trkpt>
      <trkpt lat="57.7639" lon="-5.20805">
        <ele>230.8</ele>
      </trkpt>
      <trkpt lat="57.7621" lon="-5.20664">
        <ele>222.7</ele>
      </trkpt>
      <trkpt lat="57.76173" lon="-5.20657">
        <ele>218.5</ele>
      </trkpt>
      <trkpt lat="57.76147" lon="-5.20608">
        <ele>222.9</ele>
      </trkpt>
      <trkpt lat="57.76123" lon="-5.20615">
        <ele>218.1</ele>
      </trkpt>
      <trkpt lat="57.76078" lon="-5.20594">
        <ele>215.0</ele>
      </trkpt>
      <trkpt lat="57.76088" lon="-5.20638">
        <ele>209.2</ele>
      </trkpt>
      <trkpt lat="57.76081" lon="-5.20685">
        <ele>200.9</ele>
      </trkpt>
      <trkpt lat="57.76044" lon="-5.20678">
        <ele>198.9</ele>
      </trkpt>
      <trkpt lat="57.75953" lon="-5.20716">
        <ele>187.3</ele>
      </trkpt>
      <trkpt lat="57.75937" lon="-5.20753">
        <ele>180.5</ele>
      </trkpt>
      <trkpt lat="57.75951" lon="-5.20845">
        <ele>167.3</ele>
      </trkpt>
      <trkpt lat="57.75938" lon="-5.20859">
        <ele>164.5</ele>
      </trkpt>
      <trkpt lat="57.75915" lon="-5.20835">
        <ele>166.6</ele>
      </trkpt>
      <trkpt lat="57.7589" lon="-5.20831">
        <ele>164.8</ele>
      </trkpt>
      <trkpt lat="57.75844" lon="-5.20859">
        <ele>156.3</ele>
      </trkpt>
      <trkpt lat="57.75753" lon="-5.20859">
        <ele>148.2</ele>
      </trkpt>
      <trkpt lat="57.75707" lon="-5.20927">
        <ele>138.0</ele>
      </trkpt>
      <trkpt lat="57.75708" lon="-5.2095">
        <ele>135.8</ele>
      </trkpt>
      <trkpt lat="57.75732" lon="-5.20981">
        <ele>133.5</ele>
      </trkpt>
      <trkpt lat="57.75784" lon="-5.21021">
        <ele>132.8</ele>
      </trkpt>
      <trkpt lat="57.75808" lon="-5.21133">
        <ele>128.9</ele>
      </trkpt>
      <trkpt lat="57.75874" lon="-5.21248">
        <ele>127.5</ele>
      </trkpt>
      <trkpt lat="57.75926" lon="-5.21286">
        <ele>127.8</ele>
      </trkpt>
      <trkpt lat="57.75991" lon="-5.21258">
        <ele>126.2</ele>
      </trkpt>
      <trkpt lat="57.76034" lon="-5.21286">
        <ele>124.8</ele>
      </trkpt>
      <trkpt lat="57.76078" lon="-5.21234">
        <ele>125.6</ele>
      </trkpt>
      <trkpt lat="57.76097" lon="-5.21239">
        <ele>126.1</ele>
      </trkpt>
      <trkpt lat="57.76155" lon="-5.21349">
        <ele>123.4</ele>
      </trkpt>
      <trkpt lat="57.76168" lon="-5.21401">
        <ele>122.5</ele>
      </trkpt>
      <trkpt lat="57.76225" lon="-5.21476">
        <ele>123.1</ele>
      </trkpt>
      <trkpt lat="57.76271" lon="-5.21666">
        <ele>121.8</ele>
      </trkpt>
      <trkpt lat="57.7638" lon="-5.21896">
        <ele>125.6</ele>
      </trkpt>
      <trkpt lat="57.76462" lon="-5.22278">
        <ele>126.4</ele>
      </trkpt>
      <trkpt lat="57.76501" lon="-5.22557">
        <ele>120.8</ele>
      </trkpt>
      <trkpt lat="57.76549" lon="-5.22689">
        <ele>123.2</ele>
      </trkpt>
      <trkpt lat="57.76589" lon="-5.22862">
        <ele>121.5</ele>
      </trkpt>
      <trkpt lat="57.76719" lon="-5.23052">
        <ele>124.4</ele>
      </trkpt>
      <trkpt lat="57.76746" lon="-5.23289">
        <ele>114.9</ele>
      </trkpt>
      <trkpt lat="57.76785" lon="-5.23388">
        <ele>116.2</ele>
      </trkpt>
      <trkpt lat="57.76827" lon="-5.23428">
        <ele>119.4</ele>
      </trkpt>
      <trkpt lat="57.76865" lon="-5.23496">
        <ele>119.5</ele>
      </trkpt>
      <trkpt lat="57.76895" lon="-5.23613">
        <ele>115.1</ele>
      </trkpt>
      <trkpt lat="57.77008" lon="-5.23791">
        <ele>114.8</ele>
      </trkpt>
      <trkpt lat="57.77008" lon="-5.23817">
        <ele>112.3</ele>
      </trkpt>
      <trkpt lat="57.77061" lon="-5.23937">
        <ele>115.2</ele>
      </trkpt>
      <trkpt lat="57.7707" lon="-5.24">
        <ele>113.2</ele>
      </trkpt>
      <trkpt lat="57.77125" lon="-5.24134">
        <ele>119.5</ele>
      </trkpt>
      <trkpt lat="57.77134" lon="-5.24249">
        <ele>115.6</ele>
      </trkpt>
      <trkpt lat="57.77168" lon="-5.24324">
        <ele>117.9</ele>
      </trkpt>
      <trkpt lat="57.77206" lon="-5.24563">
        <ele>119.0</ele>
      </trkpt>
      <trkpt lat="57.7737" lon="-5.25205">
        <ele>117.1</ele>
      </trkpt>
      <trkpt lat="57.7741" lon="-5.25273">
        <ele>114.4</ele>
      </trkpt>
      <trkpt lat="57.77419" lon="-5.25316">
        <ele>110.7</ele>
      </trkpt>
      <trkpt lat="57.77456" lon="-5.25349">
        <ele>108.0</ele>
      </trkpt>
      <trkpt lat="57.77536" lon="-5.25565">
        <ele>98.4</ele>
      </trkpt>
      <trkpt lat="57.77615" lon="-5.25501">
        <ele>105.0</ele>
      </trkpt>
      <trkpt lat="57.7764" lon="-5.25447">
        <ele>110.0</ele>
      </trkpt>
      <trkpt lat="57.77673" lon="-5.25417">
        <ele>114.9</ele>
      </trkpt>
      <trkpt lat="57.776728" lon="-5.25426">
        <ele>114.4</ele>
      </trkpt>
      <trkpt lat="57.776681" lon="-5.256017">
        <ele>106.5</ele>
      </trkpt>
      <trkpt lat="57.77689" lon="-5.25755">
        <ele>100.9</ele>
      </trkpt>
      <trkpt lat="57.77832" lon="-5.261">
        <ele>97.3</ele>
      </trkpt>
      <trkpt lat="57.7795" lon="-5.26268">
        <ele>103.9</ele>
      </trkpt>
      <trkpt lat="57.78373" lon="-5.27338">
        <ele>91.3</ele>
      </trkpt>
      <trkpt lat="57.7824" lon="-5.27458">
        <ele>88.4</ele>
      </trkpt>
      <trkpt lat="57.78161" lon="-5.27462">
        <ele>87.5</ele>
      </trkpt>
      <trkpt lat="57.78179" lon="-5.27507">
        <ele>87.1</ele>
      </trkpt>
      <trkpt lat="57.7813" lon="-5.27586">
        <ele>87.0</ele>
      </trkpt>
      <trkpt lat="57.77994" lon="-5.27692">
        <ele>86.9</ele>
      </trkpt>
      <trkpt lat="57.77939" lon="-5.27824">
        <ele>88.9</ele>
      </trkpt>
      <trkpt lat="57.77849" lon="-5.27782">
        <ele>92.4</ele>
      </trkpt>
      <trkpt lat="57.77526" lon="-5.2731">
        <ele>88.0</ele>
      </trkpt>
      <trkpt lat="57.77301" lon="-5.27343">
        <ele>89.1</ele>
      </trkpt>
      <trkpt lat="57.77206" lon="-5.27563">
        <ele>92.2</ele>
      </trkpt>
      <trkpt lat="57.77055" lon="-5.27526">
        <ele>92.6</ele>
      </trkpt>
      <trkpt lat="57.76905" lon="-5.27542">
        <ele>95.4</ele>
      </trkpt>
      <trkpt lat="57.76852" lon="-5.27491">
        <ele>94.5</ele>
      </trkpt>
      <trkpt lat="57.76796" lon="-5.27535">
        <ele>98.0</ele>
      </trkpt>
      <trkpt lat="57.76716" lon="-5.27437">
        <ele>96.6</ele>
      </trkpt>
      <trkpt lat="57.76612" lon="-5.27449">
        <ele>97.0</ele>
      </trkpt>
      <trkpt lat="57.76484" lon="-5.27552">
        <ele>98.6</ele>
      </trkpt>
      <trkpt lat="57.76415" lon="-5.27453">
        <ele>99.2</ele>
      </trkpt>
      <trkpt lat="57.76331" lon="-5.27474">
        <ele>100.0</ele>
      </trkpt>
      <trkpt lat="57.7621" lon="-5.27434">
        <ele>103.3</ele>
      </trkpt>
      <trkpt lat="57.76027" lon="-5.27469">
        <ele>105.8</ele>
      </trkpt>
      <trkpt lat="57.75964" lon="-5.2759">
        <ele>107.5</ele>
      </trkpt>
      <trkpt lat="57.75773" lon="-5.27685">
        <ele>112.4</ele>
      </trkpt>
      <trkpt lat="57.7568" lon="-5.27636">
        <ele>115.5</ele>
      </trkpt>
      <trkpt lat="57.75632" lon="-5.27732">
        <ele>118.1</ele>
      </trkpt>
      <trkpt lat="57.75517" lon="-5.27835">
        <ele>120.0</ele>
      </trkpt>
      <trkpt lat="57.75442" lon="-5.28101">
        <ele>124.4</ele>
      </trkpt>
      <trkpt lat="57.75519" lon="-5.28586">
        <ele>138.8</ele>
      </trkpt>
      <trkpt lat="57.75372" lon="-5.29291">
        <ele>182.9</ele>
      </trkpt>
      <trkpt lat="57.75215" lon="-5.30369">
        <ele>231.1</ele>
      </trkpt>
      <trkpt lat="57.75156" lon="-5.31012">
        <ele>267.6</ele>
      </trkpt>
      <trkpt lat="57.75175" lon="-5.31196">
        <ele>296.3</ele>
      </trkpt>
      <trkpt lat="57.75123" lon="-5.31425">
        <ele>321.5</ele>
      </trkpt>
      <trkpt lat="57.75161" lon="-5.31521">
        <ele>334.9</ele>
      </trkpt>
      <trkpt lat="57.75156" lon="-5.3165">
        <ele>347.7</ele>
      </trkpt>
      <trkpt lat="57.75091" lon="-5.31671">
        <ele>364.0</ele>
      </trkpt>
      <trkpt lat="57.75017" lon="-5.31644">
        <ele>380.6</ele>
      </trkpt>
      <trkpt lat="57.74973" lon="-5.31683">
        <ele>403.4</ele>
      </trkpt>
      <trkpt lat="57.74808" lon="-5.317">
        <ele>443.0</ele>
      </trkpt>
      <trkpt lat="57.74698" lon="-5.32024">
        <ele>482.2</ele>
      </trkpt>
      <trkpt lat="57.74709" lon="-5.32957">
        <ele>524.8</ele>
      </trkpt>
      <trkpt lat="57.74468" lon="-5.34907">
        <ele>512.2</ele>
      </trkpt>
      <trkpt lat="57.74454" lon="-5.35505">
        <ele>516.6</ele>
      </trkpt>
      <trkpt lat="57.74373" lon="-5.35679">
        <ele>519.5</ele>
      </trkpt>
      <trkpt lat="57.7419" lon="-5.3586">
        <ele>514.6</ele>
      </trkpt>
      <trkpt lat="57.74173" lon="-5.36033">
        <ele>506.8</ele>
      </trkpt>
      <trkpt lat="57.74055" lon="-5.36256">
        <ele>485.3</ele>
      </trkpt>
      <trkpt lat="57.73446" lon="-5.37074">
        <ele>399.4</ele>
      </trkpt>
      <trkpt lat="57.73414" lon="-5.37224">
        <ele>368.6</ele>
      </trkpt>
      <trkpt lat="57.73469" lon="-5.37931">
        <ele>282.7</ele>
      </trkpt>
      <trkpt lat="57.73408" lon="-5.384">
        <ele>223.7</ele>
      </trkpt>
      <trkpt lat="57.73498" lon="-5.38972">
        <ele>216.2</ele>
      </trkpt>
      <trkpt lat="57.73465" lon="-5.39168">
        <ele>203.8</ele>
      </trkpt>
      <trkpt lat="57.73503" lon="-5.39355">
        <ele>204.6</ele>
      </trkpt>
      <trkpt lat="57.734825" lon="-5.39439">
        <ele>199.2</ele>
      </trkpt>
      <trkpt lat="57.7348" lon="-5.39449">
        <ele>198.8</ele>
      </trkpt>
      <trkpt lat="57.73451" lon="-5.39549">
        <ele>197.0</ele>
      </trkpt>
      <trkpt lat="57.73431" lon="-5.39568">
        <ele>197.4</ele>
      </trkpt>
      <trkpt lat="57.73343" lon="-5.39536">
        <ele>206.6</ele>
      </trkpt>
      <trkpt lat="57.73226" lon="-5.39622">
        <ele>205.3</ele>
      </trkpt>
      <trkpt lat="57.73007" lon="-5.4001">
        <ele>181.8</ele>
      </trkpt>
      <trkpt lat="57.72915" lon="-5.40075">
        <ele>174.0</ele>
      </trkpt>
      <trkpt lat="57.72834" lon="-5.40263">
        <ele>170.0</ele>
      </trkpt>
      <trkpt lat="57.72744" lon="-5.40207">
        <ele>171.2</ele>
      </trkpt>
      <trkpt lat="57.72586" lon="-5.40291">
        <ele>172.5</ele>
      </trkpt>
      <trkpt lat="57.72516" lon="-5.40272">
        <ele>173.4</ele>
      </trkpt>
      <trkpt lat="57.72478" lon="-5.40315">
        <ele>173.7</ele>
      </trkpt>
      <trkpt lat="57.72392" lon="-5.40512">
        <ele>179.1</ele>
      </trkpt>
      <trkpt lat="57.72381" lon="-5.40742">
        <ele>173.9</ele>
      </trkpt>
      <trkpt lat="57.72163" lon="-5.41281">
        <ele>188.2</ele>
      </trkpt>
      <trkpt lat="57.7225" lon="-5.41964">
        <ele>206.3</ele>
      </trkpt>
      <trkpt lat="57.72425" lon="-5.42334">
        <ele>211.0</ele>
      </trkpt>
      <trkpt lat="57.72585" lon="-5.43165">
        <ele>219.9</ele>
      </trkpt>
      <trkpt lat="57.72587" lon="-5.4332">
        <ele>216.3</ele>
      </trkpt>
      <trkpt lat="57.72528" lon="-5.43406">
        <ele>216.2</ele>
      </trkpt>
      <trkpt lat="57.7245" lon="-5.43764">
        <ele>221.5</ele>
      </trkpt>
      <trkpt lat="57.72482" lon="-5.43893">
        <ele>216.3</ele>
      </trkpt>
      <trkpt lat="57.72458" lon="-5.4411">
        <ele>224.9</ele>
      </trkpt>
      <trkpt lat="57.72577" lon="-5.4503">
        <ele>237.0</ele>
      </trkpt>
      <trkpt lat="57.72676" lon="-5.45403">
        <ele>214.5</ele>
      </trkpt>
      <trkpt lat="57.726484" lon="-5.454553">
        <ele>213.1</ele>
      </trkpt>
      <trkpt lat="57.727266" lon="-5.455342">
        <ele>210.6</ele>
      </trkpt>
      <trkpt lat="57.727453" lon="-5.455549">
        <ele>211.7</ele>
      </trkpt>
      <trkpt lat="57.727893" lon="-5.455454">
        <ele>205.9</ele>
      </trkpt>
      <trkpt lat="57.727893" lon="-5.455454">
        <ele>205.9</ele>
      </trkpt>
      <trkpt lat="57.728711" lon="-5.45624">
        <ele>203.5</ele>
      </trkpt>
      <trkpt lat="57.72953" lon="-5.457025">
        <ele>206.8</ele>
      </trkpt>
      <trkpt lat="57.730348" lon="-5.457811">
        <ele>209.9</ele>
      </trkpt>
      <trkpt lat="57.731167" lon="-5.458596">
        <ele>210.8</ele>
      </trkpt>
      <trkpt lat="57.731167" lon="-5.458596">
        <ele>210.8</ele>
      </trkpt>
      <trkpt lat="57.732118" lon="-5.459276">
        <ele>214.2</ele>
      </trkpt>
      <trkpt lat="57.732118" lon="-5.459276">
        <ele>214.2</ele>
      </trkpt>
      <trkpt lat="57.732979" lon="-5.460381">
        <ele>217.6</ele>
      </trkpt>
      <trkpt lat="57.732979" lon="-5.460381">
        <ele>217.6</ele>
      </trkpt>
      <trkpt lat="57.733513" lon="-5.461936">
        <ele>217.6</ele>
      </trkpt>
      <trkpt lat="57.734048" lon="-5.463491">
        <ele>217.9</ele>
      </trkpt>
      <trkpt lat="57.734583" lon="-5.465046">
        <ele>218.3</ele>
      </trkpt>
      <trkpt lat="57.734583" lon="-5.465046">
        <ele>218.3</ele>
      </trkpt>
      <trkpt lat="57.735122" lon="-5.467136">
        <ele>216.0</ele>
      </trkpt>
      <trkpt lat="57.735661" lon="-5.469227">
        <ele>211.5</ele>
      </trkpt>
      <trkpt lat="57.735661" lon="-5.469227">
        <ele>211.5</ele>
      </trkpt>
      <trkpt lat="57.736126" lon="-5.47147">
        <ele>205.7</ele>
      </trkpt>
      <trkpt lat="57.736126" lon="-5.47147">
        <ele>205.7</ele>
      </trkpt>
      <trkpt lat="57.736858" lon="-5.474231">
        <ele>202.3</ele>
      </trkpt>
      <trkpt lat="57.736872" lon="-5.474981">
        <ele>200.5</ele>
      </trkpt>
      <trkpt lat="57.736567" lon="-5.475755">
        <ele>201.6</ele>
      </trkpt>
      <trkpt lat="57.736567" lon="-5.475755">
        <ele>201.6</ele>
      </trkpt>
      <trkpt lat="57.736665" lon="-5.477824">
        <ele>207.6</ele>
      </trkpt>
      <trkpt lat="57.736665" lon="-5.477824">
        <ele>207.6</ele>
      </trkpt>
      <trkpt lat="57.737324" lon="-5.48048">
        <ele>212.7</ele>
      </trkpt>
      <trkpt lat="57.737324" lon="-5.48048">
        <ele>212.7</ele>
      </trkpt>
      <trkpt lat="57.738153" lon="-5.48217">
        <ele>214.6</ele>
      </trkpt>
      <trkpt lat="57.738982" lon="-5.483861">
        <ele>222.6</ele>
      </trkpt>
      <trkpt lat="57.738982" lon="-5.483861">
        <ele>222.6</ele>
      </trkpt>
      <trkpt lat="57.739468" lon="-5.486314">
        <ele>230.3</ele>
      </trkpt>
      <trkpt lat="57.739468" lon="-5.486314">
        <ele>230.3</ele>
      </trkpt>
      <trkpt lat="57.740737" lon="-5.488329">
        <ele>222.5</ele>
      </trkpt>
      <trkpt lat="57.740818" lon="-5.489599">
        <ele>223.6</ele>
      </trkpt>
      <trkpt lat="57.740818" lon="-5.489599">
        <ele>223.6</ele>
      </trkpt>
      <trkpt lat="57.741949" lon="-5.491397">
        <ele>215.2</ele>
      </trkpt>
      <trkpt lat="57.74271" lon="-5.492127">
        <ele>209.9</ele>
      </trkpt>
      <trkpt lat="57.74271" lon="-5.49213">
        <ele>209.9</ele>
      </trkpt>
      <trkpt lat="57.74273" lon="-5.49217">
        <ele>209.8</ele>
      </trkpt>
      <trkpt lat="57.74291" lon="-5.49231">
        <ele>209.7</ele>
      </trkpt>
      <trkpt lat="57.74316" lon="-5.49263">
        <ele>209.8</ele>
      </trkpt>
      <trkpt lat="57.74317" lon="-5.49299">
        <ele>209.7</ele>
      </trkpt>
      <trkpt lat="57.74319" lon="-5.49333">
        <ele>209.7</ele>
      </trkpt>
      <trkpt lat="57.7432" lon="-5.4935">
        <ele>209.0</ele>
      </trkpt>
      <trkpt lat="57.74319" lon="-5.4936">
        <ele>208.5</ele>
      </trkpt>
      <trkpt lat="57.74319" lon="-5.49367">
        <ele>208.2</ele>
      </trkpt>
      <trkpt lat="57.74326" lon="-5.49385">
        <ele>207.5</ele>
      </trkpt>
      <trkpt lat="57.74327" lon="-5.49398">
        <ele>206.9</ele>
      </trkpt>
      <trkpt lat="57.74331" lon="-5.49437">
        <ele>205.1</ele>
      </trkpt>
      <trkpt lat="57.74337" lon="-5.49461">
        <ele>204.0</ele>
      </trkpt>
      <trkpt lat="57.74344" lon="-5.49497">
        <ele>202.5</ele>
      </trkpt>
      <trkpt lat="57.74346" lon="-5.49512">
        <ele>201.8</ele>
      </trkpt>
      <trkpt lat="57.74347" lon="-5.49531">
        <ele>200.7</ele>
      </trkpt>
      <trkpt lat="57.74348" lon="-5.49557">
        <ele>199.2</ele>
      </trkpt>
      <trkpt lat="57.74345" lon="-5.49628">
        <ele>195.4</ele>
      </trkpt>
      <trkpt lat="57.74343" lon="-5.49671">
        <ele>193.3</ele>
      </trkpt>
      <trkpt lat="57.74344" lon="-5.49705">
        <ele>192.1</ele>
      </trkpt>
      <trkpt lat="57.7435" lon="-5.49742">
        <ele>191.1</ele>
      </trkpt>
      <trkpt lat="57.74361" lon="-5.49777">
        <ele>190.5</ele>
      </trkpt>
      <trkpt lat="57.74371" lon="-5.49801">
        <ele>190.2</ele>
      </trkpt>
      <trkpt lat="57.74381" lon="-5.49837">
        <ele>189.7</ele>
      </trkpt>
      <trkpt lat="57.74394" lon="-5.49873">
        <ele>188.4</ele>
      </trkpt>
      <trkpt lat="57.74404" lon="-5.499">
        <ele>187.4</ele>
      </trkpt>
      <trkpt lat="57.74418" lon="-5.4991">
        <ele>187.6</ele>
      </trkpt>
      <trkpt lat="57.74446" lon="-5.49939">
        <ele>189.5</ele>
      </trkpt>
      <trkpt lat="57.74479" lon="-5.49981">
        <ele>191.4</ele>
      </trkpt>
      <trkpt lat="57.74498" lon="-5.49996">
        <ele>193.0</ele>
      </trkpt>
      <trkpt lat="57.74513" lon="-5.5001">
        <ele>193.0</ele>
      </trkpt>
      <trkpt lat="57.74526" lon="-5.50026">
        <ele>192.6</ele>
      </trkpt>
      <trkpt lat="57.74534" lon="-5.50057">
        <ele>190.5</ele>
      </trkpt>
      <trkpt lat="57.74544" lon="-5.50098">
        <ele>188.0</ele>
      </trkpt>
      <trkpt lat="57.74569" lon="-5.50152">
        <ele>186.4</ele>
      </trkpt>
      <trkpt lat="57.74606" lon="-5.50192">
        <ele>186.7</ele>
      </trkpt>
      <trkpt lat="57.74619" lon="-5.50213">
        <ele>186.6</ele>
      </trkpt>
      <trkpt lat="57.74627" lon="-5.50228">
        <ele>186.6</ele>
      </trkpt>
      <trkpt lat="57.74632" lon="-5.50243">
        <ele>186.4</ele>
      </trkpt>
      <trkpt lat="57.74632" lon="-5.50269">
        <ele>185.1</ele>
      </trkpt>
      <trkpt lat="57.74632" lon="-5.50293">
        <ele>183.9</ele>
      </trkpt>
      <trkpt lat="57.74638" lon="-5.50386">
        <ele>179.4</ele>
      </trkpt>
      <trkpt lat="57.74646" lon="-5.50417">
        <ele>178.8</ele>
      </trkpt>
      <trkpt lat="57.74659" lon="-5.50461">
        <ele>178.3</ele>
      </trkpt>
      <trkpt lat="57.74666" lon="-5.50528">
        <ele>174.5</ele>
      </trkpt>
      <trkpt lat="57.74687" lon="-5.50608">
        <ele>172.3</ele>
      </trkpt>
      <trkpt lat="57.74698" lon="-5.5063">
        <ele>172.8</ele>
      </trkpt>
      <trkpt lat="57.74711" lon="-5.50639">
        <ele>174.7</ele>
      </trkpt>
      <trkpt lat="57.74731" lon="-5.50669">
        <ele>176.1</ele>
      </trkpt>
      <trkpt lat="57.74757" lon="-5.50702">
        <ele>177.7</ele>
      </trkpt>
      <trkpt lat="57.74776" lon="-5.50751">
        <ele>176.2</ele>
      </trkpt>
      <trkpt lat="57.74801" lon="-5.50818">
        <ele>173.9</ele>
      </trkpt>
      <trkpt lat="57.74809" lon="-5.50862">
        <ele>170.8</ele>
      </trkpt>
      <trkpt lat="57.74829" lon="-5.50946">
        <ele>165.6</ele>
      </trkpt>
      <trkpt lat="57.74847" lon="-5.50981">
        <ele>164.2</ele>
      </trkpt>
      <trkpt lat="57.74863" lon="-5.51011">
        <ele>162.3</ele>
      </trkpt>
      <trkpt lat="57.7488" lon="-5.51048">
        <ele>159.7</ele>
      </trkpt>
      <trkpt lat="57.74902" lon="-5.51082">
        <ele>157.3</ele>
      </trkpt>
      <trkpt lat="57.74919" lon="-5.51137">
        <ele>152.3</ele>
      </trkpt>
      <trkpt lat="57.74947" lon="-5.512">
        <ele>147.2</ele>
      </trkpt>
      <trkpt lat="57.7496" lon="-5.51234">
        <ele>144.9</ele>
      </trkpt>
      <trkpt lat="57.74999" lon="-5.51283">
        <ele>143.6</ele>
      </trkpt>
      <trkpt lat="57.75013" lon="-5.51288">
        <ele>143.7</ele>
      </trkpt>
      <trkpt lat="57.75032" lon="-5.51291">
        <ele>144.2</ele>
      </trkpt>
      <trkpt lat="57.75048" lon="-5.51303">
        <ele>143.9</ele>
      </trkpt>
      <trkpt lat="57.75063" lon="-5.51312">
        <ele>143.8</ele>
      </trkpt>
      <trkpt lat="57.75085" lon="-5.51324">
        <ele>143.8</ele>
      </trkpt>
      <trkpt lat="57.75096" lon="-5.51334">
        <ele>144.2</ele>
      </trkpt>
      <trkpt lat="57.75104" lon="-5.51342">
        <ele>144.2</ele>
      </trkpt>
      <trkpt lat="57.75111" lon="-5.51351">
        <ele>144.0</ele>
      </trkpt>
      <trkpt lat="57.75119" lon="-5.51366">
        <ele>143.6</ele>
      </trkpt>
      <trkpt lat="57.75123" lon="-5.5138">
        <ele>142.8</ele>
      </trkpt>
      <trkpt lat="57.7513" lon="-5.51393">
        <ele>142.6</ele>
      </trkpt>
      <trkpt lat="57.75135" lon="-5.51404">
        <ele>142.4</ele>
      </trkpt>
      <trkpt lat="57.7514" lon="-5.51421">
        <ele>141.9</ele>
      </trkpt>
      <trkpt lat="57.75147" lon="-5.51444">
        <ele>141.5</ele>
      </trkpt>
      <trkpt lat="57.75154" lon="-5.5146">
        <ele>141.8</ele>
      </trkpt>
      <trkpt lat="57.75159" lon="-5.51482">
        <ele>141.5</ele>
      </trkpt>
      <trkpt lat="57.75164" lon="-5.51514">
        <ele>140.3</ele>
      </trkpt>
      <trkpt lat="57.75167" lon="-5.5154">
        <ele>138.7</ele>
      </trkpt>
      <trkpt lat="57.75169" lon="-5.51578">
        <ele>135.7</ele>
      </trkpt>
      <trkpt lat="57.75169" lon="-5.51607">
        <ele>133.6</ele>
      </trkpt>
      <trkpt lat="57.7517" lon="-5.51623">
        <ele>132.5</ele>
      </trkpt>
      <trkpt lat="57.75173" lon="-5.51636">
        <ele>131.9</ele>
      </trkpt>
      <trkpt lat="57.75178" lon="-5.51647">
        <ele>131.7</ele>
      </trkpt>
      <trkpt lat="57.75184" lon="-5.51658">
        <ele>131.7</ele>
      </trkpt>
      <trkpt lat="57.75187" lon="-5.51668">
        <ele>131.3</ele>
      </trkpt>
      <trkpt lat="57.75188" lon="-5.51685">
        <ele>130.1</ele>
      </trkpt>
      <trkpt lat="57.75189" lon="-5.51704">
        <ele>128.8</ele>
      </trkpt>
      <trkpt lat="57.75192" lon="-5.51724">
        <ele>127.5</ele>
      </trkpt>
      <trkpt lat="57.75201" lon="-5.51751">
        <ele>126.2</ele>
      </trkpt>
      <trkpt lat="57.75211" lon="-5.51768">
        <ele>125.8</ele>
      </trkpt>
      <trkpt lat="57.75221" lon="-5.51787">
        <ele>125.1</ele>
      </trkpt>
      <trkpt lat="57.75225" lon="-5.51809">
        <ele>123.6</ele>
      </trkpt>
      <trkpt lat="57.75224" lon="-5.51831">
        <ele>121.6</ele>
      </trkpt>
      <trkpt lat="57.75223" lon="-5.5185">
        <ele>120.7</ele>
      </trkpt>
      <trkpt lat="57.75222" lon="-5.51879">
        <ele>119.5</ele>
      </trkpt>
      <trkpt lat="57.75221" lon="-5.51898">
        <ele>118.7</ele>
      </trkpt>
      <trkpt lat="57.75217" lon="-5.51908">
        <ele>118.1</ele>
      </trkpt>
      <trkpt lat="57.75208" lon="-5.51931">
        <ele>117.1</ele>
      </trkpt>
      <trkpt lat="57.75204" lon="-5.51956">
        <ele>116.2</ele>
      </trkpt>
      <trkpt lat="57.75201" lon="-5.5197">
        <ele>115.7</ele>
      </trkpt>
      <trkpt lat="57.75194" lon="-5.51995">
        <ele>114.8</ele>
      </trkpt>
      <trkpt lat="57.75181" lon="-5.52023">
        <ele>114.2</ele>
      </trkpt>
      <trkpt lat="57.75167" lon="-5.52039">
        <ele>114.0</ele>
      </trkpt>
      <trkpt lat="57.7516" lon="-5.52057">
        <ele>113.7</ele>
      </trkpt>
      <trkpt lat="57.75154" lon="-5.52077">
        <ele>113.5</ele>
      </trkpt>
      <trkpt lat="57.75144" lon="-5.52097">
        <ele>113.2</ele>
      </trkpt>
      <trkpt lat="57.75133" lon="-5.52119">
        <ele>113.0</ele>
      </trkpt>
      <trkpt lat="57.75119" lon="-5.52132">
        <ele>112.6</ele>
      </trkpt>
      <trkpt lat="57.75106" lon="-5.52145">
        <ele>112.4</ele>
      </trkpt>
      <trkpt lat="57.75091" lon="-5.52153">
        <ele>112.0</ele>
      </trkpt>
      <trkpt lat="57.75073" lon="-5.52155">
        <ele>111.0</ele>
      </trkpt>
      <trkpt lat="57.75056" lon="-5.52155">
        <ele>109.7</ele>
      </trkpt>
      <trkpt lat="57.75043" lon="-5.52157">
        <ele>108.6</ele>
      </trkpt>
      <trkpt lat="57.75029" lon="-5.52165">
        <ele>107.4</ele>
      </trkpt>
      <trkpt lat="57.75021" lon="-5.52176">
        <ele>106.6</ele>
      </trkpt>
      <trkpt lat="57.75016" lon="-5.52188">
        <ele>105.9</ele>
      </trkpt>
      <trkpt lat="57.75014" lon="-5.52203">
        <ele>105.5</ele>
      </trkpt>
      <trkpt lat="57.75013" lon="-5.52222">
        <ele>105.0</ele>
      </trkpt>
      <trkpt lat="57.75014" lon="-5.52241">
        <ele>104.7</ele>
      </trkpt>
      <trkpt lat="57.75016" lon="-5.52261">
        <ele>104.5</ele>
      </trkpt>
      <trkpt lat="57.75023" lon="-5.52327">
        <ele>104.1</ele>
      </trkpt>
      <trkpt lat="57.75028" lon="-5.52346">
        <ele>104.2</ele>
      </trkpt>
      <trkpt lat="57.75035" lon="-5.52367">
        <ele>104.1</ele>
      </trkpt>
      <trkpt lat="57.75049" lon="-5.52403">
        <ele>103.8</ele>
      </trkpt>
      <trkpt lat="57.7506" lon="-5.52438">
        <ele>103.0</ele>
      </trkpt>
      <trkpt lat="57.75063" lon="-5.52459">
        <ele>102.2</ele>
      </trkpt>
      <trkpt lat="57.75063" lon="-5.52481">
        <ele>101.2</ele>
      </trkpt>
      <trkpt lat="57.75077" lon="-5.52516">
        <ele>99.9</ele>
      </trkpt>
      <trkpt lat="57.75101" lon="-5.52565">
        <ele>98.3</ele>
      </trkpt>
      <trkpt lat="57.75133" lon="-5.52621">
        <ele>96.2</ele>
      </trkpt>
      <trkpt lat="57.75143" lon="-5.52639">
        <ele>95.3</ele>
      </trkpt>
      <trkpt lat="57.75149" lon="-5.52653">
        <ele>94.4</ele>
      </trkpt>
      <trkpt lat="57.75154" lon="-5.52666">
        <ele>93.6</ele>
      </trkpt>
      <trkpt lat="57.75162" lon="-5.52678">
        <ele>93.2</ele>
      </trkpt>
      <trkpt lat="57.75188" lon="-5.52722">
        <ele>90.4</ele>
      </trkpt>
      <trkpt lat="57.75227" lon="-5.52799">
        <ele>85.5</ele>
      </trkpt>
      <trkpt lat="57.75238" lon="-5.52819">
        <ele>84.1</ele>
      </trkpt>
      <trkpt lat="57.75249" lon="-5.52826">
        <ele>83.5</ele>
      </trkpt>
      <trkpt lat="57.7526" lon="-5.52834">
        <ele>82.4</ele>
      </trkpt>
      <trkpt lat="57.7527" lon="-5.52848">
        <ele>81.5</ele>
      </trkpt>
      <trkpt lat="57.75276" lon="-5.52858">
        <ele>80.9</ele>
      </trkpt>
      <trkpt lat="57.75279" lon="-5.52867">
        <ele>80.6</ele>
      </trkpt>
      <trkpt lat="57.75282" lon="-5.5288">
        <ele>80.2</ele>
      </trkpt>
      <trkpt lat="57.75282" lon="-5.5289">
        <ele>80.0</ele>
      </trkpt>
      <trkpt lat="57.75281" lon="-5.52904">
        <ele>79.8</ele>
      </trkpt>
      <trkpt lat="57.7528" lon="-5.52912">
        <ele>79.7</ele>
      </trkpt>
      <trkpt lat="57.75286" lon="-5.52921">
        <ele>79.2</ele>
      </trkpt>
      <trkpt lat="57.75294" lon="-5.52933">
        <ele>78.7</ele>
      </trkpt>
      <trkpt lat="57.75299" lon="-5.52941">
        <ele>78.4</ele>
      </trkpt>
      <trkpt lat="57.75302" lon="-5.52954">
        <ele>78.2</ele>
      </trkpt>
      <trkpt lat="57.75306" lon="-5.52965">
        <ele>77.9</ele>
      </trkpt>
      <trkpt lat="57.75307" lon="-5.52973">
        <ele>77.8</ele>
      </trkpt>
      <trkpt lat="57.75307" lon="-5.52984">
        <ele>77.8</ele>
      </trkpt>
      <trkpt lat="57.75308" lon="-5.52994">
        <ele>77.7</ele>
      </trkpt>
      <trkpt lat="57.7531" lon="-5.53003">
        <ele>77.5</ele>
      </trkpt>
      <trkpt lat="57.75313" lon="-5.53013">
        <ele>77.2</ele>
      </trkpt>
      <trkpt lat="57.75316" lon="-5.53025">
        <ele>76.9</ele>
      </trkpt>
      <trkpt lat="57.75321" lon="-5.53045">
        <ele>76.5</ele>
      </trkpt>
      <trkpt lat="57.7532" lon="-5.53062">
        <ele>76.2</ele>
      </trkpt>
      <trkpt lat="57.75319" lon="-5.53072">
        <ele>76.0</ele>
      </trkpt>
      <trkpt lat="57.75319" lon="-5.5308">
        <ele>75.9</ele>
      </trkpt>
      <trkpt lat="57.75321" lon="-5.5309">
        <ele>75.8</ele>
      </trkpt>
      <trkpt lat="57.75324" lon="-5.531">
        <ele>75.8</ele>
      </trkpt>
      <trkpt lat="57.75325" lon="-5.53109">
        <ele>75.8</ele>
      </trkpt>
      <trkpt lat="57.75325" lon="-5.53121">
        <ele>75.7</ele>
      </trkpt>
      <trkpt lat="57.75323" lon="-5.53135">
        <ele>75.6</ele>
      </trkpt>
      <trkpt lat="57.7532" lon="-5.53149">
        <ele>75.3</ele>
      </trkpt>
      <trkpt lat="57.75309" lon="-5.53183">
        <ele>74.5</ele>
      </trkpt>
      <trkpt lat="57.75302" lon="-5.5321">
        <ele>73.9</ele>
      </trkpt>
      <trkpt lat="57.75295" lon="-5.53227">
        <ele>73.4</ele>
      </trkpt>
      <trkpt lat="57.75292" lon="-5.53241">
        <ele>73.1</ele>
      </trkpt>
      <trkpt lat="57.75291" lon="-5.53269">
        <ele>72.8</ele>
      </trkpt>
      <trkpt lat="57.7529" lon="-5.53285">
        <ele>72.7</ele>
      </trkpt>
      <trkpt lat="57.75283" lon="-5.53301">
        <ele>72.0</ele>
      </trkpt>
      <trkpt lat="57.75274" lon="-5.53322">
        <ele>71.1</ele>
      </trkpt>
      <trkpt lat="57.75272" lon="-5.53334">
        <ele>70.8</ele>
      </trkpt>
      <trkpt lat="57.75265" lon="-5.53398">
        <ele>67.7</ele>
      </trkpt>
      <trkpt lat="57.75265" lon="-5.53418">
        <ele>66.9</ele>
      </trkpt>
      <trkpt lat="57.75266" lon="-5.53426">
        <ele>66.7</ele>
      </trkpt>
      <trkpt lat="57.75269" lon="-5.53435">
        <ele>66.6</ele>
      </trkpt>
      <trkpt lat="57.75276" lon="-5.53445">
        <ele>66.6</ele>
      </trkpt>
      <trkpt lat="57.75286" lon="-5.53451">
        <ele>66.8</ele>
      </trkpt>
      <trkpt lat="57.75289" lon="-5.53458">
        <ele>66.7</ele>
      </trkpt>
      <trkpt lat="57.7529" lon="-5.53466">
        <ele>66.4</ele>
      </trkpt>
      <trkpt lat="57.75292" lon="-5.53485">
        <ele>65.6</ele>
      </trkpt>
      <trkpt lat="57.75295" lon="-5.53493">
        <ele>65.4</ele>
      </trkpt>
      <trkpt lat="57.75303" lon="-5.53498">
        <ele>65.4</ele>
      </trkpt>
      <trkpt lat="57.7531" lon="-5.53513">
        <ele>64.9</ele>
      </trkpt>
      <trkpt lat="57.75316" lon="-5.53525">
        <ele>64.5</ele>
      </trkpt>
      <trkpt lat="57.75325" lon="-5.53529">
        <ele>64.5</ele>
      </trkpt>
      <trkpt lat="57.75342" lon="-5.53535">
        <ele>64.6</ele>
      </trkpt>
      <trkpt lat="57.75354" lon="-5.53542">
        <ele>64.5</ele>
      </trkpt>
      <trkpt lat="57.75368" lon="-5.53555">
        <ele>63.9</ele>
      </trkpt>
      <trkpt lat="57.75368" lon="-5.53555">
        <ele>63.9</ele>
      </trkpt>
      <trkpt lat="57.75368" lon="-5.53563">
        <ele>63.4</ele>
      </trkpt>
      <trkpt lat="57.7537" lon="-5.53578">
        <ele>62.4</ele>
      </trkpt>
      <trkpt lat="57.75375" lon="-5.53589">
        <ele>61.6</ele>
      </trkpt>
      <trkpt lat="57.75388" lon="-5.53609">
        <ele>60.0</ele>
      </trkpt>
      <trkpt lat="57.75395" lon="-5.53622">
        <ele>58.8</ele>
      </trkpt>
      <trkpt lat="57.754" lon="-5.53633">
        <ele>57.7</ele>
      </trkpt>
      <trkpt lat="57.75403" lon="-5.53645">
        <ele>56.6</ele>
      </trkpt>
      <trkpt lat="57.75406" lon="-5.5367">
        <ele>54.7</ele>
      </trkpt>
      <trkpt lat="57.75409" lon="-5.53699">
        <ele>56.4</ele>
      </trkpt>
      <trkpt lat="57.75413" lon="-5.53718">
        <ele>57.3</ele>
      </trkpt>
      <trkpt lat="57.75424" lon="-5.53755">
        <ele>58.3</ele>
      </trkpt>
      <trkpt lat="57.75432" lon="-5.53778">
        <ele>58.2</ele>
      </trkpt>
      <trkpt lat="57.75445" lon="-5.53801">
        <ele>56.7</ele>
      </trkpt>
      <trkpt lat="57.75458" lon="-5.53832">
        <ele>54.6</ele>
      </trkpt>
      <trkpt lat="57.75474" lon="-5.53888">
        <ele>52.4</ele>
      </trkpt>
      <trkpt lat="57.75495" lon="-5.53982">
        <ele>49.8</ele>
      </trkpt>
      <trkpt lat="57.75502" lon="-5.53998">
        <ele>48.8</ele>
      </trkpt>
      <trkpt lat="57.75505" lon="-5.54014">
        <ele>47.7</ele>
      </trkpt>
      <trkpt lat="57.75505" lon="-5.54026">
        <ele>47.0</ele>
      </trkpt>
      <trkpt lat="57.75501" lon="-5.54036">
        <ele>46.8</ele>
      </trkpt>
      <trkpt lat="57.7549" lon="-5.54063">
        <ele>47.3</ele>
      </trkpt>
      <trkpt lat="57.75488" lon="-5.54078">
        <ele>46.7</ele>
      </trkpt>
      <trkpt lat="57.75488" lon="-5.54082">
        <ele>46.4</ele>
      </trkpt>
      <trkpt lat="57.754927" lon="-5.54082">
        <ele>45.5</ele>
      </trkpt>
      <trkpt lat="57.75484" lon="-5.54231">
        <ele>38.9</ele>
      </trkpt>
      <trkpt lat="57.75473" lon="-5.54259">
        <ele>38.1</ele>
      </trkpt>
      <trkpt lat="57.75426" lon="-5.54315">
        <ele>35.6</ele>
      </trkpt>
      <trkpt lat="57.75383" lon="-5.5433">
        <ele>35.1</ele>
      </trkpt>
      <trkpt lat="57.75356" lon="-5.54335">
        <ele>35.4</ele>
      </trkpt>
      <trkpt lat="57.75348" lon="-5.54364">
        <ele>35.1</ele>
      </trkpt>
      <trkpt lat="57.75351" lon="-5.54379">
        <ele>34.7</ele>
      </trkpt>
      <trkpt lat="57.75369" lon="-5.54416">
        <ele>32.9</ele>
      </trkpt>
      <trkpt lat="57.75389" lon="-5.54467">
        <ele>29.8</ele>
      </trkpt>
      <trkpt lat="57.75393" lon="-5.54501">
        <ele>28.3</ele>
      </trkpt>
      <trkpt lat="57.75387" lon="-5.54582">
        <ele>30.5</ele>
      </trkpt>
      <trkpt lat="57.75388" lon="-5.54638">
        <ele>30.9</ele>
      </trkpt>
      <trkpt lat="57.75396" lon="-5.54698">
        <ele>31.5</ele>
      </trkpt>
      <trkpt lat="57.75408" lon="-5.54759">
        <ele>32.6</ele>
      </trkpt>
      <trkpt lat="57.75426" lon="-5.54815">
        <ele>32.4</ele>
      </trkpt>
      <trkpt lat="57.7545" lon="-5.54867">
        <ele>29.8</ele>
      </trkpt>
      <trkpt lat="57.75463" lon="-5.5491">
        <ele>27.7</ele>
      </trkpt>
      <trkpt lat="57.75466" lon="-5.54928">
        <ele>27.2</ele>
      </trkpt>
      <trkpt lat="57.75464" lon="-5.54947">
        <ele>27.1</ele>
      </trkpt>
      <trkpt lat="57.75455" lon="-5.54974">
        <ele>27.6</ele>
      </trkpt>
      <trkpt lat="57.75442" lon="-5.54988">
        <ele>28.4</ele>
      </trkpt>
      <trkpt lat="57.75371" lon="-5.55025">
        <ele>32.1</ele>
      </trkpt>
      <trkpt lat="57.75304" lon="-5.5505">
        <ele>34.6</ele>
      </trkpt>
      <trkpt lat="57.75298" lon="-5.55062">
        <ele>34.2</ele>
      </trkpt>
      <trkpt lat="57.7529" lon="-5.5508">
        <ele>33.8</ele>
      </trkpt>
      <trkpt lat="57.75262" lon="-5.5524">
        <ele>31.0</ele>
      </trkpt>
      <trkpt lat="57.75253" lon="-5.55262">
        <ele>31.4</ele>
      </trkpt>
      <trkpt lat="57.75229" lon="-5.55289">
        <ele>35.4</ele>
      </trkpt>
      <trkpt lat="57.75217" lon="-5.55328">
        <ele>36.5</ele>
      </trkpt>
      <trkpt lat="57.75213" lon="-5.55373">
        <ele>37.5</ele>
      </trkpt>
      <trkpt lat="57.75198" lon="-5.5548">
        <ele>39.8</ele>
      </trkpt>
      <trkpt lat="57.75176" lon="-5.55584">
        <ele>39.3</ele>
      </trkpt>
      <trkpt lat="57.75157" lon="-5.55649">
        <ele>39.4</ele>
      </trkpt>
      <trkpt lat="57.75142" lon="-5.55666">
        <ele>40.1</ele>
      </trkpt>
      <trkpt lat="57.75136" lon="-5.55696">
        <ele>40.1</ele>
      </trkpt>
      <trkpt lat="57.75102" lon="-5.55785">
        <ele>39.4</ele>
      </trkpt>
      <trkpt lat="57.75077" lon="-5.55869">
        <ele>38.1</ele>
      </trkpt>
      <trkpt lat="57.75067" lon="-5.55892">
        <ele>38.3</ele>
      </trkpt>
      <trkpt lat="57.75051" lon="-5.55903">
        <ele>38.7</ele>
      </trkpt>
      <trkpt lat="57.74922" lon="-5.5586">
        <ele>33.4</ele>
      </trkpt>
      <trkpt lat="57.74909" lon="-5.55864">
        <ele>32.5</ele>
      </trkpt>
      <trkpt lat="57.74896" lon="-5.5588">
        <ele>31.6</ele>
      </trkpt>
      <trkpt lat="57.74887" lon="-5.55897">
        <ele>30.8</ele>
      </trkpt>
      <trkpt lat="57.74871" lon="-5.55972">
        <ele>28.1</ele>
      </trkpt>
      <trkpt lat="57.74854" lon="-5.5601">
        <ele>25.3</ele>
      </trkpt>
      <trkpt lat="57.74868" lon="-5.56117">
        <ele>24.4</ele>
      </trkpt>
      <trkpt lat="57.74875" lon="-5.56158">
        <ele>24.2</ele>
      </trkpt>
      <trkpt lat="57.7487" lon="-5.56181">
        <ele>23.2</ele>
      </trkpt>
      <trkpt lat="57.7488" lon="-5.56226">
        <ele>21.7</ele>
      </trkpt>
      <trkpt lat="57.74894" lon="-5.56269">
        <ele>20.3</ele>
      </trkpt>
      <trkpt lat="57.74929" lon="-5.56311">
        <ele>19.7</ele>
      </trkpt>
      <trkpt lat="57.74941" lon="-5.56331">
        <ele>19.3</ele>
      </trkpt>
      <trkpt lat="57.74946" lon="-5.56363">
        <ele>20.5</ele>
      </trkpt>
      <trkpt lat="57.74943" lon="-5.56393">
        <ele>21.4</ele>
      </trkpt>
      <trkpt lat="57.74932" lon="-5.56416">
        <ele>21.7</ele>
      </trkpt>
      <trkpt lat="57.74902" lon="-5.56459">
        <ele>21.1</ele>
      </trkpt>
      <trkpt lat="57.74892" lon="-5.56489">
        <ele>21.0</ele>
      </trkpt>
      <trkpt lat="57.74881" lon="-5.56527">
        <ele>21.6</ele>
      </trkpt>
      <trkpt lat="57.74875" lon="-5.56564">
        <ele>22.7</ele>
      </trkpt>
      <trkpt lat="57.74869" lon="-5.56668">
        <ele>25.6</ele>
      </trkpt>
      <trkpt lat="57.74862" lon="-5.56692">
        <ele>24.6</ele>
      </trkpt>
      <trkpt lat="57.74839" lon="-5.56741">
        <ele>21.7</ele>
      </trkpt>
      <trkpt lat="57.74828" lon="-5.56771">
        <ele>20.6</ele>
      </trkpt>
      <trkpt lat="57.74821" lon="-5.56809">
        <ele>20.1</ele>
      </trkpt>
      <trkpt lat="57.74822" lon="-5.56844">
        <ele>20.3</ele>
      </trkpt>
      <trkpt lat="57.74828" lon="-5.56874">
        <ele>21.1</ele>
      </trkpt>
      <trkpt lat="57.74834" lon="-5.56951">
        <ele>22.0</ele>
      </trkpt>
      <trkpt lat="57.74834" lon="-5.56985">
        <ele>22.0</ele>
      </trkpt>
      <trkpt lat="57.74831" lon="-5.57025">
        <ele>23.7</ele>
      </trkpt>
      <trkpt lat="57.74809" lon="-5.57096">
        <ele>27.1</ele>
      </trkpt>
      <trkpt lat="57.74794" lon="-5.57122">
        <ele>27.5</ele>
      </trkpt>
      <trkpt lat="57.74747" lon="-5.57186">
        <ele>26.1</ele>
      </trkpt>
      <trkpt lat="57.74735" lon="-5.57211">
        <ele>25.4</ele>
      </trkpt>
      <trkpt lat="57.74724" lon="-5.57244">
        <ele>25.0</ele>
      </trkpt>
      <trkpt lat="57.74721" lon="-5.57314">
        <ele>26.4</ele>
      </trkpt>
      <trkpt lat="57.74741" lon="-5.574">
        <ele>27.5</ele>
      </trkpt>
      <trkpt lat="57.74747" lon="-5.57442">
        <ele>27.4</ele>
      </trkpt>
      <trkpt lat="57.74761" lon="-5.57455">
        <ele>28.8</ele>
      </trkpt>
      <trkpt lat="57.74759" lon="-5.57475">
        <ele>28.3</ele>
      </trkpt>
      <trkpt lat="57.74769" lon="-5.575">
        <ele>29.1</ele>
      </trkpt>
      <trkpt lat="57.7481" lon="-5.57549">
        <ele>31.3</ele>
      </trkpt>
      <trkpt lat="57.74816" lon="-5.57577">
        <ele>30.6</ele>
      </trkpt>
      <trkpt lat="57.74833" lon="-5.57609">
        <ele>30.7</ele>
      </trkpt>
      <trkpt lat="57.74843" lon="-5.5765">
        <ele>29.4</ele>
      </trkpt>
      <trkpt lat="57.74844" lon="-5.57684">
        <ele>27.7</ele>
      </trkpt>
      <trkpt lat="57.74874" lon="-5.57731">
        <ele>26.2</ele>
      </trkpt>
      <trkpt lat="57.74911" lon="-5.57769">
        <ele>24.5</ele>
      </trkpt>
      <trkpt lat="57.74946" lon="-5.57812">
        <ele>23.7</ele>
      </trkpt>
      <trkpt lat="57.74976" lon="-5.57889">
        <ele>22.0</ele>
      </trkpt>
      <trkpt lat="57.74988" lon="-5.57891">
        <ele>22.6</ele>
      </trkpt>
      <trkpt lat="57.75011" lon="-5.57936">
        <ele>22.1</ele>
      </trkpt>
      <trkpt lat="57.75011" lon="-5.57958">
        <ele>21.3</ele>
      </trkpt>
      <trkpt lat="57.7503" lon="-5.58028">
        <ele>20.7</ele>
      </trkpt>
      <trkpt lat="57.75024" lon="-5.58067">
        <ele>19.7</ele>
      </trkpt>
      <trkpt lat="57.75029" lon="-5.58141">
        <ele>19.0</ele>
      </trkpt>
      <trkpt lat="57.75042" lon="-5.58216">
        <ele>18.9</ele>
      </trkpt>
      <trkpt lat="57.75037" lon="-5.58268">
        <ele>18.2</ele>
      </trkpt>
      <trkpt lat="57.75037" lon="-5.58317">
        <ele>18.2</ele>
      </trkpt>
      <trkpt lat="57.75033" lon="-5.58353">
        <ele>18.0</ele>
      </trkpt>
      <trkpt lat="57.75047" lon="-5.584">
        <ele>18.7</ele>
      </trkpt>
      <trkpt lat="57.75079" lon="-5.58441">
        <ele>19.6</ele>
      </trkpt>
      <trkpt lat="57.75095" lon="-5.58499">
        <ele>19.7</ele>
      </trkpt>
      <trkpt lat="57.75146" lon="-5.5856">
        <ele>20.8</ele>
      </trkpt>
      <trkpt lat="57.75165" lon="-5.58569">
        <ele>21.4</ele>
      </trkpt>
      <trkpt lat="57.75193" lon="-5.58622">
        <ele>23.1</ele>
      </trkpt>
      <trkpt lat="57.75221" lon="-5.58687">
        <ele>24.1</ele>
      </trkpt>
      <trkpt lat="57.75241" lon="-5.58747">
        <ele>23.4</ele>
      </trkpt>
      <trkpt lat="57.75263" lon="-5.588">
        <ele>24.2</ele>
      </trkpt>
      <trkpt lat="57.75328" lon="-5.5898">
        <ele>23.0</ele>
      </trkpt>
      <trkpt lat="57.75376" lon="-5.59084">
        <ele>23.6</ele>
      </trkpt>
      <trkpt lat="57.75404" lon="-5.59129">
        <ele>22.9</ele>
      </trkpt>
      <trkpt lat="57.7542" lon="-5.5917">
        <ele>20.1</ele>
      </trkpt>
      <trkpt lat="57.7545" lon="-5.59234">
        <ele>19.7</ele>
      </trkpt>
      <trkpt lat="57.755" lon="-5.59281">
        <ele>20.5</ele>
      </trkpt>
      <trkpt lat="57.75517" lon="-5.59335">
        <ele>18.6</ele>
      </trkpt>
      <trkpt lat="57.75572" lon="-5.59401">
        <ele>18.3</ele>
      </trkpt>
      <trkpt lat="57.75585" lon="-5.59437">
        <ele>17.6</ele>
      </trkpt>
      <trkpt lat="57.75591" lon="-5.59484">
        <ele>16.6</ele>
      </trkpt>
      <trkpt lat="57.75612" lon="-5.59521">
        <ele>16.4</ele>
      </trkpt>
      <trkpt lat="57.75649" lon="-5.5955">
        <ele>16.2</ele>
      </trkpt>
      <trkpt lat="57.75678" lon="-5.59552">
        <ele>16.9</ele>
      </trkpt>
      <trkpt lat="57.75716" lon="-5.59578">
        <ele>17.0</ele>
      </trkpt>
      <trkpt lat="57.75751" lon="-5.59597">
        <ele>17.5</ele>
      </trkpt>
      <trkpt lat="57.75783" lon="-5.59589">
        <ele>17.0</ele>
      </trkpt>
      <trkpt lat="57.75819" lon="-5.59553">
        <ele>17.1</ele>
      </trkpt>
      <trkpt lat="57.75846" lon="-5.5952">
        <ele>17.2</ele>
      </trkpt>
      <trkpt lat="57.75882" lon="-5.59505">
        <ele>16.7</ele>
      </trkpt>
      <trkpt lat="57.75919" lon="-5.59518">
        <ele>15.6</ele>
      </trkpt>
      <trkpt lat="57.75953" lon="-5.59538">
        <ele>15.8</ele>
      </trkpt>
      <trkpt lat="57.7598" lon="-5.59548">
        <ele>15.9</ele>
      </trkpt>
      <trkpt lat="57.76" lon="-5.59552">
        <ele>16.1</ele>
      </trkpt>
      <trkpt lat="57.76025" lon="-5.5959">
        <ele>18.4</ele>
      </trkpt>
      <trkpt lat="57.76047" lon="-5.59636">
        <ele>19.4</ele>
      </trkpt>
      <trkpt lat="57.76065" lon="-5.59683">
        <ele>19.6</ele>
      </trkpt>
      <trkpt lat="57.76075" lon="-5.59721">
        <ele>19.5</ele>
      </trkpt>
      <trkpt lat="57.76107" lon="-5.59819">
        <ele>19.4</ele>
      </trkpt>
      <trkpt lat="57.76193" lon="-5.59938">
        <ele>17.8</ele>
      </trkpt>
      <trkpt lat="57.76225" lon="-5.59971">
        <ele>15.1</ele>
      </trkpt>
      <trkpt lat="57.76239" lon="-5.59983">
        <ele>13.6</ele>
      </trkpt>
      <trkpt lat="57.76243" lon="-5.59987">
        <ele>13.0</ele>
      </trkpt>
      <trkpt lat="57.76243" lon="-5.59987">
        <ele>13.0</ele>
      </trkpt>
      <trkpt lat="57.76319" lon="-5.60068">
        <ele>12.4</ele>
      </trkpt>
      <trkpt lat="57.76385" lon="-5.60131">
        <ele>10.5</ele>
      </trkpt>
      <trkpt lat="57.76411" lon="-5.60167">
        <ele>8.1</ele>
      </trkpt>
      <trkpt lat="57.76477" lon="-5.6023">
        <ele>8.6</ele>
      </trkpt>
      <trkpt lat="57.76537" lon="-5.60257">
        <ele>7.8</ele>
      </trkpt>
      <trkpt lat="57.76575" lon="-5.60289">
        <ele>7.1</ele>
      </trkpt>
      <trkpt lat="57.76592" lon="-5.60302">
        <ele>6.6</ele>
      </trkpt>
      <trkpt lat="57.7659" lon="-5.60305">
        <ele>6.6</ele>
      </trkpt>
      <trkpt lat="57.765924" lon="-5.603095">
        <ele>6.4</ele>
      </trkpt>
      <trkpt lat="57.7659" lon="-5.60305">
        <ele>6.6</ele>
      </trkpt>
      <trkpt lat="57.76531" lon="-5.60389">
        <ele>8.0</ele>
      </trkpt>
      <trkpt lat="57.7651" lon="-5.60414">
        <ele>8.9</ele>
      </trkpt>
      <trkpt lat="57.76495" lon="-5.60419">
        <ele>9.3</ele>
      </trkpt>
      <trkpt lat="57.76462" lon="-5.6041">
        <ele>10.2</ele>
      </trkpt>
      <trkpt lat="57.76401" lon="-5.60376">
        <ele>11.7</ele>
      </trkpt>
      <trkpt lat="57.763" lon="-5.60326">
        <ele>14.2</ele>
      </trkpt>
      <trkpt lat="57.76243" lon="-5.60291">
        <ele>14.1</ele>
      </trkpt>
      <trkpt lat="57.7623" lon="-5.60276">
        <ele>14.0</ele>
      </trkpt>
      <trkpt lat="57.76175" lon="-5.60162">
        <ele>13.6</ele>
      </trkpt>
      <trkpt lat="57.76098" lon="-5.59983">
        <ele>17.8</ele>
      </trkpt>
      <trkpt lat="57.76081" lon="-5.59959">
        <ele>18.5</ele>
      </trkpt>
      <trkpt lat="57.76066" lon="-5.59952">
        <ele>18.7</ele>
      </trkpt>
      <trkpt lat="57.76039" lon="-5.59946">
        <ele>19.1</ele>
      </trkpt>
      <trkpt lat="57.75936" lon="-5.5995">
        <ele>18.3</ele>
      </trkpt>
      <trkpt lat="57.75858" lon="-5.59945">
        <ele>18.1</ele>
      </trkpt>
      <trkpt lat="57.75801" lon="-5.59923">
        <ele>18.5</ele>
      </trkpt>
      <trkpt lat="57.75706" lon="-5.59879">
        <ele>18.1</ele>
      </trkpt>
      <trkpt lat="57.7563" lon="-5.59839">
        <ele>16.9</ele>
      </trkpt>
      <trkpt lat="57.75597" lon="-5.59805">
        <ele>16.2</ele>
      </trkpt>
      <trkpt lat="57.75527" lon="-5.5972">
        <ele>20.4</ele>
      </trkpt>
      <trkpt lat="57.75498" lon="-5.59693">
        <ele>21.5</ele>
      </trkpt>
      <trkpt lat="57.75461" lon="-5.5968">
        <ele>24.6</ele>
      </trkpt>
      <trkpt lat="57.75428" lon="-5.59679">
        <ele>28.2</ele>
      </trkpt>
      <trkpt lat="57.75363" lon="-5.59699">
        <ele>38.0</ele>
      </trkpt>
      <trkpt lat="57.75331" lon="-5.59695">
        <ele>39.7</ele>
      </trkpt>
      <trkpt lat="57.75289" lon="-5.59675">
        <ele>41.0</ele>
      </trkpt>
      <trkpt lat="57.75252" lon="-5.59652">
        <ele>43.8</ele>
      </trkpt>
      <trkpt lat="57.75164" lon="-5.5963">
        <ele>53.8</ele>
      </trkpt>
      <trkpt lat="57.75068" lon="-5.59602">
        <ele>62.4</ele>
      </trkpt>
      <trkpt lat="57.75026" lon="-5.59608">
        <ele>65.1</ele>
      </trkpt>
      <trkpt lat="57.75001" lon="-5.59628">
        <ele>67.6</ele>
      </trkpt>
      <trkpt lat="57.74965" lon="-5.59688">
        <ele>70.4</ele>
      </trkpt>
      <trkpt lat="57.74959" lon="-5.59702">
        <ele>71.3</ele>
      </trkpt>
      <trkpt lat="57.74959" lon="-5.59702">
        <ele>71.3</ele>
      </trkpt>
      <trkpt lat="57.74959" lon="-5.59703">
        <ele>71.4</ele>
      </trkpt>
      <trkpt lat="57.74923" lon="-5.5978">
        <ele>75.5</ele>
      </trkpt>
      <trkpt lat="57.74906" lon="-5.5983">
        <ele>77.7</ele>
      </trkpt>
      <trkpt lat="57.74899" lon="-5.59889">
        <ele>80.4</ele>
      </trkpt>
      <trkpt lat="57.74899" lon="-5.59905">
        <ele>81.2</ele>
      </trkpt>
      <trkpt lat="57.74889" lon="-5.59937">
        <ele>81.6</ele>
      </trkpt>
      <trkpt lat="57.74869" lon="-5.59966">
        <ele>80.3</ele>
      </trkpt>
      <trkpt lat="57.74836" lon="-5.59999">
        <ele>77.3</ele>
      </trkpt>
      <trkpt lat="57.74818" lon="-5.6">
        <ele>76.4</ele>
      </trkpt>
      <trkpt lat="57.74803" lon="-5.59988">
        <ele>75.5</ele>
      </trkpt>
      <trkpt lat="57.74779" lon="-5.59984">
        <ele>74.5</ele>
      </trkpt>
      <trkpt lat="57.74764" lon="-5.59992">
        <ele>74.2</ele>
      </trkpt>
      <trkpt lat="57.74762" lon="-5.60013">
        <ele>75.3</ele>
      </trkpt>
      <trkpt lat="57.74762" lon="-5.60014">
        <ele>75.3</ele>
      </trkpt>
      <trkpt lat="57.74759" lon="-5.60015">
        <ele>75.3</ele>
      </trkpt>
      <trkpt lat="57.74757" lon="-5.60016">
        <ele>75.3</ele>
      </trkpt>
      <trkpt lat="57.74714" lon="-5.59992">
        <ele>77.0</ele>
      </trkpt>
      <trkpt lat="57.74683" lon="-5.59998">
        <ele>80.3</ele>
      </trkpt>
      <trkpt lat="57.74653" lon="-5.59995">
        <ele>83.6</ele>
      </trkpt>
      <trkpt lat="57.74605" lon="-5.59969">
        <ele>89.2</ele>
      </trkpt>
      <trkpt lat="57.74588" lon="-5.59971">
        <ele>91.9</ele>
      </trkpt>
      <trkpt lat="57.74551" lon="-5.59951">
        <ele>97.1</ele>
      </trkpt>
      <trkpt lat="57.74504" lon="-5.59941">
        <ele>105.0</ele>
      </trkpt>
      <trkpt lat="57.74502" lon="-5.59937">
        <ele>105.4</ele>
      </trkpt>
      <trkpt lat="57.74501" lon="-5.59935">
        <ele>105.6</ele>
      </trkpt>
      <trkpt lat="57.74499" lon="-5.59931">
        <ele>105.8</ele>
      </trkpt>
      <trkpt lat="57.74497" lon="-5.59927">
        <ele>105.7</ele>
      </trkpt>
      <trkpt lat="57.74487" lon="-5.59927">
        <ele>105.3</ele>
      </trkpt>
      <trkpt lat="57.74466" lon="-5.59902">
        <ele>104.4</ele>
      </trkpt>
      <trkpt lat="57.74446" lon="-5.59864">
        <ele>103.2</ele>
      </trkpt>
      <trkpt lat="57.74398" lon="-5.59869">
        <ele>101.4</ele>
      </trkpt>
      <trkpt lat="57.74384" lon="-5.59832">
        <ele>101.1</ele>
      </trkpt>
      <trkpt lat="57.74364" lon="-5.5988">
        <ele>101.6</ele>
      </trkpt>
      <trkpt lat="57.74342" lon="-5.59896">
        <ele>101.8</ele>
      </trkpt>
      <trkpt lat="57.74325" lon="-5.59913">
        <ele>102.4</ele>
      </trkpt>
      <trkpt lat="57.74316" lon="-5.59908">
        <ele>102.8</ele>
      </trkpt>
      <trkpt lat="57.74294" lon="-5.59912">
        <ele>103.9</ele>
      </trkpt>
      <trkpt lat="57.74278" lon="-5.5993">
        <ele>104.4</ele>
      </trkpt>
      <trkpt lat="57.74244" lon="-5.59937">
        <ele>106.5</ele>
      </trkpt>
      <trkpt lat="57.74232" lon="-5.59934">
        <ele>108.7</ele>
      </trkpt>
      <trkpt lat="57.74212" lon="-5.59904">
        <ele>112.7</ele>
      </trkpt>
      <trkpt lat="57.74206" lon="-5.59879">
        <ele>114.3</ele>
      </trkpt>
      <trkpt lat="57.74207" lon="-5.5985">
        <ele>114.8</ele>
      </trkpt>
      <trkpt lat="57.74187" lon="-5.59805">
        <ele>121.2</ele>
      </trkpt>
      <trkpt lat="57.74167" lon="-5.59776">
        <ele>126.8</ele>
      </trkpt>
      <trkpt lat="57.74141" lon="-5.5978">
        <ele>130.7</ele>
      </trkpt>
      <trkpt lat="57.74127" lon="-5.59776">
        <ele>133.3</ele>
      </trkpt>
      <trkpt lat="57.74111" lon="-5.59763">
        <ele>137.2</ele>
      </trkpt>
      <trkpt lat="57.74085" lon="-5.59767">
        <ele>141.1</ele>
      </trkpt>
      <trkpt lat="57.74051" lon="-5.59737">
        <ele>147.7</ele>
      </trkpt>
      <trkpt lat="57.74029" lon="-5.59723">
        <ele>151.2</ele>
      </trkpt>
      <trkpt lat="57.73989" lon="-5.59732">
        <ele>153.8</ele>
      </trkpt>
      <trkpt lat="57.73929" lon="-5.59692">
        <ele>158.1</ele>
      </trkpt>
      <trkpt lat="57.73891" lon="-5.59695">
        <ele>159.0</ele>
      </trkpt>
      <trkpt lat="57.73857" lon="-5.59682">
        <ele>159.9</ele>
      </trkpt>
      <trkpt lat="57.73826" lon="-5.59694">
        <ele>160.9</ele>
      </trkpt>
      <trkpt lat="57.73801" lon="-5.59708">
        <ele>162.3</ele>
      </trkpt>
      <trkpt lat="57.73779" lon="-5.59713">
        <ele>163.5</ele>
      </trkpt>
      <trkpt lat="57.73759" lon="-5.59708">
        <ele>164.1</ele>
      </trkpt>
      <trkpt lat="57.73733" lon="-5.59677">
        <ele>164.0</ele>
      </trkpt>
      <trkpt lat="57.73704" lon="-5.59671">
        <ele>165.7</ele>
      </trkpt>
      <trkpt lat="57.73692" lon="-5.59666">
        <ele>166.3</ele>
      </trkpt>
      <trkpt lat="57.73676" lon="-5.59651">
        <ele>170.0</ele>
      </trkpt>
      <trkpt lat="57.73672" lon="-5.59643">
        <ele>171.5</ele>
      </trkpt>
      <trkpt lat="57.73666" lon="-5.59627">
        <ele>174.2</ele>
      </trkpt>
      <trkpt lat="57.73666" lon="-5.59627">
        <ele>174.2</ele>
      </trkpt>
      <trkpt lat="57.73665" lon="-5.59627">
        <ele>174.2</ele>
      </trkpt>
      <trkpt lat="57.73659" lon="-5.5963">
        <ele>173.9</ele>
      </trkpt>
      <trkpt lat="57.73648" lon="-5.59632">
        <ele>174.0</ele>
      </trkpt>
      <trkpt lat="57.73648" lon="-5.59632">
        <ele>174.0</ele>
      </trkpt>
      <trkpt lat="57.73641" lon="-5.59634">
        <ele>174.0</ele>
      </trkpt>
      <trkpt lat="57.73622" lon="-5.59625">
        <ele>175.3</ele>
      </trkpt>
      <trkpt lat="57.736" lon="-5.59609">
        <ele>176.2</ele>
      </trkpt>
      <trkpt lat="57.73594" lon="-5.59595">
        <ele>176.4</ele>
      </trkpt>
      <trkpt lat="57.73558" lon="-5.59574">
        <ele>178.1</ele>
      </trkpt>
      <trkpt lat="57.73544" lon="-5.59577">
        <ele>179.2</ele>
      </trkpt>
      <trkpt lat="57.7348" lon="-5.59545">
        <ele>184.4</ele>
      </trkpt>
      <trkpt lat="57.73461" lon="-5.59512">
        <ele>185.7</ele>
      </trkpt>
      <trkpt lat="57.73452" lon="-5.59514">
        <ele>187.3</ele>
      </trkpt>
      <trkpt lat="57.7342" lon="-5.59508">
        <ele>192.0</ele>
      </trkpt>
      <trkpt lat="57.73383" lon="-5.59486">
        <ele>198.8</ele>
      </trkpt>
      <trkpt lat="57.73344" lon="-5.59446">
        <ele>206.2</ele>
      </trkpt>
      <trkpt lat="57.73328" lon="-5.59433">
        <ele>208.7</ele>
      </trkpt>
      <trkpt lat="57.73246" lon="-5.59393">
        <ele>216.5</ele>
      </trkpt>
      <trkpt lat="57.73184" lon="-5.59393">
        <ele>215.9</ele>
      </trkpt>
      <trkpt lat="57.731844" lon="-5.593954">
        <ele>216.1</ele>
      </trkpt>
      <trkpt lat="57.73184" lon="-5.59393">
        <ele>215.9</ele>
      </trkpt>
      <trkpt lat="57.73176" lon="-5.59393">
        <ele>215.8</ele>
      </trkpt>
      <trkpt lat="57.73138" lon="-5.59374">
        <ele>213.7</ele>
      </trkpt>
      <trkpt lat="57.73092" lon="-5.59345">
        <ele>209.7</ele>
      </trkpt>
      <trkpt lat="57.73073" lon="-5.59327">
        <ele>209.1</ele>
      </trkpt>
      <trkpt lat="57.73073" lon="-5.59327">
        <ele>209.1</ele>
      </trkpt>
      <trkpt lat="57.7307" lon="-5.59324">
        <ele>209.4</ele>
      </trkpt>
      <trkpt lat="57.7307" lon="-5.59324">
        <ele>209.4</ele>
      </trkpt>
      <trkpt lat="57.7307" lon="-5.59324">
        <ele>209.4</ele>
      </trkpt>
      <trkpt lat="57.729132" lon="-5.591612">
        <ele>221.3</ele>
      </trkpt>
      <trkpt lat="57.729132" lon="-5.591612">
        <ele>221.3</ele>
      </trkpt>
      <trkpt lat="57.728464" lon="-5.590469">
        <ele>225.5</ele>
      </trkpt>
      <trkpt lat="57.727796" lon="-5.589327">
        <ele>231.8</ele>
      </trkpt>
      <trkpt lat="57.727796" lon="-5.589327">
        <ele>231.8</ele>
      </trkpt>
      <trkpt lat="57.726696" lon="-5.588509">
        <ele>236.8</ele>
      </trkpt>
      <trkpt lat="57.725595" lon="-5.587691">
        <ele>245.5</ele>
      </trkpt>
      <trkpt lat="57.725595" lon="-5.587691">
        <ele>245.5</ele>
      </trkpt>
      <trkpt lat="57.724584" lon="-5.586124">
        <ele>237.4</ele>
      </trkpt>
      <trkpt lat="57.724453" lon="-5.585523">
        <ele>231.8</ele>
      </trkpt>
      <trkpt lat="57.724566" lon="-5.585069">
        <ele>229.3</ele>
      </trkpt>
      <trkpt lat="57.724359" lon="-5.584771">
        <ele>225.4</ele>
      </trkpt>
      <trkpt lat="57.723934" lon="-5.584">
        <ele>218.7</ele>
      </trkpt>
      <trkpt lat="57.723944" lon="-5.583638">
        <ele>218.4</ele>
      </trkpt>
      <trkpt lat="57.723944" lon="-5.583638">
        <ele>218.4</ele>
      </trkpt>
      <trkpt lat="57.723169" lon="-5.581682">
        <ele>196.9</ele>
      </trkpt>
      <trkpt lat="57.723169" lon="-5.581682">
        <ele>196.9</ele>
      </trkpt>
      <trkpt lat="57.722747" lon="-5.580181">
        <ele>182.1</ele>
      </trkpt>
      <trkpt lat="57.722325" lon="-5.578681">
        <ele>165.9</ele>
      </trkpt>
      <trkpt lat="57.722325" lon="-5.578681">
        <ele>165.9</ele>
      </trkpt>
      <trkpt lat="57.722222" lon="-5.576369">
        <ele>149.4</ele>
      </trkpt>
      <trkpt lat="57.721764" lon="-5.575995">
        <ele>138.6</ele>
      </trkpt>
      <trkpt lat="57.721764" lon="-5.575995">
        <ele>138.6</ele>
      </trkpt>
      <trkpt lat="57.721093" lon="-5.574478">
        <ele>124.8</ele>
      </trkpt>
      <trkpt lat="57.721082" lon="-5.573637">
        <ele>125.5</ele>
      </trkpt>
      <trkpt lat="57.721082" lon="-5.573637">
        <ele>125.5</ele>
      </trkpt>
      <trkpt lat="57.720062" lon="-5.571255">
        <ele>107.2</ele>
      </trkpt>
      <trkpt lat="57.719914" lon="-5.570312">
        <ele>105.2</ele>
      </trkpt>
      <trkpt lat="57.719914" lon="-5.570312">
        <ele>105.2</ele>
      </trkpt>
      <trkpt lat="57.719119" lon="-5.56844">
        <ele>85.3</ele>
      </trkpt>
      <trkpt lat="57.718433" lon="-5.567609">
        <ele>77.9</ele>
      </trkpt>
      <trkpt lat="57.718295" lon="-5.566996">
        <ele>73.8</ele>
      </trkpt>
      <trkpt lat="57.718489" lon="-5.566342">
        <ele>69.4</ele>
      </trkpt>
      <trkpt lat="57.718545" lon="-5.56574">
        <ele>66.8</ele>
      </trkpt>
      <trkpt lat="57.718332" lon="-5.564908">
        <ele>61.3</ele>
      </trkpt>
      <trkpt lat="57.717817" lon="-5.563758">
        <ele>55.5</ele>
      </trkpt>
      <trkpt lat="57.717233" lon="-5.563092">
        <ele>53.2</ele>
      </trkpt>
      <trkpt lat="57.716625" lon="-5.562265">
        <ele>46.8</ele>
      </trkpt>
      <trkpt lat="57.715886" lon="-5.561841">
        <ele>47.6</ele>
      </trkpt>
      <trkpt lat="57.71381" lon="-5.56146">
        <ele>46.3</ele>
      </trkpt>
      <trkpt lat="57.71376" lon="-5.56108">
        <ele>41.0</ele>
      </trkpt>
      <trkpt lat="57.71371" lon="-5.56079">
        <ele>37.0</ele>
      </trkpt>
      <trkpt lat="57.71362" lon="-5.56069">
        <ele>35.8</ele>
      </trkpt>
      <trkpt lat="57.71279" lon="-5.56066">
        <ele>38.0</ele>
      </trkpt>
      <trkpt lat="57.71259" lon="-5.56056">
        <ele>36.9</ele>
      </trkpt>
      <trkpt lat="57.71178" lon="-5.55998">
        <ele>27.7</ele>
      </trkpt>
      <trkpt lat="57.71165" lon="-5.5598">
        <ele>26.5</ele>
      </trkpt>
      <trkpt lat="57.71123" lon="-5.55833">
        <ele>18.7</ele>
      </trkpt>
      <trkpt lat="57.71103" lon="-5.55833">
        <ele>20.9</ele>
      </trkpt>
      <trkpt lat="57.71088" lon="-5.55801">
        <ele>22.2</ele>
      </trkpt>
      <trkpt lat="57.71052" lon="-5.55737">
        <ele>25.8</ele>
      </trkpt>
      <trkpt lat="57.70982" lon="-5.55664">
        <ele>32.9</ele>
      </trkpt>
      <trkpt lat="57.70953" lon="-5.55627">
        <ele>34.6</ele>
      </trkpt>
      <trkpt lat="57.70938" lon="-5.55619">
        <ele>35.7</ele>
      </trkpt>
      <trkpt lat="57.70916" lon="-5.55618">
        <ele>37.7</ele>
      </trkpt>
      <trkpt lat="57.70875" lon="-5.5563">
        <ele>39.5</ele>
      </trkpt>
      <trkpt lat="57.70836" lon="-5.55619">
        <ele>40.2</ele>
      </trkpt>
      <trkpt lat="57.70778" lon="-5.55632">
        <ele>39.7</ele>
      </trkpt>
      <trkpt lat="57.70681" lon="-5.55616">
        <ele>43.2</ele>
      </trkpt>
      <trkpt lat="57.70616" lon="-5.5561">
        <ele>47.4</ele>
      </trkpt>
      <trkpt lat="57.70551" lon="-5.5558">
        <ele>48.5</ele>
      </trkpt>
      <trkpt lat="57.70516" lon="-5.55557">
        <ele>47.2</ele>
      </trkpt>
      <trkpt lat="57.70493" lon="-5.55535">
        <ele>44.8</ele>
      </trkpt>
      <trkpt lat="57.70471" lon="-5.55501">
        <ele>40.9</ele>
      </trkpt>
      <trkpt lat="57.70454" lon="-5.55494">
        <ele>41.5</ele>
      </trkpt>
      <trkpt lat="57.70422" lon="-5.55444">
        <ele>40.5</ele>
      </trkpt>
      <trkpt lat="57.70392" lon="-5.55406">
        <ele>39.2</ele>
      </trkpt>
      <trkpt lat="57.70369" lon="-5.5539">
        <ele>38.9</ele>
      </trkpt>
      <trkpt lat="57.70338" lon="-5.5533">
        <ele>35.8</ele>
      </trkpt>
      <trkpt lat="57.70322" lon="-5.55262">
        <ele>33.3</ele>
      </trkpt>
      <trkpt lat="57.70306" lon="-5.55221">
        <ele>31.5</ele>
      </trkpt>
      <trkpt lat="57.70289" lon="-5.55182">
        <ele>30.1</ele>
      </trkpt>
      <trkpt lat="57.70227" lon="-5.55135">
        <ele>28.8</ele>
      </trkpt>
      <trkpt lat="57.702" lon="-5.55162">
        <ele>29.2</ele>
      </trkpt>
      <trkpt lat="57.70179" lon="-5.55157">
        <ele>28.7</ele>
      </trkpt>
      <trkpt lat="57.70018" lon="-5.55044">
        <ele>40.8</ele>
      </trkpt>
      <trkpt lat="57.69992" lon="-5.55057">
        <ele>45.3</ele>
      </trkpt>
      <trkpt lat="57.69946" lon="-5.55041">
        <ele>47.9</ele>
      </trkpt>
      <trkpt lat="57.69909" lon="-5.54977">
        <ele>48.5</ele>
      </trkpt>
      <trkpt lat="57.69872" lon="-5.54938">
        <ele>48.6</ele>
      </trkpt>
      <trkpt lat="57.69757" lon="-5.54878">
        <ele>43.1</ele>
      </trkpt>
      <trkpt lat="57.69634" lon="-5.54893">
        <ele>36.7</ele>
      </trkpt>
      <trkpt lat="57.69601" lon="-5.54889">
        <ele>34.4</ele>
      </trkpt>
      <trkpt lat="57.69586" lon="-5.54874">
        <ele>32.6</ele>
      </trkpt>
      <trkpt lat="57.69576" lon="-5.54836">
        <ele>30.2</ele>
      </trkpt>
      <trkpt lat="57.69565" lon="-5.54803">
        <ele>28.0</ele>
      </trkpt>
      <trkpt lat="57.69474" lon="-5.5471">
        <ele>21.9</ele>
      </trkpt>
      <trkpt lat="57.69353" lon="-5.54615">
        <ele>24.5</ele>
      </trkpt>
      <trkpt lat="57.69247" lon="-5.54464">
        <ele>20.4</ele>
      </trkpt>
      <trkpt lat="57.69195" lon="-5.54379">
        <ele>17.3</ele>
      </trkpt>
      <trkpt lat="57.69155" lon="-5.54343">
        <ele>17.7</ele>
      </trkpt>
      <trkpt lat="57.69128" lon="-5.54345">
        <ele>16.4</ele>
      </trkpt>
      <trkpt lat="57.69097" lon="-5.54352">
        <ele>14.9</ele>
      </trkpt>
      <trkpt lat="57.69073" lon="-5.5437">
        <ele>14.2</ele>
      </trkpt>
      <trkpt lat="57.6906" lon="-5.54382">
        <ele>14.2</ele>
      </trkpt>
      <trkpt lat="57.69052" lon="-5.54392">
        <ele>14.2</ele>
      </trkpt>
      <trkpt lat="57.69036" lon="-5.54395">
        <ele>14.0</ele>
      </trkpt>
      <trkpt lat="57.69014" lon="-5.54393">
        <ele>13.6</ele>
      </trkpt>
      <trkpt lat="57.68997" lon="-5.54385">
        <ele>13.3</ele>
      </trkpt>
      <trkpt lat="57.68949" lon="-5.54402">
        <ele>14.3</ele>
      </trkpt>
      <trkpt lat="57.6895" lon="-5.54402">
        <ele>14.2</ele>
      </trkpt>
      <trkpt lat="57.68854" lon="-5.54435">
        <ele>15.8</ele>
      </trkpt>
      <trkpt lat="57.68842" lon="-5.54435">
        <ele>15.8</ele>
      </trkpt>
      <trkpt lat="57.6883" lon="-5.54428">
        <ele>15.7</ele>
      </trkpt>
      <trkpt lat="57.68812" lon="-5.54398">
        <ele>14.9</ele>
      </trkpt>
      <trkpt lat="57.68804" lon="-5.54396">
        <ele>15.2</ele>
      </trkpt>
      <trkpt lat="57.68798" lon="-5.54399">
        <ele>15.5</ele>
      </trkpt>
      <trkpt lat="57.68794" lon="-5.54411">
        <ele>16.2</ele>
      </trkpt>
      <trkpt lat="57.68792" lon="-5.54434">
        <ele>17.2</ele>
      </trkpt>
      <trkpt lat="57.68789" lon="-5.54447">
        <ele>17.9</ele>
      </trkpt>
      <trkpt lat="57.68784" lon="-5.54455">
        <ele>18.3</ele>
      </trkpt>
      <trkpt lat="57.68757" lon="-5.54464">
        <ele>19.5</ele>
      </trkpt>
      <trkpt lat="57.68751" lon="-5.54469">
        <ele>19.9</ele>
      </trkpt>
      <trkpt lat="57.68744" lon="-5.54482">
        <ele>20.7</ele>
      </trkpt>
      <trkpt lat="57.68737" lon="-5.54511">
        <ele>22.6</ele>
      </trkpt>
      <trkpt lat="57.68726" lon="-5.54539">
        <ele>25.2</ele>
      </trkpt>
      <trkpt lat="57.68711" lon="-5.54542">
        <ele>26.4</ele>
      </trkpt>
      <trkpt lat="57.68684" lon="-5.54554">
        <ele>28.8</ele>
      </trkpt>
      <trkpt lat="57.68625" lon="-5.5456">
        <ele>32.3</ele>
      </trkpt>
      <trkpt lat="57.686257" lon="-5.545625">
        <ele>32.5</ele>
      </trkpt>
      <trkpt lat="57.68625" lon="-5.5456">
        <ele>32.3</ele>
      </trkpt>
      <trkpt lat="57.68588" lon="-5.54564">
        <ele>34.4</ele>
      </trkpt>
      <trkpt lat="57.68552" lon="-5.54559">
        <ele>36.9</ele>
      </trkpt>
      <trkpt lat="57.68529" lon="-5.54547">
        <ele>37.3</ele>
      </trkpt>
      <trkpt lat="57.68502" lon="-5.54524">
        <ele>36.3</ele>
      </trkpt>
      <trkpt lat="57.6844" lon="-5.54439">
        <ele>41.3</ele>
      </trkpt>
      <trkpt lat="57.68406" lon="-5.5437">
        <ele>42.9</ele>
      </trkpt>
      <trkpt lat="57.68383" lon="-5.54311">
        <ele>44.4</ele>
      </trkpt>
      <trkpt lat="57.6837" lon="-5.54305">
        <ele>47.2</ele>
      </trkpt>
      <trkpt lat="57.68356" lon="-5.54309">
        <ele>50.8</ele>
      </trkpt>
      <trkpt lat="57.68193" lon="-5.53495">
        <ele>27.4</ele>
      </trkpt>
      <trkpt lat="57.68186" lon="-5.53422">
        <ele>26.3</ele>
      </trkpt>
      <trkpt lat="57.68184" lon="-5.53324">
        <ele>23.5</ele>
      </trkpt>
      <trkpt lat="57.68188" lon="-5.53234">
        <ele>23.1</ele>
      </trkpt>
      <trkpt lat="57.68202" lon="-5.53119">
        <ele>23.3</ele>
      </trkpt>
      <trkpt lat="57.68233" lon="-5.52971">
        <ele>25.1</ele>
      </trkpt>
      <trkpt lat="57.68248" lon="-5.52882">
        <ele>25.7</ele>
      </trkpt>
      <trkpt lat="57.68257" lon="-5.52804">
        <ele>25.9</ele>
      </trkpt>
      <trkpt lat="57.6826" lon="-5.52706">
        <ele>26.8</ele>
      </trkpt>
      <trkpt lat="57.68254" lon="-5.52605">
        <ele>28.3</ele>
      </trkpt>
      <trkpt lat="57.68239" lon="-5.52496">
        <ele>31.4</ele>
      </trkpt>
      <trkpt lat="57.68211" lon="-5.5234">
        <ele>31.2</ele>
      </trkpt>
      <trkpt lat="57.682" lon="-5.52262">
        <ele>36.4</ele>
      </trkpt>
      <trkpt lat="57.68193" lon="-5.52148">
        <ele>39.8</ele>
      </trkpt>
      <trkpt lat="57.68194" lon="-5.52033">
        <ele>37.4</ele>
      </trkpt>
      <trkpt lat="57.68186" lon="-5.51943">
        <ele>34.9</ele>
      </trkpt>
      <trkpt lat="57.6817" lon="-5.51856">
        <ele>30.1</ele>
      </trkpt>
      <trkpt lat="57.68143" lon="-5.5175">
        <ele>31.9</ele>
      </trkpt>
      <trkpt lat="57.68121" lon="-5.51643">
        <ele>32.5</ele>
      </trkpt>
      <trkpt lat="57.68112" lon="-5.51575">
        <ele>33.0</ele>
      </trkpt>
      <trkpt lat="57.68109" lon="-5.51516">
        <ele>31.5</ele>
      </trkpt>
      <trkpt lat="57.68112" lon="-5.51391">
        <ele>25.0</ele>
      </trkpt>
      <trkpt lat="57.68109" lon="-5.51351">
        <ele>23.9</ele>
      </trkpt>
      <trkpt lat="57.68098" lon="-5.51264">
        <ele>23.0</ele>
      </trkpt>
      <trkpt lat="57.68052" lon="-5.51061">
        <ele>27.6</ele>
      </trkpt>
      <trkpt lat="57.68042" lon="-5.50968">
        <ele>27.4</ele>
      </trkpt>
      <trkpt lat="57.68029" lon="-5.50817">
        <ele>27.0</ele>
      </trkpt>
      <trkpt lat="57.68021" lon="-5.50763">
        <ele>27.0</ele>
      </trkpt>
      <trkpt lat="57.67999" lon="-5.50689">
        <ele>28.6</ele>
      </trkpt>
      <trkpt lat="57.67967" lon="-5.5062">
        <ele>32.3</ele>
      </trkpt>
      <trkpt lat="57.67876" lon="-5.50454">
        <ele>33.1</ele>
      </trkpt>
      <trkpt lat="57.67828" lon="-5.5037">
        <ele>29.2</ele>
      </trkpt>
      <trkpt lat="57.6776" lon="-5.50245">
        <ele>29.8</ele>
      </trkpt>
      <trkpt lat="57.67698" lon="-5.50153">
        <ele>35.0</ele>
      </trkpt>
      <trkpt lat="57.67571" lon="-5.50014">
        <ele>33.3</ele>
      </trkpt>
      <trkpt lat="57.67523" lon="-5.49947">
        <ele>33.2</ele>
      </trkpt>
      <trkpt lat="57.67478" lon="-5.49865">
        <ele>27.5</ele>
      </trkpt>
      <trkpt lat="57.67447" lon="-5.49787">
        <ele>24.0</ele>
      </trkpt>
      <trkpt lat="57.67419" lon="-5.49669">
        <ele>20.0</ele>
      </trkpt>
      <trkpt lat="57.67407" lon="-5.49572">
        <ele>19.9</ele>
      </trkpt>
      <trkpt lat="57.67401" lon="-5.49496">
        <ele>19.1</ele>
      </trkpt>
      <trkpt lat="57.67401" lon="-5.49369">
        <ele>20.9</ele>
      </trkpt>
      <trkpt lat="57.67404" lon="-5.49217">
        <ele>20.2</ele>
      </trkpt>
      <trkpt lat="57.67409" lon="-5.49074">
        <ele>19.4</ele>
      </trkpt>
      <trkpt lat="57.67411" lon="-5.48946">
        <ele>18.6</ele>
      </trkpt>
      <trkpt lat="57.67417" lon="-5.48873">
        <ele>16.9</ele>
      </trkpt>
      <trkpt lat="57.67431" lon="-5.48788">
        <ele>15.2</ele>
      </trkpt>
      <trkpt lat="57.67453" lon="-5.48721">
        <ele>14.4</ele>
      </trkpt>
      <trkpt lat="57.67523" lon="-5.48551">
        <ele>14.8</ele>
      </trkpt>
      <trkpt lat="57.67555" lon="-5.48458">
        <ele>16.7</ele>
      </trkpt>
      <trkpt lat="57.67571" lon="-5.48374">
        <ele>19.5</ele>
      </trkpt>
      <trkpt lat="57.6758" lon="-5.48266">
        <ele>21.9</ele>
      </trkpt>
      <trkpt lat="57.6758" lon="-5.48123">
        <ele>25.8</ele>
      </trkpt>
      <trkpt lat="57.67569" lon="-5.47757">
        <ele>32.0</ele>
      </trkpt>
      <trkpt lat="57.67572" lon="-5.47502">
        <ele>36.7</ele>
      </trkpt>
      <trkpt lat="57.67586" lon="-5.46936">
        <ele>45.1</ele>
      </trkpt>
      <trkpt lat="57.67585" lon="-5.46862">
        <ele>45.0</ele>
      </trkpt>
      <trkpt lat="57.67571" lon="-5.46761">
        <ele>45.9</ele>
      </trkpt>
      <trkpt lat="57.67548" lon="-5.46671">
        <ele>47.3</ele>
      </trkpt>
      <trkpt lat="57.67516" lon="-5.46598">
        <ele>48.1</ele>
      </trkpt>
      <trkpt lat="57.67475" lon="-5.46542">
        <ele>50.5</ele>
      </trkpt>
      <trkpt lat="57.67412" lon="-5.46485">
        <ele>50.2</ele>
      </trkpt>
      <trkpt lat="57.6735" lon="-5.46435">
        <ele>49.1</ele>
      </trkpt>
      <trkpt lat="57.67339" lon="-5.46422">
        <ele>48.3</ele>
      </trkpt>
      <trkpt lat="57.67339" lon="-5.46423">
        <ele>48.4</ele>
      </trkpt>
      <trkpt lat="57.67339" lon="-5.46422">
        <ele>48.3</ele>
      </trkpt>
      <trkpt lat="57.67308" lon="-5.46385">
        <ele>46.4</ele>
      </trkpt>
      <trkpt lat="57.67278" lon="-5.46333">
        <ele>44.3</ele>
      </trkpt>
      <trkpt lat="57.67263" lon="-5.46292">
        <ele>44.9</ele>
      </trkpt>
      <trkpt lat="57.6724" lon="-5.46215">
        <ele>49.1</ele>
      </trkpt>
      <trkpt lat="57.67204" lon="-5.45976">
        <ele>47.4</ele>
      </trkpt>
      <trkpt lat="57.67173" lon="-5.45836">
        <ele>38.9</ele>
      </trkpt>
      <trkpt lat="57.67124" lon="-5.45664">
        <ele>36.5</ele>
      </trkpt>
      <trkpt lat="57.67086" lon="-5.45538">
        <ele>36.5</ele>
      </trkpt>
      <trkpt lat="57.67053" lon="-5.45454">
        <ele>37.1</ele>
      </trkpt>
      <trkpt lat="57.67009" lon="-5.45368">
        <ele>37.9</ele>
      </trkpt>
      <trkpt lat="57.66956" lon="-5.45288">
        <ele>36.9</ele>
      </trkpt>
      <trkpt lat="57.66807" lon="-5.45118">
        <ele>29.6</ele>
      </trkpt>
      <trkpt lat="57.66759" lon="-5.45028">
        <ele>26.4</ele>
      </trkpt>
      <trkpt lat="57.66724" lon="-5.44936">
        <ele>27.0</ele>
      </trkpt>
      <trkpt lat="57.6667" lon="-5.44684">
        <ele>27.4</ele>
      </trkpt>
      <trkpt lat="57.6664" lon="-5.44575">
        <ele>24.8</ele>
      </trkpt>
      <trkpt lat="57.66452" lon="-5.43987">
        <ele>21.9</ele>
      </trkpt>
      <trkpt lat="57.66442" lon="-5.43947">
        <ele>21.4</ele>
      </trkpt>
      <trkpt lat="57.66442" lon="-5.43947">
        <ele>21.4</ele>
      </trkpt>
      <trkpt lat="57.66436" lon="-5.43923">
        <ele>21.2</ele>
      </trkpt>
      <trkpt lat="57.66414" lon="-5.43788">
        <ele>21.2</ele>
      </trkpt>
      <trkpt lat="57.66391" lon="-5.43679">
        <ele>22.9</ele>
      </trkpt>
      <trkpt lat="57.66358" lon="-5.43536">
        <ele>20.6</ele>
      </trkpt>
      <trkpt lat="57.66093" lon="-5.42535">
        <ele>23.5</ele>
      </trkpt>
      <trkpt lat="57.6606" lon="-5.42425">
        <ele>24.5</ele>
      </trkpt>
      <trkpt lat="57.66017" lon="-5.42302">
        <ele>21.8</ele>
      </trkpt>
      <trkpt lat="57.6597" lon="-5.42211">
        <ele>18.6</ele>
      </trkpt>
      <trkpt lat="57.65911" lon="-5.42127">
        <ele>17.0</ele>
      </trkpt>
      <trkpt lat="57.65672" lon="-5.41809">
        <ele>19.9</ele>
      </trkpt>
      <trkpt lat="57.6547" lon="-5.41536">
        <ele>23.9</ele>
      </trkpt>
      <trkpt lat="57.65419" lon="-5.4146">
        <ele>25.9</ele>
      </trkpt>
      <trkpt lat="57.65391" lon="-5.41409">
        <ele>26.5</ele>
      </trkpt>
      <trkpt lat="57.65373" lon="-5.41371">
        <ele>26.5</ele>
      </trkpt>
      <trkpt lat="57.65349" lon="-5.41302">
        <ele>27.1</ele>
      </trkpt>
      <trkpt lat="57.65338" lon="-5.41261">
        <ele>27.9</ele>
      </trkpt>
      <trkpt lat="57.65332" lon="-5.41219">
        <ele>28.4</ele>
      </trkpt>
      <trkpt lat="57.65327" lon="-5.41157">
        <ele>29.2</ele>
      </trkpt>
      <trkpt lat="57.65331" lon="-5.41102">
        <ele>29.1</ele>
      </trkpt>
      <trkpt lat="57.65339" lon="-5.41056">
        <ele>29.5</ele>
      </trkpt>
      <trkpt lat="57.65357" lon="-5.40994">
        <ele>30.8</ele>
      </trkpt>
      <trkpt lat="57.65383" lon="-5.40934">
        <ele>31.3</ele>
      </trkpt>
      <trkpt lat="57.6542" lon="-5.40861">
        <ele>30.7</ele>
      </trkpt>
      <trkpt lat="57.65443" lon="-5.40806">
        <ele>30.2</ele>
      </trkpt>
      <trkpt lat="57.65457" lon="-5.4074">
        <ele>29.9</ele>
      </trkpt>
      <trkpt lat="57.65468" lon="-5.40619">
        <ele>28.6</ele>
      </trkpt>
      <trkpt lat="57.6548" lon="-5.40461">
        <ele>26.1</ele>
      </trkpt>
      <trkpt lat="57.65499" lon="-5.4031">
        <ele>23.8</ele>
      </trkpt>
      <trkpt lat="57.65521" lon="-5.40156">
        <ele>21.1</ele>
      </trkpt>
      <trkpt lat="57.65538" lon="-5.40015">
        <ele>18.8</ele>
      </trkpt>
      <trkpt lat="57.6554" lon="-5.3989">
        <ele>17.0</ele>
      </trkpt>
      <trkpt lat="57.65534" lon="-5.39789">
        <ele>16.2</ele>
      </trkpt>
      <trkpt lat="57.65492" lon="-5.3957">
        <ele>16.0</ele>
      </trkpt>
      <trkpt lat="57.65457" lon="-5.39432">
        <ele>15.8</ele>
      </trkpt>
      <trkpt lat="57.65432" lon="-5.39346">
        <ele>15.9</ele>
      </trkpt>
      <trkpt lat="57.65398" lon="-5.39276">
        <ele>15.7</ele>
      </trkpt>
      <trkpt lat="57.65347" lon="-5.392">
        <ele>16.4</ele>
      </trkpt>
      <trkpt lat="57.65273" lon="-5.39097">
        <ele>18.0</ele>
      </trkpt>
      <trkpt lat="57.65077" lon="-5.38873">
        <ele>27.9</ele>
      </trkpt>
      <trkpt lat="57.65013" lon="-5.38781">
        <ele>33.9</ele>
      </trkpt>
      <trkpt lat="57.6494" lon="-5.3866">
        <ele>40.0</ele>
      </trkpt>
      <trkpt lat="57.64865" lon="-5.38492">
        <ele>40.9</ele>
      </trkpt>
      <trkpt lat="57.64764" lon="-5.38247">
        <ele>33.9</ele>
      </trkpt>
      <trkpt lat="57.64688" lon="-5.38071">
        <ele>40.0</ele>
      </trkpt>
      <trkpt lat="57.64626" lon="-5.37913">
        <ele>41.3</ele>
      </trkpt>
      <trkpt lat="57.6452" lon="-5.37608">
        <ele>32.4</ele>
      </trkpt>
      <trkpt lat="57.64461" lon="-5.37454">
        <ele>30.8</ele>
      </trkpt>
      <trkpt lat="57.64396" lon="-5.37312">
        <ele>30.0</ele>
      </trkpt>
      <trkpt lat="57.64332" lon="-5.37196">
        <ele>29.2</ele>
      </trkpt>
      <trkpt lat="57.64248" lon="-5.3703">
        <ele>28.0</ele>
      </trkpt>
      <trkpt lat="57.64198" lon="-5.36951">
        <ele>25.7</ele>
      </trkpt>
      <trkpt lat="57.64135" lon="-5.36873">
        <ele>25.3</ele>
      </trkpt>
      <trkpt lat="57.64091" lon="-5.36837">
        <ele>24.1</ele>
      </trkpt>
      <trkpt lat="57.63741" lon="-5.36589">
        <ele>22.8</ele>
      </trkpt>
      <trkpt lat="57.63675" lon="-5.36535">
        <ele>23.2</ele>
      </trkpt>
      <trkpt lat="57.63637" lon="-5.36494">
        <ele>22.7</ele>
      </trkpt>
      <trkpt lat="57.63599" lon="-5.36428">
        <ele>20.7</ele>
      </trkpt>
      <trkpt lat="57.63568" lon="-5.36353">
        <ele>19.8</ele>
      </trkpt>
      <trkpt lat="57.63556" lon="-5.36291">
        <ele>19.1</ele>
      </trkpt>
      <trkpt lat="57.63542" lon="-5.36179">
        <ele>17.0</ele>
      </trkpt>
      <trkpt lat="57.6352" lon="-5.36069">
        <ele>18.1</ele>
      </trkpt>
      <trkpt lat="57.63493" lon="-5.35972">
        <ele>18.6</ele>
      </trkpt>
      <trkpt lat="57.63475" lon="-5.35926">
        <ele>18.8</ele>
      </trkpt>
      <trkpt lat="57.63433" lon="-5.35841">
        <ele>18.6</ele>
      </trkpt>
      <trkpt lat="57.63376" lon="-5.35754">
        <ele>24.1</ele>
      </trkpt>
      <trkpt lat="57.63341" lon="-5.35672">
        <ele>23.3</ele>
      </trkpt>
      <trkpt lat="57.63326" lon="-5.35627">
        <ele>23.0</ele>
      </trkpt>
      <trkpt lat="57.63261" lon="-5.35366">
        <ele>21.1</ele>
      </trkpt>
      <trkpt lat="57.63248" lon="-5.35335">
        <ele>20.3</ele>
      </trkpt>
      <trkpt lat="57.63233" lon="-5.35307">
        <ele>19.3</ele>
      </trkpt>
      <trkpt lat="57.63218" lon="-5.35285">
        <ele>18.6</ele>
      </trkpt>
      <trkpt lat="57.63202" lon="-5.35268">
        <ele>18.1</ele>
      </trkpt>
      <trkpt lat="57.63138" lon="-5.35214">
        <ele>18.6</ele>
      </trkpt>
      <trkpt lat="57.63123" lon="-5.35196">
        <ele>18.6</ele>
      </trkpt>
      <trkpt lat="57.63102" lon="-5.35162">
        <ele>17.7</ele>
      </trkpt>
      <trkpt lat="57.63085" lon="-5.35127">
        <ele>19.3</ele>
      </trkpt>
      <trkpt lat="57.63075" lon="-5.35095">
        <ele>20.1</ele>
      </trkpt>
      <trkpt lat="57.63067" lon="-5.35059">
        <ele>20.3</ele>
      </trkpt>
      <trkpt lat="57.63056" lon="-5.34992">
        <ele>19.8</ele>
      </trkpt>
      <trkpt lat="57.63034" lon="-5.3484">
        <ele>17.7</ele>
      </trkpt>
      <trkpt lat="57.63009" lon="-5.34688">
        <ele>17.4</ele>
      </trkpt>
      <trkpt lat="57.6299" lon="-5.3459">
        <ele>18.5</ele>
      </trkpt>
      <trkpt lat="57.62974" lon="-5.3454">
        <ele>18.6</ele>
      </trkpt>
      <trkpt lat="57.62956" lon="-5.34499">
        <ele>18.6</ele>
      </trkpt>
      <trkpt lat="57.62938" lon="-5.3447">
        <ele>18.3</ele>
      </trkpt>
      <trkpt lat="57.62917" lon="-5.34445">
        <ele>18.0</ele>
      </trkpt>
      <trkpt lat="57.62892" lon="-5.34426">
        <ele>17.9</ele>
      </trkpt>
      <trkpt lat="57.62807" lon="-5.34369">
        <ele>17.6</ele>
      </trkpt>
      <trkpt lat="57.62784" lon="-5.34351">
        <ele>17.2</ele>
      </trkpt>
      <trkpt lat="57.62766" lon="-5.34331">
        <ele>16.8</ele>
      </trkpt>
      <trkpt lat="57.62738" lon="-5.34282">
        <ele>17.0</ele>
      </trkpt>
      <trkpt lat="57.62586" lon="-5.33926">
        <ele>20.0</ele>
      </trkpt>
      <trkpt lat="57.62549" lon="-5.33823">
        <ele>20.1</ele>
      </trkpt>
      <trkpt lat="57.62502" lon="-5.33665">
        <ele>19.7</ele>
      </trkpt>
      <trkpt lat="57.62468" lon="-5.33566">
        <ele>17.4</ele>
      </trkpt>
      <trkpt lat="57.6245" lon="-5.33534">
        <ele>17.4</ele>
      </trkpt>
      <trkpt lat="57.62428" lon="-5.33506">
        <ele>18.1</ele>
      </trkpt>
      <trkpt lat="57.62377" lon="-5.33467">
        <ele>18.9</ele>
      </trkpt>
      <trkpt lat="57.62339" lon="-5.33441">
        <ele>18.6</ele>
      </trkpt>
      <trkpt lat="57.62306" lon="-5.33409">
        <ele>17.4</ele>
      </trkpt>
      <trkpt lat="57.62271" lon="-5.33368">
        <ele>16.0</ele>
      </trkpt>
      <trkpt lat="57.62212" lon="-5.33273">
        <ele>16.5</ele>
      </trkpt>
      <trkpt lat="57.61898" lon="-5.32809">
        <ele>23.9</ele>
      </trkpt>
      <trkpt lat="57.61864" lon="-5.32738">
        <ele>27.6</ele>
      </trkpt>
      <trkpt lat="57.61841" lon="-5.32657">
        <ele>28.0</ele>
      </trkpt>
      <trkpt lat="57.61799" lon="-5.32451">
        <ele>21.0</ele>
      </trkpt>
      <trkpt lat="57.61769" lon="-5.32363">
        <ele>19.7</ele>
      </trkpt>
      <trkpt lat="57.61709" lon="-5.32245">
        <ele>23.1</ele>
      </trkpt>
      <trkpt lat="57.61603" lon="-5.32057">
        <ele>21.8</ele>
      </trkpt>
      <trkpt lat="57.61431" lon="-5.31781">
        <ele>23.0</ele>
      </trkpt>
      <trkpt lat="57.61188" lon="-5.31407">
        <ele>24.0</ele>
      </trkpt>
      <trkpt lat="57.61002" lon="-5.31102">
        <ele>25.0</ele>
      </trkpt>
      <trkpt lat="57.60934" lon="-5.30978">
        <ele>25.8</ele>
      </trkpt>
      <trkpt lat="57.60878" lon="-5.30885">
        <ele>27.8</ele>
      </trkpt>
      <trkpt lat="57.60822" lon="-5.30812">
        <ele>28.7</ele>
      </trkpt>
      <trkpt lat="57.60772" lon="-5.30765">
        <ele>31.2</ele>
      </trkpt>
      <trkpt lat="57.60738" lon="-5.30743">
        <ele>31.9</ele>
      </trkpt>
      <trkpt lat="57.60648" lon="-5.30701">
        <ele>31.7</ele>
      </trkpt>
      <trkpt lat="57.60617" lon="-5.30682">
        <ele>31.7</ele>
      </trkpt>
      <trkpt lat="57.60592" lon="-5.30653">
        <ele>31.9</ele>
      </trkpt>
      <trkpt lat="57.60563" lon="-5.30612">
        <ele>32.5</ele>
      </trkpt>
      <trkpt lat="57.60491" lon="-5.30455">
        <ele>32.0</ele>
      </trkpt>
      <trkpt lat="57.60468" lon="-5.30399">
        <ele>31.9</ele>
      </trkpt>
      <trkpt lat="57.60451" lon="-5.30337">
        <ele>31.6</ele>
      </trkpt>
      <trkpt lat="57.60404" lon="-5.30384">
        <ele>32.1</ele>
      </trkpt>
      <trkpt lat="57.60329" lon="-5.30438">
        <ele>33.1</ele>
      </trkpt>
      <trkpt lat="57.60219" lon="-5.30529">
        <ele>34.2</ele>
      </trkpt>
      <trkpt lat="57.60201" lon="-5.30538">
        <ele>34.4</ele>
      </trkpt>
      <trkpt lat="57.6017" lon="-5.30546">
        <ele>34.9</ele>
      </trkpt>
      <trkpt lat="57.60131" lon="-5.30549">
        <ele>35.3</ele>
      </trkpt>
      <trkpt lat="57.60092" lon="-5.30553">
        <ele>35.6</ele>
      </trkpt>
      <trkpt lat="57.600926" lon="-5.305582">
        <ele>35.6</ele>
      </trkpt>
      <trkpt lat="57.59696" lon="-5.30596">
        <ele>42.4</ele>
      </trkpt>
      <trkpt lat="57.59623" lon="-5.30608">
        <ele>42.8</ele>
      </trkpt>
      <trkpt lat="57.59605" lon="-5.3062">
        <ele>42.7</ele>
      </trkpt>
      <trkpt lat="57.59592" lon="-5.30631">
        <ele>42.7</ele>
      </trkpt>
      <trkpt lat="57.59562" lon="-5.30661">
        <ele>42.9</ele>
      </trkpt>
      <trkpt lat="57.59532" lon="-5.30694">
        <ele>44.1</ele>
      </trkpt>
      <trkpt lat="57.59478" lon="-5.30724">
        <ele>45.4</ele>
      </trkpt>
      <trkpt lat="57.59413" lon="-5.30749">
        <ele>48.1</ele>
      </trkpt>
      <trkpt lat="57.59374" lon="-5.30768">
        <ele>50.4</ele>
      </trkpt>
      <trkpt lat="57.59219" lon="-5.30863">
        <ele>55.1</ele>
      </trkpt>
      <trkpt lat="57.59187" lon="-5.3088">
        <ele>55.9</ele>
      </trkpt>
      <trkpt lat="57.59087" lon="-5.30921">
        <ele>59.1</ele>
      </trkpt>
      <trkpt lat="57.5903" lon="-5.30942">
        <ele>61.2</ele>
      </trkpt>
      <trkpt lat="57.58748" lon="-5.3103">
        <ele>66.1</ele>
      </trkpt>
      <trkpt lat="57.58666" lon="-5.31062">
        <ele>66.7</ele>
      </trkpt>
      <trkpt lat="57.5852" lon="-5.3113">
        <ele>70.5</ele>
      </trkpt>
      <trkpt lat="57.58486" lon="-5.31141">
        <ele>69.8</ele>
      </trkpt>
      <trkpt lat="57.5834" lon="-5.31208">
        <ele>70.1</ele>
      </trkpt>
      <trkpt lat="57.58324" lon="-5.31219">
        <ele>70.5</ele>
      </trkpt>
      <trkpt lat="57.58263" lon="-5.31283">
        <ele>72.2</ele>
      </trkpt>
      <trkpt lat="57.5814" lon="-5.31423">
        <ele>75.2</ele>
      </trkpt>
      <trkpt lat="57.58074" lon="-5.31503">
        <ele>75.7</ele>
      </trkpt>
      <trkpt lat="57.58013" lon="-5.31572">
        <ele>77.1</ele>
      </trkpt>
      <trkpt lat="57.5799" lon="-5.31601">
        <ele>77.6</ele>
      </trkpt>
      <trkpt lat="57.57894" lon="-5.31712">
        <ele>77.4</ele>
      </trkpt>
      <trkpt lat="57.57873" lon="-5.31739">
        <ele>78.2</ele>
      </trkpt>
      <trkpt lat="57.57863" lon="-5.31758">
        <ele>78.8</ele>
      </trkpt>
      <trkpt lat="57.57829" lon="-5.31842">
        <ele>80.2</ele>
      </trkpt>
      <trkpt lat="57.57665" lon="-5.32203">
        <ele>82.2</ele>
      </trkpt>
      <trkpt lat="57.57636" lon="-5.32258">
        <ele>84.1</ele>
      </trkpt>
      <trkpt lat="57.57569" lon="-5.32356">
        <ele>83.3</ele>
      </trkpt>
      <trkpt lat="57.57552" lon="-5.32401">
        <ele>85.2</ele>
      </trkpt>
      <trkpt lat="57.57509" lon="-5.32545">
        <ele>89.4</ele>
      </trkpt>
      <trkpt lat="57.57494" lon="-5.32573">
        <ele>90.7</ele>
      </trkpt>
      <trkpt lat="57.57488" lon="-5.32592">
        <ele>91.7</ele>
      </trkpt>
      <trkpt lat="57.57452" lon="-5.32655">
        <ele>91.2</ele>
      </trkpt>
      <trkpt lat="57.57428" lon="-5.32689">
        <ele>91.1</ele>
      </trkpt>
      <trkpt lat="57.5732" lon="-5.32822">
        <ele>91.3</ele>
      </trkpt>
      <trkpt lat="57.57296" lon="-5.32864">
        <ele>91.0</ele>
      </trkpt>
      <trkpt lat="57.57284" lon="-5.32903">
        <ele>91.3</ele>
      </trkpt>
      <trkpt lat="57.57279" lon="-5.32936">
        <ele>92.0</ele>
      </trkpt>
      <trkpt lat="57.57274" lon="-5.3302">
        <ele>94.3</ele>
      </trkpt>
      <trkpt lat="57.57266" lon="-5.33078">
        <ele>94.7</ele>
      </trkpt>
      <trkpt lat="57.57258" lon="-5.33119">
        <ele>94.6</ele>
      </trkpt>
      <trkpt lat="57.57238" lon="-5.33191">
        <ele>95.6</ele>
      </trkpt>
      <trkpt lat="57.57224" lon="-5.33228">
        <ele>96.6</ele>
      </trkpt>
      <trkpt lat="57.57215" lon="-5.33257">
        <ele>97.4</ele>
      </trkpt>
      <trkpt lat="57.57166" lon="-5.33496">
        <ele>99.9</ele>
      </trkpt>
      <trkpt lat="57.57142" lon="-5.33598">
        <ele>103.2</ele>
      </trkpt>
      <trkpt lat="57.57122" lon="-5.33674">
        <ele>103.5</ele>
      </trkpt>
      <trkpt lat="57.57112" lon="-5.33705">
        <ele>103.8</ele>
      </trkpt>
      <trkpt lat="57.5705" lon="-5.33872">
        <ele>105.3</ele>
      </trkpt>
      <trkpt lat="57.57014" lon="-5.3394">
        <ele>105.2</ele>
      </trkpt>
      <trkpt lat="57.56983" lon="-5.34011">
        <ele>105.6</ele>
      </trkpt>
      <trkpt lat="57.56935" lon="-5.34129">
        <ele>106.8</ele>
      </trkpt>
      <trkpt lat="57.56906" lon="-5.34205">
        <ele>106.7</ele>
      </trkpt>
      <trkpt lat="57.56891" lon="-5.34214">
        <ele>105.8</ele>
      </trkpt>
      <trkpt lat="57.569048" lon="-5.341918">
        <ele>105.6</ele>
      </trkpt>
      <trkpt lat="57.568851" lon="-5.342087">
        <ele>104.8</ele>
      </trkpt>
      <trkpt lat="57.568737" lon="-5.342132">
        <ele>103.9</ele>
      </trkpt>
      <trkpt lat="57.567689" lon="-5.34233">
        <ele>97.3</ele>
      </trkpt>
      <trkpt lat="57.566822" lon="-5.342892">
        <ele>95.6</ele>
      </trkpt>
      <trkpt lat="57.566138" lon="-5.343236">
        <ele>95.3</ele>
      </trkpt>
      <trkpt lat="57.56566" lon="-5.343229">
        <ele>95.3</ele>
      </trkpt>
      <trkpt lat="57.565465" lon="-5.342987">
        <ele>96.0</ele>
      </trkpt>
      <trkpt lat="57.565385" lon="-5.342819">
        <ele>96.5</ele>
      </trkpt>
      <trkpt lat="57.565119" lon="-5.342674">
        <ele>97.9</ele>
      </trkpt>
      <trkpt lat="57.564621" lon="-5.343063">
        <ele>97.4</ele>
      </trkpt>
      <trkpt lat="57.56437" lon="-5.34305">
        <ele>97.8</ele>
      </trkpt>
      <trkpt lat="57.563458" lon="-5.34265">
        <ele>98.6</ele>
      </trkpt>
      <trkpt lat="57.562701" lon="-5.341569">
        <ele>99.6</ele>
      </trkpt>
      <trkpt lat="57.561968" lon="-5.340994">
        <ele>101.4</ele>
      </trkpt>
      <trkpt lat="57.561914" lon="-5.341046">
        <ele>100.4</ele>
      </trkpt>
      <trkpt lat="57.561896" lon="-5.341016">
        <ele>100.6</ele>
      </trkpt>
      <trkpt lat="57.561908" lon="-5.34105">
        <ele>100.3</ele>
      </trkpt>
      <trkpt lat="57.561881" lon="-5.340958">
        <ele>101.2</ele>
      </trkpt>
      <trkpt lat="57.561695" lon="-5.340797">
        <ele>101.6</ele>
      </trkpt>
      <trkpt lat="57.561549" lon="-5.340641">
        <ele>102.4</ele>
      </trkpt>
      <trkpt lat="57.561412" lon="-5.340387">
        <ele>103.9</ele>
      </trkpt>
      <trkpt lat="57.561219" lon="-5.340187">
        <ele>104.2</ele>
      </trkpt>
      <trkpt lat="57.560852" lon="-5.33991">
        <ele>103.7</ele>
      </trkpt>
      <trkpt lat="57.560177" lon="-5.339285">
        <ele>104.9</ele>
      </trkpt>
      <trkpt lat="57.560057" lon="-5.339129">
        <ele>105.3</ele>
      </trkpt>
      <trkpt lat="57.55997" lon="-5.339056">
        <ele>105.2</ele>
      </trkpt>
      <trkpt lat="57.55955" lon="-5.338588">
        <ele>106.9</ele>
      </trkpt>
      <trkpt lat="57.559128" lon="-5.337981">
        <ele>110.1</ele>
      </trkpt>
      <trkpt lat="57.558339" lon="-5.337165">
        <ele>108.3</ele>
      </trkpt>
      <trkpt lat="57.557423" lon="-5.336566">
        <ele>107.3</ele>
      </trkpt>
      <trkpt lat="57.557273" lon="-5.33652">
        <ele>108.5</ele>
      </trkpt>
      <trkpt lat="57.557099" lon="-5.336482">
        <ele>109.4</ele>
      </trkpt>
      <trkpt lat="57.556388" lon="-5.336404">
        <ele>109.4</ele>
      </trkpt>
      <trkpt lat="57.55551" lon="-5.336269">
        <ele>110.0</ele>
      </trkpt>
      <trkpt lat="57.555134" lon="-5.336341">
        <ele>108.4</ele>
      </trkpt>
      <trkpt lat="57.554666" lon="-5.336358">
        <ele>108.8</ele>
      </trkpt>
      <trkpt lat="57.55442" lon="-5.336251">
        <ele>111.9</ele>
      </trkpt>
      <trkpt lat="57.5542" lon="-5.336061">
        <ele>116.7</ele>
      </trkpt>
      <trkpt lat="57.553339" lon="-5.33552">
        <ele>113.9</ele>
      </trkpt>
      <trkpt lat="57.553219" lon="-5.335418">
        <ele>113.6</ele>
      </trkpt>
      <trkpt lat="57.55305" lon="-5.335215">
        <ele>113.5</ele>
      </trkpt>
      <trkpt lat="57.552321" lon="-5.334014">
        <ele>120.0</ele>
      </trkpt>
      <trkpt lat="57.552" lon="-5.333719">
        <ele>116.9</ele>
      </trkpt>
      <trkpt lat="57.551791" lon="-5.333552">
        <ele>113.5</ele>
      </trkpt>
      <trkpt lat="57.551446" lon="-5.333234">
        <ele>112.8</ele>
      </trkpt>
      <trkpt lat="57.550902" lon="-5.333041">
        <ele>111.7</ele>
      </trkpt>
      <trkpt lat="57.550119" lon="-5.332508">
        <ele>108.2</ele>
      </trkpt>
      <trkpt lat="57.55003" lon="-5.332398">
        <ele>107.8</ele>
      </trkpt>
      <trkpt lat="57.549796" lon="-5.331915">
        <ele>109.4</ele>
      </trkpt>
      <trkpt lat="57.549584" lon="-5.330961">
        <ele>112.2</ele>
      </trkpt>
      <trkpt lat="57.549423" lon="-5.330427">
        <ele>111.1</ele>
      </trkpt>
      <trkpt lat="57.549159" lon="-5.329231">
        <ele>111.3</ele>
      </trkpt>
      <trkpt lat="57.548772" lon="-5.327121">
        <ele>117.6</ele>
      </trkpt>
      <trkpt lat="57.548593" lon="-5.325875">
        <ele>120.6</ele>
      </trkpt>
      <trkpt lat="57.548444" lon="-5.325233">
        <ele>120.6</ele>
      </trkpt>
      <trkpt lat="57.548355" lon="-5.324524">
        <ele>121.9</ele>
      </trkpt>
      <trkpt lat="57.54832" lon="-5.323953">
        <ele>123.7</ele>
      </trkpt>
      <trkpt lat="57.548332" lon="-5.32335">
        <ele>126.9</ele>
      </trkpt>
      <trkpt lat="57.548422" lon="-5.322864">
        <ele>130.6</ele>
      </trkpt>
      <trkpt lat="57.548714" lon="-5.322044">
        <ele>138.7</ele>
      </trkpt>
      <trkpt lat="57.548939" lon="-5.321637">
        <ele>143.2</ele>
      </trkpt>
      <trkpt lat="57.549191" lon="-5.321115">
        <ele>147.4</ele>
      </trkpt>
      <trkpt lat="57.549323" lon="-5.32061">
        <ele>150.0</ele>
      </trkpt>
      <trkpt lat="57.549339" lon="-5.319442">
        <ele>152.4</ele>
      </trkpt>
      <trkpt lat="57.549174" lon="-5.318146">
        <ele>152.4</ele>
      </trkpt>
      <trkpt lat="57.549297" lon="-5.317677">
        <ele>155.7</ele>
      </trkpt>
      <trkpt lat="57.549395" lon="-5.317095">
        <ele>159.4</ele>
      </trkpt>
      <trkpt lat="57.549353" lon="-5.316509">
        <ele>160.3</ele>
      </trkpt>
      <trkpt lat="57.549454" lon="-5.315926">
        <ele>165.2</ele>
      </trkpt>
      <trkpt lat="57.549496" lon="-5.315269">
        <ele>169.0</ele>
      </trkpt>
      <trkpt lat="57.54948" lon="-5.314496">
        <ele>170.4</ele>
      </trkpt>
      <trkpt lat="57.549556" lon="-5.313176">
        <ele>174.2</ele>
      </trkpt>
      <trkpt lat="57.549436" lon="-5.312597">
        <ele>173.0</ele>
      </trkpt>
      <trkpt lat="57.549348" lon="-5.311961">
        <ele>172.8</ele>
      </trkpt>
      <trkpt lat="57.549346" lon="-5.311006">
        <ele>174.8</ele>
      </trkpt>
      <trkpt lat="57.549413" lon="-5.310262">
        <ele>178.6</ele>
      </trkpt>
      <trkpt lat="57.549405" lon="-5.31003">
        <ele>179.2</ele>
      </trkpt>
      <trkpt lat="57.549305" lon="-5.309731">
        <ele>177.6</ele>
      </trkpt>
      <trkpt lat="57.548952" lon="-5.309055">
        <ele>171.7</ele>
      </trkpt>
      <trkpt lat="57.548885" lon="-5.308639">
        <ele>172.3</ele>
      </trkpt>
      <trkpt lat="57.548917" lon="-5.307995">
        <ele>176.8</ele>
      </trkpt>
      <trkpt lat="57.548806" lon="-5.307459">
        <ele>177.9</ele>
      </trkpt>
      <trkpt lat="57.548675" lon="-5.307038">
        <ele>178.1</ele>
      </trkpt>
      <trkpt lat="57.548254" lon="-5.306585">
        <ele>172.7</ele>
      </trkpt>
      <trkpt lat="57.548031" lon="-5.306372">
        <ele>169.0</ele>
      </trkpt>
      <trkpt lat="57.547943" lon="-5.306239">
        <ele>167.9</ele>
      </trkpt>
      <trkpt lat="57.547635" lon="-5.305473">
        <ele>165.9</ele>
      </trkpt>
      <trkpt lat="57.547364" lon="-5.304983">
        <ele>163.3</ele>
      </trkpt>
      <trkpt lat="57.547246" lon="-5.304688">
        <ele>162.3</ele>
      </trkpt>
      <trkpt lat="57.546958" lon="-5.304125">
        <ele>159.2</ele>
      </trkpt>
      <trkpt lat="57.546661" lon="-5.303756">
        <ele>155.4</ele>
      </trkpt>
      <trkpt lat="57.546523" lon="-5.303652">
        <ele>154.0</ele>
      </trkpt>
      <trkpt lat="57.546339" lon="-5.303473">
        <ele>152.4</ele>
      </trkpt>
      <trkpt lat="57.546096" lon="-5.303075">
        <ele>151.4</ele>
      </trkpt>
      <trkpt lat="57.546021" lon="-5.303024">
        <ele>150.8</ele>
      </trkpt>
      <trkpt lat="57.545876" lon="-5.303059">
        <ele>148.6</ele>
      </trkpt>
      <trkpt lat="57.545686" lon="-5.303154">
        <ele>145.8</ele>
      </trkpt>
      <trkpt lat="57.545469" lon="-5.303179">
        <ele>143.5</ele>
      </trkpt>
      <trkpt lat="57.545202" lon="-5.303151">
        <ele>141.1</ele>
      </trkpt>
      <trkpt lat="57.544889" lon="-5.303055">
        <ele>138.4</ele>
      </trkpt>
      <trkpt lat="57.544749" lon="-5.302992">
        <ele>137.1</ele>
      </trkpt>
      <trkpt lat="57.544494" lon="-5.303292">
        <ele>132.7</ele>
      </trkpt>
      <trkpt lat="57.54421" lon="-5.303441">
        <ele>128.7</ele>
      </trkpt>
      <trkpt lat="57.54415" lon="-5.303412">
        <ele>128.2</ele>
      </trkpt>
      <trkpt lat="57.544112" lon="-5.30337">
        <ele>127.9</ele>
      </trkpt>
      <trkpt lat="57.544024" lon="-5.303494">
        <ele>125.7</ele>
      </trkpt>
      <trkpt lat="57.544002" lon="-5.303503">
        <ele>125.3</ele>
      </trkpt>
      <trkpt lat="57.543505" lon="-5.303483">
        <ele>117.9</ele>
      </trkpt>
      <trkpt lat="57.543195" lon="-5.303635">
        <ele>113.3</ele>
      </trkpt>
      <trkpt lat="57.543046" lon="-5.303741">
        <ele>111.5</ele>
      </trkpt>
      <trkpt lat="57.542944" lon="-5.30383">
        <ele>110.2</ele>
      </trkpt>
      <trkpt lat="57.542468" lon="-5.304361">
        <ele>104.1</ele>
      </trkpt>
      <trkpt lat="57.542294" lon="-5.304637">
        <ele>102.4</ele>
      </trkpt>
      <trkpt lat="57.542067" lon="-5.304734">
        <ele>101.1</ele>
      </trkpt>
      <trkpt lat="57.541921" lon="-5.304754">
        <ele>100.4</ele>
      </trkpt>
      <trkpt lat="57.541743" lon="-5.304537">
        <ele>99.9</ele>
      </trkpt>
      <trkpt lat="57.54174" lon="-5.304081">
        <ele>100.7</ele>
      </trkpt>
      <trkpt lat="57.5416" lon="-5.303822">
        <ele>100.9</ele>
      </trkpt>
      <trkpt lat="57.541144" lon="-5.303791">
        <ele>101.8</ele>
      </trkpt>
      <trkpt lat="57.541035" lon="-5.304035">
        <ele>101.2</ele>
      </trkpt>
      <trkpt lat="57.541018" lon="-5.30485">
        <ele>98.7</ele>
      </trkpt>
      <trkpt lat="57.541162" lon="-5.305344">
        <ele>97.8</ele>
      </trkpt>
      <trkpt lat="57.540944" lon="-5.306009">
        <ele>96.8</ele>
      </trkpt>
      <trkpt lat="57.540819" lon="-5.306213">
        <ele>96.6</ele>
      </trkpt>
      <trkpt lat="57.540729" lon="-5.306298">
        <ele>96.5</ele>
      </trkpt>
      <trkpt lat="57.540541" lon="-5.306416">
        <ele>96.5</ele>
      </trkpt>
      <trkpt lat="57.540377" lon="-5.306766">
        <ele>96.5</ele>
      </trkpt>
      <trkpt lat="57.540052" lon="-5.308151">
        <ele>96.0</ele>
      </trkpt>
      <trkpt lat="57.539979" lon="-5.30838">
        <ele>96.0</ele>
      </trkpt>
      <trkpt lat="57.539779" lon="-5.308779">
        <ele>95.7</ele>
      </trkpt>
      <trkpt lat="57.53916" lon="-5.30988">
        <ele>95.2</ele>
      </trkpt>
      <trkpt lat="57.538849" lon="-5.310496">
        <ele>95.4</ele>
      </trkpt>
      <trkpt lat="57.538414" lon="-5.311444">
        <ele>96.7</ele>
      </trkpt>
      <trkpt lat="57.538405" lon="-5.311589">
        <ele>96.7</ele>
      </trkpt>
      <trkpt lat="57.538257" lon="-5.311569">
        <ele>97.4</ele>
      </trkpt>
      <trkpt lat="57.53786" lon="-5.310396">
        <ele>98.7</ele>
      </trkpt>
      <trkpt lat="57.537395" lon="-5.309106">
        <ele>100.4</ele>
      </trkpt>
      <trkpt lat="57.53713" lon="-5.308287">
        <ele>101.6</ele>
      </trkpt>
      <trkpt lat="57.53664" lon="-5.307008">
        <ele>105.1</ele>
      </trkpt>
      <trkpt lat="57.535854" lon="-5.304688">
        <ele>103.1</ele>
      </trkpt>
      <trkpt lat="57.535561" lon="-5.303876">
        <ele>102.5</ele>
      </trkpt>
      <trkpt lat="57.535216" lon="-5.303162">
        <ele>102.3</ele>
      </trkpt>
      <trkpt lat="57.535037" lon="-5.302958">
        <ele>102.0</ele>
      </trkpt>
      <trkpt lat="57.534088" lon="-5.301989">
        <ele>103.1</ele>
      </trkpt>
      <trkpt lat="57.53367" lon="-5.301587">
        <ele>103.6</ele>
      </trkpt>
      <trkpt lat="57.533282" lon="-5.301426">
        <ele>104.1</ele>
      </trkpt>
      <trkpt lat="57.532653" lon="-5.301235">
        <ele>104.8</ele>
      </trkpt>
      <trkpt lat="57.532001" lon="-5.30107">
        <ele>105.6</ele>
      </trkpt>
      <trkpt lat="57.531284" lon="-5.301095">
        <ele>106.5</ele>
      </trkpt>
      <trkpt lat="57.531134" lon="-5.301226">
        <ele>106.6</ele>
      </trkpt>
      <trkpt lat="57.530972" lon="-5.301247">
        <ele>106.8</ele>
      </trkpt>
      <trkpt lat="57.530474" lon="-5.301003">
        <ele>107.9</ele>
      </trkpt>
      <trkpt lat="57.529875" lon="-5.300763">
        <ele>109.3</ele>
      </trkpt>
      <trkpt lat="57.529284" lon="-5.30099">
        <ele>110.6</ele>
      </trkpt>
      <trkpt lat="57.528782" lon="-5.301919">
        <ele>111.2</ele>
      </trkpt>
      <trkpt lat="57.528686" lon="-5.302061">
        <ele>111.7</ele>
      </trkpt>
      <trkpt lat="57.528612" lon="-5.302123">
        <ele>111.9</ele>
      </trkpt>
      <trkpt lat="57.527952" lon="-5.302276">
        <ele>112.6</ele>
      </trkpt>
      <trkpt lat="57.527552" lon="-5.302129">
        <ele>112.5</ele>
      </trkpt>
      <trkpt lat="57.526312" lon="-5.301363">
        <ele>115.6</ele>
      </trkpt>
      <trkpt lat="57.525833" lon="-5.301102">
        <ele>118.0</ele>
      </trkpt>
      <trkpt lat="57.525518" lon="-5.301557">
        <ele>116.8</ele>
      </trkpt>
      <trkpt lat="57.525343" lon="-5.302087">
        <ele>117.1</ele>
      </trkpt>
      <trkpt lat="57.525033" lon="-5.302669">
        <ele>118.0</ele>
      </trkpt>
      <trkpt lat="57.524966" lon="-5.302829">
        <ele>118.1</ele>
      </trkpt>
      <trkpt lat="57.524764" lon="-5.303478">
        <ele>119.2</ele>
      </trkpt>
      <trkpt lat="57.524495" lon="-5.304444">
        <ele>122.5</ele>
      </trkpt>
      <trkpt lat="57.524088" lon="-5.305731">
        <ele>129.4</ele>
      </trkpt>
      <trkpt lat="57.523471" lon="-5.307017">
        <ele>135.5</ele>
      </trkpt>
      <trkpt lat="57.52307" lon="-5.307771">
        <ele>138.1</ele>
      </trkpt>
      <trkpt lat="57.522989" lon="-5.308451">
        <ele>140.4</ele>
      </trkpt>
      <trkpt lat="57.522838" lon="-5.309117">
        <ele>144.3</ele>
      </trkpt>
      <trkpt lat="57.522654" lon="-5.309528">
        <ele>145.3</ele>
      </trkpt>
      <trkpt lat="57.522345" lon="-5.309803">
        <ele>144.8</ele>
      </trkpt>
      <trkpt lat="57.522091" lon="-5.309647">
        <ele>143.7</ele>
      </trkpt>
      <trkpt lat="57.522127" lon="-5.309569">
        <ele>143.6</ele>
      </trkpt>
      <trkpt lat="57.522078" lon="-5.309739">
        <ele>143.9</ele>
      </trkpt>
      <trkpt lat="57.52178" lon="-5.310116">
        <ele>144.2</ele>
      </trkpt>
      <trkpt lat="57.521745" lon="-5.310634">
        <ele>147.3</ele>
      </trkpt>
      <trkpt lat="57.521577" lon="-5.311442">
        <ele>151.2</ele>
      </trkpt>
      <trkpt lat="57.52131" lon="-5.31239">
        <ele>155.4</ele>
      </trkpt>
      <trkpt lat="57.521204" lon="-5.312742">
        <ele>156.1</ele>
      </trkpt>
      <trkpt lat="57.521185" lon="-5.312765">
        <ele>156.0</ele>
      </trkpt>
      <trkpt lat="57.521124" lon="-5.313082">
        <ele>156.5</ele>
      </trkpt>
      <trkpt lat="57.520948" lon="-5.313761">
        <ele>157.2</ele>
      </trkpt>
      <trkpt lat="57.52054" lon="-5.315203">
        <ele>161.7</ele>
      </trkpt>
      <trkpt lat="57.520314" lon="-5.315823">
        <ele>164.0</ele>
      </trkpt>
      <trkpt lat="57.519603" lon="-5.317356">
        <ele>170.7</ele>
      </trkpt>
      <trkpt lat="57.519523" lon="-5.318051">
        <ele>173.7</ele>
      </trkpt>
      <trkpt lat="57.519517" lon="-5.318627">
        <ele>176.3</ele>
      </trkpt>
      <trkpt lat="57.51942" lon="-5.319229">
        <ele>177.9</ele>
      </trkpt>
      <trkpt lat="57.519219" lon="-5.319975">
        <ele>176.9</ele>
      </trkpt>
      <trkpt lat="57.519089" lon="-5.320669">
        <ele>178.9</ele>
      </trkpt>
      <trkpt lat="57.519069" lon="-5.321253">
        <ele>180.2</ele>
      </trkpt>
      <trkpt lat="57.519087" lon="-5.32146">
        <ele>180.4</ele>
      </trkpt>
      <trkpt lat="57.519127" lon="-5.321621">
        <ele>180.3</ele>
      </trkpt>
      <trkpt lat="57.519171" lon="-5.321584">
        <ele>179.9</ele>
      </trkpt>
      <trkpt lat="57.51915" lon="-5.321538">
        <ele>179.9</ele>
      </trkpt>
      <trkpt lat="57.519158" lon="-5.321565">
        <ele>179.8</ele>
      </trkpt>
      <trkpt lat="57.519142" lon="-5.3216">
        <ele>180.1</ele>
      </trkpt>
      <trkpt lat="57.519135" lon="-5.321549">
        <ele>180.0</ele>
      </trkpt>
      <trkpt lat="57.519181" lon="-5.321582">
        <ele>180.2</ele>
      </trkpt>
      <trkpt lat="57.51915" lon="-5.321573">
        <ele>179.9</ele>
      </trkpt>
      <trkpt lat="57.519153" lon="-5.321873">
        <ele>181.3</ele>
      </trkpt>
      <trkpt lat="57.519094" lon="-5.322298">
        <ele>184.2</ele>
      </trkpt>
      <trkpt lat="57.519057" lon="-5.322822">
        <ele>187.1</ele>
      </trkpt>
      <trkpt lat="57.519028" lon="-5.322861">
        <ele>187.3</ele>
      </trkpt>
      <trkpt lat="57.519026" lon="-5.322884">
        <ele>187.4</ele>
      </trkpt>
      <trkpt lat="57.519045" lon="-5.322862">
        <ele>187.3</ele>
      </trkpt>
      <trkpt lat="57.519045" lon="-5.322891">
        <ele>187.4</ele>
      </trkpt>
      <trkpt lat="57.519023" lon="-5.322872">
        <ele>187.4</ele>
      </trkpt>
      <trkpt lat="57.518916" lon="-5.322855">
        <ele>187.4</ele>
      </trkpt>
      <trkpt lat="57.518863" lon="-5.322788">
        <ele>187.2</ele>
      </trkpt>
      <trkpt lat="57.518779" lon="-5.322888">
        <ele>187.6</ele>
      </trkpt>
      <trkpt lat="57.518771" lon="-5.322985">
        <ele>188.0</ele>
      </trkpt>
      <trkpt lat="57.518853" lon="-5.323305">
        <ele>189.1</ele>
      </trkpt>
      <trkpt lat="57.518806" lon="-5.323489">
        <ele>190.6</ele>
      </trkpt>
      <trkpt lat="57.51873" lon="-5.323668">
        <ele>192.2</ele>
      </trkpt>
      <trkpt lat="57.518645" lon="-5.324">
        <ele>195.1</ele>
      </trkpt>
      <trkpt lat="57.518493" lon="-5.324222">
        <ele>196.8</ele>
      </trkpt>
      <trkpt lat="57.518457" lon="-5.324321">
        <ele>197.6</ele>
      </trkpt>
      <trkpt lat="57.518251" lon="-5.324586">
        <ele>200.1</ele>
      </trkpt>
      <trkpt lat="57.517997" lon="-5.325003">
        <ele>203.8</ele>
      </trkpt>
      <trkpt lat="57.517944" lon="-5.325056">
        <ele>204.7</ele>
      </trkpt>
      <trkpt lat="57.517871" lon="-5.325176">
        <ele>206.6</ele>
      </trkpt>
      <trkpt lat="57.517744" lon="-5.32534">
        <ele>209.3</ele>
      </trkpt>
      <trkpt lat="57.517577" lon="-5.325429">
        <ele>211.0</ele>
      </trkpt>
      <trkpt lat="57.517467" lon="-5.32559">
        <ele>213.8</ele>
      </trkpt>
      <trkpt lat="57.517346" lon="-5.325837">
        <ele>218.1</ele>
      </trkpt>
      <trkpt lat="57.517228" lon="-5.325906">
        <ele>219.7</ele>
      </trkpt>
      <trkpt lat="57.517052" lon="-5.326168">
        <ele>223.1</ele>
      </trkpt>
      <trkpt lat="57.516871" lon="-5.326234">
        <ele>224.3</ele>
      </trkpt>
      <trkpt lat="57.516711" lon="-5.326422">
        <ele>225.8</ele>
      </trkpt>
      <trkpt lat="57.516671" lon="-5.326436">
        <ele>225.9</ele>
      </trkpt>
      <trkpt lat="57.516387" lon="-5.326681">
        <ele>226.9</ele>
      </trkpt>
      <trkpt lat="57.516166" lon="-5.326927">
        <ele>230.3</ele>
      </trkpt>
      <trkpt lat="57.515918" lon="-5.326995">
        <ele>230.9</ele>
      </trkpt>
      <trkpt lat="57.515827" lon="-5.326948">
        <ele>230.1</ele>
      </trkpt>
      <trkpt lat="57.51552" lon="-5.327225">
        <ele>234.5</ele>
      </trkpt>
      <trkpt lat="57.515457" lon="-5.327259">
        <ele>235.0</ele>
      </trkpt>
      <trkpt lat="57.515079" lon="-5.32777">
        <ele>238.6</ele>
      </trkpt>
      <trkpt lat="57.514946" lon="-5.327754">
        <ele>238.6</ele>
      </trkpt>
      <trkpt lat="57.514818" lon="-5.327849">
        <ele>239.8</ele>
      </trkpt>
      <trkpt lat="57.514626" lon="-5.328344">
        <ele>240.2</ele>
      </trkpt>
      <trkpt lat="57.514437" lon="-5.328764">
        <ele>243.4</ele>
      </trkpt>
      <trkpt lat="57.514241" lon="-5.329022">
        <ele>244.4</ele>
      </trkpt>
      <trkpt lat="57.514032" lon="-5.329446">
        <ele>247.1</ele>
      </trkpt>
      <trkpt lat="57.513842" lon="-5.329762">
        <ele>248.1</ele>
      </trkpt>
      <trkpt lat="57.513688" lon="-5.329938">
        <ele>247.5</ele>
      </trkpt>
      <trkpt lat="57.513583" lon="-5.330099">
        <ele>248.1</ele>
      </trkpt>
      <trkpt lat="57.513392" lon="-5.330296">
        <ele>249.0</ele>
      </trkpt>
      <trkpt lat="57.513338" lon="-5.330377">
        <ele>249.6</ele>
      </trkpt>
      <trkpt lat="57.513047" lon="-5.330959">
        <ele>256.4</ele>
      </trkpt>
      <trkpt lat="57.512963" lon="-5.331265">
        <ele>258.6</ele>
      </trkpt>
      <trkpt lat="57.51268" lon="-5.332059">
        <ele>262.0</ele>
      </trkpt>
      <trkpt lat="57.512445" lon="-5.332548">
        <ele>263.4</ele>
      </trkpt>
      <trkpt lat="57.512195" lon="-5.333126">
        <ele>265.8</ele>
      </trkpt>
      <trkpt lat="57.51204" lon="-5.333413">
        <ele>266.5</ele>
      </trkpt>
      <trkpt lat="57.511919" lon="-5.33374">
        <ele>268.4</ele>
      </trkpt>
      <trkpt lat="57.511817" lon="-5.333939">
        <ele>269.0</ele>
      </trkpt>
      <trkpt lat="57.511714" lon="-5.334397">
        <ele>270.7</ele>
      </trkpt>
      <trkpt lat="57.511584" lon="-5.334774">
        <ele>272.1</ele>
      </trkpt>
      <trkpt lat="57.511458" lon="-5.335228">
        <ele>274.8</ele>
      </trkpt>
      <trkpt lat="57.511428" lon="-5.335275">
        <ele>275.1</ele>
      </trkpt>
      <trkpt lat="57.511361" lon="-5.335621">
        <ele>277.2</ele>
      </trkpt>
      <trkpt lat="57.511314" lon="-5.336484">
        <ele>281.7</ele>
      </trkpt>
      <trkpt lat="57.511248" lon="-5.336771">
        <ele>282.7</ele>
      </trkpt>
      <trkpt lat="57.511206" lon="-5.336851">
        <ele>282.8</ele>
      </trkpt>
      <trkpt lat="57.510949" lon="-5.337122">
        <ele>281.9</ele>
      </trkpt>
      <trkpt lat="57.510748" lon="-5.337611">
        <ele>283.7</ele>
      </trkpt>
      <trkpt lat="57.510646" lon="-5.338026">
        <ele>285.4</ele>
      </trkpt>
      <trkpt lat="57.510625" lon="-5.338053">
        <ele>285.5</ele>
      </trkpt>
      <trkpt lat="57.51044" lon="-5.338584">
        <ele>287.3</ele>
      </trkpt>
      <trkpt lat="57.510224" lon="-5.339405">
        <ele>289.8</ele>
      </trkpt>
      <trkpt lat="57.510144" lon="-5.339823">
        <ele>290.5</ele>
      </trkpt>
      <trkpt lat="57.510109" lon="-5.340217">
        <ele>292.1</ele>
      </trkpt>
      <trkpt lat="57.510098" lon="-5.340924">
        <ele>296.4</ele>
      </trkpt>
      <trkpt lat="57.510075" lon="-5.341353">
        <ele>298.7</ele>
      </trkpt>
      <trkpt lat="57.510088" lon="-5.341933">
        <ele>302.4</ele>
      </trkpt>
      <trkpt lat="57.510062" lon="-5.34219">
        <ele>303.8</ele>
      </trkpt>
      <trkpt lat="57.510019" lon="-5.342238">
        <ele>303.6</ele>
      </trkpt>
      <trkpt lat="57.509916" lon="-5.342517">
        <ele>304.6</ele>
      </trkpt>
      <trkpt lat="57.509776" lon="-5.34275">
        <ele>305.0</ele>
      </trkpt>
      <trkpt lat="57.509673" lon="-5.343117">
        <ele>306.2</ele>
      </trkpt>
      <trkpt lat="57.509674" lon="-5.343494">
        <ele>308.7</ele>
      </trkpt>
      <trkpt lat="57.509633" lon="-5.344467">
        <ele>317.2</ele>
      </trkpt>
      <trkpt lat="57.509589" lon="-5.344607">
        <ele>318.0</ele>
      </trkpt>
      <trkpt lat="57.509384" lon="-5.344862">
        <ele>318.1</ele>
      </trkpt>
      <trkpt lat="57.509292" lon="-5.345096">
        <ele>320.0</ele>
      </trkpt>
      <trkpt lat="57.509216" lon="-5.345376">
        <ele>323.9</ele>
      </trkpt>
      <trkpt lat="57.509116" lon="-5.34561">
        <ele>326.6</ele>
      </trkpt>
      <trkpt lat="57.509095" lon="-5.345757">
        <ele>328.8</ele>
      </trkpt>
      <trkpt lat="57.509062" lon="-5.345794">
        <ele>329.0</ele>
      </trkpt>
      <trkpt lat="57.508941" lon="-5.345838">
        <ele>328.1</ele>
      </trkpt>
      <trkpt lat="57.508867" lon="-5.345964">
        <ele>329.0</ele>
      </trkpt>
      <trkpt lat="57.508755" lon="-5.346058">
        <ele>328.7</ele>
      </trkpt>
      <trkpt lat="57.508745" lon="-5.34618">
        <ele>330.2</ele>
      </trkpt>
      <trkpt lat="57.508768" lon="-5.346239">
        <ele>331.4</ele>
      </trkpt>
      <trkpt lat="57.508554" lon="-5.347112">
        <ele>343.4</ele>
      </trkpt>
      <trkpt lat="57.508454" lon="-5.347187">
        <ele>342.9</ele>
      </trkpt>
      <trkpt lat="57.508121" lon="-5.347762">
        <ele>349.4</ele>
      </trkpt>
      <trkpt lat="57.508038" lon="-5.347878">
        <ele>350.3</ele>
      </trkpt>
      <trkpt lat="57.507939" lon="-5.347913">
        <ele>349.3</ele>
      </trkpt>
      <trkpt lat="57.507706" lon="-5.348168">
        <ele>349.5</ele>
      </trkpt>
      <trkpt lat="57.507573" lon="-5.348406">
        <ele>351.3</ele>
      </trkpt>
      <trkpt lat="57.507481" lon="-5.348473">
        <ele>351.2</ele>
      </trkpt>
      <trkpt lat="57.507346" lon="-5.34841">
        <ele>348.6</ele>
      </trkpt>
      <trkpt lat="57.507265" lon="-5.348394">
        <ele>347.6</ele>
      </trkpt>
      <trkpt lat="57.507219" lon="-5.348363">
        <ele>346.6</ele>
      </trkpt>
      <trkpt lat="57.50705" lon="-5.348439">
        <ele>346.8</ele>
      </trkpt>
      <trkpt lat="57.506887" lon="-5.348416">
        <ele>345.1</ele>
      </trkpt>
      <trkpt lat="57.506733" lon="-5.348539">
        <ele>345.8</ele>
      </trkpt>
      <trkpt lat="57.506621" lon="-5.348673">
        <ele>347.0</ele>
      </trkpt>
      <trkpt lat="57.506589" lon="-5.348809">
        <ele>348.9</ele>
      </trkpt>
      <trkpt lat="57.506374" lon="-5.348922">
        <ele>349.0</ele>
      </trkpt>
      <trkpt lat="57.506253" lon="-5.349062">
        <ele>350.1</ele>
      </trkpt>
      <trkpt lat="57.50581" lon="-5.349009">
        <ele>346.0</ele>
      </trkpt>
      <trkpt lat="57.50565" lon="-5.349127">
        <ele>346.5</ele>
      </trkpt>
      <trkpt lat="57.505477" lon="-5.349406">
        <ele>348.2</ele>
      </trkpt>
      <trkpt lat="57.505422" lon="-5.349392">
        <ele>347.7</ele>
      </trkpt>
      <trkpt lat="57.505383" lon="-5.34943">
        <ele>347.8</ele>
      </trkpt>
      <trkpt lat="57.505311" lon="-5.349573">
        <ele>348.6</ele>
      </trkpt>
      <trkpt lat="57.505228" lon="-5.349897">
        <ele>351.0</ele>
      </trkpt>
      <trkpt lat="57.505202" lon="-5.349925">
        <ele>351.0</ele>
      </trkpt>
      <trkpt lat="57.504908" lon="-5.349978">
        <ele>349.3</ele>
      </trkpt>
      <trkpt lat="57.504814" lon="-5.350062">
        <ele>349.8</ele>
      </trkpt>
      <trkpt lat="57.504754" lon="-5.350071">
        <ele>349.6</ele>
      </trkpt>
      <trkpt lat="57.504453" lon="-5.350319">
        <ele>351.2</ele>
      </trkpt>
      <trkpt lat="57.504385" lon="-5.350483">
        <ele>353.0</ele>
      </trkpt>
      <trkpt lat="57.504271" lon="-5.35048">
        <ele>352.1</ele>
      </trkpt>
      <trkpt lat="57.504028" lon="-5.35061">
        <ele>353.8</ele>
      </trkpt>
      <trkpt lat="57.503742" lon="-5.350579">
        <ele>354.8</ele>
      </trkpt>
      <trkpt lat="57.503631" lon="-5.350864">
        <ele>358.9</ele>
      </trkpt>
      <trkpt lat="57.503542" lon="-5.350974">
        <ele>360.6</ele>
      </trkpt>
      <trkpt lat="57.503538" lon="-5.350998">
        <ele>360.9</ele>
      </trkpt>
      <trkpt lat="57.503455" lon="-5.351049">
        <ele>361.8</ele>
      </trkpt>
      <trkpt lat="57.503273" lon="-5.351205">
        <ele>364.3</ele>
      </trkpt>
      <trkpt lat="57.503184" lon="-5.351343">
        <ele>366.0</ele>
      </trkpt>
      <trkpt lat="57.503125" lon="-5.351346">
        <ele>366.3</ele>
      </trkpt>
      <trkpt lat="57.502976" lon="-5.351394">
        <ele>367.2</ele>
      </trkpt>
      <trkpt lat="57.50292" lon="-5.351375">
        <ele>367.2</ele>
      </trkpt>
      <trkpt lat="57.50289" lon="-5.351381">
        <ele>367.4</ele>
      </trkpt>
      <trkpt lat="57.502849" lon="-5.351412">
        <ele>367.7</ele>
      </trkpt>
      <trkpt lat="57.502655" lon="-5.351707">
        <ele>370.3</ele>
      </trkpt>
      <trkpt lat="57.502556" lon="-5.351759">
        <ele>371.0</ele>
      </trkpt>
      <trkpt lat="57.502303" lon="-5.351789">
        <ele>372.1</ele>
      </trkpt>
      <trkpt lat="57.502267" lon="-5.35182">
        <ele>372.6</ele>
      </trkpt>
      <trkpt lat="57.502207" lon="-5.351911">
        <ele>373.6</ele>
      </trkpt>
      <trkpt lat="57.502153" lon="-5.352052">
        <ele>375.1</ele>
      </trkpt>
      <trkpt lat="57.502146" lon="-5.352128">
        <ele>375.7</ele>
      </trkpt>
      <trkpt lat="57.502061" lon="-5.35215">
        <ele>376.1</ele>
      </trkpt>
      <trkpt lat="57.501958" lon="-5.352228">
        <ele>376.9</ele>
      </trkpt>
      <trkpt lat="57.501942" lon="-5.352325">
        <ele>377.7</ele>
      </trkpt>
      <trkpt lat="57.501776" lon="-5.352513">
        <ele>379.1</ele>
      </trkpt>
      <trkpt lat="57.50151" lon="-5.352723">
        <ele>379.9</ele>
      </trkpt>
      <trkpt lat="57.501452" lon="-5.352908">
        <ele>380.6</ele>
      </trkpt>
      <trkpt lat="57.50138" lon="-5.353027">
        <ele>380.9</ele>
      </trkpt>
      <trkpt lat="57.501331" lon="-5.353308">
        <ele>381.7</ele>
      </trkpt>
      <trkpt lat="57.50134" lon="-5.353456">
        <ele>382.4</ele>
      </trkpt>
      <trkpt lat="57.501328" lon="-5.353673">
        <ele>383.5</ele>
      </trkpt>
      <trkpt lat="57.501222" lon="-5.353861">
        <ele>383.9</ele>
      </trkpt>
      <trkpt lat="57.501108" lon="-5.354016">
        <ele>384.0</ele>
      </trkpt>
      <trkpt lat="57.500903" lon="-5.354471">
        <ele>384.6</ele>
      </trkpt>
      <trkpt lat="57.500679" lon="-5.354649">
        <ele>384.2</ele>
      </trkpt>
      <trkpt lat="57.500549" lon="-5.354805">
        <ele>384.1</ele>
      </trkpt>
      <trkpt lat="57.50054" lon="-5.354856">
        <ele>384.2</ele>
      </trkpt>
      <trkpt lat="57.500116" lon="-5.354908">
        <ele>382.4</ele>
      </trkpt>
      <trkpt lat="57.499907" lon="-5.354896">
        <ele>381.6</ele>
      </trkpt>
      <trkpt lat="57.499655" lon="-5.354845">
        <ele>380.8</ele>
      </trkpt>
      <trkpt lat="57.499392" lon="-5.354834">
        <ele>380.0</ele>
      </trkpt>
      <trkpt lat="57.499122" lon="-5.355033">
        <ele>378.8</ele>
      </trkpt>
      <trkpt lat="57.499034" lon="-5.355203">
        <ele>378.0</ele>
      </trkpt>
      <trkpt lat="57.498894" lon="-5.355314">
        <ele>377.3</ele>
      </trkpt>
      <trkpt lat="57.498801" lon="-5.355276">
        <ele>377.3</ele>
      </trkpt>
      <trkpt lat="57.498715" lon="-5.355378">
        <ele>376.6</ele>
      </trkpt>
      <trkpt lat="57.498396" lon="-5.355342">
        <ele>376.1</ele>
      </trkpt>
      <trkpt lat="57.498239" lon="-5.35552">
        <ele>374.4</ele>
      </trkpt>
      <trkpt lat="57.497863" lon="-5.355761">
        <ele>371.2</ele>
      </trkpt>
      <trkpt lat="57.497721" lon="-5.355733">
        <ele>370.7</ele>
      </trkpt>
      <trkpt lat="57.497371" lon="-5.355427">
        <ele>370.7</ele>
      </trkpt>
      <trkpt lat="57.497084" lon="-5.355306">
        <ele>369.5</ele>
      </trkpt>
      <trkpt lat="57.496745" lon="-5.354935">
        <ele>368.7</ele>
      </trkpt>
      <trkpt lat="57.496676" lon="-5.354818">
        <ele>368.5</ele>
      </trkpt>
      <trkpt lat="57.496548" lon="-5.354664">
        <ele>367.3</ele>
      </trkpt>
      <trkpt lat="57.496426" lon="-5.354551">
        <ele>366.1</ele>
      </trkpt>
      <trkpt lat="57.496339" lon="-5.354429">
        <ele>365.3</ele>
      </trkpt>
      <trkpt lat="57.496154" lon="-5.354256">
        <ele>363.6</ele>
      </trkpt>
      <trkpt lat="57.495962" lon="-5.354133">
        <ele>361.7</ele>
      </trkpt>
      <trkpt lat="57.495873" lon="-5.354036">
        <ele>360.9</ele>
      </trkpt>
      <trkpt lat="57.49562" lon="-5.353598">
        <ele>358.9</ele>
      </trkpt>
      <trkpt lat="57.495411" lon="-5.353364">
        <ele>356.8</ele>
      </trkpt>
      <trkpt lat="57.495323" lon="-5.353075">
        <ele>357.0</ele>
      </trkpt>
      <trkpt lat="57.495258" lon="-5.353028">
        <ele>356.3</ele>
      </trkpt>
      <trkpt lat="57.495177" lon="-5.353012">
        <ele>355.2</ele>
      </trkpt>
      <trkpt lat="57.49509" lon="-5.353033">
        <ele>353.8</ele>
      </trkpt>
      <trkpt lat="57.495065" lon="-5.353016">
        <ele>353.5</ele>
      </trkpt>
      <trkpt lat="57.494852" lon="-5.353162">
        <ele>349.6</ele>
      </trkpt>
      <trkpt lat="57.49473" lon="-5.352848">
        <ele>349.1</ele>
      </trkpt>
      <trkpt lat="57.494679" lon="-5.352819">
        <ele>348.4</ele>
      </trkpt>
      <trkpt lat="57.494656" lon="-5.35277">
        <ele>348.2</ele>
      </trkpt>
      <trkpt lat="57.494583" lon="-5.352551">
        <ele>347.8</ele>
      </trkpt>
      <trkpt lat="57.494381" lon="-5.352304">
        <ele>345.4</ele>
      </trkpt>
      <trkpt lat="57.494287" lon="-5.352291">
        <ele>343.8</ele>
      </trkpt>
      <trkpt lat="57.494232" lon="-5.352235">
        <ele>343.1</ele>
      </trkpt>
      <trkpt lat="57.494164" lon="-5.35209">
        <ele>342.4</ele>
      </trkpt>
      <trkpt lat="57.494132" lon="-5.352094">
        <ele>341.9</ele>
      </trkpt>
      <trkpt lat="57.494027" lon="-5.352024">
        <ele>340.6</ele>
      </trkpt>
      <trkpt lat="57.493974" lon="-5.351822">
        <ele>340.3</ele>
      </trkpt>
      <trkpt lat="57.493889" lon="-5.351625">
        <ele>339.9</ele>
      </trkpt>
      <trkpt lat="57.493835" lon="-5.351548">
        <ele>340.0</ele>
      </trkpt>
      <trkpt lat="57.493683" lon="-5.351413">
        <ele>339.0</ele>
      </trkpt>
      <trkpt lat="57.493507" lon="-5.351112">
        <ele>338.9</ele>
      </trkpt>
      <trkpt lat="57.493375" lon="-5.35079">
        <ele>339.4</ele>
      </trkpt>
      <trkpt lat="57.493151" lon="-5.350527">
        <ele>335.6</ele>
      </trkpt>
      <trkpt lat="57.492933" lon="-5.350225">
        <ele>331.4</ele>
      </trkpt>
      <trkpt lat="57.492906" lon="-5.350224">
        <ele>330.6</ele>
      </trkpt>
      <trkpt lat="57.492842" lon="-5.350174">
        <ele>328.9</ele>
      </trkpt>
      <trkpt lat="57.492533" lon="-5.350101">
        <ele>319.6</ele>
      </trkpt>
      <trkpt lat="57.492365" lon="-5.349971">
        <ele>315.2</ele>
      </trkpt>
      <trkpt lat="57.492252" lon="-5.349781">
        <ele>312.6</ele>
      </trkpt>
      <trkpt lat="57.492126" lon="-5.349715">
        <ele>309.1</ele>
      </trkpt>
      <trkpt lat="57.49198" lon="-5.349697">
        <ele>304.9</ele>
      </trkpt>
      <trkpt lat="57.491862" lon="-5.349735">
        <ele>301.3</ele>
      </trkpt>
      <trkpt lat="57.491767" lon="-5.349709">
        <ele>298.6</ele>
      </trkpt>
      <trkpt lat="57.491682" lon="-5.349554">
        <ele>296.5</ele>
      </trkpt>
      <trkpt lat="57.49151" lon="-5.349595">
        <ele>290.2</ele>
      </trkpt>
      <trkpt lat="57.491447" lon="-5.349344">
        <ele>288.6</ele>
      </trkpt>
      <trkpt lat="57.491332" lon="-5.349197">
        <ele>284.9</ele>
      </trkpt>
      <trkpt lat="57.491263" lon="-5.349181">
        <ele>282.4</ele>
      </trkpt>
      <trkpt lat="57.491228" lon="-5.3491">
        <ele>281.5</ele>
      </trkpt>
      <trkpt lat="57.491146" lon="-5.349008">
        <ele>278.9</ele>
      </trkpt>
      <trkpt lat="57.491055" lon="-5.348853">
        <ele>276.3</ele>
      </trkpt>
      <trkpt lat="57.49097" lon="-5.348662">
        <ele>274.1</ele>
      </trkpt>
      <trkpt lat="57.49091" lon="-5.348609">
        <ele>272.3</ele>
      </trkpt>
      <trkpt lat="57.490883" lon="-5.348634">
        <ele>271.3</ele>
      </trkpt>
      <trkpt lat="57.490828" lon="-5.348623">
        <ele>269.5</ele>
      </trkpt>
      <trkpt lat="57.490798" lon="-5.348394">
        <ele>269.7</ele>
      </trkpt>
      <trkpt lat="57.490708" lon="-5.348309">
        <ele>267.5</ele>
      </trkpt>
      <trkpt lat="57.490687" lon="-5.348242">
        <ele>267.2</ele>
      </trkpt>
      <trkpt lat="57.490626" lon="-5.348327">
        <ele>265.1</ele>
      </trkpt>
      <trkpt lat="57.490457" lon="-5.348396">
        <ele>259.9</ele>
      </trkpt>
      <trkpt lat="57.490367" lon="-5.348452">
        <ele>257.1</ele>
      </trkpt>
      <trkpt lat="57.490223" lon="-5.348341">
        <ele>253.4</ele>
      </trkpt>
      <trkpt lat="57.490157" lon="-5.348236">
        <ele>251.6</ele>
      </trkpt>
      <trkpt lat="57.490119" lon="-5.348261">
        <ele>250.5</ele>
      </trkpt>
      <trkpt lat="57.490061" lon="-5.348373">
        <ele>248.6</ele>
      </trkpt>
      <trkpt lat="57.489957" lon="-5.348344">
        <ele>246.1</ele>
      </trkpt>
      <trkpt lat="57.489753" lon="-5.348061">
        <ele>242.2</ele>
      </trkpt>
      <trkpt lat="57.489684" lon="-5.348014">
        <ele>240.8</ele>
      </trkpt>
      <trkpt lat="57.489605" lon="-5.347624">
        <ele>239.0</ele>
      </trkpt>
      <trkpt lat="57.489457" lon="-5.347487">
        <ele>235.9</ele>
      </trkpt>
      <trkpt lat="57.48939" lon="-5.34748">
        <ele>234.5</ele>
      </trkpt>
      <trkpt lat="57.489244" lon="-5.347391">
        <ele>231.4</ele>
      </trkpt>
      <trkpt lat="57.488977" lon="-5.347346">
        <ele>226.2</ele>
      </trkpt>
      <trkpt lat="57.488951" lon="-5.34736">
        <ele>225.8</ele>
      </trkpt>
      <trkpt lat="57.488735" lon="-5.347282">
        <ele>222.0</ele>
      </trkpt>
      <trkpt lat="57.488541" lon="-5.34715">
        <ele>219.0</ele>
      </trkpt>
      <trkpt lat="57.488425" lon="-5.347498">
        <ele>215.8</ele>
      </trkpt>
      <trkpt lat="57.488054" lon="-5.347898">
        <ele>206.4</ele>
      </trkpt>
      <trkpt lat="57.487894" lon="-5.34801">
        <ele>202.7</ele>
      </trkpt>
      <trkpt lat="57.487863" lon="-5.348011">
        <ele>202.1</ele>
      </trkpt>
      <trkpt lat="57.487585" lon="-5.348359">
        <ele>195.9</ele>
      </trkpt>
      <trkpt lat="57.487402" lon="-5.348367">
        <ele>191.5</ele>
      </trkpt>
      <trkpt lat="57.487356" lon="-5.348347">
        <ele>190.0</ele>
      </trkpt>
      <trkpt lat="57.487246" lon="-5.34846">
        <ele>188.1</ele>
      </trkpt>
      <trkpt lat="57.487087" lon="-5.348333">
        <ele>182.1</ele>
      </trkpt>
      <trkpt lat="57.487045" lon="-5.348172">
        <ele>181.1</ele>
      </trkpt>
      <trkpt lat="57.48699" lon="-5.348195">
        <ele>179.4</ele>
      </trkpt>
      <trkpt lat="57.486911" lon="-5.348313">
        <ele>177.1</ele>
      </trkpt>
      <trkpt lat="57.486845" lon="-5.348339">
        <ele>175.2</ele>
      </trkpt>
      <trkpt lat="57.486794" lon="-5.348523">
        <ele>175.7</ele>
      </trkpt>
      <trkpt lat="57.48675" lon="-5.348456">
        <ele>173.7</ele>
      </trkpt>
      <trkpt lat="57.486692" lon="-5.348218">
        <ele>170.7</ele>
      </trkpt>
      <trkpt lat="57.486476" lon="-5.348492">
        <ele>166.8</ele>
      </trkpt>
      <trkpt lat="57.486439" lon="-5.348467">
        <ele>165.6</ele>
      </trkpt>
      <trkpt lat="57.486394" lon="-5.348388">
        <ele>163.7</ele>
      </trkpt>
      <trkpt lat="57.486338" lon="-5.348227">
        <ele>161.5</ele>
      </trkpt>
      <trkpt lat="57.486327" lon="-5.348045">
        <ele>160.9</ele>
      </trkpt>
      <trkpt lat="57.486222" lon="-5.347752">
        <ele>157.3</ele>
      </trkpt>
      <trkpt lat="57.486142" lon="-5.347643">
        <ele>154.7</ele>
      </trkpt>
      <trkpt lat="57.486069" lon="-5.347463">
        <ele>151.9</ele>
      </trkpt>
      <trkpt lat="57.485995" lon="-5.34738">
        <ele>149.2</ele>
      </trkpt>
      <trkpt lat="57.485836" lon="-5.347554">
        <ele>145.3</ele>
      </trkpt>
      <trkpt lat="57.485716" lon="-5.347837">
        <ele>144.4</ele>
      </trkpt>
      <trkpt lat="57.485545" lon="-5.348063">
        <ele>142.3</ele>
      </trkpt>
      <trkpt lat="57.485401" lon="-5.348195">
        <ele>140.1</ele>
      </trkpt>
      <trkpt lat="57.485261" lon="-5.348031">
        <ele>136.8</ele>
      </trkpt>
      <trkpt lat="57.485248" lon="-5.347977">
        <ele>136.4</ele>
      </trkpt>
      <trkpt lat="57.48515" lon="-5.347874">
        <ele>134.1</ele>
      </trkpt>
      <trkpt lat="57.485" lon="-5.347786">
        <ele>131.0</ele>
      </trkpt>
      <trkpt lat="57.484846" lon="-5.347494">
        <ele>129.4</ele>
      </trkpt>
      <trkpt lat="57.484684" lon="-5.347013">
        <ele>125.9</ele>
      </trkpt>
      <trkpt lat="57.484493" lon="-5.346736">
        <ele>122.8</ele>
      </trkpt>
      <trkpt lat="57.484374" lon="-5.346376">
        <ele>119.7</ele>
      </trkpt>
      <trkpt lat="57.484298" lon="-5.346266">
        <ele>118.4</ele>
      </trkpt>
      <trkpt lat="57.484231" lon="-5.34603">
        <ele>116.1</ele>
      </trkpt>
      <trkpt lat="57.48408" lon="-5.345354">
        <ele>111.6</ele>
      </trkpt>
      <trkpt lat="57.484082" lon="-5.345295">
        <ele>111.1</ele>
      </trkpt>
      <trkpt lat="57.484029" lon="-5.345127">
        <ele>110.3</ele>
      </trkpt>
      <trkpt lat="57.48394" lon="-5.344952">
        <ele>109.9</ele>
      </trkpt>
      <trkpt lat="57.483908" lon="-5.344744">
        <ele>108.9</ele>
      </trkpt>
      <trkpt lat="57.483931" lon="-5.344615">
        <ele>107.9</ele>
      </trkpt>
      <trkpt lat="57.483833" lon="-5.344091">
        <ele>105.0</ele>
      </trkpt>
      <trkpt lat="57.483724" lon="-5.343719">
        <ele>102.3</ele>
      </trkpt>
      <trkpt lat="57.483533" lon="-5.343312">
        <ele>98.9</ele>
      </trkpt>
      <trkpt lat="57.483407" lon="-5.342565">
        <ele>96.5</ele>
      </trkpt>
      <trkpt lat="57.483337" lon="-5.342272">
        <ele>94.9</ele>
      </trkpt>
      <trkpt lat="57.483389" lon="-5.342169">
        <ele>94.7</ele>
      </trkpt>
      <trkpt lat="57.483415" lon="-5.342158">
        <ele>94.9</ele>
      </trkpt>
      <trkpt lat="57.483525" lon="-5.342253">
        <ele>95.8</ele>
      </trkpt>
      <trkpt lat="57.483772" lon="-5.342369">
        <ele>97.4</ele>
      </trkpt>
      <trkpt lat="57.483889" lon="-5.342238">
        <ele>97.8</ele>
      </trkpt>
      <trkpt lat="57.483403" lon="-5.341373">
        <ele>92.8</ele>
      </trkpt>
      <trkpt lat="57.483317" lon="-5.341175">
        <ele>92.0</ele>
      </trkpt>
      <trkpt lat="57.483226" lon="-5.340672">
        <ele>91.4</ele>
      </trkpt>
      <trkpt lat="57.483145" lon="-5.339881">
        <ele>89.7</ele>
      </trkpt>
      <trkpt lat="57.483046" lon="-5.339346">
        <ele>88.0</ele>
      </trkpt>
      <trkpt lat="57.482981" lon="-5.338632">
        <ele>86.4</ele>
      </trkpt>
      <trkpt lat="57.482679" lon="-5.336899">
        <ele>83.7</ele>
      </trkpt>
      <trkpt lat="57.482598" lon="-5.336347">
        <ele>82.9</ele>
      </trkpt>
      <trkpt lat="57.482593" lon="-5.335753">
        <ele>83.0</ele>
      </trkpt>
      <trkpt lat="57.482677" lon="-5.335097">
        <ele>85.9</ele>
      </trkpt>
      <trkpt lat="57.48263" lon="-5.334532">
        <ele>85.1</ele>
      </trkpt>
      <trkpt lat="57.48252" lon="-5.333923">
        <ele>82.5</ele>
      </trkpt>
      <trkpt lat="57.4825" lon="-5.33338">
        <ele>82.0</ele>
      </trkpt>
      <trkpt lat="57.482636" lon="-5.332648">
        <ele>83.3</ele>
      </trkpt>
      <trkpt lat="57.482602" lon="-5.332584">
        <ele>82.1</ele>
      </trkpt>
      <trkpt lat="57.482415" lon="-5.332905">
        <ele>78.8</ele>
      </trkpt>
      <trkpt lat="57.482185" lon="-5.333499">
        <ele>75.7</ele>
      </trkpt>
      <trkpt lat="57.482137" lon="-5.333584">
        <ele>74.9</ele>
      </trkpt>
      <trkpt lat="57.482095" lon="-5.333569">
        <ele>74.0</ele>
      </trkpt>
      <trkpt lat="57.481998" lon="-5.333482">
        <ele>72.0</ele>
      </trkpt>
      <trkpt lat="57.481961" lon="-5.333485">
        <ele>71.2</ele>
      </trkpt>
      <trkpt lat="57.481824" lon="-5.333293">
        <ele>68.1</ele>
      </trkpt>
      <trkpt lat="57.481675" lon="-5.333162">
        <ele>65.0</ele>
      </trkpt>
      <trkpt lat="57.481631" lon="-5.33314">
        <ele>64.5</ele>
      </trkpt>
      <trkpt lat="57.481441" lon="-5.333043">
        <ele>62.9</ele>
      </trkpt>
      <trkpt lat="57.481233" lon="-5.333048">
        <ele>61.4</ele>
      </trkpt>
      <trkpt lat="57.481196" lon="-5.333022">
        <ele>61.0</ele>
      </trkpt>
      <trkpt lat="57.481177" lon="-5.332979">
        <ele>60.8</ele>
      </trkpt>
      <trkpt lat="57.481193" lon="-5.332859">
        <ele>60.7</ele>
      </trkpt>
      <trkpt lat="57.481481" lon="-5.332136">
        <ele>61.8</ele>
      </trkpt>
      <trkpt lat="57.481696" lon="-5.329278">
        <ele>48.6</ele>
      </trkpt>
      <trkpt lat="57.481714" lon="-5.329057">
        <ele>46.8</ele>
      </trkpt>
      <trkpt lat="57.481727" lon="-5.32906">
        <ele>47.1</ele>
      </trkpt>
      <trkpt lat="57.481705" lon="-5.328993">
        <ele>46.0</ele>
      </trkpt>
      <trkpt lat="57.48141" lon="-5.32948">
        <ele>46.2</ele>
      </trkpt>
      <trkpt lat="57.48103" lon="-5.33058">
        <ele>47.9</ele>
      </trkpt>
      <trkpt lat="57.47993" lon="-5.33222">
        <ele>47.7</ele>
      </trkpt>
      <trkpt lat="57.47923" lon="-5.33499">
        <ele>48.4</ele>
      </trkpt>
      <trkpt lat="57.47777" lon="-5.33637">
        <ele>46.5</ele>
      </trkpt>
      <trkpt lat="57.47703" lon="-5.33785">
        <ele>47.4</ele>
      </trkpt>
      <trkpt lat="57.47636" lon="-5.33874">
        <ele>43.0</ele>
      </trkpt>
      <trkpt lat="57.4762" lon="-5.33933">
        <ele>42.6</ele>
      </trkpt>
      <trkpt lat="57.47619" lon="-5.34116">
        <ele>45.2</ele>
      </trkpt>
      <trkpt lat="57.47515" lon="-5.34337">
        <ele>43.5</ele>
      </trkpt>
      <trkpt lat="57.47344" lon="-5.34587">
        <ele>42.6</ele>
      </trkpt>
      <trkpt lat="57.47283" lon="-5.34741">
        <ele>45.2</ele>
      </trkpt>
      <trkpt lat="57.47256" lon="-5.34773">
        <ele>46.3</ele>
      </trkpt>
      <trkpt lat="57.4719" lon="-5.34808">
        <ele>44.4</ele>
      </trkpt>
      <trkpt lat="57.4705" lon="-5.35013">
        <ele>44.1</ele>
      </trkpt>
      <trkpt lat="57.46884" lon="-5.352">
        <ele>42.8</ele>
      </trkpt>
      <trkpt lat="57.46802" lon="-5.35352">
        <ele>42.7</ele>
      </trkpt>
      <trkpt lat="57.46644" lon="-5.35728">
        <ele>44.2</ele>
      </trkpt>
      <trkpt lat="57.46526" lon="-5.35846">
        <ele>40.3</ele>
      </trkpt>
      <trkpt lat="57.46482" lon="-5.35911">
        <ele>40.7</ele>
      </trkpt>
      <trkpt lat="57.46384" lon="-5.36176">
        <ele>43.3</ele>
      </trkpt>
      <trkpt lat="57.46344" lon="-5.36326">
        <ele>47.6</ele>
      </trkpt>
      <trkpt lat="57.46217" lon="-5.36612">
        <ele>47.7</ele>
      </trkpt>
      <trkpt lat="57.46025" lon="-5.36946">
        <ele>46.3</ele>
      </trkpt>
      <trkpt lat="57.45794" lon="-5.37447">
        <ele>52.0</ele>
      </trkpt>
      <trkpt lat="57.45367" lon="-5.3863">
        <ele>56.7</ele>
      </trkpt>
      <trkpt lat="57.45148" lon="-5.39406">
        <ele>46.1</ele>
      </trkpt>
      <trkpt lat="57.45076" lon="-5.3985">
        <ele>40.2</ele>
      </trkpt>
      <trkpt lat="57.4499" lon="-5.40273">
        <ele>33.3</ele>
      </trkpt>
      <trkpt lat="57.44984" lon="-5.40441">
        <ele>29.5</ele>
      </trkpt>
      <trkpt lat="57.44999" lon="-5.40558">
        <ele>27.3</ele>
      </trkpt>
      <trkpt lat="57.45005" lon="-5.40549">
        <ele>27.6</ele>
      </trkpt>
      <trkpt lat="57.45008" lon="-5.40671">
        <ele>26.8</ele>
      </trkpt>
      <trkpt lat="57.44875" lon="-5.40903">
        <ele>28.1</ele>
      </trkpt>
      <trkpt lat="57.44719" lon="-5.41318">
        <ele>30.4</ele>
      </trkpt>
      <trkpt lat="57.44659" lon="-5.4171">
        <ele>33.2</ele>
      </trkpt>
      <trkpt lat="57.44507" lon="-5.42126">
        <ele>29.2</ele>
      </trkpt>
      <trkpt lat="57.44142" lon="-5.42766">
        <ele>24.6</ele>
      </trkpt>
      <trkpt lat="57.43653" lon="-5.43862">
        <ele>11.1</ele>
      </trkpt>
      <trkpt lat="57.436108" lon="-5.439301">
        <ele>10.7</ele>
      </trkpt>
      <trkpt lat="57.43153" lon="-5.44669">
        <ele>5.3</ele>
      </trkpt>
      <trkpt lat="57.4269" lon="-5.43742">
        <ele>6.8</ele>
      </trkpt>
      <trkpt lat="57.42365" lon="-5.43332">
        <ele>8.8</ele>
      </trkpt>
      <trkpt lat="57.422591" lon="-5.429907">
        <ele>9.9</ele>
      </trkpt>
      <trkpt lat="57.42231" lon="-5.429">
        <ele>9.5</ele>
      </trkpt>
      <trkpt lat="57.42131" lon="-5.42874">
        <ele>9.5</ele>
      </trkpt>
      <trkpt lat="57.4202" lon="-5.43015">
        <ele>9.0</ele>
      </trkpt>
      <trkpt lat="57.41681" lon="-5.43195">
        <ele>7.5</ele>
      </trkpt>
      <trkpt lat="57.41582" lon="-5.43317">
        <ele>5.0</ele>
      </trkpt>
      <trkpt lat="57.41323" lon="-5.43993">
        <ele>5.4</ele>
      </trkpt>
      <trkpt lat="57.41146" lon="-5.44263">
        <ele>8.1</ele>
      </trkpt>
      <trkpt lat="57.409848" lon="-5.443813">
        <ele>8.2</ele>
      </trkpt>
      <trkpt lat="57.409813" lon="-5.443839">
        <ele>8.1</ele>
      </trkpt>
      <trkpt lat="57.40868" lon="-5.44467">
        <ele>8.2</ele>
      </trkpt>
      <trkpt lat="57.40707" lon="-5.44755">
        <ele>10.9</ele>
      </trkpt>
      <trkpt lat="57.40403" lon="-5.44756">
        <ele>60.0</ele>
      </trkpt>
      <trkpt lat="57.40202" lon="-5.44826">
        <ele>80.7</ele>
      </trkpt>
      <trkpt lat="57.3998" lon="-5.45391">
        <ele>57.5</ele>
      </trkpt>
      <trkpt lat="57.39794" lon="-5.45485">
        <ele>38.8</ele>
      </trkpt>
      <trkpt lat="57.39698" lon="-5.45593">
        <ele>20.8</ele>
      </trkpt>
      <trkpt lat="57.39409" lon="-5.45504">
        <ele>5.9</ele>
      </trkpt>
      <trkpt lat="57.39165" lon="-5.45575">
        <ele>3.1</ele>
      </trkpt>
      <trkpt lat="57.39118" lon="-5.45333">
        <ele>6.6</ele>
      </trkpt>
      <trkpt lat="57.39342" lon="-5.4488">
        <ele>19.3</ele>
      </trkpt>
      <trkpt lat="57.39166" lon="-5.4449">
        <ele>15.3</ele>
      </trkpt>
      <trkpt lat="57.39145" lon="-5.44233">
        <ele>27.4</ele>
      </trkpt>
      <trkpt lat="57.39046" lon="-5.43961">
        <ele>33.9</ele>
      </trkpt>
      <trkpt lat="57.38622" lon="-5.43188">
        <ele>28.7</ele>
      </trkpt>
      <trkpt lat="57.38547" lon="-5.42119">
        <ele>47.2</ele>
      </trkpt>
      <trkpt lat="57.38516" lon="-5.42086">
        <ele>44.5</ele>
      </trkpt>
      <trkpt lat="57.38404" lon="-5.42224">
        <ele>43.8</ele>
      </trkpt>
      <trkpt lat="57.38367" lon="-5.42194">
        <ele>49.0</ele>
      </trkpt>
      <trkpt lat="57.38303" lon="-5.42243">
        <ele>52.3</ele>
      </trkpt>
      <trkpt lat="57.38295" lon="-5.42135">
        <ele>62.9</ele>
      </trkpt>
      <trkpt lat="57.38249" lon="-5.42166">
        <ele>65.3</ele>
      </trkpt>
      <trkpt lat="57.38286" lon="-5.41994">
        <ele>80.6</ele>
      </trkpt>
      <trkpt lat="57.38223" lon="-5.41889">
        <ele>97.5</ele>
      </trkpt>
      <trkpt lat="57.38079" lon="-5.41178">
        <ele>142.2</ele>
      </trkpt>
      <trkpt lat="57.3797" lon="-5.40934">
        <ele>163.2</ele>
      </trkpt>
      <trkpt lat="57.37922" lon="-5.40934">
        <ele>171.8</ele>
      </trkpt>
      <trkpt lat="57.3792" lon="-5.40754">
        <ele>175.5</ele>
      </trkpt>
      <trkpt lat="57.37851" lon="-5.40687">
        <ele>188.1</ele>
      </trkpt>
      <trkpt lat="57.37482" lon="-5.40021">
        <ele>188.8</ele>
      </trkpt>
      <trkpt lat="57.37375" lon="-5.39983">
        <ele>199.7</ele>
      </trkpt>
      <trkpt lat="57.37351" lon="-5.39948">
        <ele>201.2</ele>
      </trkpt>
      <trkpt lat="57.3723" lon="-5.39979">
        <ele>209.9</ele>
      </trkpt>
      <trkpt lat="57.36925" lon="-5.40197">
        <ele>238.5</ele>
      </trkpt>
      <trkpt lat="57.36619" lon="-5.40188">
        <ele>270.4</ele>
      </trkpt>
      <trkpt lat="57.36373" lon="-5.40066">
        <ele>273.6</ele>
      </trkpt>
      <trkpt lat="57.36335" lon="-5.39976">
        <ele>274.0</ele>
      </trkpt>
      <trkpt lat="57.36281" lon="-5.39944">
        <ele>280.1</ele>
      </trkpt>
      <trkpt lat="57.35794" lon="-5.40012">
        <ele>233.3</ele>
      </trkpt>
      <trkpt lat="57.35749" lon="-5.40047">
        <ele>230.2</ele>
      </trkpt>
      <trkpt lat="57.35645" lon="-5.40014">
        <ele>214.0</ele>
      </trkpt>
      <trkpt lat="57.35206" lon="-5.40073">
        <ele>173.5</ele>
      </trkpt>
      <trkpt lat="57.35048" lon="-5.40263">
        <ele>155.7</ele>
      </trkpt>
      <trkpt lat="57.34913" lon="-5.40514">
        <ele>138.2</ele>
      </trkpt>
      <trkpt lat="57.34815" lon="-5.40524">
        <ele>126.4</ele>
      </trkpt>
      <trkpt lat="57.34599" lon="-5.40639">
        <ele>100.0</ele>
      </trkpt>
      <trkpt lat="57.3453" lon="-5.40749">
        <ele>92.0</ele>
      </trkpt>
      <trkpt lat="57.34475" lon="-5.40699">
        <ele>79.4</ele>
      </trkpt>
      <trkpt lat="57.34353" lon="-5.40749">
        <ele>62.8</ele>
      </trkpt>
      <trkpt lat="57.34229" lon="-5.4106">
        <ele>59.5</ele>
      </trkpt>
      <trkpt lat="57.34153" lon="-5.41382">
        <ele>61.4</ele>
      </trkpt>
      <trkpt lat="57.34038" lon="-5.41358">
        <ele>48.3</ele>
      </trkpt>
      <trkpt lat="57.3402" lon="-5.41506">
        <ele>50.0</ele>
      </trkpt>
      <trkpt lat="57.33972" lon="-5.41457">
        <ele>47.3</ele>
      </trkpt>
      <trkpt lat="57.33819" lon="-5.41481">
        <ele>46.5</ele>
      </trkpt>
      <trkpt lat="57.33436" lon="-5.41691">
        <ele>49.9</ele>
      </trkpt>
      <trkpt lat="57.3328" lon="-5.4195">
        <ele>58.3</ele>
      </trkpt>
      <trkpt lat="57.33127" lon="-5.42003">
        <ele>44.8</ele>
      </trkpt>
      <trkpt lat="57.33003" lon="-5.42137">
        <ele>49.7</ele>
      </trkpt>
      <trkpt lat="57.32798" lon="-5.42234">
        <ele>43.1</ele>
      </trkpt>
      <trkpt lat="57.32649" lon="-5.42374">
        <ele>37.1</ele>
      </trkpt>
      <trkpt lat="57.32443" lon="-5.4267">
        <ele>32.1</ele>
      </trkpt>
      <trkpt lat="57.32273" lon="-5.43045">
        <ele>30.0</ele>
      </trkpt>
      <trkpt lat="57.32168" lon="-5.43013">
        <ele>28.9</ele>
      </trkpt>
      <trkpt lat="57.31961" lon="-5.43223">
        <ele>7.3</ele>
      </trkpt>
      <trkpt lat="57.319" lon="-5.43358">
        <ele>4.7</ele>
      </trkpt>
      <trkpt lat="57.31857" lon="-5.43723">
        <ele>3.1</ele>
      </trkpt>
      <trkpt lat="57.31873" lon="-5.43829">
        <ele>3.9</ele>
      </trkpt>
      <trkpt lat="57.31964" lon="-5.43993">
        <ele>7.8</ele>
      </trkpt>
      <trkpt lat="57.31933" lon="-5.44275">
        <ele>11.5</ele>
      </trkpt>
      <trkpt lat="57.31872" lon="-5.44457">
        <ele>12.9</ele>
      </trkpt>
      <trkpt lat="57.317" lon="-5.44533">
        <ele>3.5</ele>
      </trkpt>
      <trkpt lat="57.3165" lon="-5.44608">
        <ele>2.4</ele>
      </trkpt>
      <trkpt lat="57.31686" lon="-5.44765">
        <ele>7.1</ele>
      </trkpt>
      <trkpt lat="57.31502" lon="-5.45296">
        <ele>3.8</ele>
      </trkpt>
      <trkpt lat="57.31617" lon="-5.45863">
        <ele>7.1</ele>
      </trkpt>
      <trkpt lat="57.31582" lon="-5.45999">
        <ele>3.9</ele>
      </trkpt>
      <trkpt lat="57.31598" lon="-5.46267">
        <ele>6.3</ele>
      </trkpt>
      <trkpt lat="57.31559" lon="-5.46705">
        <ele>7.2</ele>
      </trkpt>
      <trkpt lat="57.31226" lon="-5.48129">
        <ele>33.6</ele>
      </trkpt>
      <trkpt lat="57.31095" lon="-5.48453">
        <ele>29.3</ele>
      </trkpt>
      <trkpt lat="57.30678" lon="-5.48988">
        <ele>17.6</ele>
      </trkpt>
      <trkpt lat="57.30557" lon="-5.49087">
        <ele>24.2</ele>
      </trkpt>
      <trkpt lat="57.30474" lon="-5.49115">
        <ele>27.3</ele>
      </trkpt>
      <trkpt lat="57.30227" lon="-5.48985">
        <ele>24.2</ele>
      </trkpt>
      <trkpt lat="57.29983" lon="-5.48995">
        <ele>15.3</ele>
      </trkpt>
      <trkpt lat="57.29913" lon="-5.49246">
        <ele>26.9</ele>
      </trkpt>
      <trkpt lat="57.29779" lon="-5.49384">
        <ele>21.7</ele>
      </trkpt>
      <trkpt lat="57.29708" lon="-5.49525">
        <ele>25.5</ele>
      </trkpt>
      <trkpt lat="57.29397" lon="-5.49828">
        <ele>17.9</ele>
      </trkpt>
      <trkpt lat="57.29153" lon="-5.50886">
        <ele>13.7</ele>
      </trkpt>
      <trkpt lat="57.2903" lon="-5.51208">
        <ele>11.5</ele>
      </trkpt>
      <trkpt lat="57.28816" lon="-5.52336">
        <ele>10.8</ele>
      </trkpt>
      <trkpt lat="57.28682" lon="-5.52667">
        <ele>15.3</ele>
      </trkpt>
      <trkpt lat="57.28645" lon="-5.53007">
        <ele>17.2</ele>
      </trkpt>
      <trkpt lat="57.28427" lon="-5.52432">
        <ele>17.8</ele>
      </trkpt>
      <trkpt lat="57.28311" lon="-5.52313">
        <ele>11.5</ele>
      </trkpt>
      <trkpt lat="57.28039" lon="-5.52232">
        <ele>4.3</ele>
      </trkpt>
      <trkpt lat="57.27903" lon="-5.52071">
        <ele>3.3</ele>
      </trkpt>
      <trkpt lat="57.2768" lon="-5.51477">
        <ele>6.0</ele>
      </trkpt>
      <trkpt lat="57.27642" lon="-5.51411">
        <ele>10.3</ele>
      </trkpt>
      <trkpt lat="57.27649" lon="-5.51388">
        <ele>12.8</ele>
      </trkpt>
      <trkpt lat="57.27765" lon="-5.51303">
        <ele>20.6</ele>
      </trkpt>
      <trkpt lat="57.27828" lon="-5.51325">
        <ele>14.4</ele>
      </trkpt>
      <trkpt lat="57.27899" lon="-5.51426">
        <ele>8.6</ele>
      </trkpt>
      <trkpt lat="57.278997" lon="-5.514237">
        <ele>8.7</ele>
      </trkpt>
      <trkpt lat="57.27928" lon="-5.51336">
        <ele>13.4</ele>
      </trkpt>
      <trkpt lat="57.27906" lon="-5.51252">
        <ele>22.0</ele>
      </trkpt>
      <trkpt lat="57.27666" lon="-5.51186">
        <ele>42.7</ele>
      </trkpt>
      <trkpt lat="57.27334" lon="-5.50975">
        <ele>57.7</ele>
      </trkpt>
      <trkpt lat="57.27158" lon="-5.50842">
        <ele>54.2</ele>
      </trkpt>
      <trkpt lat="57.27126" lon="-5.50719">
        <ele>61.5</ele>
      </trkpt>
      <trkpt lat="57.27037" lon="-5.50623">
        <ele>63.5</ele>
      </trkpt>
      <trkpt lat="57.26935" lon="-5.50581">
        <ele>58.4</ele>
      </trkpt>
      <trkpt lat="57.26875" lon="-5.50377">
        <ele>85.6</ele>
      </trkpt>
      <trkpt lat="57.26583" lon="-5.50041">
        <ele>96.6</ele>
      </trkpt>
      <trkpt lat="57.26433" lon="-5.4972">
        <ele>108.5</ele>
      </trkpt>
      <trkpt lat="57.26433" lon="-5.49472">
        <ele>124.9</ele>
      </trkpt>
      <trkpt lat="57.26468" lon="-5.49422">
        <ele>135.4</ele>
      </trkpt>
      <trkpt lat="57.2654" lon="-5.4945">
        <ele>153.7</ele>
      </trkpt>
      <trkpt lat="57.26546" lon="-5.49288">
        <ele>167.4</ele>
      </trkpt>
      <trkpt lat="57.26371" lon="-5.49007">
        <ele>174.6</ele>
      </trkpt>
      <trkpt lat="57.2637" lon="-5.48561">
        <ele>178.0</ele>
      </trkpt>
      <trkpt lat="57.26204" lon="-5.48326">
        <ele>163.0</ele>
      </trkpt>
      <trkpt lat="57.25912" lon="-5.48143">
        <ele>127.1</ele>
      </trkpt>
      <trkpt lat="57.25625" lon="-5.47792">
        <ele>97.9</ele>
      </trkpt>
      <trkpt lat="57.25373" lon="-5.47377">
        <ele>85.1</ele>
      </trkpt>
      <trkpt lat="57.25315" lon="-5.47158">
        <ele>88.7</ele>
      </trkpt>
      <trkpt lat="57.25259" lon="-5.47186">
        <ele>74.4</ele>
      </trkpt>
      <trkpt lat="57.25229" lon="-5.47153">
        <ele>69.0</ele>
      </trkpt>
      <trkpt lat="57.25175" lon="-5.46909">
        <ele>55.4</ele>
      </trkpt>
      <trkpt lat="57.25191" lon="-5.46724">
        <ele>70.7</ele>
      </trkpt>
      <trkpt lat="57.25078" lon="-5.46836">
        <ele>49.8</ele>
      </trkpt>
      <trkpt lat="57.24913" lon="-5.46843">
        <ele>41.3</ele>
      </trkpt>
      <trkpt lat="57.2438" lon="-5.46074">
        <ele>30.9</ele>
      </trkpt>
      <trkpt lat="57.24011" lon="-5.45344">
        <ele>30.2</ele>
      </trkpt>
      <trkpt lat="57.2395" lon="-5.44624">
        <ele>55.4</ele>
      </trkpt>
      <trkpt lat="57.23428" lon="-5.42642">
        <ele>15.9</ele>
      </trkpt>
      <trkpt lat="57.23364" lon="-5.42081">
        <ele>16.5</ele>
      </trkpt>
      <trkpt lat="57.23376" lon="-5.41652">
        <ele>24.6</ele>
      </trkpt>
      <trkpt lat="57.23524" lon="-5.40894">
        <ele>15.5</ele>
      </trkpt>
      <trkpt lat="57.23534" lon="-5.40535">
        <ele>11.5</ele>
      </trkpt>
      <trkpt lat="57.23833" lon="-5.39484">
        <ele>12.8</ele>
      </trkpt>
      <trkpt lat="57.23812" lon="-5.38569">
        <ele>15.3</ele>
      </trkpt>
      <trkpt lat="57.23684" lon="-5.38402">
        <ele>7.6</ele>
      </trkpt>
      <trkpt lat="57.2343" lon="-5.38452">
        <ele>5.0</ele>
      </trkpt>
      <trkpt lat="57.23515" lon="-5.37924">
        <ele>7.2</ele>
      </trkpt>
      <trkpt lat="57.23509" lon="-5.37755">
        <ele>7.9</ele>
      </trkpt>
      <trkpt lat="57.23419" lon="-5.37551">
        <ele>12.9</ele>
      </trkpt>
      <trkpt lat="57.2346" lon="-5.37114">
        <ele>13.9</ele>
      </trkpt>
      <trkpt lat="57.2344" lon="-5.37039">
        <ele>15.4</ele>
      </trkpt>
      <trkpt lat="57.23293" lon="-5.36894">
        <ele>17.8</ele>
      </trkpt>
      <trkpt lat="57.23195" lon="-5.36647">
        <ele>19.1</ele>
      </trkpt>
      <trkpt lat="57.23075" lon="-5.35907">
        <ele>20.2</ele>
      </trkpt>
      <trkpt lat="57.22937" lon="-5.35772">
        <ele>23.8</ele>
      </trkpt>
      <trkpt lat="57.22861" lon="-5.35528">
        <ele>23.3</ele>
      </trkpt>
      <trkpt lat="57.227" lon="-5.35357">
        <ele>27.2</ele>
      </trkpt>
      <trkpt lat="57.22513" lon="-5.35064">
        <ele>25.9</ele>
      </trkpt>
      <trkpt lat="57.22439" lon="-5.34817">
        <ele>21.9</ele>
      </trkpt>
      <trkpt lat="57.22224" lon="-5.34546">
        <ele>31.0</ele>
      </trkpt>
      <trkpt lat="57.22183" lon="-5.34538">
        <ele>35.2</ele>
      </trkpt>
      <trkpt lat="57.22129" lon="-5.34362">
        <ele>28.3</ele>
      </trkpt>
      <trkpt lat="57.2195" lon="-5.34257">
        <ele>37.1</ele>
      </trkpt>
      <trkpt lat="57.21915" lon="-5.34142">
        <ele>27.4</ele>
      </trkpt>
      <trkpt lat="57.2187" lon="-5.34121">
        <ele>32.6</ele>
      </trkpt>
      <trkpt lat="57.21794" lon="-5.33949">
        <ele>25.6</ele>
      </trkpt>
      <trkpt lat="57.21696" lon="-5.33844">
        <ele>28.2</ele>
      </trkpt>
      <trkpt lat="57.21595" lon="-5.33366">
        <ele>25.9</ele>
      </trkpt>
      <trkpt lat="57.21299" lon="-5.33285">
        <ele>46.4</ele>
      </trkpt>
      <trkpt lat="57.21062" lon="-5.32504">
        <ele>33.8</ele>
      </trkpt>
      <trkpt lat="57.20819" lon="-5.32056">
        <ele>43.8</ele>
      </trkpt>
      <trkpt lat="57.20748" lon="-5.31653">
        <ele>38.9</ele>
      </trkpt>
      <trkpt lat="57.20581" lon="-5.31463">
        <ele>47.8</ele>
      </trkpt>
      <trkpt lat="57.20435" lon="-5.31179">
        <ele>57.2</ele>
      </trkpt>
      <trkpt lat="57.203038" lon="-5.30315">
        <ele>51.3</ele>
      </trkpt>
      <trkpt lat="57.20259" lon="-5.3002">
        <ele>47.2</ele>
      </trkpt>
      <trkpt lat="57.20151" lon="-5.29776">
        <ele>53.5</ele>
      </trkpt>
      <trkpt lat="57.20322" lon="-5.2976">
        <ele>55.7</ele>
      </trkpt>
      <trkpt lat="57.20349" lon="-5.29557">
        <ele>80.4</ele>
      </trkpt>
      <trkpt lat="57.20262" lon="-5.29166">
        <ele>97.7</ele>
      </trkpt>
      <trkpt lat="57.20198" lon="-5.27986">
        <ele>201.6</ele>
      </trkpt>
      <trkpt lat="57.2015" lon="-5.27758">
        <ele>188.8</ele>
      </trkpt>
      <trkpt lat="57.20323" lon="-5.27643">
        <ele>243.2</ele>
      </trkpt>
      <trkpt lat="57.20343" lon="-5.27589">
        <ele>247.6</ele>
      </trkpt>
      <trkpt lat="57.20369" lon="-5.27157">
        <ele>303.8</ele>
      </trkpt>
      <trkpt lat="57.20301" lon="-5.27054">
        <ele>297.3</ele>
      </trkpt>
      <trkpt lat="57.20342" lon="-5.26858">
        <ele>312.5</ele>
      </trkpt>
      <trkpt lat="57.20328" lon="-5.26308">
        <ele>300.0</ele>
      </trkpt>
      <trkpt lat="57.20272" lon="-5.2624">
        <ele>294.3</ele>
      </trkpt>
      <trkpt lat="57.20441" lon="-5.25726">
        <ele>301.7</ele>
      </trkpt>
      <trkpt lat="57.20416" lon="-5.25299">
        <ele>306.4</ele>
      </trkpt>
      <trkpt lat="57.20299" lon="-5.25023">
        <ele>317.5</ele>
      </trkpt>
      <trkpt lat="57.20399" lon="-5.2446">
        <ele>339.5</ele>
      </trkpt>
      <trkpt lat="57.20497" lon="-5.24284">
        <ele>342.0</ele>
      </trkpt>
      <trkpt lat="57.20705" lon="-5.24035">
        <ele>348.5</ele>
      </trkpt>
      <trkpt lat="57.20723" lon="-5.2389">
        <ele>341.4</ele>
      </trkpt>
      <trkpt lat="57.208" lon="-5.23782">
        <ele>338.9</ele>
      </trkpt>
      <trkpt lat="57.20989" lon="-5.23278">
        <ele>322.0</ele>
      </trkpt>
      <trkpt lat="57.21242" lon="-5.22745">
        <ele>315.0</ele>
      </trkpt>
      <trkpt lat="57.214376" lon="-5.225049">
        <ele>326.1</ele>
      </trkpt>
      <trkpt lat="57.21475" lon="-5.22459">
        <ele>330.9</ele>
      </trkpt>
      <trkpt lat="57.21504" lon="-5.22189">
        <ele>320.8</ele>
      </trkpt>
      <trkpt lat="57.21673" lon="-5.21816">
        <ele>329.4</ele>
      </trkpt>
      <trkpt lat="57.21809" lon="-5.21394">
        <ele>326.1</ele>
      </trkpt>
      <trkpt lat="57.21929" lon="-5.21201">
        <ele>327.5</ele>
      </trkpt>
      <trkpt lat="57.22041" lon="-5.21096">
        <ele>330.7</ele>
      </trkpt>
      <trkpt lat="57.22146" lon="-5.20894">
        <ele>317.6</ele>
      </trkpt>
      <trkpt lat="57.22239" lon="-5.20331">
        <ele>283.3</ele>
      </trkpt>
      <trkpt lat="57.22403" lon="-5.20127">
        <ele>275.7</ele>
      </trkpt>
      <trkpt lat="57.22449" lon="-5.2012">
        <ele>275.1</ele>
      </trkpt>
      <trkpt lat="57.22539" lon="-5.19829">
        <ele>269.5</ele>
      </trkpt>
      <trkpt lat="57.22598" lon="-5.19845">
        <ele>269.5</ele>
      </trkpt>
      <trkpt lat="57.22655" lon="-5.19496">
        <ele>265.2</ele>
      </trkpt>
      <trkpt lat="57.22754" lon="-5.19489">
        <ele>265.1</ele>
      </trkpt>
      <trkpt lat="57.22764" lon="-5.19409">
        <ele>265.2</ele>
      </trkpt>
      <trkpt lat="57.2283" lon="-5.19329">
        <ele>264.0</ele>
      </trkpt>
      <trkpt lat="57.22926" lon="-5.18867">
        <ele>260.4</ele>
      </trkpt>
      <trkpt lat="57.23076" lon="-5.18433">
        <ele>259.1</ele>
      </trkpt>
      <trkpt lat="57.231957" lon="-5.183339">
        <ele>265.1</ele>
      </trkpt>
      <trkpt lat="57.23198" lon="-5.18332">
        <ele>265.2</ele>
      </trkpt>
      <trkpt lat="57.23228" lon="-5.17889">
        <ele>258.9</ele>
      </trkpt>
      <trkpt lat="57.23189" lon="-5.17694">
        <ele>256.8</ele>
      </trkpt>
      <trkpt lat="57.23198" lon="-5.17516">
        <ele>257.8</ele>
      </trkpt>
      <trkpt lat="57.23363" lon="-5.17246">
        <ele>257.4</ele>
      </trkpt>
      <trkpt lat="57.23423" lon="-5.17018">
        <ele>258.6</ele>
      </trkpt>
      <trkpt lat="57.23475" lon="-5.17002">
        <ele>263.6</ele>
      </trkpt>
      <trkpt lat="57.23504" lon="-5.16927">
        <ele>264.6</ele>
      </trkpt>
      <trkpt lat="57.23513" lon="-5.16509">
        <ele>253.9</ele>
      </trkpt>
      <trkpt lat="57.23564" lon="-5.16371">
        <ele>252.1</ele>
      </trkpt>
      <trkpt lat="57.23613" lon="-5.15944">
        <ele>249.7</ele>
      </trkpt>
      <trkpt lat="57.23763" lon="-5.15662">
        <ele>248.1</ele>
      </trkpt>
      <trkpt lat="57.23797" lon="-5.1528">
        <ele>247.0</ele>
      </trkpt>
      <trkpt lat="57.23871" lon="-5.15045">
        <ele>253.7</ele>
      </trkpt>
      <trkpt lat="57.23936" lon="-5.13893">
        <ele>267.9</ele>
      </trkpt>
      <trkpt lat="57.23901" lon="-5.13598">
        <ele>259.2</ele>
      </trkpt>
      <trkpt lat="57.23842" lon="-5.13433">
        <ele>249.8</ele>
      </trkpt>
      <trkpt lat="57.23941" lon="-5.12673">
        <ele>260.4</ele>
      </trkpt>
      <trkpt lat="57.23958" lon="-5.11995">
        <ele>259.3</ele>
      </trkpt>
      <trkpt lat="57.23927" lon="-5.11437">
        <ele>263.5</ele>
      </trkpt>
      <trkpt lat="57.23967" lon="-5.10829">
        <ele>272.9</ele>
      </trkpt>
      <trkpt lat="57.23954" lon="-5.10409">
        <ele>259.5</ele>
      </trkpt>
      <trkpt lat="57.23822" lon="-5.10095">
        <ele>259.2</ele>
      </trkpt>
      <trkpt lat="57.23815" lon="-5.09623">
        <ele>240.8</ele>
      </trkpt>
      <trkpt lat="57.23752" lon="-5.09478">
        <ele>236.0</ele>
      </trkpt>
      <trkpt lat="57.2382" lon="-5.09412">
        <ele>236.8</ele>
      </trkpt>
      <trkpt lat="57.23844" lon="-5.09257">
        <ele>237.2</ele>
      </trkpt>
      <trkpt lat="57.23804" lon="-5.08657">
        <ele>238.6</ele>
      </trkpt>
      <trkpt lat="57.23947" lon="-5.08352">
        <ele>253.6</ele>
      </trkpt>
      <trkpt lat="57.24277" lon="-5.07859">
        <ele>256.4</ele>
      </trkpt>
      <trkpt lat="57.24361" lon="-5.07615">
        <ele>254.4</ele>
      </trkpt>
      <trkpt lat="57.24315" lon="-5.07155">
        <ele>272.8</ele>
      </trkpt>
      <trkpt lat="57.24339" lon="-5.06787">
        <ele>277.0</ele>
      </trkpt>
      <trkpt lat="57.24498" lon="-5.06625">
        <ele>269.2</ele>
      </trkpt>
      <trkpt lat="57.24527" lon="-5.06545">
        <ele>268.8</ele>
      </trkpt>
      <trkpt lat="57.24551" lon="-5.06226">
        <ele>276.1</ele>
      </trkpt>
      <trkpt lat="57.24683" lon="-5.05541">
        <ele>286.7</ele>
      </trkpt>
      <trkpt lat="57.2488" lon="-5.04774">
        <ele>294.3</ele>
      </trkpt>
      <trkpt lat="57.24947" lon="-5.04117">
        <ele>281.8</ele>
      </trkpt>
      <trkpt lat="57.24904" lon="-5.03758">
        <ele>277.5</ele>
      </trkpt>
      <trkpt lat="57.2495" lon="-5.03418">
        <ele>289.5</ele>
      </trkpt>
      <trkpt lat="57.25145" lon="-5.02583">
        <ele>294.4</ele>
      </trkpt>
      <trkpt lat="57.25193" lon="-5.02508">
        <ele>292.8</ele>
      </trkpt>
      <trkpt lat="57.25207" lon="-5.02294">
        <ele>287.8</ele>
      </trkpt>
      <trkpt lat="57.25372" lon="-5.02006">
        <ele>261.1</ele>
      </trkpt>
      <trkpt lat="57.25413" lon="-5.01977">
        <ele>258.2</ele>
      </trkpt>
      <trkpt lat="57.2554" lon="-5.01989">
        <ele>256.8</ele>
      </trkpt>
      <trkpt lat="57.25739" lon="-5.01513">
        <ele>256.9</ele>
      </trkpt>
      <trkpt lat="57.25841" lon="-5.00924">
        <ele>251.2</ele>
      </trkpt>
      <trkpt lat="57.26339" lon="-4.99533">
        <ele>240.3</ele>
      </trkpt>
      <trkpt lat="57.26377" lon="-4.99038">
        <ele>238.6</ele>
      </trkpt>
      <trkpt lat="57.26243" lon="-4.98855">
        <ele>239.1</ele>
      </trkpt>
      <trkpt lat="57.2619" lon="-4.98564">
        <ele>239.8</ele>
      </trkpt>
      <trkpt lat="57.26225" lon="-4.98071">
        <ele>237.1</ele>
      </trkpt>
      <trkpt lat="57.26178" lon="-4.97874">
        <ele>241.4</ele>
      </trkpt>
      <trkpt lat="57.26182" lon="-4.97642">
        <ele>233.4</ele>
      </trkpt>
      <trkpt lat="57.26084" lon="-4.97245">
        <ele>235.8</ele>
      </trkpt>
      <trkpt lat="57.2607" lon="-4.96891">
        <ele>239.4</ele>
      </trkpt>
      <trkpt lat="57.26226" lon="-4.96781">
        <ele>230.6</ele>
      </trkpt>
      <trkpt lat="57.26392" lon="-4.96415">
        <ele>239.8</ele>
      </trkpt>
      <trkpt lat="57.26662" lon="-4.96133">
        <ele>237.9</ele>
      </trkpt>
      <trkpt lat="57.26838" lon="-4.95826">
        <ele>239.2</ele>
      </trkpt>
      <trkpt lat="57.2688" lon="-4.95293">
        <ele>243.3</ele>
      </trkpt>
      <trkpt lat="57.26976" lon="-4.95085">
        <ele>236.4</ele>
      </trkpt>
      <trkpt lat="57.27073" lon="-4.94608">
        <ele>234.1</ele>
      </trkpt>
      <trkpt lat="57.27029" lon="-4.9417">
        <ele>238.8</ele>
      </trkpt>
      <trkpt lat="57.27259" lon="-4.93494">
        <ele>236.2</ele>
      </trkpt>
      <trkpt lat="57.27307" lon="-4.93156">
        <ele>235.9</ele>
      </trkpt>
      <trkpt lat="57.2748" lon="-4.92757">
        <ele>238.8</ele>
      </trkpt>
      <trkpt lat="57.27587" lon="-4.92314">
        <ele>236.3</ele>
      </trkpt>
      <trkpt lat="57.27746" lon="-4.91894">
        <ele>244.2</ele>
      </trkpt>
      <trkpt lat="57.27915" lon="-4.91636">
        <ele>247.6</ele>
      </trkpt>
      <trkpt lat="57.28293" lon="-4.91422">
        <ele>248.5</ele>
      </trkpt>
      <trkpt lat="57.28458" lon="-4.91242">
        <ele>250.9</ele>
      </trkpt>
      <trkpt lat="57.28548" lon="-4.91012">
        <ele>257.0</ele>
      </trkpt>
      <trkpt lat="57.28738" lon="-4.9074">
        <ele>253.3</ele>
      </trkpt>
      <trkpt lat="57.29102" lon="-4.90043">
        <ele>251.0</ele>
      </trkpt>
      <trkpt lat="57.29247" lon="-4.89395">
        <ele>287.2</ele>
      </trkpt>
      <trkpt lat="57.29231" lon="-4.89137">
        <ele>301.5</ele>
      </trkpt>
      <trkpt lat="57.29271" lon="-4.88945">
        <ele>307.2</ele>
      </trkpt>
      <trkpt lat="57.29255" lon="-4.8886">
        <ele>310.8</ele>
      </trkpt>
      <trkpt lat="57.29178" lon="-4.88792">
        <ele>314.5</ele>
      </trkpt>
      <trkpt lat="57.29145" lon="-4.88811">
        <ele>314.1</ele>
      </trkpt>
      <trkpt lat="57.29122" lon="-4.88748">
        <ele>315.5</ele>
      </trkpt>
      <trkpt lat="57.28996" lon="-4.88128">
        <ele>307.0</ele>
      </trkpt>
      <trkpt lat="57.29007" lon="-4.87875">
        <ele>310.6</ele>
      </trkpt>
      <trkpt lat="57.28926" lon="-4.87582">
        <ele>300.4</ele>
      </trkpt>
      <trkpt lat="57.2893" lon="-4.86643">
        <ele>267.9</ele>
      </trkpt>
      <trkpt lat="57.28846" lon="-4.86362">
        <ele>252.4</ele>
      </trkpt>
      <trkpt lat="57.28822" lon="-4.85792">
        <ele>218.3</ele>
      </trkpt>
      <trkpt lat="57.29065" lon="-4.84872">
        <ele>176.5</ele>
      </trkpt>
      <trkpt lat="57.29049" lon="-4.84567">
        <ele>150.2</ele>
      </trkpt>
      <trkpt lat="57.29007" lon="-4.84459">
        <ele>134.3</ele>
      </trkpt>
      <trkpt lat="57.28894" lon="-4.84759">
        <ele>113.7</ele>
      </trkpt>
      <trkpt lat="57.28877" lon="-4.84539">
        <ele>113.1</ele>
      </trkpt>
      <trkpt lat="57.28953" lon="-4.84182">
        <ele>114.2</ele>
      </trkpt>
      <trkpt lat="57.29333" lon="-4.83291">
        <ele>110.9</ele>
      </trkpt>
      <trkpt lat="57.29817" lon="-4.82662">
        <ele>108.4</ele>
      </trkpt>
      <trkpt lat="57.30119" lon="-4.82139">
        <ele>105.0</ele>
      </trkpt>
      <trkpt lat="57.30088" lon="-4.81972">
        <ele>103.3</ele>
      </trkpt>
      <trkpt lat="57.30208" lon="-4.81677">
        <ele>108.5</ele>
      </trkpt>
      <trkpt lat="57.29874" lon="-4.82066">
        <ele>111.1</ele>
      </trkpt>
      <trkpt lat="57.29745" lon="-4.82148">
        <ele>109.9</ele>
      </trkpt>
      <trkpt lat="57.29465" lon="-4.82179">
        <ele>118.8</ele>
      </trkpt>
      <trkpt lat="57.29412" lon="-4.8223">
        <ele>116.8</ele>
      </trkpt>
      <trkpt lat="57.29216" lon="-4.82627">
        <ele>107.2</ele>
      </trkpt>
      <trkpt lat="57.2912" lon="-4.82704">
        <ele>116.9</ele>
      </trkpt>
      <trkpt lat="57.28947" lon="-4.82993">
        <ele>140.3</ele>
      </trkpt>
      <trkpt lat="57.28931" lon="-4.83338">
        <ele>136.6</ele>
      </trkpt>
      <trkpt lat="57.28785" lon="-4.8361">
        <ele>135.1</ele>
      </trkpt>
      <trkpt lat="57.28125" lon="-4.83809">
        <ele>174.2</ele>
      </trkpt>
      <trkpt lat="57.28191" lon="-4.83985">
        <ele>163.8</ele>
      </trkpt>
      <trkpt lat="57.28059" lon="-4.84454">
        <ele>173.5</ele>
      </trkpt>
      <trkpt lat="57.27903" lon="-4.84459">
        <ele>182.5</ele>
      </trkpt>
      <trkpt lat="57.27883" lon="-4.84477">
        <ele>183.1</ele>
      </trkpt>
      <trkpt lat="57.278503" lon="-4.845302">
        <ele>183.0</ele>
      </trkpt>
      <trkpt lat="57.278032" lon="-4.846261">
        <ele>184.3</ele>
      </trkpt>
      <trkpt lat="57.277843" lon="-4.846485">
        <ele>186.0</ele>
      </trkpt>
      <trkpt lat="57.277687" lon="-4.846566">
        <ele>187.8</ele>
      </trkpt>
      <trkpt lat="57.277523" lon="-4.846552">
        <ele>190.0</ele>
      </trkpt>
      <trkpt lat="57.277428" lon="-4.846456">
        <ele>191.5</ele>
      </trkpt>
      <trkpt lat="57.277218" lon="-4.845752">
        <ele>195.5</ele>
      </trkpt>
      <trkpt lat="57.277129" lon="-4.845565">
        <ele>196.8</ele>
      </trkpt>
      <trkpt lat="57.277018" lon="-4.845443">
        <ele>198.1</ele>
      </trkpt>
      <trkpt lat="57.276771" lon="-4.845433">
        <ele>200.5</ele>
      </trkpt>
      <trkpt lat="57.276546" lon="-4.845482">
        <ele>202.8</ele>
      </trkpt>
      <trkpt lat="57.276212" lon="-4.84547">
        <ele>206.3</ele>
      </trkpt>
      <trkpt lat="57.275877" lon="-4.845196">
        <ele>208.5</ele>
      </trkpt>
      <trkpt lat="57.275466" lon="-4.844633">
        <ele>209.6</ele>
      </trkpt>
      <trkpt lat="57.275272" lon="-4.844402">
        <ele>210.2</ele>
      </trkpt>
      <trkpt lat="57.275031" lon="-4.844046">
        <ele>210.6</ele>
      </trkpt>
      <trkpt lat="57.274571" lon="-4.843477">
        <ele>208.9</ele>
      </trkpt>
      <trkpt lat="57.274065" lon="-4.843386">
        <ele>208.6</ele>
      </trkpt>
      <trkpt lat="57.273698" lon="-4.843657">
        <ele>210.5</ele>
      </trkpt>
      <trkpt lat="57.273317" lon="-4.844502">
        <ele>210.7</ele>
      </trkpt>
      <trkpt lat="57.273045" lon="-4.845181">
        <ele>210.3</ele>
      </trkpt>
      <trkpt lat="57.272679" lon="-4.845399">
        <ele>210.9</ele>
      </trkpt>
      <trkpt lat="57.272391" lon="-4.845676">
        <ele>211.8</ele>
      </trkpt>
      <trkpt lat="57.272041" lon="-4.846063">
        <ele>212.7</ele>
      </trkpt>
      <trkpt lat="57.271605" lon="-4.84622">
        <ele>213.1</ele>
      </trkpt>
      <trkpt lat="57.271301" lon="-4.846505">
        <ele>213.2</ele>
      </trkpt>
      <trkpt lat="57.270991" lon="-4.846861">
        <ele>213.5</ele>
      </trkpt>
      <trkpt lat="57.270555" lon="-4.846972">
        <ele>214.2</ele>
      </trkpt>
      <trkpt lat="57.27018" lon="-4.847222">
        <ele>214.9</ele>
      </trkpt>
      <trkpt lat="57.269864" lon="-4.847209">
        <ele>215.8</ele>
      </trkpt>
      <trkpt lat="57.269461" lon="-4.847376">
        <ele>217.8</ele>
      </trkpt>
      <trkpt lat="57.269238" lon="-4.847069">
        <ele>219.6</ele>
      </trkpt>
      <trkpt lat="57.269028" lon="-4.846577">
        <ele>222.8</ele>
      </trkpt>
      <trkpt lat="57.26881" lon="-4.845917">
        <ele>226.9</ele>
      </trkpt>
      <trkpt lat="57.268738" lon="-4.845278">
        <ele>229.8</ele>
      </trkpt>
      <trkpt lat="57.268677" lon="-4.843799">
        <ele>234.5</ele>
      </trkpt>
      <trkpt lat="57.268684" lon="-4.843192">
        <ele>235.8</ele>
      </trkpt>
      <trkpt lat="57.268429" lon="-4.842654">
        <ele>238.9</ele>
      </trkpt>
      <trkpt lat="57.268217" lon="-4.842424">
        <ele>241.5</ele>
      </trkpt>
      <trkpt lat="57.268022" lon="-4.842183">
        <ele>244.2</ele>
      </trkpt>
      <trkpt lat="57.267747" lon="-4.841753">
        <ele>248.7</ele>
      </trkpt>
      <trkpt lat="57.267546" lon="-4.841479">
        <ele>253.4</ele>
      </trkpt>
      <trkpt lat="57.267382" lon="-4.841179">
        <ele>257.3</ele>
      </trkpt>
      <trkpt lat="57.267224" lon="-4.840989">
        <ele>260.1</ele>
      </trkpt>
      <trkpt lat="57.266942" lon="-4.840858">
        <ele>263.9</ele>
      </trkpt>
      <trkpt lat="57.266709" lon="-4.840801">
        <ele>266.7</ele>
      </trkpt>
      <trkpt lat="57.266529" lon="-4.840735">
        <ele>269.3</ele>
      </trkpt>
      <trkpt lat="57.266171" lon="-4.840515">
        <ele>275.1</ele>
      </trkpt>
      <trkpt lat="57.266021" lon="-4.840131">
        <ele>278.9</ele>
      </trkpt>
      <trkpt lat="57.265899" lon="-4.839662">
        <ele>281.3</ele>
      </trkpt>
      <trkpt lat="57.265721" lon="-4.839161">
        <ele>283.2</ele>
      </trkpt>
      <trkpt lat="57.265514" lon="-4.838933">
        <ele>285.9</ele>
      </trkpt>
      <trkpt lat="57.265156" lon="-4.838267">
        <ele>292.7</ele>
      </trkpt>
      <trkpt lat="57.265106" lon="-4.837996">
        <ele>294.0</ele>
      </trkpt>
      <trkpt lat="57.265198" lon="-4.837429">
        <ele>294.1</ele>
      </trkpt>
      <trkpt lat="57.265175" lon="-4.837239">
        <ele>294.9</ele>
      </trkpt>
      <trkpt lat="57.26512" lon="-4.83712">
        <ele>295.8</ele>
      </trkpt>
      <trkpt lat="57.265011" lon="-4.837008">
        <ele>297.1</ele>
      </trkpt>
      <trkpt lat="57.264811" lon="-4.836895">
        <ele>300.3</ele>
      </trkpt>
      <trkpt lat="57.264634" lon="-4.836751">
        <ele>303.4</ele>
      </trkpt>
      <trkpt lat="57.264426" lon="-4.836684">
        <ele>306.9</ele>
      </trkpt>
      <trkpt lat="57.264219" lon="-4.836653">
        <ele>310.2</ele>
      </trkpt>
      <trkpt lat="57.264066" lon="-4.836657">
        <ele>311.8</ele>
      </trkpt>
      <trkpt lat="57.263872" lon="-4.836635">
        <ele>313.5</ele>
      </trkpt>
      <trkpt lat="57.263673" lon="-4.836414">
        <ele>315.1</ele>
      </trkpt>
      <trkpt lat="57.263523" lon="-4.836374">
        <ele>316.4</ele>
      </trkpt>
      <trkpt lat="57.263449" lon="-4.836303">
        <ele>317.0</ele>
      </trkpt>
      <trkpt lat="57.263406" lon="-4.836305">
        <ele>317.4</ele>
      </trkpt>
      <trkpt lat="57.263134" lon="-4.836019">
        <ele>318.8</ele>
      </trkpt>
      <trkpt lat="57.263" lon="-4.83573">
        <ele>319.7</ele>
      </trkpt>
      <trkpt lat="57.262815" lon="-4.835389">
        <ele>321.2</ele>
      </trkpt>
      <trkpt lat="57.262647" lon="-4.835144">
        <ele>322.7</ele>
      </trkpt>
      <trkpt lat="57.262591" lon="-4.835035">
        <ele>323.3</ele>
      </trkpt>
      <trkpt lat="57.262517" lon="-4.834963">
        <ele>324.1</ele>
      </trkpt>
      <trkpt lat="57.262427" lon="-4.834908">
        <ele>325.1</ele>
      </trkpt>
      <trkpt lat="57.262384" lon="-4.834836">
        <ele>325.8</ele>
      </trkpt>
      <trkpt lat="57.26216" lon="-4.834777">
        <ele>327.9</ele>
      </trkpt>
      <trkpt lat="57.261996" lon="-4.83453">
        <ele>330.5</ele>
      </trkpt>
      <trkpt lat="57.261823" lon="-4.834174">
        <ele>333.7</ele>
      </trkpt>
      <trkpt lat="57.261573" lon="-4.833797">
        <ele>337.9</ele>
      </trkpt>
      <trkpt lat="57.261495" lon="-4.83371">
        <ele>338.8</ele>
      </trkpt>
      <trkpt lat="57.261238" lon="-4.83361">
        <ele>340.9</ele>
      </trkpt>
      <trkpt lat="57.261067" lon="-4.833436">
        <ele>342.5</ele>
      </trkpt>
      <trkpt lat="57.260849" lon="-4.833088">
        <ele>344.5</ele>
      </trkpt>
      <trkpt lat="57.260608" lon="-4.832847">
        <ele>346.1</ele>
      </trkpt>
      <trkpt lat="57.260421" lon="-4.83269">
        <ele>347.4</ele>
      </trkpt>
      <trkpt lat="57.259969" lon="-4.832395">
        <ele>350.6</ele>
      </trkpt>
      <trkpt lat="57.259053" lon="-4.831892">
        <ele>356.6</ele>
      </trkpt>
      <trkpt lat="57.258624" lon="-4.831966">
        <ele>358.1</ele>
      </trkpt>
      <trkpt lat="57.258013" lon="-4.832153">
        <ele>360.9</ele>
      </trkpt>
      <trkpt lat="57.257674" lon="-4.832128">
        <ele>363.2</ele>
      </trkpt>
      <trkpt lat="57.25731" lon="-4.832074">
        <ele>366.2</ele>
      </trkpt>
      <trkpt lat="57.257078" lon="-4.832008">
        <ele>368.6</ele>
      </trkpt>
      <trkpt lat="57.25685" lon="-4.831851">
        <ele>371.4</ele>
      </trkpt>
      <trkpt lat="57.256795" lon="-4.83183">
        <ele>372.0</ele>
      </trkpt>
      <trkpt lat="57.256721" lon="-4.831756">
        <ele>373.1</ele>
      </trkpt>
      <trkpt lat="57.256464" lon="-4.831632">
        <ele>375.9</ele>
      </trkpt>
      <trkpt lat="57.256215" lon="-4.831641">
        <ele>377.9</ele>
      </trkpt>
      <trkpt lat="57.25595" lon="-4.831746">
        <ele>379.5</ele>
      </trkpt>
      <trkpt lat="57.255652" lon="-4.83182">
        <ele>381.8</ele>
      </trkpt>
      <trkpt lat="57.255056" lon="-4.832162">
        <ele>385.3</ele>
      </trkpt>
      <trkpt lat="57.254564" lon="-4.832594">
        <ele>388.0</ele>
      </trkpt>
      <trkpt lat="57.254156" lon="-4.832844">
        <ele>391.2</ele>
      </trkpt>
      <trkpt lat="57.253833" lon="-4.833098">
        <ele>392.7</ele>
      </trkpt>
      <trkpt lat="57.253171" lon="-4.833546">
        <ele>397.0</ele>
      </trkpt>
      <trkpt lat="57.252687" lon="-4.833841">
        <ele>401.8</ele>
      </trkpt>
      <trkpt lat="57.252622" lon="-4.833824">
        <ele>402.9</ele>
      </trkpt>
      <trkpt lat="57.252406" lon="-4.833962">
        <ele>404.6</ele>
      </trkpt>
      <trkpt lat="57.252197" lon="-4.83415">
        <ele>405.9</ele>
      </trkpt>
      <trkpt lat="57.251972" lon="-4.834472">
        <ele>406.4</ele>
      </trkpt>
      <trkpt lat="57.251571" lon="-4.834958">
        <ele>408.8</ele>
      </trkpt>
      <trkpt lat="57.251174" lon="-4.835593">
        <ele>408.7</ele>
      </trkpt>
      <trkpt lat="57.250395" lon="-4.836694">
        <ele>412.1</ele>
      </trkpt>
      <trkpt lat="57.250171" lon="-4.836984">
        <ele>412.7</ele>
      </trkpt>
      <trkpt lat="57.249898" lon="-4.837235">
        <ele>414.1</ele>
      </trkpt>
      <trkpt lat="57.249801" lon="-4.837274">
        <ele>414.8</ele>
      </trkpt>
      <trkpt lat="57.249493" lon="-4.837236">
        <ele>418.9</ele>
      </trkpt>
      <trkpt lat="57.248945" lon="-4.837222">
        <ele>424.6</ele>
      </trkpt>
      <trkpt lat="57.248684" lon="-4.837313">
        <ele>425.2</ele>
      </trkpt>
      <trkpt lat="57.248151" lon="-4.837224">
        <ele>430.3</ele>
      </trkpt>
      <trkpt lat="57.247934" lon="-4.837122">
        <ele>433.0</ele>
      </trkpt>
      <trkpt lat="57.247784" lon="-4.836942">
        <ele>435.7</ele>
      </trkpt>
      <trkpt lat="57.247537" lon="-4.836594">
        <ele>439.6</ele>
      </trkpt>
      <trkpt lat="57.247343" lon="-4.83617">
        <ele>444.6</ele>
      </trkpt>
      <trkpt lat="57.247225" lon="-4.835683">
        <ele>449.2</ele>
      </trkpt>
      <trkpt lat="57.247181" lon="-4.835586">
        <ele>450.1</ele>
      </trkpt>
      <trkpt lat="57.24696" lon="-4.835187">
        <ele>453.1</ele>
      </trkpt>
      <trkpt lat="57.246758" lon="-4.834891">
        <ele>455.1</ele>
      </trkpt>
      <trkpt lat="57.246571" lon="-4.834736">
        <ele>456.2</ele>
      </trkpt>
      <trkpt lat="57.246337" lon="-4.834419">
        <ele>458.2</ele>
      </trkpt>
      <trkpt lat="57.246172" lon="-4.834003">
        <ele>461.0</ele>
      </trkpt>
      <trkpt lat="57.246036" lon="-4.833595">
        <ele>463.4</ele>
      </trkpt>
      <trkpt lat="57.245949" lon="-4.833057">
        <ele>466.4</ele>
      </trkpt>
      <trkpt lat="57.245773" lon="-4.832616">
        <ele>468.6</ele>
      </trkpt>
      <trkpt lat="57.245144" lon="-4.831861">
        <ele>474.2</ele>
      </trkpt>
      <trkpt lat="57.244647" lon="-4.831179">
        <ele>478.8</ele>
      </trkpt>
      <trkpt lat="57.244014" lon="-4.830479">
        <ele>486.5</ele>
      </trkpt>
      <trkpt lat="57.243763" lon="-4.830316">
        <ele>488.2</ele>
      </trkpt>
      <trkpt lat="57.243523" lon="-4.830091">
        <ele>490.2</ele>
      </trkpt>
      <trkpt lat="57.243355" lon="-4.829825">
        <ele>492.5</ele>
      </trkpt>
      <trkpt lat="57.243205" lon="-4.829707">
        <ele>493.4</ele>
      </trkpt>
      <trkpt lat="57.242954" lon="-4.829717">
        <ele>493.1</ele>
      </trkpt>
      <trkpt lat="57.242842" lon="-4.82966">
        <ele>493.5</ele>
      </trkpt>
      <trkpt lat="57.242533" lon="-4.829381">
        <ele>496.0</ele>
      </trkpt>
      <trkpt lat="57.241355" lon="-4.828913">
        <ele>498.0</ele>
      </trkpt>
      <trkpt lat="57.241294" lon="-4.828902">
        <ele>498.3</ele>
      </trkpt>
      <trkpt lat="57.240941" lon="-4.828929">
        <ele>499.1</ele>
      </trkpt>
      <trkpt lat="57.240656" lon="-4.828916">
        <ele>500.1</ele>
      </trkpt>
      <trkpt lat="57.240302" lon="-4.829096">
        <ele>500.3</ele>
      </trkpt>
      <trkpt lat="57.240017" lon="-4.829271">
        <ele>500.3</ele>
      </trkpt>
      <trkpt lat="57.239724" lon="-4.829489">
        <ele>500.5</ele>
      </trkpt>
      <trkpt lat="57.239356" lon="-4.829881">
        <ele>500.5</ele>
      </trkpt>
      <trkpt lat="57.239015" lon="-4.830089">
        <ele>501.6</ele>
      </trkpt>
      <trkpt lat="57.238468" lon="-4.830268">
        <ele>503.5</ele>
      </trkpt>
      <trkpt lat="57.237994" lon="-4.830551">
        <ele>505.6</ele>
      </trkpt>
      <trkpt lat="57.237592" lon="-4.830683">
        <ele>507.6</ele>
      </trkpt>
      <trkpt lat="57.237213" lon="-4.830753">
        <ele>510.2</ele>
      </trkpt>
      <trkpt lat="57.237078" lon="-4.830505">
        <ele>513.9</ele>
      </trkpt>
      <trkpt lat="57.237068" lon="-4.830368">
        <ele>515.4</ele>
      </trkpt>
      <trkpt lat="57.236944" lon="-4.830161">
        <ele>518.9</ele>
      </trkpt>
      <trkpt lat="57.236913" lon="-4.830148">
        <ele>519.4</ele>
      </trkpt>
      <trkpt lat="57.23678" lon="-4.829956">
        <ele>523.2</ele>
      </trkpt>
      <trkpt lat="57.23667" lon="-4.829874">
        <ele>525.5</ele>
      </trkpt>
      <trkpt lat="57.236462" lon="-4.829865">
        <ele>528.0</ele>
      </trkpt>
      <trkpt lat="57.236246" lon="-4.830197">
        <ele>526.3</ele>
      </trkpt>
      <trkpt lat="57.236086" lon="-4.830372">
        <ele>525.6</ele>
      </trkpt>
      <trkpt lat="57.235977" lon="-4.830351">
        <ele>527.0</ele>
      </trkpt>
      <trkpt lat="57.235918" lon="-4.830274">
        <ele>528.8</ele>
      </trkpt>
      <trkpt lat="57.235866" lon="-4.830053">
        <ele>532.8</ele>
      </trkpt>
      <trkpt lat="57.235833" lon="-4.829974">
        <ele>534.3</ele>
      </trkpt>
      <trkpt lat="57.235684" lon="-4.829713">
        <ele>537.0</ele>
      </trkpt>
      <trkpt lat="57.235445" lon="-4.829571">
        <ele>538.4</ele>
      </trkpt>
      <trkpt lat="57.235166" lon="-4.829495">
        <ele>539.1</ele>
      </trkpt>
      <trkpt lat="57.234929" lon="-4.82925">
        <ele>541.5</ele>
      </trkpt>
      <trkpt lat="57.234877" lon="-4.829069">
        <ele>543.3</ele>
      </trkpt>
      <trkpt lat="57.234708" lon="-4.828639">
        <ele>547.0</ele>
      </trkpt>
      <trkpt lat="57.234676" lon="-4.82862">
        <ele>546.9</ele>
      </trkpt>
      <trkpt lat="57.233932" lon="-4.828404">
        <ele>542.8</ele>
      </trkpt>
      <trkpt lat="57.233392" lon="-4.828336">
        <ele>542.1</ele>
      </trkpt>
      <trkpt lat="57.232834" lon="-4.828227">
        <ele>541.5</ele>
      </trkpt>
      <trkpt lat="57.232446" lon="-4.828117">
        <ele>541.2</ele>
      </trkpt>
      <trkpt lat="57.232127" lon="-4.828003">
        <ele>541.5</ele>
      </trkpt>
      <trkpt lat="57.231855" lon="-4.827861">
        <ele>542.1</ele>
      </trkpt>
      <trkpt lat="57.231182" lon="-4.827676">
        <ele>542.8</ele>
      </trkpt>
      <trkpt lat="57.230894" lon="-4.827535">
        <ele>543.8</ele>
      </trkpt>
      <trkpt lat="57.230601" lon="-4.827357">
        <ele>544.8</ele>
      </trkpt>
      <trkpt lat="57.230222" lon="-4.827381">
        <ele>544.1</ele>
      </trkpt>
      <trkpt lat="57.229879" lon="-4.827175">
        <ele>545.9</ele>
      </trkpt>
      <trkpt lat="57.229651" lon="-4.826992">
        <ele>548.1</ele>
      </trkpt>
      <trkpt lat="57.229366" lon="-4.826927">
        <ele>549.6</ele>
      </trkpt>
      <trkpt lat="57.228908" lon="-4.827003">
        <ele>549.4</ele>
      </trkpt>
      <trkpt lat="57.228478" lon="-4.82677">
        <ele>549.7</ele>
      </trkpt>
      <trkpt lat="57.228191" lon="-4.82687">
        <ele>549.1</ele>
      </trkpt>
      <trkpt lat="57.22747" lon="-4.826798">
        <ele>551.2</ele>
      </trkpt>
      <trkpt lat="57.227179" lon="-4.826725">
        <ele>552.0</ele>
      </trkpt>
      <trkpt lat="57.226748" lon="-4.826436">
        <ele>554.6</ele>
      </trkpt>
      <trkpt lat="57.226342" lon="-4.826197">
        <ele>554.6</ele>
      </trkpt>
      <trkpt lat="57.225916" lon="-4.826016">
        <ele>553.4</ele>
      </trkpt>
      <trkpt lat="57.225496" lon="-4.82629">
        <ele>550.1</ele>
      </trkpt>
      <trkpt lat="57.224804" lon="-4.82661">
        <ele>546.7</ele>
      </trkpt>
      <trkpt lat="57.223634" lon="-4.827465">
        <ele>538.3</ele>
      </trkpt>
      <trkpt lat="57.223512" lon="-4.827607">
        <ele>537.1</ele>
      </trkpt>
      <trkpt lat="57.223274" lon="-4.828612">
        <ele>530.4</ele>
      </trkpt>
      <trkpt lat="57.222887" lon="-4.829245">
        <ele>525.0</ele>
      </trkpt>
      <trkpt lat="57.222809" lon="-4.829431">
        <ele>523.9</ele>
      </trkpt>
      <trkpt lat="57.222476" lon="-4.829993">
        <ele>522.2</ele>
      </trkpt>
      <trkpt lat="57.222211" lon="-4.829927">
        <ele>524.0</ele>
      </trkpt>
      <trkpt lat="57.221826" lon="-4.829944">
        <ele>526.3</ele>
      </trkpt>
      <trkpt lat="57.221592" lon="-4.830146">
        <ele>527.6</ele>
      </trkpt>
      <trkpt lat="57.221278" lon="-4.830365">
        <ele>531.4</ele>
      </trkpt>
      <trkpt lat="57.221005" lon="-4.830503">
        <ele>534.6</ele>
      </trkpt>
      <trkpt lat="57.220905" lon="-4.830515">
        <ele>536.0</ele>
      </trkpt>
      <trkpt lat="57.220865" lon="-4.830543">
        <ele>536.3</ele>
      </trkpt>
      <trkpt lat="57.220664" lon="-4.830789">
        <ele>538.9</ele>
      </trkpt>
      <trkpt lat="57.220507" lon="-4.831089">
        <ele>540.1</ele>
      </trkpt>
      <trkpt lat="57.22031" lon="-4.831302">
        <ele>542.8</ele>
      </trkpt>
      <trkpt lat="57.220135" lon="-4.831705">
        <ele>542.7</ele>
      </trkpt>
      <trkpt lat="57.219894" lon="-4.832345">
        <ele>543.3</ele>
      </trkpt>
      <trkpt lat="57.219474" lon="-4.833329">
        <ele>544.1</ele>
      </trkpt>
      <trkpt lat="57.219353" lon="-4.833528">
        <ele>545.6</ele>
      </trkpt>
      <trkpt lat="57.219283" lon="-4.83358">
        <ele>546.7</ele>
      </trkpt>
      <trkpt lat="57.219198" lon="-4.833684">
        <ele>547.7</ele>
      </trkpt>
      <trkpt lat="57.218972" lon="-4.833863">
        <ele>549.6</ele>
      </trkpt>
      <trkpt lat="57.218767" lon="-4.833786">
        <ele>552.1</ele>
      </trkpt>
      <trkpt lat="57.218569" lon="-4.833588">
        <ele>555.2</ele>
      </trkpt>
      <trkpt lat="57.218248" lon="-4.833164">
        <ele>559.5</ele>
      </trkpt>
      <trkpt lat="57.21797" lon="-4.832997">
        <ele>559.7</ele>
      </trkpt>
      <trkpt lat="57.217529" lon="-4.833092">
        <ele>559.0</ele>
      </trkpt>
      <trkpt lat="57.217434" lon="-4.833136">
        <ele>558.1</ele>
      </trkpt>
      <trkpt lat="57.21683" lon="-4.833296">
        <ele>550.2</ele>
      </trkpt>
      <trkpt lat="57.216498" lon="-4.83363">
        <ele>544.7</ele>
      </trkpt>
      <trkpt lat="57.216259" lon="-4.833801">
        <ele>540.5</ele>
      </trkpt>
      <trkpt lat="57.216046" lon="-4.833865">
        <ele>536.8</ele>
      </trkpt>
      <trkpt lat="57.215685" lon="-4.833777">
        <ele>530.9</ele>
      </trkpt>
      <trkpt lat="57.215492" lon="-4.833661">
        <ele>527.6</ele>
      </trkpt>
      <trkpt lat="57.215283" lon="-4.833289">
        <ele>524.8</ele>
      </trkpt>
      <trkpt lat="57.215137" lon="-4.832515">
        <ele>522.8</ele>
      </trkpt>
      <trkpt lat="57.214857" lon="-4.831538">
        <ele>518.3</ele>
      </trkpt>
      <trkpt lat="57.214438" lon="-4.83101">
        <ele>511.6</ele>
      </trkpt>
      <trkpt lat="57.214171" lon="-4.830858">
        <ele>506.9</ele>
      </trkpt>
      <trkpt lat="57.213912" lon="-4.830821">
        <ele>503.1</ele>
      </trkpt>
      <trkpt lat="57.21331" lon="-4.830646">
        <ele>494.8</ele>
      </trkpt>
      <trkpt lat="57.212511" lon="-4.830222">
        <ele>484.8</ele>
      </trkpt>
      <trkpt lat="57.212135" lon="-4.830224">
        <ele>478.6</ele>
      </trkpt>
      <trkpt lat="57.211497" lon="-4.830451">
        <ele>466.8</ele>
      </trkpt>
      <trkpt lat="57.211144" lon="-4.830191">
        <ele>461.7</ele>
      </trkpt>
      <trkpt lat="57.210929" lon="-4.829832">
        <ele>459.1</ele>
      </trkpt>
      <trkpt lat="57.210513" lon="-4.829629">
        <ele>453.1</ele>
      </trkpt>
      <trkpt lat="57.210097" lon="-4.829731">
        <ele>446.4</ele>
      </trkpt>
      <trkpt lat="57.209197" lon="-4.829572">
        <ele>436.4</ele>
      </trkpt>
      <trkpt lat="57.20891" lon="-4.829235">
        <ele>433.8</ele>
      </trkpt>
      <trkpt lat="57.208302" lon="-4.828799">
        <ele>427.8</ele>
      </trkpt>
      <trkpt lat="57.207518" lon="-4.828043">
        <ele>416.4</ele>
      </trkpt>
      <trkpt lat="57.207458" lon="-4.827963">
        <ele>415.6</ele>
      </trkpt>
      <trkpt lat="57.207156" lon="-4.827768">
        <ele>411.0</ele>
      </trkpt>
      <trkpt lat="57.206396" lon="-4.827864">
        <ele>397.1</ele>
      </trkpt>
      <trkpt lat="57.206036" lon="-4.827761">
        <ele>390.5</ele>
      </trkpt>
      <trkpt lat="57.205496" lon="-4.827657">
        <ele>381.6</ele>
      </trkpt>
      <trkpt lat="57.2053" lon="-4.827725">
        <ele>378.6</ele>
      </trkpt>
      <trkpt lat="57.204972" lon="-4.827456">
        <ele>373.5</ele>
      </trkpt>
      <trkpt lat="57.204856" lon="-4.826955">
        <ele>371.3</ele>
      </trkpt>
      <trkpt lat="57.204705" lon="-4.826707">
        <ele>368.4</ele>
      </trkpt>
      <trkpt lat="57.204099" lon="-4.826885">
        <ele>357.3</ele>
      </trkpt>
      <trkpt lat="57.203971" lon="-4.826893">
        <ele>355.5</ele>
      </trkpt>
      <trkpt lat="57.20359" lon="-4.827089">
        <ele>350.6</ele>
      </trkpt>
      <trkpt lat="57.20331" lon="-4.826941">
        <ele>346.4</ele>
      </trkpt>
      <trkpt lat="57.202953" lon="-4.826396">
        <ele>342.0</ele>
      </trkpt>
      <trkpt lat="57.202583" lon="-4.825712">
        <ele>337.6</ele>
      </trkpt>
      <trkpt lat="57.202249" lon="-4.825562">
        <ele>336.1</ele>
      </trkpt>
      <trkpt lat="57.201959" lon="-4.825577">
        <ele>335.4</ele>
      </trkpt>
      <trkpt lat="57.201623" lon="-4.825841">
        <ele>334.8</ele>
      </trkpt>
      <trkpt lat="57.201349" lon="-4.825929">
        <ele>333.8</ele>
      </trkpt>
      <trkpt lat="57.200988" lon="-4.825644">
        <ele>332.9</ele>
      </trkpt>
      <trkpt lat="57.20062" lon="-4.825079">
        <ele>334.8</ele>
      </trkpt>
      <trkpt lat="57.200404" lon="-4.82486">
        <ele>336.1</ele>
      </trkpt>
      <trkpt lat="57.200177" lon="-4.824814">
        <ele>337.3</ele>
      </trkpt>
      <trkpt lat="57.199994" lon="-4.824941">
        <ele>338.1</ele>
      </trkpt>
      <trkpt lat="57.199842" lon="-4.824948">
        <ele>339.2</ele>
      </trkpt>
      <trkpt lat="57.199677" lon="-4.824845">
        <ele>340.4</ele>
      </trkpt>
      <trkpt lat="57.199487" lon="-4.824486">
        <ele>341.9</ele>
      </trkpt>
      <trkpt lat="57.199322" lon="-4.823983">
        <ele>343.3</ele>
      </trkpt>
      <trkpt lat="57.199033" lon="-4.823408">
        <ele>344.9</ele>
      </trkpt>
      <trkpt lat="57.198576" lon="-4.822965">
        <ele>344.1</ele>
      </trkpt>
      <trkpt lat="57.198166" lon="-4.822153">
        <ele>342.0</ele>
      </trkpt>
      <trkpt lat="57.197719" lon="-4.821633">
        <ele>340.3</ele>
      </trkpt>
      <trkpt lat="57.197506" lon="-4.821141">
        <ele>341.3</ele>
      </trkpt>
      <trkpt lat="57.197214" lon="-4.820337">
        <ele>343.1</ele>
      </trkpt>
      <trkpt lat="57.197003" lon="-4.820175">
        <ele>343.5</ele>
      </trkpt>
      <trkpt lat="57.196681" lon="-4.81997">
        <ele>344.1</ele>
      </trkpt>
      <trkpt lat="57.19636" lon="-4.819623">
        <ele>343.7</ele>
      </trkpt>
      <trkpt lat="57.196083" lon="-4.819222">
        <ele>344.0</ele>
      </trkpt>
      <trkpt lat="57.196" lon="-4.81883">
        <ele>345.7</ele>
      </trkpt>
      <trkpt lat="57.195839" lon="-4.818222">
        <ele>348.5</ele>
      </trkpt>
      <trkpt lat="57.195395" lon="-4.817541">
        <ele>346.5</ele>
      </trkpt>
      <trkpt lat="57.195286" lon="-4.817439">
        <ele>345.8</ele>
      </trkpt>
      <trkpt lat="57.194161" lon="-4.81711">
        <ele>340.3</ele>
      </trkpt>
      <trkpt lat="57.193482" lon="-4.816639">
        <ele>334.9</ele>
      </trkpt>
      <trkpt lat="57.193363" lon="-4.816532">
        <ele>333.8</ele>
      </trkpt>
      <trkpt lat="57.193184" lon="-4.816208">
        <ele>332.0</ele>
      </trkpt>
      <trkpt lat="57.193101" lon="-4.815914">
        <ele>331.6</ele>
      </trkpt>
      <trkpt lat="57.192884" lon="-4.815425">
        <ele>329.6</ele>
      </trkpt>
      <trkpt lat="57.192772" lon="-4.814976">
        <ele>329.3</ele>
      </trkpt>
      <trkpt lat="57.1925" lon="-4.814387">
        <ele>326.2</ele>
      </trkpt>
      <trkpt lat="57.192027" lon="-4.813971">
        <ele>319.3</ele>
      </trkpt>
      <trkpt lat="57.191925" lon="-4.814019">
        <ele>317.2</ele>
      </trkpt>
      <trkpt lat="57.191762" lon="-4.814066">
        <ele>314.1</ele>
      </trkpt>
      <trkpt lat="57.191384" lon="-4.813711">
        <ele>309.2</ele>
      </trkpt>
      <trkpt lat="57.191354" lon="-4.813618">
        <ele>309.1</ele>
      </trkpt>
      <trkpt lat="57.191002" lon="-4.813147">
        <ele>304.9</ele>
      </trkpt>
      <trkpt lat="57.190768" lon="-4.812791">
        <ele>301.7</ele>
      </trkpt>
      <trkpt lat="57.190623" lon="-4.812361">
        <ele>300.3</ele>
      </trkpt>
      <trkpt lat="57.190238" lon="-4.812028">
        <ele>296.0</ele>
      </trkpt>
      <trkpt lat="57.189844" lon="-4.811247">
        <ele>292.3</ele>
      </trkpt>
      <trkpt lat="57.189659" lon="-4.811353">
        <ele>290.9</ele>
      </trkpt>
      <trkpt lat="57.189543" lon="-4.811373">
        <ele>290.0</ele>
      </trkpt>
      <trkpt lat="57.189221" lon="-4.811293">
        <ele>287.4</ele>
      </trkpt>
      <trkpt lat="57.189136" lon="-4.811124">
        <ele>286.6</ele>
      </trkpt>
      <trkpt lat="57.188999" lon="-4.810402">
        <ele>285.3</ele>
      </trkpt>
      <trkpt lat="57.188883" lon="-4.81016">
        <ele>283.9</ele>
      </trkpt>
      <trkpt lat="57.188718" lon="-4.809701">
        <ele>281.4</ele>
      </trkpt>
      <trkpt lat="57.188457" lon="-4.809273">
        <ele>277.7</ele>
      </trkpt>
      <trkpt lat="57.188065" lon="-4.808771">
        <ele>270.5</ele>
      </trkpt>
      <trkpt lat="57.187837" lon="-4.808207">
        <ele>265.1</ele>
      </trkpt>
      <trkpt lat="57.187489" lon="-4.807474">
        <ele>256.8</ele>
      </trkpt>
      <trkpt lat="57.187128" lon="-4.807142">
        <ele>249.9</ele>
      </trkpt>
      <trkpt lat="57.186856" lon="-4.807167">
        <ele>245.4</ele>
      </trkpt>
      <trkpt lat="57.186758" lon="-4.807209">
        <ele>243.8</ele>
      </trkpt>
      <trkpt lat="57.186506" lon="-4.807185">
        <ele>240.0</ele>
      </trkpt>
      <trkpt lat="57.185976" lon="-4.807734">
        <ele>232.3</ele>
      </trkpt>
      <trkpt lat="57.18564" lon="-4.80795">
        <ele>227.1</ele>
      </trkpt>
      <trkpt lat="57.185419" lon="-4.807966">
        <ele>223.8</ele>
      </trkpt>
      <trkpt lat="57.185251" lon="-4.807812">
        <ele>221.2</ele>
      </trkpt>
      <trkpt lat="57.184875" lon="-4.807018">
        <ele>212.9</ele>
      </trkpt>
      <trkpt lat="57.184688" lon="-4.806179">
        <ele>207.3</ele>
      </trkpt>
      <trkpt lat="57.184632" lon="-4.806006">
        <ele>205.8</ele>
      </trkpt>
      <trkpt lat="57.184539" lon="-4.805296">
        <ele>202.4</ele>
      </trkpt>
      <trkpt lat="57.184378" lon="-4.805057">
        <ele>197.7</ele>
      </trkpt>
      <trkpt lat="57.18415" lon="-4.805068">
        <ele>191.8</ele>
      </trkpt>
      <trkpt lat="57.183891" lon="-4.804715">
        <ele>185.3</ele>
      </trkpt>
      <trkpt lat="57.18387" lon="-4.804028">
        <ele>181.6</ele>
      </trkpt>
      <trkpt lat="57.183586" lon="-4.803515">
        <ele>173.7</ele>
      </trkpt>
      <trkpt lat="57.183393" lon="-4.803537">
        <ele>170.1</ele>
      </trkpt>
      <trkpt lat="57.18309" lon="-4.803698">
        <ele>168.9</ele>
      </trkpt>
      <trkpt lat="57.182768" lon="-4.803649">
        <ele>167.5</ele>
      </trkpt>
      <trkpt lat="57.182453" lon="-4.803157">
        <ele>163.0</ele>
      </trkpt>
      <trkpt lat="57.182341" lon="-4.802468">
        <ele>155.9</ele>
      </trkpt>
      <trkpt lat="57.182307" lon="-4.802341">
        <ele>154.4</ele>
      </trkpt>
      <trkpt lat="57.182125" lon="-4.80207">
        <ele>151.0</ele>
      </trkpt>
      <trkpt lat="57.182048" lon="-4.802004">
        <ele>150.1</ele>
      </trkpt>
      <trkpt lat="57.181578" lon="-4.802036">
        <ele>148.6</ele>
      </trkpt>
      <trkpt lat="57.181285" lon="-4.802032">
        <ele>147.0</ele>
      </trkpt>
      <trkpt lat="57.181064" lon="-4.802079">
        <ele>146.2</ele>
      </trkpt>
      <trkpt lat="57.181071" lon="-4.802045">
        <ele>146.0</ele>
      </trkpt>
      <trkpt lat="57.181052" lon="-4.802">
        <ele>145.6</ele>
      </trkpt>
      <trkpt lat="57.180782" lon="-4.802192">
        <ele>145.8</ele>
      </trkpt>
      <trkpt lat="57.180511" lon="-4.80199">
        <ele>144.2</ele>
      </trkpt>
      <trkpt lat="57.179926" lon="-4.801348">
        <ele>138.9</ele>
      </trkpt>
      <trkpt lat="57.179703" lon="-4.801212">
        <ele>137.8</ele>
      </trkpt>
      <trkpt lat="57.179347" lon="-4.80122">
        <ele>137.2</ele>
      </trkpt>
      <trkpt lat="57.179011" lon="-4.801436">
        <ele>137.9</ele>
      </trkpt>
      <trkpt lat="57.178617" lon="-4.801868">
        <ele>140.0</ele>
      </trkpt>
      <trkpt lat="57.178218" lon="-4.802131">
        <ele>140.9</ele>
      </trkpt>
      <trkpt lat="57.177908" lon="-4.802211">
        <ele>140.1</ele>
      </trkpt>
      <trkpt lat="57.177667" lon="-4.80171">
        <ele>138.3</ele>
      </trkpt>
      <trkpt lat="57.177891" lon="-4.800748">
        <ele>134.0</ele>
      </trkpt>
      <trkpt lat="57.177878" lon="-4.800654">
        <ele>133.5</ele>
      </trkpt>
      <trkpt lat="57.177922" lon="-4.80063">
        <ele>133.4</ele>
      </trkpt>
      <trkpt lat="57.177941" lon="-4.800432">
        <ele>132.3</ele>
      </trkpt>
      <trkpt lat="57.17774" lon="-4.800262">
        <ele>131.3</ele>
      </trkpt>
      <trkpt lat="57.17699" lon="-4.80025">
        <ele>133.2</ele>
      </trkpt>
      <trkpt lat="57.17528" lon="-4.79797">
        <ele>130.0</ele>
      </trkpt>
      <trkpt lat="57.17476" lon="-4.79816">
        <ele>130.1</ele>
      </trkpt>
      <trkpt lat="57.17361" lon="-4.80121">
        <ele>121.7</ele>
      </trkpt>
      <trkpt lat="57.17216" lon="-4.7998">
        <ele>137.8</ele>
      </trkpt>
      <trkpt lat="57.17122" lon="-4.80058">
        <ele>147.5</ele>
      </trkpt>
      <trkpt lat="57.16931" lon="-4.8037">
        <ele>167.9</ele>
      </trkpt>
      <trkpt lat="57.16742" lon="-4.80811">
        <ele>191.8</ele>
      </trkpt>
      <trkpt lat="57.16722" lon="-4.8102">
        <ele>193.5</ele>
      </trkpt>
      <trkpt lat="57.16614" lon="-4.81217">
        <ele>207.9</ele>
      </trkpt>
      <trkpt lat="57.16365" lon="-4.82383">
        <ele>247.6</ele>
      </trkpt>
      <trkpt lat="57.16313" lon="-4.82467">
        <ele>253.4</ele>
      </trkpt>
      <trkpt lat="57.16272" lon="-4.82181">
        <ele>266.7</ele>
      </trkpt>
      <trkpt lat="57.16125" lon="-4.81698">
        <ele>296.1</ele>
      </trkpt>
      <trkpt lat="57.16051" lon="-4.80877">
        <ele>312.6</ele>
      </trkpt>
      <trkpt lat="57.1606" lon="-4.80316">
        <ele>328.3</ele>
      </trkpt>
      <trkpt lat="57.16141" lon="-4.79736">
        <ele>338.7</ele>
      </trkpt>
      <trkpt lat="57.16137" lon="-4.79284">
        <ele>356.8</ele>
      </trkpt>
      <trkpt lat="57.16173" lon="-4.7919">
        <ele>354.9</ele>
      </trkpt>
      <trkpt lat="57.16192" lon="-4.78824">
        <ele>361.2</ele>
      </trkpt>
      <trkpt lat="57.16169" lon="-4.78108">
        <ele>363.7</ele>
      </trkpt>
      <trkpt lat="57.1578" lon="-4.77064">
        <ele>350.8</ele>
      </trkpt>
      <trkpt lat="57.15888" lon="-4.76987">
        <ele>351.8</ele>
      </trkpt>
      <trkpt lat="57.15659" lon="-4.76337">
        <ele>370.6</ele>
      </trkpt>
      <trkpt lat="57.15472" lon="-4.7603">
        <ele>378.3</ele>
      </trkpt>
      <trkpt lat="57.15153" lon="-4.75328">
        <ele>399.2</ele>
      </trkpt>
      <trkpt lat="57.15156" lon="-4.7515">
        <ele>396.9</ele>
      </trkpt>
      <trkpt lat="57.15065" lon="-4.74791">
        <ele>382.0</ele>
      </trkpt>
      <trkpt lat="57.1522" lon="-4.73869">
        <ele>355.5</ele>
      </trkpt>
      <trkpt lat="57.1529" lon="-4.73085">
        <ele>319.4</ele>
      </trkpt>
      <trkpt lat="57.1516" lon="-4.7274">
        <ele>293.1</ele>
      </trkpt>
      <trkpt lat="57.15047" lon="-4.72581">
        <ele>276.7</ele>
      </trkpt>
      <trkpt lat="57.14937" lon="-4.72011">
        <ele>257.5</ele>
      </trkpt>
      <trkpt lat="57.14995" lon="-4.71769">
        <ele>255.3</ele>
      </trkpt>
      <trkpt lat="57.14983" lon="-4.70993">
        <ele>218.6</ele>
      </trkpt>
      <trkpt lat="57.14897" lon="-4.70575">
        <ele>182.9</ele>
      </trkpt>
      <trkpt lat="57.14966" lon="-4.70535">
        <ele>185.6</ele>
      </trkpt>
      <trkpt lat="57.15059" lon="-4.69925">
        <ele>144.7</ele>
      </trkpt>
      <trkpt lat="57.15017" lon="-4.69991">
        <ele>139.5</ele>
      </trkpt>
      <trkpt lat="57.15005" lon="-4.69841">
        <ele>118.4</ele>
      </trkpt>
      <trkpt lat="57.14884" lon="-4.7">
        <ele>108.7</ele>
      </trkpt>
      <trkpt lat="57.14902" lon="-4.69782">
        <ele>89.6</ele>
      </trkpt>
      <trkpt lat="57.14806" lon="-4.69899">
        <ele>83.7</ele>
      </trkpt>
      <trkpt lat="57.14803" lon="-4.69775">
        <ele>73.8</ele>
      </trkpt>
      <trkpt lat="57.14733" lon="-4.69744">
        <ele>64.3</ele>
      </trkpt>
      <trkpt lat="57.14788" lon="-4.69003">
        <ele>40.4</ele>
      </trkpt>
      <trkpt lat="57.149191" lon="-4.684245">
        <ele>42.2</ele>
      </trkpt>
      <trkpt lat="57.14931" lon="-4.68372">
        <ele>41.7</ele>
      </trkpt>
      <trkpt lat="57.14824" lon="-4.68269">
        <ele>39.3</ele>
      </trkpt>
      <trkpt lat="57.14756" lon="-4.68027">
        <ele>26.7</ele>
      </trkpt>
      <trkpt lat="57.14718" lon="-4.6809">
        <ele>24.8</ele>
      </trkpt>
      <trkpt lat="57.1468" lon="-4.68123">
        <ele>22.5</ele>
      </trkpt>
      <trkpt lat="57.14647" lon="-4.6813">
        <ele>21.2</ele>
      </trkpt>
      <trkpt lat="57.14518" lon="-4.68072">
        <ele>20.0</ele>
      </trkpt>
      <trkpt lat="57.145213" lon="-4.68093">
        <ele>20.0</ele>
      </trkpt>
      <trkpt lat="57.144843" lon="-4.68351">
        <ele>24.8</ele>
      </trkpt>
      <trkpt lat="57.144538" lon="-4.686287">
        <ele>27.1</ele>
      </trkpt>
      <trkpt lat="57.144515" lon="-4.68679">
        <ele>27.1</ele>
      </trkpt>
      <trkpt lat="57.14449" lon="-4.689339">
        <ele>26.4</ele>
      </trkpt>
      <trkpt lat="57.143845" lon="-4.691571">
        <ele>26.8</ele>
      </trkpt>
      <trkpt lat="57.142914" lon="-4.69322">
        <ele>27.0</ele>
      </trkpt>
      <trkpt lat="57.141738" lon="-4.694601">
        <ele>26.0</ele>
      </trkpt>
      <trkpt lat="57.140471" lon="-4.695975">
        <ele>26.3</ele>
      </trkpt>
      <trkpt lat="57.139077" lon="-4.697246">
        <ele>30.4</ele>
      </trkpt>
      <trkpt lat="57.137522" lon="-4.698231">
        <ele>29.1</ele>
      </trkpt>
      <trkpt lat="57.136206" lon="-4.698852">
        <ele>31.4</ele>
      </trkpt>
      <trkpt lat="57.134817" lon="-4.699533">
        <ele>29.8</ele>
      </trkpt>
      <trkpt lat="57.133161" lon="-4.700448">
        <ele>28.5</ele>
      </trkpt>
      <trkpt lat="57.131438" lon="-4.702714">
        <ele>32.8</ele>
      </trkpt>
      <trkpt lat="57.131228" lon="-4.702909">
        <ele>32.2</ele>
      </trkpt>
      <trkpt lat="57.129857" lon="-4.704438">
        <ele>32.2</ele>
      </trkpt>
      <trkpt lat="57.128755" lon="-4.705542">
        <ele>31.5</ele>
      </trkpt>
      <trkpt lat="57.127093" lon="-4.707131">
        <ele>31.1</ele>
      </trkpt>
      <trkpt lat="57.126116" lon="-4.708795">
        <ele>32.4</ele>
      </trkpt>
      <trkpt lat="57.125564" lon="-4.711152">
        <ele>32.0</ele>
      </trkpt>
      <trkpt lat="57.12532" lon="-4.714051">
        <ele>35.0</ele>
      </trkpt>
      <trkpt lat="57.125086" lon="-4.716507">
        <ele>35.6</ele>
      </trkpt>
      <trkpt lat="57.124508" lon="-4.718728">
        <ele>35.9</ele>
      </trkpt>
      <trkpt lat="57.123709" lon="-4.720553">
        <ele>36.7</ele>
      </trkpt>
      <trkpt lat="57.123118" lon="-4.721674">
        <ele>34.0</ele>
      </trkpt>
      <trkpt lat="57.122782" lon="-4.722133">
        <ele>33.3</ele>
      </trkpt>
      <trkpt lat="57.122705" lon="-4.722264">
        <ele>33.1</ele>
      </trkpt>
      <trkpt lat="57.12207" lon="-4.72363">
        <ele>34.9</ele>
      </trkpt>
      <trkpt lat="57.121247" lon="-4.725309">
        <ele>33.6</ele>
      </trkpt>
      <trkpt lat="57.119457" lon="-4.729411">
        <ele>34.2</ele>
      </trkpt>
      <trkpt lat="57.118725" lon="-4.731212">
        <ele>33.7</ele>
      </trkpt>
      <trkpt lat="57.117936" lon="-4.73323">
        <ele>36.0</ele>
      </trkpt>
      <trkpt lat="57.116993" lon="-4.735432">
        <ele>35.9</ele>
      </trkpt>
      <trkpt lat="57.115954" lon="-4.736954">
        <ele>35.8</ele>
      </trkpt>
      <trkpt lat="57.114674" lon="-4.738048">
        <ele>35.5</ele>
      </trkpt>
      <trkpt lat="57.113191" lon="-4.738692">
        <ele>34.4</ele>
      </trkpt>
      <trkpt lat="57.111512" lon="-4.739173">
        <ele>32.2</ele>
      </trkpt>
      <trkpt lat="57.110884" lon="-4.739466">
        <ele>32.6</ele>
      </trkpt>
      <trkpt lat="57.109478" lon="-4.740259">
        <ele>33.3</ele>
      </trkpt>
      <trkpt lat="57.107841" lon="-4.74098">
        <ele>33.7</ele>
      </trkpt>
      <trkpt lat="57.106354" lon="-4.740892">
        <ele>33.2</ele>
      </trkpt>
      <trkpt lat="57.103206" lon="-4.740388">
        <ele>32.7</ele>
      </trkpt>
      <trkpt lat="57.101551" lon="-4.740171">
        <ele>34.8</ele>
      </trkpt>
      <trkpt lat="57.09993" lon="-4.740079">
        <ele>33.7</ele>
      </trkpt>
      <trkpt lat="57.098762" lon="-4.73986">
        <ele>32.9</ele>
      </trkpt>
      <trkpt lat="57.098496" lon="-4.739785">
        <ele>33.4</ele>
      </trkpt>
      <trkpt lat="57.098605" lon="-4.739773">
        <ele>33.3</ele>
      </trkpt>
      <trkpt lat="57.098554" lon="-4.739526">
        <ele>34.0</ele>
      </trkpt>
      <trkpt lat="57.098577" lon="-4.7393">
        <ele>34.6</ele>
      </trkpt>
      <trkpt lat="57.098515" lon="-4.739254">
        <ele>34.8</ele>
      </trkpt>
      <trkpt lat="57.098447" lon="-4.739294">
        <ele>34.7</ele>
      </trkpt>
      <trkpt lat="57.098275" lon="-4.739301">
        <ele>34.8</ele>
      </trkpt>
      <trkpt lat="57.09734" lon="-4.739149">
        <ele>35.8</ele>
      </trkpt>
      <trkpt lat="57.096148" lon="-4.739886">
        <ele>33.5</ele>
      </trkpt>
      <trkpt lat="57.094672" lon="-4.741293">
        <ele>33.6</ele>
      </trkpt>
      <trkpt lat="57.093323" lon="-4.74274">
        <ele>34.0</ele>
      </trkpt>
      <trkpt lat="57.092849" lon="-4.743298">
        <ele>34.6</ele>
      </trkpt>
      <trkpt lat="57.092623" lon="-4.743422">
        <ele>34.9</ele>
      </trkpt>
      <trkpt lat="57.092487" lon="-4.743585">
        <ele>35.0</ele>
      </trkpt>
      <trkpt lat="57.092365" lon="-4.743818">
        <ele>34.8</ele>
      </trkpt>
      <trkpt lat="57.092271" lon="-4.743932">
        <ele>34.7</ele>
      </trkpt>
      <trkpt lat="57.092073" lon="-4.744118">
        <ele>34.5</ele>
      </trkpt>
      <trkpt lat="57.092129" lon="-4.744112">
        <ele>34.6</ele>
      </trkpt>
      <trkpt lat="57.0921" lon="-4.744088">
        <ele>34.5</ele>
      </trkpt>
      <trkpt lat="57.092093" lon="-4.74413">
        <ele>34.5</ele>
      </trkpt>
      <trkpt lat="57.091898" lon="-4.744291">
        <ele>34.3</ele>
      </trkpt>
      <trkpt lat="57.090708" lon="-4.745398">
        <ele>34.9</ele>
      </trkpt>
      <trkpt lat="57.089669" lon="-4.745973">
        <ele>34.0</ele>
      </trkpt>
      <trkpt lat="57.08941" lon="-4.745906">
        <ele>34.0</ele>
      </trkpt>
      <trkpt lat="57.089365" lon="-4.745927">
        <ele>34.0</ele>
      </trkpt>
      <trkpt lat="57.089103" lon="-4.745586">
        <ele>34.1</ele>
      </trkpt>
      <trkpt lat="57.088583" lon="-4.74523">
        <ele>35.7</ele>
      </trkpt>
      <trkpt lat="57.088153" lon="-4.745173">
        <ele>36.4</ele>
      </trkpt>
      <trkpt lat="57.088062" lon="-4.745148">
        <ele>36.4</ele>
      </trkpt>
      <trkpt lat="57.087971" lon="-4.745063">
        <ele>36.4</ele>
      </trkpt>
      <trkpt lat="57.087925" lon="-4.744962">
        <ele>36.6</ele>
      </trkpt>
      <trkpt lat="57.087851" lon="-4.744907">
        <ele>36.6</ele>
      </trkpt>
      <trkpt lat="57.087582" lon="-4.744483">
        <ele>37.2</ele>
      </trkpt>
      <trkpt lat="57.087464" lon="-4.744208">
        <ele>38.2</ele>
      </trkpt>
      <trkpt lat="57.087419" lon="-4.744051">
        <ele>39.3</ele>
      </trkpt>
      <trkpt lat="57.087427" lon="-4.743751">
        <ele>40.5</ele>
      </trkpt>
      <trkpt lat="57.087583" lon="-4.743464">
        <ele>40.1</ele>
      </trkpt>
      <trkpt lat="57.087684" lon="-4.743342">
        <ele>39.9</ele>
      </trkpt>
      <trkpt lat="57.087705" lon="-4.743276">
        <ele>40.6</ele>
      </trkpt>
      <trkpt lat="57.086789" lon="-4.743761">
        <ele>49.2</ele>
      </trkpt>
      <trkpt lat="57.086301" lon="-4.744046">
        <ele>53.7</ele>
      </trkpt>
      <trkpt lat="57.08592" lon="-4.744364">
        <ele>53.6</ele>
      </trkpt>
      <trkpt lat="57.085542" lon="-4.744769">
        <ele>53.5</ele>
      </trkpt>
      <trkpt lat="57.084348" lon="-4.746246">
        <ele>56.3</ele>
      </trkpt>
      <trkpt lat="57.083966" lon="-4.746777">
        <ele>55.7</ele>
      </trkpt>
      <trkpt lat="57.083242" lon="-4.747733">
        <ele>53.5</ele>
      </trkpt>
      <trkpt lat="57.082237" lon="-4.748997">
        <ele>56.8</ele>
      </trkpt>
      <trkpt lat="57.081769" lon="-4.749637">
        <ele>53.9</ele>
      </trkpt>
      <trkpt lat="57.080491" lon="-4.751296">
        <ele>56.6</ele>
      </trkpt>
      <trkpt lat="57.079721" lon="-4.752342">
        <ele>56.4</ele>
      </trkpt>
      <trkpt lat="57.079327" lon="-4.752906">
        <ele>56.0</ele>
      </trkpt>
      <trkpt lat="57.077886" lon="-4.755078">
        <ele>56.4</ele>
      </trkpt>
      <trkpt lat="57.077155" lon="-4.756033">
        <ele>58.3</ele>
      </trkpt>
      <trkpt lat="57.076169" lon="-4.757396">
        <ele>58.0</ele>
      </trkpt>
      <trkpt lat="57.075925" lon="-4.757711">
        <ele>57.0</ele>
      </trkpt>
      <trkpt lat="57.074953" lon="-4.758694">
        <ele>61.5</ele>
      </trkpt>
      <trkpt lat="57.07452" lon="-4.759231">
        <ele>60.9</ele>
      </trkpt>
      <trkpt lat="57.07268" lon="-4.76164">
        <ele>54.5</ele>
      </trkpt>
      <trkpt lat="57.07239" lon="-4.762046">
        <ele>55.6</ele>
      </trkpt>
      <trkpt lat="57.07213" lon="-4.762528">
        <ele>55.9</ele>
      </trkpt>
      <trkpt lat="57.071787" lon="-4.763398">
        <ele>50.9</ele>
      </trkpt>
      <trkpt lat="57.071022" lon="-4.764784">
        <ele>48.6</ele>
      </trkpt>
      <trkpt lat="57.070182" lon="-4.76609">
        <ele>49.1</ele>
      </trkpt>
      <trkpt lat="57.069299" lon="-4.767279">
        <ele>52.4</ele>
      </trkpt>
      <trkpt lat="57.068148" lon="-4.768681">
        <ele>51.1</ele>
      </trkpt>
      <trkpt lat="57.067065" lon="-4.76995">
        <ele>49.8</ele>
      </trkpt>
      <trkpt lat="57.065825" lon="-4.771614">
        <ele>51.8</ele>
      </trkpt>
      <trkpt lat="57.064857" lon="-4.773002">
        <ele>52.2</ele>
      </trkpt>
      <trkpt lat="57.064307" lon="-4.77376">
        <ele>52.6</ele>
      </trkpt>
      <trkpt lat="57.063273" lon="-4.775059">
        <ele>50.5</ele>
      </trkpt>
      <trkpt lat="57.061961" lon="-4.776369">
        <ele>53.4</ele>
      </trkpt>
      <trkpt lat="57.061388" lon="-4.777006">
        <ele>55.3</ele>
      </trkpt>
      <trkpt lat="57.061225" lon="-4.777158">
        <ele>56.7</ele>
      </trkpt>
      <trkpt lat="57.06035" lon="-4.778111">
        <ele>57.9</ele>
      </trkpt>
      <trkpt lat="57.058439" lon="-4.780529">
        <ele>54.2</ele>
      </trkpt>
      <trkpt lat="57.057582" lon="-4.781711">
        <ele>51.8</ele>
      </trkpt>
      <trkpt lat="57.055781" lon="-4.784268">
        <ele>54.6</ele>
      </trkpt>
      <trkpt lat="57.05523" lon="-4.784913">
        <ele>55.0</ele>
      </trkpt>
      <trkpt lat="57.053159" lon="-4.787425">
        <ele>59.3</ele>
      </trkpt>
      <trkpt lat="57.052336" lon="-4.788659">
        <ele>58.2</ele>
      </trkpt>
      <trkpt lat="57.05216" lon="-4.788889">
        <ele>60.6</ele>
      </trkpt>
      <trkpt lat="57.051518" lon="-4.789815">
        <ele>57.2</ele>
      </trkpt>
      <trkpt lat="57.051319" lon="-4.790238">
        <ele>56.6</ele>
      </trkpt>
      <trkpt lat="57.051069" lon="-4.790922">
        <ele>55.2</ele>
      </trkpt>
      <trkpt lat="57.050709" lon="-4.791743">
        <ele>51.9</ele>
      </trkpt>
      <trkpt lat="57.050446" lon="-4.792193">
        <ele>52.9</ele>
      </trkpt>
      <trkpt lat="57.050308" lon="-4.792373">
        <ele>53.2</ele>
      </trkpt>
      <trkpt lat="57.049717" lon="-4.792946">
        <ele>51.7</ele>
      </trkpt>
      <trkpt lat="57.049319" lon="-4.793191">
        <ele>49.8</ele>
      </trkpt>
      <trkpt lat="57.048792" lon="-4.793428">
        <ele>52.6</ele>
      </trkpt>
      <trkpt lat="57.0487" lon="-4.793433">
        <ele>54.1</ele>
      </trkpt>
      <trkpt lat="57.048655" lon="-4.793468">
        <ele>54.4</ele>
      </trkpt>
      <trkpt lat="57.047965" lon="-4.794248">
        <ele>56.8</ele>
      </trkpt>
      <trkpt lat="57.047021" lon="-4.795435">
        <ele>54.7</ele>
      </trkpt>
      <trkpt lat="57.046112" lon="-4.796701">
        <ele>46.1</ele>
      </trkpt>
      <trkpt lat="57.045553" lon="-4.797326">
        <ele>49.9</ele>
      </trkpt>
      <trkpt lat="57.045438" lon="-4.797437">
        <ele>50.6</ele>
      </trkpt>
      <trkpt lat="57.045144" lon="-4.797647">
        <ele>51.8</ele>
      </trkpt>
      <trkpt lat="57.045042" lon="-4.797747">
        <ele>51.1</ele>
      </trkpt>
      <trkpt lat="57.045001" lon="-4.797811">
        <ele>50.3</ele>
      </trkpt>
      <trkpt lat="57.044938" lon="-4.797996">
        <ele>47.4</ele>
      </trkpt>
      <trkpt lat="57.044869" lon="-4.798276">
        <ele>41.9</ele>
      </trkpt>
      <trkpt lat="57.044827" lon="-4.798538">
        <ele>40.3</ele>
      </trkpt>
      <trkpt lat="57.044778" lon="-4.798654">
        <ele>40.4</ele>
      </trkpt>
      <trkpt lat="57.044703" lon="-4.798753">
        <ele>40.7</ele>
      </trkpt>
      <trkpt lat="57.043921" lon="-4.79953">
        <ele>40.9</ele>
      </trkpt>
      <trkpt lat="57.043825" lon="-4.799691">
        <ele>39.5</ele>
      </trkpt>
      <trkpt lat="57.043715" lon="-4.799989">
        <ele>35.7</ele>
      </trkpt>
      <trkpt lat="57.042998" lon="-4.802395">
        <ele>33.9</ele>
      </trkpt>
      <trkpt lat="57.043022" lon="-4.802684">
        <ele>34.1</ele>
      </trkpt>
      <trkpt lat="57.043254" lon="-4.803797">
        <ele>35.5</ele>
      </trkpt>
      <trkpt lat="57.043304" lon="-4.803823">
        <ele>35.6</ele>
      </trkpt>
      <trkpt lat="57.043412" lon="-4.803762">
        <ele>35.5</ele>
      </trkpt>
      <trkpt lat="57.043451" lon="-4.80376">
        <ele>35.5</ele>
      </trkpt>
      <trkpt lat="57.043516" lon="-4.803833">
        <ele>35.6</ele>
      </trkpt>
      <trkpt lat="57.043594" lon="-4.803859">
        <ele>35.6</ele>
      </trkpt>
      <trkpt lat="57.043622" lon="-4.803911">
        <ele>35.7</ele>
      </trkpt>
      <trkpt lat="57.04363" lon="-4.803988">
        <ele>35.8</ele>
      </trkpt>
      <trkpt lat="57.0436" lon="-4.804172">
        <ele>36.0</ele>
      </trkpt>
      <trkpt lat="57.043419" lon="-4.804974">
        <ele>36.1</ele>
      </trkpt>
      <trkpt lat="57.043382" lon="-4.805054">
        <ele>36.0</ele>
      </trkpt>
      <trkpt lat="57.043336" lon="-4.805126">
        <ele>35.9</ele>
      </trkpt>
      <trkpt lat="57.04238" lon="-4.806171">
        <ele>36.1</ele>
      </trkpt>
      <trkpt lat="57.04215" lon="-4.806324">
        <ele>36.2</ele>
      </trkpt>
      <trkpt lat="57.041546" lon="-4.806432">
        <ele>36.6</ele>
      </trkpt>
      <trkpt lat="57.041207" lon="-4.806432">
        <ele>36.3</ele>
      </trkpt>
      <trkpt lat="57.041053" lon="-4.806375">
        <ele>36.2</ele>
      </trkpt>
      <trkpt lat="57.040952" lon="-4.806358">
        <ele>36.1</ele>
      </trkpt>
      <trkpt lat="57.040851" lon="-4.806384">
        <ele>36.0</ele>
      </trkpt>
      <trkpt lat="57.039851" lon="-4.80712">
        <ele>38.0</ele>
      </trkpt>
      <trkpt lat="57.039515" lon="-4.807552">
        <ele>39.8</ele>
      </trkpt>
      <trkpt lat="57.039375" lon="-4.807782">
        <ele>40.8</ele>
      </trkpt>
      <trkpt lat="57.039231" lon="-4.808189">
        <ele>42.4</ele>
      </trkpt>
      <trkpt lat="57.038712" lon="-4.809231">
        <ele>43.7</ele>
      </trkpt>
      <trkpt lat="57.038432" lon="-4.809932">
        <ele>45.5</ele>
      </trkpt>
      <trkpt lat="57.037745" lon="-4.811325">
        <ele>44.6</ele>
      </trkpt>
      <trkpt lat="57.037454" lon="-4.812016">
        <ele>43.9</ele>
      </trkpt>
      <trkpt lat="57.037364" lon="-4.812161">
        <ele>43.8</ele>
      </trkpt>
      <trkpt lat="57.037276" lon="-4.812255">
        <ele>43.7</ele>
      </trkpt>
      <trkpt lat="57.037188" lon="-4.812261">
        <ele>43.5</ele>
      </trkpt>
      <trkpt lat="57.037146" lon="-4.81229">
        <ele>43.5</ele>
      </trkpt>
      <trkpt lat="57.03712" lon="-4.812349">
        <ele>43.5</ele>
      </trkpt>
      <trkpt lat="57.037069" lon="-4.812782">
        <ele>43.5</ele>
      </trkpt>
      <trkpt lat="57.037011" lon="-4.812934">
        <ele>43.4</ele>
      </trkpt>
      <trkpt lat="57.03687" lon="-4.813247">
        <ele>43.2</ele>
      </trkpt>
      <trkpt lat="57.036587" lon="-4.813776">
        <ele>42.9</ele>
      </trkpt>
      <trkpt lat="57.036345" lon="-4.814304">
        <ele>43.1</ele>
      </trkpt>
      <trkpt lat="57.035768" lon="-4.815381">
        <ele>43.9</ele>
      </trkpt>
      <trkpt lat="57.035191" lon="-4.816545">
        <ele>43.2</ele>
      </trkpt>
      <trkpt lat="57.034815" lon="-4.817165">
        <ele>43.3</ele>
      </trkpt>
      <trkpt lat="57.034513" lon="-4.817814">
        <ele>43.9</ele>
      </trkpt>
      <trkpt lat="57.034102" lon="-4.818481">
        <ele>45.1</ele>
      </trkpt>
      <trkpt lat="57.033675" lon="-4.819245">
        <ele>45.4</ele>
      </trkpt>
      <trkpt lat="57.033427" lon="-4.819592">
        <ele>45.3</ele>
      </trkpt>
      <trkpt lat="57.033196" lon="-4.819915">
        <ele>45.6</ele>
      </trkpt>
      <trkpt lat="57.033128" lon="-4.82001">
        <ele>45.8</ele>
      </trkpt>
      <trkpt lat="57.032368" lon="-4.820722">
        <ele>46.6</ele>
      </trkpt>
      <trkpt lat="57.03188" lon="-4.821075">
        <ele>46.8</ele>
      </trkpt>
      <trkpt lat="57.031052" lon="-4.821556">
        <ele>46.3</ele>
      </trkpt>
      <trkpt lat="57.030818" lon="-4.821709">
        <ele>45.8</ele>
      </trkpt>
      <trkpt lat="57.030606" lon="-4.821798">
        <ele>44.4</ele>
      </trkpt>
      <trkpt lat="57.030051" lon="-4.822128">
        <ele>41.2</ele>
      </trkpt>
      <trkpt lat="57.029695" lon="-4.822386">
        <ele>39.2</ele>
      </trkpt>
      <trkpt lat="57.029591" lon="-4.822506">
        <ele>38.5</ele>
      </trkpt>
      <trkpt lat="57.029335" lon="-4.82275">
        <ele>37.0</ele>
      </trkpt>
      <trkpt lat="57.027371" lon="-4.823935">
        <ele>33.2</ele>
      </trkpt>
      <trkpt lat="57.026312" lon="-4.824822">
        <ele>33.0</ele>
      </trkpt>
      <trkpt lat="57.02586" lon="-4.82505">
        <ele>32.9</ele>
      </trkpt>
      <trkpt lat="57.02639" lon="-4.82636">
        <ele>32.0</ele>
      </trkpt>
      <trkpt lat="57.02679" lon="-4.83005">
        <ele>40.6</ele>
      </trkpt>
      <trkpt lat="57.02541" lon="-4.83188">
        <ele>42.1</ele>
      </trkpt>
      <trkpt lat="57.02476" lon="-4.83422">
        <ele>55.9</ele>
      </trkpt>
      <trkpt lat="57.02377" lon="-4.83549">
        <ele>47.8</ele>
      </trkpt>
      <trkpt lat="57.0236" lon="-4.83647">
        <ele>53.2</ele>
      </trkpt>
      <trkpt lat="57.02243" lon="-4.83837">
        <ele>54.3</ele>
      </trkpt>
      <trkpt lat="57.02137" lon="-4.83894">
        <ele>53.5</ele>
      </trkpt>
      <trkpt lat="57.02077" lon="-4.83978">
        <ele>53.3</ele>
      </trkpt>
      <trkpt lat="57.02019" lon="-4.84187">
        <ele>65.5</ele>
      </trkpt>
      <trkpt lat="57.01824" lon="-4.84443">
        <ele>61.8</ele>
      </trkpt>
      <trkpt lat="57.01761" lon="-4.84623">
        <ele>70.3</ele>
      </trkpt>
      <trkpt lat="57.01476" lon="-4.85114">
        <ele>80.9</ele>
      </trkpt>
      <trkpt lat="57.01416" lon="-4.85186">
        <ele>77.3</ele>
      </trkpt>
      <trkpt lat="57.01373" lon="-4.8513">
        <ele>61.1</ele>
      </trkpt>
      <trkpt lat="57.01291" lon="-4.85231">
        <ele>57.7</ele>
      </trkpt>
      <trkpt lat="57.00927" lon="-4.8586">
        <ele>48.8</ele>
      </trkpt>
      <trkpt lat="57.00785" lon="-4.86036">
        <ele>44.4</ele>
      </trkpt>
      <trkpt lat="56.99972" lon="-4.87469">
        <ele>41.8</ele>
      </trkpt>
      <trkpt lat="56.99865" lon="-4.87887">
        <ele>54.8</ele>
      </trkpt>
      <trkpt lat="56.99791" lon="-4.88023">
        <ele>57.7</ele>
      </trkpt>
      <trkpt lat="56.99493" lon="-4.88293">
        <ele>57.8</ele>
      </trkpt>
      <trkpt lat="56.98707" lon="-4.89611">
        <ele>56.4</ele>
      </trkpt>
      <trkpt lat="56.98356" lon="-4.90097">
        <ele>50.9</ele>
      </trkpt>
      <trkpt lat="56.98042" lon="-4.90418">
        <ele>43.2</ele>
      </trkpt>
      <trkpt lat="56.97836" lon="-4.907">
        <ele>57.0</ele>
      </trkpt>
      <trkpt lat="56.97659" lon="-4.91167">
        <ele>89.8</ele>
      </trkpt>
      <trkpt lat="56.97239" lon="-4.91847">
        <ele>82.0</ele>
      </trkpt>
      <trkpt lat="56.97169" lon="-4.92154">
        <ele>121.2</ele>
      </trkpt>
      <trkpt lat="56.96543" lon="-4.93086">
        <ele>57.2</ele>
      </trkpt>
      <trkpt lat="56.963" lon="-4.93365">
        <ele>40.2</ele>
      </trkpt>
      <trkpt lat="56.96071" lon="-4.93872">
        <ele>49.1</ele>
      </trkpt>
      <trkpt lat="56.95851" lon="-4.94144">
        <ele>40.8</ele>
      </trkpt>
      <trkpt lat="56.9551" lon="-4.94829">
        <ele>41.6</ele>
      </trkpt>
      <trkpt lat="56.95435" lon="-4.95101">
        <ele>54.0</ele>
      </trkpt>
      <trkpt lat="56.95375" lon="-4.95378">
        <ele>53.4</ele>
      </trkpt>
      <trkpt lat="56.95424" lon="-4.96004">
        <ele>53.7</ele>
      </trkpt>
      <trkpt lat="56.95323" lon="-4.96082">
        <ele>47.3</ele>
      </trkpt>
      <trkpt lat="56.95211" lon="-4.96035">
        <ele>40.7</ele>
      </trkpt>
      <trkpt lat="56.95109" lon="-4.96068">
        <ele>39.4</ele>
      </trkpt>
      <trkpt lat="56.94883" lon="-4.96485">
        <ele>42.0</ele>
      </trkpt>
      <trkpt lat="56.94832" lon="-4.96668">
        <ele>38.9</ele>
      </trkpt>
      <trkpt lat="56.9478" lon="-4.97316">
        <ele>43.9</ele>
      </trkpt>
      <trkpt lat="56.94693" lon="-4.97522">
        <ele>38.0</ele>
      </trkpt>
      <trkpt lat="56.94674" lon="-4.97834">
        <ele>41.4</ele>
      </trkpt>
      <trkpt lat="56.94554" lon="-4.98191">
        <ele>35.4</ele>
      </trkpt>
      <trkpt lat="56.94454" lon="-4.98308">
        <ele>33.9</ele>
      </trkpt>
      <trkpt lat="56.94395" lon="-4.98486">
        <ele>34.8</ele>
      </trkpt>
      <trkpt lat="56.9421" lon="-4.98496">
        <ele>33.1</ele>
      </trkpt>
      <trkpt lat="56.94091" lon="-4.98693">
        <ele>37.9</ele>
      </trkpt>
      <trkpt lat="56.93963" lon="-4.98749">
        <ele>40.5</ele>
      </trkpt>
      <trkpt lat="56.93865" lon="-4.98592">
        <ele>43.5</ele>
      </trkpt>
      <trkpt lat="56.93781" lon="-4.98266">
        <ele>43.7</ele>
      </trkpt>
      <trkpt lat="56.93744" lon="-4.98217">
        <ele>42.9</ele>
      </trkpt>
      <trkpt lat="56.93629" lon="-4.98191">
        <ele>41.2</ele>
      </trkpt>
      <trkpt lat="56.93562" lon="-4.98038">
        <ele>30.7</ele>
      </trkpt>
      <trkpt lat="56.9339" lon="-4.98123">
        <ele>37.8</ele>
      </trkpt>
      <trkpt lat="56.93129" lon="-4.98153">
        <ele>38.6</ele>
      </trkpt>
      <trkpt lat="56.931" lon="-4.98193">
        <ele>42.1</ele>
      </trkpt>
      <trkpt lat="56.93014" lon="-4.98137">
        <ele>40.6</ele>
      </trkpt>
      <trkpt lat="56.92957" lon="-4.98001">
        <ele>35.8</ele>
      </trkpt>
      <trkpt lat="56.92812" lon="-4.97858">
        <ele>41.2</ele>
      </trkpt>
      <trkpt lat="56.92724" lon="-4.97825">
        <ele>41.6</ele>
      </trkpt>
      <trkpt lat="56.92656" lon="-4.97853">
        <ele>43.4</ele>
      </trkpt>
      <trkpt lat="56.92468" lon="-4.9782">
        <ele>30.1</ele>
      </trkpt>
      <trkpt lat="56.9248" lon="-4.98052">
        <ele>43.8</ele>
      </trkpt>
      <trkpt lat="56.92427" lon="-4.98015">
        <ele>40.1</ele>
      </trkpt>
      <trkpt lat="56.92379" lon="-4.98123">
        <ele>42.6</ele>
      </trkpt>
      <trkpt lat="56.92314" lon="-4.98137">
        <ele>39.6</ele>
      </trkpt>
      <trkpt lat="56.92217" lon="-4.98247">
        <ele>39.6</ele>
      </trkpt>
      <trkpt lat="56.92107" lon="-4.98498">
        <ele>47.7</ele>
      </trkpt>
      <trkpt lat="56.91962" lon="-4.98634">
        <ele>45.5</ele>
      </trkpt>
      <trkpt lat="56.91903" lon="-4.9878">
        <ele>55.3</ele>
      </trkpt>
      <trkpt lat="56.91917" lon="-4.98984">
        <ele>81.3</ele>
      </trkpt>
      <trkpt lat="56.91626" lon="-4.99488">
        <ele>71.1</ele>
      </trkpt>
      <trkpt lat="56.91352" lon="-4.99826">
        <ele>38.9</ele>
      </trkpt>
      <trkpt lat="56.91284" lon="-4.99706">
        <ele>29.3</ele>
      </trkpt>
      <trkpt lat="56.90951" lon="-5.00323">
        <ele>27.2</ele>
      </trkpt>
      <trkpt lat="56.90621" lon="-5.00734">
        <ele>27.1</ele>
      </trkpt>
      <trkpt lat="56.90295" lon="-5.01288">
        <ele>27.5</ele>
      </trkpt>
      <trkpt lat="56.9" lon="-5.01461">
        <ele>28.6</ele>
      </trkpt>
      <trkpt lat="56.89956" lon="-5.01527">
        <ele>27.7</ele>
      </trkpt>
      <trkpt lat="56.89735" lon="-5.02257">
        <ele>27.9</ele>
      </trkpt>
      <trkpt lat="56.89256" lon="-5.03254">
        <ele>26.2</ele>
      </trkpt>
      <trkpt lat="56.89085" lon="-5.0385">
        <ele>26.8</ele>
      </trkpt>
      <trkpt lat="56.8896" lon="-5.0399">
        <ele>24.3</ele>
      </trkpt>
      <trkpt lat="56.88608" lon="-5.03983">
        <ele>25.1</ele>
      </trkpt>
      <trkpt lat="56.88465" lon="-5.0407">
        <ele>24.3</ele>
      </trkpt>
      <trkpt lat="56.87326" lon="-5.05905">
        <ele>35.0</ele>
      </trkpt>
      <trkpt lat="56.86955" lon="-5.06165">
        <ele>32.4</ele>
      </trkpt>
      <trkpt lat="56.86982" lon="-5.06125">
        <ele>33.4</ele>
      </trkpt>
      <trkpt lat="56.86668" lon="-5.06435">
        <ele>30.8</ele>
      </trkpt>
      <trkpt lat="56.86555" lon="-5.06714">
        <ele>27.0</ele>
      </trkpt>
      <trkpt lat="56.86481" lon="-5.06792">
        <ele>27.9</ele>
      </trkpt>
      <trkpt lat="56.86305" lon="-5.06871">
        <ele>27.4</ele>
      </trkpt>
      <trkpt lat="56.85804" lon="-5.07427">
        <ele>26.5</ele>
      </trkpt>
      <trkpt lat="56.85382" lon="-5.07481">
        <ele>25.5</ele>
      </trkpt>
      <trkpt lat="56.85258" lon="-5.07772">
        <ele>29.1</ele>
      </trkpt>
      <trkpt lat="56.85104" lon="-5.08528">
        <ele>27.7</ele>
      </trkpt>
      <trkpt lat="56.84719" lon="-5.09213">
        <ele>22.0</ele>
      </trkpt>
      <trkpt lat="56.84471" lon="-5.09607">
        <ele>8.5</ele>
      </trkpt>
      <trkpt lat="56.84426" lon="-5.09619">
        <ele>8.1</ele>
      </trkpt>
      <trkpt lat="56.84144" lon="-5.10409">
        <ele>6.8</ele>
      </trkpt>
      <trkpt lat="56.84055" lon="-5.10346">
        <ele>6.5</ele>
      </trkpt>
      <trkpt lat="56.83918" lon="-5.10386">
        <ele>5.4</ele>
      </trkpt>
      <trkpt lat="56.837674" lon="-5.101082">
        <ele>6.0</ele>
      </trkpt>
      <trkpt lat="56.83525" lon="-5.09661">
        <ele>4.0</ele>
      </trkpt>
      <trkpt lat="56.83574" lon="-5.09262">
        <ele>5.2</ele>
      </trkpt>
      <trkpt lat="56.83559" lon="-5.09117">
        <ele>5.4</ele>
      </trkpt>
      <trkpt lat="56.83356" lon="-5.08401">
        <ele>4.7</ele>
      </trkpt>
      <trkpt lat="56.83209" lon="-5.08399">
        <ele>3.8</ele>
      </trkpt>
      <trkpt lat="56.83053" lon="-5.08476">
        <ele>5.9</ele>
      </trkpt>
      <trkpt lat="56.82769" lon="-5.08863">
        <ele>10.2</ele>
      </trkpt>
      <trkpt lat="56.82611" lon="-5.09321">
        <ele>10.4</ele>
      </trkpt>
      <trkpt lat="56.82585" lon="-5.09494">
        <ele>11.0</ele>
      </trkpt>
      <trkpt lat="56.82392" lon="-5.0944">
        <ele>9.1</ele>
      </trkpt>
      <trkpt lat="56.82308" lon="-5.09393">
        <ele>8.9</ele>
      </trkpt>
      <trkpt lat="56.82291" lon="-5.09178">
        <ele>14.2</ele>
      </trkpt>
      <trkpt lat="56.82146" lon="-5.09431">
        <ele>13.0</ele>
      </trkpt>
      <trkpt lat="56.82143" lon="-5.09222">
        <ele>17.4</ele>
      </trkpt>
      <trkpt lat="56.8207" lon="-5.08267">
        <ele>15.0</ele>
      </trkpt>
      <trkpt lat="56.82007" lon="-5.08084">
        <ele>15.5</ele>
      </trkpt>
      <trkpt lat="56.81729" lon="-5.07932">
        <ele>17.4</ele>
      </trkpt>
      <trkpt lat="56.81658" lon="-5.07826">
        <ele>16.2</ele>
      </trkpt>
      <trkpt lat="56.8154" lon="-5.08019">
        <ele>35.2</ele>
      </trkpt>
      <trkpt lat="56.81502" lon="-5.08054">
        <ele>44.9</ele>
      </trkpt>
      <trkpt lat="56.81471" lon="-5.08061">
        <ele>45.2</ele>
      </trkpt>
      <trkpt lat="56.81401" lon="-5.0803">
        <ele>39.7</ele>
      </trkpt>
      <trkpt lat="56.81363" lon="-5.08035">
        <ele>40.9</ele>
      </trkpt>
      <trkpt lat="56.81338" lon="-5.08054">
        <ele>44.6</ele>
      </trkpt>
      <trkpt lat="56.81264" lon="-5.08037">
        <ele>43.3</ele>
      </trkpt>
      <trkpt lat="56.81215" lon="-5.08042">
        <ele>43.7</ele>
      </trkpt>
      <trkpt lat="56.80973" lon="-5.08206">
        <ele>50.7</ele>
      </trkpt>
      <trkpt lat="56.80692" lon="-5.08314">
        <ele>57.0</ele>
      </trkpt>
      <trkpt lat="56.80431" lon="-5.08152">
        <ele>57.0</ele>
      </trkpt>
      <trkpt lat="56.80225" lon="-5.07899">
        <ele>60.9</ele>
      </trkpt>
      <trkpt lat="56.79771" lon="-5.07791">
        <ele>107.8</ele>
      </trkpt>
      <trkpt lat="56.79418" lon="-5.07596">
        <ele>139.1</ele>
      </trkpt>
      <trkpt lat="56.79279" lon="-5.07359">
        <ele>150.0</ele>
      </trkpt>
      <trkpt lat="56.79264" lon="-5.07153">
        <ele>160.1</ele>
      </trkpt>
      <trkpt lat="56.79158" lon="-5.06902">
        <ele>175.3</ele>
      </trkpt>
      <trkpt lat="56.78926" lon="-5.06651">
        <ele>204.7</ele>
      </trkpt>
      <trkpt lat="56.78988" lon="-5.06911">
        <ele>221.7</ele>
      </trkpt>
      <trkpt lat="56.79087" lon="-5.07113">
        <ele>216.4</ele>
      </trkpt>
      <trkpt lat="56.79063" lon="-5.07153">
        <ele>223.1</ele>
      </trkpt>
      <trkpt lat="56.78967" lon="-5.07214">
        <ele>244.1</ele>
      </trkpt>
      <trkpt lat="56.78935" lon="-5.0728">
        <ele>253.8</ele>
      </trkpt>
      <trkpt lat="56.78683" lon="-5.07362">
        <ele>278.4</ele>
      </trkpt>
      <trkpt lat="56.78526" lon="-5.072">
        <ele>257.1</ele>
      </trkpt>
      <trkpt lat="56.78348" lon="-5.072">
        <ele>238.5</ele>
      </trkpt>
      <trkpt lat="56.78045" lon="-5.07287">
        <ele>215.8</ele>
      </trkpt>
      <trkpt lat="56.78018" lon="-5.0739">
        <ele>210.9</ele>
      </trkpt>
      <trkpt lat="56.77377" lon="-5.08359">
        <ele>244.9</ele>
      </trkpt>
      <trkpt lat="56.77203" lon="-5.08767">
        <ele>260.4</ele>
      </trkpt>
      <trkpt lat="56.76992" lon="-5.09464">
        <ele>244.4</ele>
      </trkpt>
      <trkpt lat="56.76748" lon="-5.10109">
        <ele>222.1</ele>
      </trkpt>
      <trkpt lat="56.76545" lon="-5.10217">
        <ele>239.8</ele>
      </trkpt>
      <trkpt lat="56.76419" lon="-5.10243">
        <ele>243.6</ele>
      </trkpt>
      <trkpt lat="56.76255" lon="-5.10433">
        <ele>250.6</ele>
      </trkpt>
      <trkpt lat="56.76136" lon="-5.10419">
        <ele>259.8</ele>
      </trkpt>
      <trkpt lat="56.76035" lon="-5.10482">
        <ele>259.4</ele>
      </trkpt>
      <trkpt lat="56.75688" lon="-5.10585">
        <ele>237.8</ele>
      </trkpt>
      <trkpt lat="56.7542" lon="-5.10731">
        <ele>208.1</ele>
      </trkpt>
      <trkpt lat="56.75253" lon="-5.10724">
        <ele>203.7</ele>
      </trkpt>
      <trkpt lat="56.75154" lon="-5.10853">
        <ele>187.7</ele>
      </trkpt>
      <trkpt lat="56.74722" lon="-5.11019">
        <ele>189.9</ele>
      </trkpt>
      <trkpt lat="56.7455" lon="-5.11026">
        <ele>195.6</ele>
      </trkpt>
      <trkpt lat="56.74357" lon="-5.10876">
        <ele>216.1</ele>
      </trkpt>
      <trkpt lat="56.74086" lon="-5.1082">
        <ele>219.3</ele>
      </trkpt>
      <trkpt lat="56.73769" lon="-5.10679">
        <ele>227.5</ele>
      </trkpt>
      <trkpt lat="56.73331" lon="-5.10006">
        <ele>262.3</ele>
      </trkpt>
      <trkpt lat="56.7309" lon="-5.09759">
        <ele>275.5</ele>
      </trkpt>
      <trkpt lat="56.72995" lon="-5.09708">
        <ele>269.3</ele>
      </trkpt>
      <trkpt lat="56.72812" lon="-5.09412">
        <ele>280.2</ele>
      </trkpt>
      <trkpt lat="56.72741" lon="-5.09117">
        <ele>277.5</ele>
      </trkpt>
      <trkpt lat="56.73007" lon="-5.07667">
        <ele>275.7</ele>
      </trkpt>
      <trkpt lat="56.73006" lon="-5.07085">
        <ele>270.8</ele>
      </trkpt>
      <trkpt lat="56.73116" lon="-5.06801">
        <ele>288.2</ele>
      </trkpt>
      <trkpt lat="56.73246" lon="-5.06048">
        <ele>299.1</ele>
      </trkpt>
      <trkpt lat="56.73303" lon="-5.04577">
        <ele>329.8</ele>
      </trkpt>
      <trkpt lat="56.73272" lon="-5.04373">
        <ele>330.8</ele>
      </trkpt>
      <trkpt lat="56.73196" lon="-5.04223">
        <ele>331.3</ele>
      </trkpt>
      <trkpt lat="56.73172" lon="-5.03627">
        <ele>319.6</ele>
      </trkpt>
      <trkpt lat="56.73118" lon="-5.03331">
        <ele>301.3</ele>
      </trkpt>
      <trkpt lat="56.73075" lon="-5.02693">
        <ele>288.6</ele>
      </trkpt>
      <trkpt lat="56.73031" lon="-5.02644">
        <ele>279.6</ele>
      </trkpt>
      <trkpt lat="56.72969" lon="-5.0236">
        <ele>270.0</ele>
      </trkpt>
      <trkpt lat="56.72853" lon="-5.01607">
        <ele>277.7</ele>
      </trkpt>
      <trkpt lat="56.72619" lon="-5.00889">
        <ele>264.1</ele>
      </trkpt>
      <trkpt lat="56.7257" lon="-5.00598">
        <ele>258.7</ele>
      </trkpt>
      <trkpt lat="56.7249" lon="-5.00401">
        <ele>239.6</ele>
      </trkpt>
      <trkpt lat="56.72387" lon="-4.99807">
        <ele>232.5</ele>
      </trkpt>
      <trkpt lat="56.72342" lon="-4.9973">
        <ele>223.3</ele>
      </trkpt>
      <trkpt lat="56.72357" lon="-4.99413">
        <ele>230.3</ele>
      </trkpt>
      <trkpt lat="56.7232" lon="-4.99059">
        <ele>243.7</ele>
      </trkpt>
      <trkpt lat="56.72193" lon="-4.98693">
        <ele>218.9</ele>
      </trkpt>
      <trkpt lat="56.72163" lon="-4.98641">
        <ele>209.4</ele>
      </trkpt>
      <trkpt lat="56.72108" lon="-4.98641">
        <ele>193.0</ele>
      </trkpt>
      <trkpt lat="56.72104" lon="-4.98423">
        <ele>172.2</ele>
      </trkpt>
      <trkpt lat="56.72046" lon="-4.98449">
        <ele>144.7</ele>
      </trkpt>
      <trkpt lat="56.72023" lon="-4.97977">
        <ele>126.6</ele>
      </trkpt>
      <trkpt lat="56.71971" lon="-4.97902">
        <ele>109.0</ele>
      </trkpt>
      <trkpt lat="56.71897" lon="-4.97879">
        <ele>87.6</ele>
      </trkpt>
      <trkpt lat="56.71869" lon="-4.97532">
        <ele>58.5</ele>
      </trkpt>
      <trkpt lat="56.71715" lon="-4.97337">
        <ele>23.1</ele>
      </trkpt>
      <trkpt lat="56.71736" lon="-4.97224">
        <ele>24.1</ele>
      </trkpt>
      <trkpt lat="56.71686" lon="-4.96987">
        <ele>15.5</ele>
      </trkpt>
      <trkpt lat="56.71727" lon="-4.96659">
        <ele>24.9</ele>
      </trkpt>
      <trkpt lat="56.715581" lon="-4.964244">
        <ele>15.4</ele>
      </trkpt>
      <trkpt lat="56.71524" lon="-4.96377">
        <ele>15.9</ele>
      </trkpt>
      <trkpt lat="56.71377" lon="-4.96274">
        <ele>11.6</ele>
      </trkpt>
      <trkpt lat="56.71446" lon="-4.96063">
        <ele>14.5</ele>
      </trkpt>
      <trkpt lat="56.71298" lon="-4.95763">
        <ele>13.8</ele>
      </trkpt>
      <trkpt lat="56.71267" lon="-4.95521">
        <ele>20.9</ele>
      </trkpt>
      <trkpt lat="56.71206" lon="-4.95587">
        <ele>28.9</ele>
      </trkpt>
      <trkpt lat="56.71033" lon="-4.94883">
        <ele>82.7</ele>
      </trkpt>
      <trkpt lat="56.70848" lon="-4.94794">
        <ele>99.2</ele>
      </trkpt>
      <trkpt lat="56.70597" lon="-4.95024">
        <ele>137.9</ele>
      </trkpt>
      <trkpt lat="56.70255" lon="-4.95127">
        <ele>153.4</ele>
      </trkpt>
      <trkpt lat="56.70021" lon="-4.94892">
        <ele>159.1</ele>
      </trkpt>
      <trkpt lat="56.69899" lon="-4.9485">
        <ele>168.3</ele>
      </trkpt>
      <trkpt lat="56.69925" lon="-4.94712">
        <ele>170.4</ele>
      </trkpt>
      <trkpt lat="56.69776" lon="-4.94658">
        <ele>184.5</ele>
      </trkpt>
      <trkpt lat="56.69851" lon="-4.94482">
        <ele>205.2</ele>
      </trkpt>
      <trkpt lat="56.69793" lon="-4.94442">
        <ele>221.5</ele>
      </trkpt>
      <trkpt lat="56.69809" lon="-4.94404">
        <ele>228.2</ele>
      </trkpt>
      <trkpt lat="56.70015" lon="-4.94261">
        <ele>251.3</ele>
      </trkpt>
      <trkpt lat="56.70119" lon="-4.94052">
        <ele>275.2</ele>
      </trkpt>
      <trkpt lat="56.70042" lon="-4.93794">
        <ele>309.3</ele>
      </trkpt>
      <trkpt lat="56.7002" lon="-4.93785">
        <ele>314.0</ele>
      </trkpt>
      <trkpt lat="56.69986" lon="-4.93914">
        <ele>323.5</ele>
      </trkpt>
      <trkpt lat="56.69774" lon="-4.93459">
        <ele>361.4</ele>
      </trkpt>
      <trkpt lat="56.69518" lon="-4.92462">
        <ele>366.0</ele>
      </trkpt>
      <trkpt lat="56.69502" lon="-4.92187">
        <ele>360.1</ele>
      </trkpt>
      <trkpt lat="56.6938" lon="-4.92011">
        <ele>360.3</ele>
      </trkpt>
      <trkpt lat="56.69308" lon="-4.92023">
        <ele>370.8</ele>
      </trkpt>
      <trkpt lat="56.6925" lon="-4.9199">
        <ele>382.8</ele>
      </trkpt>
      <trkpt lat="56.69191" lon="-4.92042">
        <ele>393.4</ele>
      </trkpt>
      <trkpt lat="56.69223" lon="-4.91889">
        <ele>397.8</ele>
      </trkpt>
      <trkpt lat="56.69154" lon="-4.91927">
        <ele>410.0</ele>
      </trkpt>
      <trkpt lat="56.69158" lon="-4.91821">
        <ele>418.3</ele>
      </trkpt>
      <trkpt lat="56.69068" lon="-4.91659">
        <ele>440.1</ele>
      </trkpt>
      <trkpt lat="56.69038" lon="-4.91772">
        <ele>445.4</ele>
      </trkpt>
      <trkpt lat="56.69002" lon="-4.91765">
        <ele>454.9</ele>
      </trkpt>
      <trkpt lat="56.69003" lon="-4.91589">
        <ele>451.9</ele>
      </trkpt>
      <trkpt lat="56.68709" lon="-4.91603">
        <ele>483.4</ele>
      </trkpt>
      <trkpt lat="56.68356" lon="-4.91819">
        <ele>483.5</ele>
      </trkpt>
      <trkpt lat="56.68302" lon="-4.91807">
        <ele>474.5</ele>
      </trkpt>
      <trkpt lat="56.68255" lon="-4.91892">
        <ele>476.1</ele>
      </trkpt>
      <trkpt lat="56.68142" lon="-4.9188">
        <ele>469.5</ele>
      </trkpt>
      <trkpt lat="56.68074" lon="-4.91784">
        <ele>468.8</ele>
      </trkpt>
      <trkpt lat="56.67933" lon="-4.91711">
        <ele>493.3</ele>
      </trkpt>
      <trkpt lat="56.67833" lon="-4.91575">
        <ele>517.6</ele>
      </trkpt>
      <trkpt lat="56.678" lon="-4.91582">
        <ele>525.4</ele>
      </trkpt>
      <trkpt lat="56.67722" lon="-4.91472">
        <ele>541.4</ele>
      </trkpt>
      <trkpt lat="56.67573" lon="-4.9142">
        <ele>549.1</ele>
      </trkpt>
      <trkpt lat="56.6746" lon="-4.91448">
        <ele>534.5</ele>
      </trkpt>
      <trkpt lat="56.6746" lon="-4.91272">
        <ele>513.2</ele>
      </trkpt>
      <trkpt lat="56.67391" lon="-4.9135">
        <ele>503.3</ele>
      </trkpt>
      <trkpt lat="56.67391" lon="-4.91286">
        <ele>495.1</ele>
      </trkpt>
      <trkpt lat="56.67346" lon="-4.91282">
        <ele>481.2</ele>
      </trkpt>
      <trkpt lat="56.67327" lon="-4.91218">
        <ele>468.3</ele>
      </trkpt>
      <trkpt lat="56.67282" lon="-4.91232">
        <ele>457.1</ele>
      </trkpt>
      <trkpt lat="56.67236" lon="-4.91127">
        <ele>433.6</ele>
      </trkpt>
      <trkpt lat="56.67152" lon="-4.91099">
        <ele>413.9</ele>
      </trkpt>
      <trkpt lat="56.66995" lon="-4.90733">
        <ele>370.0</ele>
      </trkpt>
      <trkpt lat="56.6695" lon="-4.90756">
        <ele>365.8</ele>
      </trkpt>
      <trkpt lat="56.66865" lon="-4.9066">
        <ele>351.2</ele>
      </trkpt>
      <trkpt lat="56.66789" lon="-4.90662">
        <ele>341.7</ele>
      </trkpt>
      <trkpt lat="56.66703" lon="-4.90564">
        <ele>328.9</ele>
      </trkpt>
      <trkpt lat="56.66483" lon="-4.90507">
        <ele>294.6</ele>
      </trkpt>
      <trkpt lat="56.66401" lon="-4.89958">
        <ele>287.2</ele>
      </trkpt>
      <trkpt lat="56.66106" lon="-4.88992">
        <ele>279.1</ele>
      </trkpt>
      <trkpt lat="56.65956" lon="-4.88164">
        <ele>293.1</ele>
      </trkpt>
      <trkpt lat="56.65958" lon="-4.87995">
        <ele>300.2</ele>
      </trkpt>
      <trkpt lat="56.65888" lon="-4.87699">
        <ele>301.5</ele>
      </trkpt>
      <trkpt lat="56.65916" lon="-4.87481">
        <ele>310.9</ele>
      </trkpt>
      <trkpt lat="56.65879" lon="-4.86962">
        <ele>305.3</ele>
      </trkpt>
      <trkpt lat="56.65907" lon="-4.86634">
        <ele>314.0</ele>
      </trkpt>
      <trkpt lat="56.65861" lon="-4.86453">
        <ele>303.0</ele>
      </trkpt>
      <trkpt lat="56.65615" lon="-4.8604">
        <ele>265.1</ele>
      </trkpt>
      <trkpt lat="56.65503" lon="-4.85714">
        <ele>255.3</ele>
      </trkpt>
      <trkpt lat="56.65382" lon="-4.85531">
        <ele>247.4</ele>
      </trkpt>
      <trkpt lat="56.65352" lon="-4.85318">
        <ele>245.5</ele>
      </trkpt>
      <trkpt lat="56.65353" lon="-4.84039">
        <ele>247.5</ele>
      </trkpt>
      <trkpt lat="56.65192" lon="-4.84013">
        <ele>245.8</ele>
      </trkpt>
      <trkpt lat="56.65122" lon="-4.8406">
        <ele>246.5</ele>
      </trkpt>
      <trkpt lat="56.65118" lon="-4.8411">
        <ele>245.7</ele>
      </trkpt>
      <trkpt lat="56.64796" lon="-4.83378">
        <ele>272.2</ele>
      </trkpt>
      <trkpt lat="56.64406" lon="-4.8281">
        <ele>288.7</ele>
      </trkpt>
      <trkpt lat="56.64284" lon="-4.82728">
        <ele>291.7</ele>
      </trkpt>
      <trkpt lat="56.63921" lon="-4.82671">
        <ele>303.8</ele>
      </trkpt>
      <trkpt lat="56.63712" lon="-4.82542">
        <ele>312.8</ele>
      </trkpt>
      <trkpt lat="56.63649" lon="-4.82406">
        <ele>316.4</ele>
      </trkpt>
      <trkpt lat="56.635" lon="-4.82402">
        <ele>325.6</ele>
      </trkpt>
      <trkpt lat="56.6336" lon="-4.82263">
        <ele>340.6</ele>
      </trkpt>
      <trkpt lat="56.63017" lon="-4.81271">
        <ele>378.4</ele>
      </trkpt>
      <trkpt lat="56.62824" lon="-4.80919">
        <ele>396.5</ele>
      </trkpt>
      <trkpt lat="56.62759" lon="-4.80647">
        <ele>404.5</ele>
      </trkpt>
      <trkpt lat="56.62525" lon="-4.804">
        <ele>422.3</ele>
      </trkpt>
      <trkpt lat="56.62204" lon="-4.80175">
        <ele>443.4</ele>
      </trkpt>
      <trkpt lat="56.6198" lon="-4.80145">
        <ele>443.8</ele>
      </trkpt>
      <trkpt lat="56.61723" lon="-4.79971">
        <ele>423.3</ele>
      </trkpt>
      <trkpt lat="56.61417" lon="-4.79971">
        <ele>401.4</ele>
      </trkpt>
      <trkpt lat="56.61105" lon="-4.80182">
        <ele>372.4</ele>
      </trkpt>
      <trkpt lat="56.60886" lon="-4.80431">
        <ele>356.3</ele>
      </trkpt>
      <trkpt lat="56.6042" lon="-4.80799">
        <ele>355.9</ele>
      </trkpt>
      <trkpt lat="56.60127" lon="-4.80792">
        <ele>344.6</ele>
      </trkpt>
      <trkpt lat="56.60008" lon="-4.80729">
        <ele>336.6</ele>
      </trkpt>
      <trkpt lat="56.59846" lon="-4.80762">
        <ele>330.3</ele>
      </trkpt>
      <trkpt lat="56.5971" lon="-4.80715">
        <ele>322.3</ele>
      </trkpt>
      <trkpt lat="56.59544" lon="-4.80766">
        <ele>317.9</ele>
      </trkpt>
      <trkpt lat="56.59347" lon="-4.80694">
        <ele>319.3</ele>
      </trkpt>
      <trkpt lat="56.58574" lon="-4.80161">
        <ele>309.4</ele>
      </trkpt>
      <trkpt lat="56.58386" lon="-4.79922">
        <ele>310.6</ele>
      </trkpt>
      <trkpt lat="56.58065" lon="-4.79823">
        <ele>321.8</ele>
      </trkpt>
      <trkpt lat="56.57648" lon="-4.79758">
        <ele>330.0</ele>
      </trkpt>
      <trkpt lat="56.57404" lon="-4.79579">
        <ele>324.4</ele>
      </trkpt>
      <trkpt lat="56.5714" lon="-4.79112">
        <ele>307.0</ele>
      </trkpt>
      <trkpt lat="56.57073" lon="-4.79049">
        <ele>305.6</ele>
      </trkpt>
      <trkpt lat="56.56977" lon="-4.79037">
        <ele>305.1</ele>
      </trkpt>
      <trkpt lat="56.56779" lon="-4.79091">
        <ele>306.2</ele>
      </trkpt>
      <trkpt lat="56.5667" lon="-4.79051">
        <ele>302.1</ele>
      </trkpt>
      <trkpt lat="56.5606" lon="-4.79413">
        <ele>292.7</ele>
      </trkpt>
      <trkpt lat="56.55857" lon="-4.79448">
        <ele>286.3</ele>
      </trkpt>
      <trkpt lat="56.55556" lon="-4.79582">
        <ele>270.6</ele>
      </trkpt>
      <trkpt lat="56.55427" lon="-4.79697">
        <ele>264.5</ele>
      </trkpt>
      <trkpt lat="56.55232" lon="-4.7979">
        <ele>246.8</ele>
      </trkpt>
      <trkpt lat="56.54647" lon="-4.80445">
        <ele>205.7</ele>
      </trkpt>
      <trkpt lat="56.54565" lon="-4.80729">
        <ele>200.3</ele>
      </trkpt>
      <trkpt lat="56.54264" lon="-4.81193">
        <ele>190.8</ele>
      </trkpt>
      <trkpt lat="56.54072" lon="-4.81386">
        <ele>179.6</ele>
      </trkpt>
      <trkpt lat="56.53762" lon="-4.81278">
        <ele>174.1</ele>
      </trkpt>
      <trkpt lat="56.53677" lon="-4.81346">
        <ele>172.3</ele>
      </trkpt>
      <trkpt lat="56.53599" lon="-4.81348">
        <ele>170.7</ele>
      </trkpt>
      <trkpt lat="56.53498" lon="-4.81266">
        <ele>169.0</ele>
      </trkpt>
      <trkpt lat="56.53243" lon="-4.81351">
        <ele>171.2</ele>
      </trkpt>
      <trkpt lat="56.53205" lon="-4.81287">
        <ele>172.9</ele>
      </trkpt>
      <trkpt lat="56.53199" lon="-4.81074">
        <ele>176.9</ele>
      </trkpt>
      <trkpt lat="56.53316" lon="-4.80553">
        <ele>178.1</ele>
      </trkpt>
      <trkpt lat="56.53707" lon="-4.79593">
        <ele>174.4</ele>
      </trkpt>
      <trkpt lat="56.53844" lon="-4.79068">
        <ele>180.1</ele>
      </trkpt>
      <trkpt lat="56.53944" lon="-4.7839">
        <ele>185.8</ele>
      </trkpt>
      <trkpt lat="56.539" lon="-4.78085">
        <ele>182.0</ele>
      </trkpt>
      <trkpt lat="56.53741" lon="-4.77824">
        <ele>178.1</ele>
      </trkpt>
      <trkpt lat="56.53572" lon="-4.77634">
        <ele>172.3</ele>
      </trkpt>
      <trkpt lat="56.53365" lon="-4.77498">
        <ele>168.6</ele>
      </trkpt>
      <trkpt lat="56.53193" lon="-4.77494">
        <ele>169.2</ele>
      </trkpt>
      <trkpt lat="56.52804" lon="-4.77179">
        <ele>167.7</ele>
      </trkpt>
      <trkpt lat="56.51812" lon="-4.77121">
        <ele>158.3</ele>
      </trkpt>
      <trkpt lat="56.517781" lon="-4.767336">
        <ele>170.0</ele>
      </trkpt>
      <trkpt lat="56.51764" lon="-4.76572">
        <ele>180.5</ele>
      </trkpt>
      <trkpt lat="56.51669" lon="-4.7645">
        <ele>187.1</ele>
      </trkpt>
      <trkpt lat="56.51656" lon="-4.7637">
        <ele>191.5</ele>
      </trkpt>
      <trkpt lat="56.51182" lon="-4.75842">
        <ele>214.6</ele>
      </trkpt>
      <trkpt lat="56.5067" lon="-4.75577">
        <ele>219.8</ele>
      </trkpt>
      <trkpt lat="56.50209" lon="-4.75171">
        <ele>214.3</ele>
      </trkpt>
      <trkpt lat="56.4973" lon="-4.74488">
        <ele>219.0</ele>
      </trkpt>
      <trkpt lat="56.49612" lon="-4.74376">
        <ele>214.2</ele>
      </trkpt>
      <trkpt lat="56.49243" lon="-4.73691">
        <ele>210.6</ele>
      </trkpt>
      <trkpt lat="56.49048" lon="-4.73477">
        <ele>199.5</ele>
      </trkpt>
      <trkpt lat="56.48647" lon="-4.72459">
        <ele>201.7</ele>
      </trkpt>
      <trkpt lat="56.48506" lon="-4.72241">
        <ele>198.6</ele>
      </trkpt>
      <trkpt lat="56.48448" lon="-4.72086">
        <ele>199.7</ele>
      </trkpt>
      <trkpt lat="56.4842" lon="-4.71835">
        <ele>201.1</ele>
      </trkpt>
      <trkpt lat="56.48062" lon="-4.71793">
        <ele>212.0</ele>
      </trkpt>
      <trkpt lat="56.47987" lon="-4.71929">
        <ele>214.1</ele>
      </trkpt>
      <trkpt lat="56.47928" lon="-4.71929">
        <ele>221.0</ele>
      </trkpt>
      <trkpt lat="56.47752" lon="-4.72058">
        <ele>220.7</ele>
      </trkpt>
      <trkpt lat="56.47459" lon="-4.7199">
        <ele>233.5</ele>
      </trkpt>
      <trkpt lat="56.47356" lon="-4.71922">
        <ele>247.0</ele>
      </trkpt>
      <trkpt lat="56.46912" lon="-4.71828">
        <ele>253.5</ele>
      </trkpt>
      <trkpt lat="56.46701" lon="-4.71687">
        <ele>272.6</ele>
      </trkpt>
      <trkpt lat="56.46445" lon="-4.71645">
        <ele>281.7</ele>
      </trkpt>
      <trkpt lat="56.46391" lon="-4.71598">
        <ele>289.7</ele>
      </trkpt>
      <trkpt lat="56.46368" lon="-4.71464">
        <ele>311.3</ele>
      </trkpt>
      <trkpt lat="56.46272" lon="-4.71373">
        <ele>329.8</ele>
      </trkpt>
      <trkpt lat="56.45998" lon="-4.71312">
        <ele>322.8</ele>
      </trkpt>
      <trkpt lat="56.45579" lon="-4.71103">
        <ele>323.2</ele>
      </trkpt>
      <trkpt lat="56.4544" lon="-4.71072">
        <ele>317.5</ele>
      </trkpt>
      <trkpt lat="56.45341" lon="-4.70997">
        <ele>312.2</ele>
      </trkpt>
      <trkpt lat="56.44966" lon="-4.70866">
        <ele>303.5</ele>
      </trkpt>
      <trkpt lat="56.44905" lon="-4.7092">
        <ele>306.8</ele>
      </trkpt>
      <trkpt lat="56.44745" lon="-4.70887">
        <ele>296.0</ele>
      </trkpt>
      <trkpt lat="56.44617" lon="-4.70967">
        <ele>289.9</ele>
      </trkpt>
      <trkpt lat="56.44513" lon="-4.70948">
        <ele>282.7</ele>
      </trkpt>
      <trkpt lat="56.44299" lon="-4.7111">
        <ele>278.8</ele>
      </trkpt>
      <trkpt lat="56.4417" lon="-4.71093">
        <ele>266.6</ele>
      </trkpt>
      <trkpt lat="56.43999" lon="-4.71211">
        <ele>249.4</ele>
      </trkpt>
    </trkseg>
  </trk>
</gpx>
