<?xml version="1.0" encoding="UTF-8"?>
<gpx xmlns:gpxdata="http://www.cluetrust.com/XML/GPXDATA/1/0" xmlns:xsi="http://www.w3.org/2001/XMLSchema-instance" xmlns="http://www.topografix.com/GPX/1/1" version="1.1" creator="http://ridewithgps.com/" xsi:schemaLocation="http://www.topografix.com/GPX/1/1 http://www.topografix.com/GPX/1/1/gpx.xsd http://www.cluetrust.com/XML/GPXDATA/1/0 http://www.cluetrust.com/Schemas/gpxdata10.xsd">
  <metadata>
    <name>The Colorado Trail</name>
    <link href="https://ridewithgps.com/routes/56353598">
      <text>The Colorado Trail</text>
    </link>
    <time>2026-07-27T13:23:09Z</time>
  </metadata>
  <trk>
    <name>The Colorado Trail</name>
    <trkseg>
      <trkpt lat="39.490925" lon="-105.094238">
        <ele>1675.0</ele>
      </trkpt>
      <trkpt lat="39.491268" lon="-105.09446">
        <ele>1675.0</ele>
      </trkpt>
      <trkpt lat="39.491211" lon="-105.094872">
        <ele>1676.0</ele>
      </trkpt>
      <trkpt lat="39.49128" lon="-105.095284">
        <ele>1676.0</ele>
      </trkpt>
      <trkpt lat="39.491112" lon="-105.095726">
        <ele>1677.0</ele>
      </trkpt>
      <trkpt lat="39.490608" lon="-105.096443">
        <ele>1677.0</ele>
      </trkpt>
      <trkpt lat="39.489807" lon="-105.096992">
        <ele>1677.0</ele>
      </trkpt>
      <trkpt lat="39.488354" lon="-105.09745">
        <ele>1679.0</ele>
      </trkpt>
      <trkpt lat="39.487751" lon="-105.098061">
        <ele>1678.0</ele>
      </trkpt>
      <trkpt lat="39.487411" lon="-105.098618">
        <ele>1680.0</ele>
      </trkpt>
      <trkpt lat="39.487064" lon="-105.099594">
        <ele>1681.0</ele>
      </trkpt>
      <trkpt lat="39.486828" lon="-105.101341">
        <ele>1679.0</ele>
      </trkpt>
      <trkpt lat="39.48645" lon="-105.102989">
        <ele>1680.0</ele>
      </trkpt>
      <trkpt lat="39.485336" lon="-105.105865">
        <ele>1685.0</ele>
      </trkpt>
      <trkpt lat="39.4846" lon="-105.108467">
        <ele>1686.0</ele>
      </trkpt>
      <trkpt lat="39.483852" lon="-105.110558">
        <ele>1687.0</ele>
      </trkpt>
      <trkpt lat="39.483795" lon="-105.111069">
        <ele>1688.0</ele>
      </trkpt>
      <trkpt lat="39.483997" lon="-105.112602">
        <ele>1688.0</ele>
      </trkpt>
      <trkpt lat="39.484264" lon="-105.113174">
        <ele>1688.0</ele>
      </trkpt>
      <trkpt lat="39.485043" lon="-105.114006">
        <ele>1687.0</ele>
      </trkpt>
      <trkpt lat="39.48587" lon="-105.114441">
        <ele>1688.0</ele>
      </trkpt>
      <trkpt lat="39.486134" lon="-105.114807">
        <ele>1691.0</ele>
      </trkpt>
      <trkpt lat="39.486214" lon="-105.115273">
        <ele>1690.0</ele>
      </trkpt>
      <trkpt lat="39.486176" lon="-105.115776">
        <ele>1690.0</ele>
      </trkpt>
      <trkpt lat="39.485653" lon="-105.11763">
        <ele>1692.0</ele>
      </trkpt>
      <trkpt lat="39.485249" lon="-105.118141">
        <ele>1692.0</ele>
      </trkpt>
      <trkpt lat="39.484772" lon="-105.118469">
        <ele>1694.0</ele>
      </trkpt>
      <trkpt lat="39.484409" lon="-105.118515">
        <ele>1693.0</ele>
      </trkpt>
      <trkpt lat="39.483749" lon="-105.118332">
        <ele>1690.0</ele>
      </trkpt>
      <trkpt lat="39.483078" lon="-105.118446">
        <ele>1689.0</ele>
      </trkpt>
      <trkpt lat="39.482822" lon="-105.11837">
        <ele>1690.0</ele>
      </trkpt>
      <trkpt lat="39.482552" lon="-105.118057">
        <ele>1690.0</ele>
      </trkpt>
      <trkpt lat="39.482258" lon="-105.116966">
        <ele>1695.0</ele>
      </trkpt>
      <trkpt lat="39.482059" lon="-105.11673">
        <ele>1697.0</ele>
      </trkpt>
      <trkpt lat="39.481583" lon="-105.116737">
        <ele>1696.0</ele>
      </trkpt>
      <trkpt lat="39.481014" lon="-105.117615">
        <ele>1702.0</ele>
      </trkpt>
      <trkpt lat="39.480644" lon="-105.118713">
        <ele>1701.0</ele>
      </trkpt>
      <trkpt lat="39.480618" lon="-105.119072">
        <ele>1701.0</ele>
      </trkpt>
      <trkpt lat="39.480755" lon="-105.119537">
        <ele>1700.0</ele>
      </trkpt>
      <trkpt lat="39.481583" lon="-105.120438">
        <ele>1700.0</ele>
      </trkpt>
      <trkpt lat="39.481838" lon="-105.120995">
        <ele>1701.0</ele>
      </trkpt>
      <trkpt lat="39.481792" lon="-105.121529">
        <ele>1705.0</ele>
      </trkpt>
      <trkpt lat="39.481453" lon="-105.122169">
        <ele>1706.0</ele>
      </trkpt>
      <trkpt lat="39.480385" lon="-105.123421">
        <ele>1707.0</ele>
      </trkpt>
      <trkpt lat="39.479618" lon="-105.124702">
        <ele>1706.0</ele>
      </trkpt>
      <trkpt lat="39.477718" lon="-105.12841">
        <ele>1711.0</ele>
      </trkpt>
      <trkpt lat="39.477108" lon="-105.128807">
        <ele>1709.0</ele>
      </trkpt>
      <trkpt lat="39.476391" lon="-105.128906">
        <ele>1707.0</ele>
      </trkpt>
      <trkpt lat="39.475494" lon="-105.129257">
        <ele>1710.0</ele>
      </trkpt>
      <trkpt lat="39.473827" lon="-105.130577">
        <ele>1712.0</ele>
      </trkpt>
      <trkpt lat="39.47345" lon="-105.131065">
        <ele>1710.0</ele>
      </trkpt>
      <trkpt lat="39.472775" lon="-105.132484">
        <ele>1709.0</ele>
      </trkpt>
      <trkpt lat="39.472363" lon="-105.133606">
        <ele>1712.0</ele>
      </trkpt>
      <trkpt lat="39.471863" lon="-105.134453">
        <ele>1715.0</ele>
      </trkpt>
      <trkpt lat="39.471119" lon="-105.135231">
        <ele>1715.0</ele>
      </trkpt>
      <trkpt lat="39.470837" lon="-105.135323">
        <ele>1719.0</ele>
      </trkpt>
      <trkpt lat="39.470448" lon="-105.135277">
        <ele>1721.0</ele>
      </trkpt>
      <trkpt lat="39.469505" lon="-105.134445">
        <ele>1722.0</ele>
      </trkpt>
      <trkpt lat="39.467442" lon="-105.132919">
        <ele>1723.0</ele>
      </trkpt>
      <trkpt lat="39.467213" lon="-105.132965">
        <ele>1723.0</ele>
      </trkpt>
      <trkpt lat="39.46661" lon="-105.133446">
        <ele>1722.0</ele>
      </trkpt>
      <trkpt lat="39.466137" lon="-105.133522">
        <ele>1724.0</ele>
      </trkpt>
      <trkpt lat="39.464024" lon="-105.132858">
        <ele>1726.0</ele>
      </trkpt>
      <trkpt lat="39.46244" lon="-105.133179">
        <ele>1730.0</ele>
      </trkpt>
      <trkpt lat="39.461674" lon="-105.132996">
        <ele>1726.0</ele>
      </trkpt>
      <trkpt lat="39.460674" lon="-105.132256">
        <ele>1728.0</ele>
      </trkpt>
      <trkpt lat="39.460346" lon="-105.131897">
        <ele>1731.0</ele>
      </trkpt>
      <trkpt lat="39.459396" lon="-105.130386">
        <ele>1732.0</ele>
      </trkpt>
      <trkpt lat="39.458027" lon="-105.127014">
        <ele>1732.0</ele>
      </trkpt>
      <trkpt lat="39.457027" lon="-105.125435">
        <ele>1732.0</ele>
      </trkpt>
      <trkpt lat="39.456554" lon="-105.124901">
        <ele>1732.0</ele>
      </trkpt>
      <trkpt lat="39.455162" lon="-105.123817">
        <ele>1732.0</ele>
      </trkpt>
      <trkpt lat="39.454319" lon="-105.12352">
        <ele>1733.0</ele>
      </trkpt>
      <trkpt lat="39.45306" lon="-105.123398">
        <ele>1735.0</ele>
      </trkpt>
      <trkpt lat="39.450882" lon="-105.122604">
        <ele>1738.0</ele>
      </trkpt>
      <trkpt lat="39.450279" lon="-105.122559">
        <ele>1739.0</ele>
      </trkpt>
      <trkpt lat="39.449921" lon="-105.122681">
        <ele>1740.0</ele>
      </trkpt>
      <trkpt lat="39.449368" lon="-105.123131">
        <ele>1741.0</ele>
      </trkpt>
      <trkpt lat="39.449097" lon="-105.123138">
        <ele>1742.0</ele>
      </trkpt>
      <trkpt lat="39.448338" lon="-105.122559">
        <ele>1744.0</ele>
      </trkpt>
      <trkpt lat="39.44796" lon="-105.122604">
        <ele>1743.0</ele>
      </trkpt>
      <trkpt lat="39.447186" lon="-105.123352">
        <ele>1744.0</ele>
      </trkpt>
      <trkpt lat="39.445663" lon="-105.123497">
        <ele>1746.0</ele>
      </trkpt>
      <trkpt lat="39.445068" lon="-105.123703">
        <ele>1748.0</ele>
      </trkpt>
      <trkpt lat="39.444187" lon="-105.124199">
        <ele>1747.0</ele>
      </trkpt>
      <trkpt lat="39.443424" lon="-105.124413">
        <ele>1749.0</ele>
      </trkpt>
      <trkpt lat="39.442772" lon="-105.124329">
        <ele>1750.0</ele>
      </trkpt>
      <trkpt lat="39.442348" lon="-105.124557">
        <ele>1752.0</ele>
      </trkpt>
      <trkpt lat="39.441864" lon="-105.125099">
        <ele>1754.0</ele>
      </trkpt>
      <trkpt lat="39.441265" lon="-105.125443">
        <ele>1755.0</ele>
      </trkpt>
      <trkpt lat="39.439941" lon="-105.125938">
        <ele>1756.0</ele>
      </trkpt>
      <trkpt lat="39.439053" lon="-105.125732">
        <ele>1761.0</ele>
      </trkpt>
      <trkpt lat="39.437634" lon="-105.124916">
        <ele>1762.0</ele>
      </trkpt>
      <trkpt lat="39.436523" lon="-105.12471">
        <ele>1762.0</ele>
      </trkpt>
      <trkpt lat="39.436115" lon="-105.124474">
        <ele>1763.0</ele>
      </trkpt>
      <trkpt lat="39.43494" lon="-105.123283">
        <ele>1768.0</ele>
      </trkpt>
      <trkpt lat="39.433956" lon="-105.121025">
        <ele>1787.0</ele>
      </trkpt>
      <trkpt lat="39.433628" lon="-105.120621">
        <ele>1790.0</ele>
      </trkpt>
      <trkpt lat="39.433002" lon="-105.12072">
        <ele>1795.0</ele>
      </trkpt>
      <trkpt lat="39.432716" lon="-105.120605">
        <ele>1798.0</ele>
      </trkpt>
      <trkpt lat="39.432354" lon="-105.120193">
        <ele>1803.0</ele>
      </trkpt>
      <trkpt lat="39.431583" lon="-105.11982">
        <ele>1809.0</ele>
      </trkpt>
      <trkpt lat="39.4314" lon="-105.119591">
        <ele>1811.0</ele>
      </trkpt>
      <trkpt lat="39.431255" lon="-105.119087">
        <ele>1816.0</ele>
      </trkpt>
      <trkpt lat="39.430882" lon="-105.11879">
        <ele>1817.0</ele>
      </trkpt>
      <trkpt lat="39.430294" lon="-105.118805">
        <ele>1825.0</ele>
      </trkpt>
      <trkpt lat="39.430088" lon="-105.118919">
        <ele>1830.0</ele>
      </trkpt>
      <trkpt lat="39.42981" lon="-105.118896">
        <ele>1831.0</ele>
      </trkpt>
      <trkpt lat="39.429531" lon="-105.119225">
        <ele>1842.0</ele>
      </trkpt>
      <trkpt lat="39.429226" lon="-105.119247">
        <ele>1842.0</ele>
      </trkpt>
      <trkpt lat="39.428986" lon="-105.119507">
        <ele>1849.0</ele>
      </trkpt>
      <trkpt lat="39.428619" lon="-105.119606">
        <ele>1851.0</ele>
      </trkpt>
      <trkpt lat="39.42852" lon="-105.119461">
        <ele>1851.0</ele>
      </trkpt>
      <trkpt lat="39.427944" lon="-105.11924">
        <ele>1855.0</ele>
      </trkpt>
      <trkpt lat="39.427742" lon="-105.119492">
        <ele>1863.0</ele>
      </trkpt>
      <trkpt lat="39.427643" lon="-105.119392">
        <ele>1860.0</ele>
      </trkpt>
      <trkpt lat="39.427452" lon="-105.119476">
        <ele>1865.0</ele>
      </trkpt>
      <trkpt lat="39.427254" lon="-105.119293">
        <ele>1864.0</ele>
      </trkpt>
      <trkpt lat="39.426975" lon="-105.119232">
        <ele>1865.0</ele>
      </trkpt>
      <trkpt lat="39.426517" lon="-105.119362">
        <ele>1866.0</ele>
      </trkpt>
      <trkpt lat="39.426376" lon="-105.119522">
        <ele>1870.0</ele>
      </trkpt>
      <trkpt lat="39.426216" lon="-105.119492">
        <ele>1870.0</ele>
      </trkpt>
      <trkpt lat="39.426094" lon="-105.119179">
        <ele>1867.0</ele>
      </trkpt>
      <trkpt lat="39.425846" lon="-105.118988">
        <ele>1873.0</ele>
      </trkpt>
      <trkpt lat="39.425659" lon="-105.118645">
        <ele>1875.0</ele>
      </trkpt>
      <trkpt lat="39.425655" lon="-105.118027">
        <ele>1881.0</ele>
      </trkpt>
      <trkpt lat="39.425499" lon="-105.118607">
        <ele>1884.0</ele>
      </trkpt>
      <trkpt lat="39.4258" lon="-105.1194">
        <ele>1887.0</ele>
      </trkpt>
      <trkpt lat="39.42535" lon="-105.118752">
        <ele>1898.0</ele>
      </trkpt>
      <trkpt lat="39.425278" lon="-105.118011">
        <ele>1902.0</ele>
      </trkpt>
      <trkpt lat="39.424961" lon="-105.118042">
        <ele>1909.0</ele>
      </trkpt>
      <trkpt lat="39.425034" lon="-105.117737">
        <ele>1908.0</ele>
      </trkpt>
      <trkpt lat="39.424923" lon="-105.117439">
        <ele>1916.0</ele>
      </trkpt>
      <trkpt lat="39.425129" lon="-105.117317">
        <ele>1912.0</ele>
      </trkpt>
      <trkpt lat="39.425148" lon="-105.117188">
        <ele>1914.0</ele>
      </trkpt>
      <trkpt lat="39.424763" lon="-105.117302">
        <ele>1925.0</ele>
      </trkpt>
      <trkpt lat="39.424786" lon="-105.11779">
        <ele>1924.0</ele>
      </trkpt>
      <trkpt lat="39.424671" lon="-105.11805">
        <ele>1926.0</ele>
      </trkpt>
      <trkpt lat="39.424374" lon="-105.118324">
        <ele>1934.0</ele>
      </trkpt>
      <trkpt lat="39.424484" lon="-105.1185">
        <ele>1935.0</ele>
      </trkpt>
      <trkpt lat="39.424713" lon="-105.118477">
        <ele>1932.0</ele>
      </trkpt>
      <trkpt lat="39.424866" lon="-105.118645">
        <ele>1932.0</ele>
      </trkpt>
      <trkpt lat="39.424397" lon="-105.118607">
        <ele>1941.0</ele>
      </trkpt>
      <trkpt lat="39.424137" lon="-105.118263">
        <ele>1947.0</ele>
      </trkpt>
      <trkpt lat="39.424313" lon="-105.11808">
        <ele>1944.0</ele>
      </trkpt>
      <trkpt lat="39.424404" lon="-105.117668">
        <ele>1947.0</ele>
      </trkpt>
      <trkpt lat="39.424278" lon="-105.117325">
        <ele>1956.0</ele>
      </trkpt>
      <trkpt lat="39.424473" lon="-105.11676">
        <ele>1953.0</ele>
      </trkpt>
      <trkpt lat="39.424301" lon="-105.116875">
        <ele>1961.0</ele>
      </trkpt>
      <trkpt lat="39.424183" lon="-105.117218">
        <ele>1962.0</ele>
      </trkpt>
      <trkpt lat="39.424149" lon="-105.117737">
        <ele>1964.0</ele>
      </trkpt>
      <trkpt lat="39.423779" lon="-105.118233">
        <ele>1973.0</ele>
      </trkpt>
      <trkpt lat="39.424042" lon="-105.119194">
        <ele>1982.0</ele>
      </trkpt>
      <trkpt lat="39.424339" lon="-105.119431">
        <ele>1982.0</ele>
      </trkpt>
      <trkpt lat="39.424431" lon="-105.119652">
        <ele>1982.0</ele>
      </trkpt>
      <trkpt lat="39.424217" lon="-105.11998">
        <ele>1990.0</ele>
      </trkpt>
      <trkpt lat="39.424095" lon="-105.12075">
        <ele>1991.0</ele>
      </trkpt>
      <trkpt lat="39.423931" lon="-105.121056">
        <ele>1995.0</ele>
      </trkpt>
      <trkpt lat="39.423805" lon="-105.12101">
        <ele>1995.0</ele>
      </trkpt>
      <trkpt lat="39.423855" lon="-105.120872">
        <ele>1992.0</ele>
      </trkpt>
      <trkpt lat="39.423546" lon="-105.120613">
        <ele>1987.0</ele>
      </trkpt>
      <trkpt lat="39.423119" lon="-105.120483">
        <ele>1982.0</ele>
      </trkpt>
      <trkpt lat="39.422718" lon="-105.120087">
        <ele>1975.0</ele>
      </trkpt>
      <trkpt lat="39.422375" lon="-105.120087">
        <ele>1967.0</ele>
      </trkpt>
      <trkpt lat="39.422142" lon="-105.119781">
        <ele>1968.0</ele>
      </trkpt>
      <trkpt lat="39.421917" lon="-105.119713">
        <ele>1964.0</ele>
      </trkpt>
      <trkpt lat="39.421738" lon="-105.119507">
        <ele>1965.0</ele>
      </trkpt>
      <trkpt lat="39.42168" lon="-105.119698">
        <ele>1964.0</ele>
      </trkpt>
      <trkpt lat="39.421871" lon="-105.120491">
        <ele>1958.0</ele>
      </trkpt>
      <trkpt lat="39.4216" lon="-105.121086">
        <ele>1955.0</ele>
      </trkpt>
      <trkpt lat="39.421093" lon="-105.121391">
        <ele>1951.0</ele>
      </trkpt>
      <trkpt lat="39.420876" lon="-105.121315">
        <ele>1956.0</ele>
      </trkpt>
      <trkpt lat="39.421089" lon="-105.121948">
        <ele>1946.0</ele>
      </trkpt>
      <trkpt lat="39.420597" lon="-105.122452">
        <ele>1940.0</ele>
      </trkpt>
      <trkpt lat="39.420273" lon="-105.122627">
        <ele>1938.0</ele>
      </trkpt>
      <trkpt lat="39.420631" lon="-105.12265">
        <ele>1930.0</ele>
      </trkpt>
      <trkpt lat="39.420731" lon="-105.122505">
        <ele>1934.0</ele>
      </trkpt>
      <trkpt lat="39.420994" lon="-105.122513">
        <ele>1928.0</ele>
      </trkpt>
      <trkpt lat="39.421581" lon="-105.122139">
        <ele>1921.0</ele>
      </trkpt>
      <trkpt lat="39.421581" lon="-105.12204">
        <ele>1922.0</ele>
      </trkpt>
      <trkpt lat="39.421612" lon="-105.122215">
        <ele>1919.0</ele>
      </trkpt>
      <trkpt lat="39.421143" lon="-105.123123">
        <ele>1905.0</ele>
      </trkpt>
      <trkpt lat="39.421135" lon="-105.123306">
        <ele>1901.0</ele>
      </trkpt>
      <trkpt lat="39.420727" lon="-105.124092">
        <ele>1890.0</ele>
      </trkpt>
      <trkpt lat="39.420647" lon="-105.123978">
        <ele>1892.0</ele>
      </trkpt>
      <trkpt lat="39.420479" lon="-105.124115">
        <ele>1887.0</ele>
      </trkpt>
      <trkpt lat="39.420181" lon="-105.124123">
        <ele>1886.0</ele>
      </trkpt>
      <trkpt lat="39.419964" lon="-105.124382">
        <ele>1879.0</ele>
      </trkpt>
      <trkpt lat="39.419712" lon="-105.124252">
        <ele>1881.0</ele>
      </trkpt>
      <trkpt lat="39.419521" lon="-105.124313">
        <ele>1882.0</ele>
      </trkpt>
      <trkpt lat="39.419647" lon="-105.124687">
        <ele>1882.0</ele>
      </trkpt>
      <trkpt lat="39.41922" lon="-105.124908">
        <ele>1884.0</ele>
      </trkpt>
      <trkpt lat="39.41954" lon="-105.125275">
        <ele>1886.0</ele>
      </trkpt>
      <trkpt lat="39.419258" lon="-105.125183">
        <ele>1889.0</ele>
      </trkpt>
      <trkpt lat="39.418144" lon="-105.125282">
        <ele>1895.0</ele>
      </trkpt>
      <trkpt lat="39.418167" lon="-105.124893">
        <ele>1899.0</ele>
      </trkpt>
      <trkpt lat="39.417999" lon="-105.124969">
        <ele>1904.0</ele>
      </trkpt>
      <trkpt lat="39.41785" lon="-105.125328">
        <ele>1903.0</ele>
      </trkpt>
      <trkpt lat="39.417995" lon="-105.124802">
        <ele>1910.0</ele>
      </trkpt>
      <trkpt lat="39.418301" lon="-105.124458">
        <ele>1915.0</ele>
      </trkpt>
      <trkpt lat="39.417976" lon="-105.124496">
        <ele>1925.0</ele>
      </trkpt>
      <trkpt lat="39.4175" lon="-105.124847">
        <ele>1935.0</ele>
      </trkpt>
      <trkpt lat="39.417221" lon="-105.124825">
        <ele>1947.0</ele>
      </trkpt>
      <trkpt lat="39.417084" lon="-105.125206">
        <ele>1945.0</ele>
      </trkpt>
      <trkpt lat="39.416847" lon="-105.125252">
        <ele>1957.0</ele>
      </trkpt>
      <trkpt lat="39.416313" lon="-105.125748">
        <ele>1972.0</ele>
      </trkpt>
      <trkpt lat="39.416462" lon="-105.126045">
        <ele>1970.0</ele>
      </trkpt>
      <trkpt lat="39.416313" lon="-105.126137">
        <ele>1976.0</ele>
      </trkpt>
      <trkpt lat="39.416359" lon="-105.12603">
        <ele>1973.0</ele>
      </trkpt>
      <trkpt lat="39.416111" lon="-105.125778">
        <ele>1983.0</ele>
      </trkpt>
      <trkpt lat="39.416199" lon="-105.125404">
        <ele>1986.0</ele>
      </trkpt>
      <trkpt lat="39.415985" lon="-105.12574">
        <ele>1991.0</ele>
      </trkpt>
      <trkpt lat="39.416039" lon="-105.125931">
        <ele>1986.0</ele>
      </trkpt>
      <trkpt lat="39.41571" lon="-105.126175">
        <ele>1995.0</ele>
      </trkpt>
      <trkpt lat="39.415871" lon="-105.125946">
        <ele>1994.0</ele>
      </trkpt>
      <trkpt lat="39.415836" lon="-105.125679">
        <ele>2002.0</ele>
      </trkpt>
      <trkpt lat="39.415977" lon="-105.125137">
        <ele>2007.0</ele>
      </trkpt>
      <trkpt lat="39.415642" lon="-105.125702">
        <ele>2011.0</ele>
      </trkpt>
      <trkpt lat="39.415146" lon="-105.126137">
        <ele>2014.0</ele>
      </trkpt>
      <trkpt lat="39.414295" lon="-105.125526">
        <ele>2018.0</ele>
      </trkpt>
      <trkpt lat="39.413651" lon="-105.125542">
        <ele>2018.0</ele>
      </trkpt>
      <trkpt lat="39.413105" lon="-105.125717">
        <ele>2017.0</ele>
      </trkpt>
      <trkpt lat="39.412735" lon="-105.126144">
        <ele>2017.0</ele>
      </trkpt>
      <trkpt lat="39.412216" lon="-105.126465">
        <ele>2023.0</ele>
      </trkpt>
      <trkpt lat="39.411987" lon="-105.126427">
        <ele>2025.0</ele>
      </trkpt>
      <trkpt lat="39.411777" lon="-105.126541">
        <ele>2027.0</ele>
      </trkpt>
      <trkpt lat="39.411556" lon="-105.127342">
        <ele>2035.0</ele>
      </trkpt>
      <trkpt lat="39.411541" lon="-105.127808">
        <ele>2041.0</ele>
      </trkpt>
      <trkpt lat="39.411224" lon="-105.128166">
        <ele>2044.0</ele>
      </trkpt>
      <trkpt lat="39.411015" lon="-105.128639">
        <ele>2049.0</ele>
      </trkpt>
      <trkpt lat="39.411213" lon="-105.129341">
        <ele>2055.0</ele>
      </trkpt>
      <trkpt lat="39.411102" lon="-105.129738">
        <ele>2056.0</ele>
      </trkpt>
      <trkpt lat="39.410709" lon="-105.130119">
        <ele>2068.0</ele>
      </trkpt>
      <trkpt lat="39.410561" lon="-105.130432">
        <ele>2070.0</ele>
      </trkpt>
      <trkpt lat="39.410133" lon="-105.130745">
        <ele>2077.0</ele>
      </trkpt>
      <trkpt lat="39.409702" lon="-105.130836">
        <ele>2081.0</ele>
      </trkpt>
      <trkpt lat="39.409164" lon="-105.130402">
        <ele>2090.0</ele>
      </trkpt>
      <trkpt lat="39.408672" lon="-105.130356">
        <ele>2096.0</ele>
      </trkpt>
      <trkpt lat="39.408337" lon="-105.129646">
        <ele>2103.0</ele>
      </trkpt>
      <trkpt lat="39.407593" lon="-105.12989">
        <ele>2111.0</ele>
      </trkpt>
      <trkpt lat="39.407505" lon="-105.130264">
        <ele>2112.0</ele>
      </trkpt>
      <trkpt lat="39.408062" lon="-105.130257">
        <ele>2117.0</ele>
      </trkpt>
      <trkpt lat="39.40844" lon="-105.130898">
        <ele>2122.0</ele>
      </trkpt>
      <trkpt lat="39.408237" lon="-105.13163">
        <ele>2131.0</ele>
      </trkpt>
      <trkpt lat="39.408321" lon="-105.131912">
        <ele>2133.0</ele>
      </trkpt>
      <trkpt lat="39.408512" lon="-105.131897">
        <ele>2132.0</ele>
      </trkpt>
      <trkpt lat="39.408649" lon="-105.13208">
        <ele>2135.0</ele>
      </trkpt>
      <trkpt lat="39.408722" lon="-105.131836">
        <ele>2131.0</ele>
      </trkpt>
      <trkpt lat="39.408905" lon="-105.132126">
        <ele>2139.0</ele>
      </trkpt>
      <trkpt lat="39.408928" lon="-105.132401">
        <ele>2145.0</ele>
      </trkpt>
      <trkpt lat="39.40921" lon="-105.132668">
        <ele>2150.0</ele>
      </trkpt>
      <trkpt lat="39.409382" lon="-105.13253">
        <ele>2149.0</ele>
      </trkpt>
      <trkpt lat="39.409424" lon="-105.133232">
        <ele>2159.0</ele>
      </trkpt>
      <trkpt lat="39.40913" lon="-105.132858">
        <ele>2156.0</ele>
      </trkpt>
      <trkpt lat="39.40852" lon="-105.133064">
        <ele>2166.0</ele>
      </trkpt>
      <trkpt lat="39.408989" lon="-105.133209">
        <ele>2169.0</ele>
      </trkpt>
      <trkpt lat="39.409336" lon="-105.133797">
        <ele>2178.0</ele>
      </trkpt>
      <trkpt lat="39.409489" lon="-105.133896">
        <ele>2179.0</ele>
      </trkpt>
      <trkpt lat="39.410027" lon="-105.133781">
        <ele>2183.0</ele>
      </trkpt>
      <trkpt lat="39.4104" lon="-105.133904">
        <ele>2185.0</ele>
      </trkpt>
      <trkpt lat="39.410763" lon="-105.134201">
        <ele>2192.0</ele>
      </trkpt>
      <trkpt lat="39.411228" lon="-105.134171">
        <ele>2193.0</ele>
      </trkpt>
      <trkpt lat="39.411137" lon="-105.13485">
        <ele>2197.0</ele>
      </trkpt>
      <trkpt lat="39.411179" lon="-105.135216">
        <ele>2197.0</ele>
      </trkpt>
      <trkpt lat="39.411568" lon="-105.135872">
        <ele>2193.0</ele>
      </trkpt>
      <trkpt lat="39.411629" lon="-105.136177">
        <ele>2196.0</ele>
      </trkpt>
      <trkpt lat="39.411472" lon="-105.136337">
        <ele>2199.0</ele>
      </trkpt>
      <trkpt lat="39.411526" lon="-105.136787">
        <ele>2194.0</ele>
      </trkpt>
      <trkpt lat="39.411392" lon="-105.137123">
        <ele>2199.0</ele>
      </trkpt>
      <trkpt lat="39.41164" lon="-105.13765">
        <ele>2195.0</ele>
      </trkpt>
      <trkpt lat="39.412117" lon="-105.138023">
        <ele>2189.0</ele>
      </trkpt>
      <trkpt lat="39.412838" lon="-105.139076">
        <ele>2193.0</ele>
      </trkpt>
      <trkpt lat="39.412643" lon="-105.13945">
        <ele>2195.0</ele>
      </trkpt>
      <trkpt lat="39.412342" lon="-105.139748">
        <ele>2198.0</ele>
      </trkpt>
      <trkpt lat="39.412758" lon="-105.140274">
        <ele>2199.0</ele>
      </trkpt>
      <trkpt lat="39.412708" lon="-105.140785">
        <ele>2202.0</ele>
      </trkpt>
      <trkpt lat="39.412235" lon="-105.14093">
        <ele>2207.0</ele>
      </trkpt>
      <trkpt lat="39.412006" lon="-105.140831">
        <ele>2208.0</ele>
      </trkpt>
      <trkpt lat="39.41169" lon="-105.140404">
        <ele>2213.0</ele>
      </trkpt>
      <trkpt lat="39.411263" lon="-105.140373">
        <ele>2213.0</ele>
      </trkpt>
      <trkpt lat="39.410851" lon="-105.140564">
        <ele>2208.0</ele>
      </trkpt>
      <trkpt lat="39.41013" lon="-105.14035">
        <ele>2209.0</ele>
      </trkpt>
      <trkpt lat="39.409981" lon="-105.140625">
        <ele>2202.0</ele>
      </trkpt>
      <trkpt lat="39.409401" lon="-105.140953">
        <ele>2201.0</ele>
      </trkpt>
      <trkpt lat="39.409073" lon="-105.140953">
        <ele>2208.0</ele>
      </trkpt>
      <trkpt lat="39.409225" lon="-105.141388">
        <ele>2207.0</ele>
      </trkpt>
      <trkpt lat="39.409184" lon="-105.141602">
        <ele>2212.0</ele>
      </trkpt>
      <trkpt lat="39.409733" lon="-105.142189">
        <ele>2216.0</ele>
      </trkpt>
      <trkpt lat="39.409843" lon="-105.142647">
        <ele>2220.0</ele>
      </trkpt>
      <trkpt lat="39.409721" lon="-105.143303">
        <ele>2227.0</ele>
      </trkpt>
      <trkpt lat="39.410038" lon="-105.143532">
        <ele>2226.0</ele>
      </trkpt>
      <trkpt lat="39.410057" lon="-105.143845">
        <ele>2234.0</ele>
      </trkpt>
      <trkpt lat="39.410278" lon="-105.144287">
        <ele>2237.0</ele>
      </trkpt>
      <trkpt lat="39.410759" lon="-105.144722">
        <ele>2240.0</ele>
      </trkpt>
      <trkpt lat="39.410503" lon="-105.144966">
        <ele>2242.0</ele>
      </trkpt>
      <trkpt lat="39.410408" lon="-105.145546">
        <ele>2241.0</ele>
      </trkpt>
      <trkpt lat="39.410442" lon="-105.146103">
        <ele>2241.0</ele>
      </trkpt>
      <trkpt lat="39.410351" lon="-105.1464">
        <ele>2241.0</ele>
      </trkpt>
      <trkpt lat="39.410454" lon="-105.14698">
        <ele>2239.0</ele>
      </trkpt>
      <trkpt lat="39.410038" lon="-105.147644">
        <ele>2238.0</ele>
      </trkpt>
      <trkpt lat="39.409813" lon="-105.147827">
        <ele>2238.0</ele>
      </trkpt>
      <trkpt lat="39.409222" lon="-105.147934">
        <ele>2238.0</ele>
      </trkpt>
      <trkpt lat="39.408276" lon="-105.147469">
        <ele>2241.0</ele>
      </trkpt>
      <trkpt lat="39.407993" lon="-105.147499">
        <ele>2245.0</ele>
      </trkpt>
      <trkpt lat="39.408173" lon="-105.148941">
        <ele>2248.0</ele>
      </trkpt>
      <trkpt lat="39.408005" lon="-105.149437">
        <ele>2251.0</ele>
      </trkpt>
      <trkpt lat="39.407799" lon="-105.149605">
        <ele>2249.0</ele>
      </trkpt>
      <trkpt lat="39.407139" lon="-105.149727">
        <ele>2248.0</ele>
      </trkpt>
      <trkpt lat="39.406818" lon="-105.149651">
        <ele>2255.0</ele>
      </trkpt>
      <trkpt lat="39.406456" lon="-105.14991">
        <ele>2257.0</ele>
      </trkpt>
      <trkpt lat="39.406368" lon="-105.150528">
        <ele>2257.0</ele>
      </trkpt>
      <trkpt lat="39.4062" lon="-105.150711">
        <ele>2262.0</ele>
      </trkpt>
      <trkpt lat="39.406197" lon="-105.15097">
        <ele>2262.0</ele>
      </trkpt>
      <trkpt lat="39.406475" lon="-105.151665">
        <ele>2265.0</ele>
      </trkpt>
      <trkpt lat="39.406612" lon="-105.152443">
        <ele>2270.0</ele>
      </trkpt>
      <trkpt lat="39.406792" lon="-105.152832">
        <ele>2272.0</ele>
      </trkpt>
      <trkpt lat="39.406761" lon="-105.152954">
        <ele>2273.0</ele>
      </trkpt>
      <trkpt lat="39.406399" lon="-105.153198">
        <ele>2277.0</ele>
      </trkpt>
      <trkpt lat="39.405945" lon="-105.153259">
        <ele>2280.0</ele>
      </trkpt>
      <trkpt lat="39.405724" lon="-105.152687">
        <ele>2284.0</ele>
      </trkpt>
      <trkpt lat="39.405144" lon="-105.152237">
        <ele>2282.0</ele>
      </trkpt>
      <trkpt lat="39.404881" lon="-105.151878">
        <ele>2286.0</ele>
      </trkpt>
      <trkpt lat="39.403641" lon="-105.151108">
        <ele>2279.0</ele>
      </trkpt>
      <trkpt lat="39.403435" lon="-105.151222">
        <ele>2277.0</ele>
      </trkpt>
      <trkpt lat="39.403252" lon="-105.151733">
        <ele>2265.0</ele>
      </trkpt>
      <trkpt lat="39.402943" lon="-105.151886">
        <ele>2264.0</ele>
      </trkpt>
      <trkpt lat="39.402451" lon="-105.151642">
        <ele>2258.0</ele>
      </trkpt>
      <trkpt lat="39.402298" lon="-105.151314">
        <ele>2257.0</ele>
      </trkpt>
      <trkpt lat="39.402264" lon="-105.15062">
        <ele>2263.0</ele>
      </trkpt>
      <trkpt lat="39.401352" lon="-105.150993">
        <ele>2252.0</ele>
      </trkpt>
      <trkpt lat="39.400478" lon="-105.150948">
        <ele>2244.0</ele>
      </trkpt>
      <trkpt lat="39.400146" lon="-105.150749">
        <ele>2247.0</ele>
      </trkpt>
      <trkpt lat="39.400089" lon="-105.150833">
        <ele>2248.0</ele>
      </trkpt>
      <trkpt lat="39.400429" lon="-105.151505">
        <ele>2239.0</ele>
      </trkpt>
      <trkpt lat="39.400425" lon="-105.151672">
        <ele>2240.0</ele>
      </trkpt>
      <trkpt lat="39.4007" lon="-105.151665">
        <ele>2233.0</ele>
      </trkpt>
      <trkpt lat="39.401337" lon="-105.152435">
        <ele>2234.0</ele>
      </trkpt>
      <trkpt lat="39.401749" lon="-105.153572">
        <ele>2234.0</ele>
      </trkpt>
      <trkpt lat="39.401814" lon="-105.154083">
        <ele>2235.0</ele>
      </trkpt>
      <trkpt lat="39.402554" lon="-105.154663">
        <ele>2228.0</ele>
      </trkpt>
      <trkpt lat="39.402939" lon="-105.154808">
        <ele>2224.0</ele>
      </trkpt>
      <trkpt lat="39.403152" lon="-105.155121">
        <ele>2222.0</ele>
      </trkpt>
      <trkpt lat="39.403053" lon="-105.155487">
        <ele>2226.0</ele>
      </trkpt>
      <trkpt lat="39.403229" lon="-105.156013">
        <ele>2223.0</ele>
      </trkpt>
      <trkpt lat="39.403538" lon="-105.156349">
        <ele>2216.0</ele>
      </trkpt>
      <trkpt lat="39.403732" lon="-105.157028">
        <ele>2212.0</ele>
      </trkpt>
      <trkpt lat="39.404022" lon="-105.157509">
        <ele>2210.0</ele>
      </trkpt>
      <trkpt lat="39.404274" lon="-105.157677">
        <ele>2212.0</ele>
      </trkpt>
      <trkpt lat="39.40435" lon="-105.157883">
        <ele>2215.0</ele>
      </trkpt>
      <trkpt lat="39.404713" lon="-105.158073">
        <ele>2218.0</ele>
      </trkpt>
      <trkpt lat="39.405643" lon="-105.158989">
        <ele>2207.0</ele>
      </trkpt>
      <trkpt lat="39.405777" lon="-105.159325">
        <ele>2203.0</ele>
      </trkpt>
      <trkpt lat="39.406349" lon="-105.159767">
        <ele>2197.0</ele>
      </trkpt>
      <trkpt lat="39.40604" lon="-105.159203">
        <ele>2196.0</ele>
      </trkpt>
      <trkpt lat="39.405838" lon="-105.158363">
        <ele>2188.0</ele>
      </trkpt>
      <trkpt lat="39.406883" lon="-105.159439">
        <ele>2174.0</ele>
      </trkpt>
      <trkpt lat="39.406322" lon="-105.158279">
        <ele>2162.0</ele>
      </trkpt>
      <trkpt lat="39.406204" lon="-105.157806">
        <ele>2156.0</ele>
      </trkpt>
      <trkpt lat="39.406868" lon="-105.158699">
        <ele>2150.0</ele>
      </trkpt>
      <trkpt lat="39.407276" lon="-105.158997">
        <ele>2146.0</ele>
      </trkpt>
      <trkpt lat="39.40799" lon="-105.159302">
        <ele>2138.0</ele>
      </trkpt>
      <trkpt lat="39.408154" lon="-105.159691">
        <ele>2134.0</ele>
      </trkpt>
      <trkpt lat="39.408142" lon="-105.159309">
        <ele>2132.0</ele>
      </trkpt>
      <trkpt lat="39.407742" lon="-105.158882">
        <ele>2127.0</ele>
      </trkpt>
      <trkpt lat="39.408249" lon="-105.159164">
        <ele>2122.0</ele>
      </trkpt>
      <trkpt lat="39.408676" lon="-105.159798">
        <ele>2113.0</ele>
      </trkpt>
      <trkpt lat="39.408546" lon="-105.159317">
        <ele>2109.0</ele>
      </trkpt>
      <trkpt lat="39.409008" lon="-105.159805">
        <ele>2101.0</ele>
      </trkpt>
      <trkpt lat="39.408821" lon="-105.159996">
        <ele>2102.0</ele>
      </trkpt>
      <trkpt lat="39.409191" lon="-105.159813">
        <ele>2093.0</ele>
      </trkpt>
      <trkpt lat="39.40897" lon="-105.160103">
        <ele>2092.0</ele>
      </trkpt>
      <trkpt lat="39.407864" lon="-105.160728">
        <ele>2091.0</ele>
      </trkpt>
      <trkpt lat="39.407326" lon="-105.161812">
        <ele>2086.0</ele>
      </trkpt>
      <trkpt lat="39.407078" lon="-105.16201">
        <ele>2090.0</ele>
      </trkpt>
      <trkpt lat="39.40696" lon="-105.162262">
        <ele>2086.0</ele>
      </trkpt>
      <trkpt lat="39.406433" lon="-105.162239">
        <ele>2078.0</ele>
      </trkpt>
      <trkpt lat="39.406796" lon="-105.162537">
        <ele>2075.0</ele>
      </trkpt>
      <trkpt lat="39.406342" lon="-105.162422">
        <ele>2068.0</ele>
      </trkpt>
      <trkpt lat="39.406178" lon="-105.162231">
        <ele>2067.0</ele>
      </trkpt>
      <trkpt lat="39.406631" lon="-105.163063">
        <ele>2058.0</ele>
      </trkpt>
      <trkpt lat="39.406605" lon="-105.163574">
        <ele>2049.0</ele>
      </trkpt>
      <trkpt lat="39.406422" lon="-105.163078">
        <ele>2050.0</ele>
      </trkpt>
      <trkpt lat="39.406078" lon="-105.162804">
        <ele>2045.0</ele>
      </trkpt>
      <trkpt lat="39.405926" lon="-105.16246">
        <ele>2046.0</ele>
      </trkpt>
      <trkpt lat="39.405624" lon="-105.162201">
        <ele>2045.0</ele>
      </trkpt>
      <trkpt lat="39.405167" lon="-105.162148">
        <ele>2041.0</ele>
      </trkpt>
      <trkpt lat="39.404987" lon="-105.162407">
        <ele>2033.0</ele>
      </trkpt>
      <trkpt lat="39.404388" lon="-105.162704">
        <ele>2026.0</ele>
      </trkpt>
      <trkpt lat="39.404694" lon="-105.162605">
        <ele>2027.0</ele>
      </trkpt>
      <trkpt lat="39.405041" lon="-105.162651">
        <ele>2024.0</ele>
      </trkpt>
      <trkpt lat="39.404034" lon="-105.162941">
        <ele>2010.0</ele>
      </trkpt>
      <trkpt lat="39.404293" lon="-105.163101">
        <ele>2007.0</ele>
      </trkpt>
      <trkpt lat="39.404648" lon="-105.163094">
        <ele>2007.0</ele>
      </trkpt>
      <trkpt lat="39.404972" lon="-105.163322">
        <ele>2001.0</ele>
      </trkpt>
      <trkpt lat="39.404636" lon="-105.163246">
        <ele>2000.0</ele>
      </trkpt>
      <trkpt lat="39.404182" lon="-105.163383">
        <ele>1994.0</ele>
      </trkpt>
      <trkpt lat="39.403908" lon="-105.163322">
        <ele>1990.0</ele>
      </trkpt>
      <trkpt lat="39.404156" lon="-105.163551">
        <ele>1987.0</ele>
      </trkpt>
      <trkpt lat="39.404613" lon="-105.163582">
        <ele>1987.0</ele>
      </trkpt>
      <trkpt lat="39.404797" lon="-105.164047">
        <ele>1976.0</ele>
      </trkpt>
      <trkpt lat="39.404495" lon="-105.163773">
        <ele>1979.0</ele>
      </trkpt>
      <trkpt lat="39.404171" lon="-105.163918">
        <ele>1972.0</ele>
      </trkpt>
      <trkpt lat="39.404446" lon="-105.164009">
        <ele>1970.0</ele>
      </trkpt>
      <trkpt lat="39.404568" lon="-105.16433">
        <ele>1966.0</ele>
      </trkpt>
      <trkpt lat="39.404701" lon="-105.164413">
        <ele>1964.0</ele>
      </trkpt>
      <trkpt lat="39.40451" lon="-105.164474">
        <ele>1961.0</ele>
      </trkpt>
      <trkpt lat="39.404419" lon="-105.164261">
        <ele>1965.0</ele>
      </trkpt>
      <trkpt lat="39.404163" lon="-105.164116">
        <ele>1962.0</ele>
      </trkpt>
      <trkpt lat="39.403816" lon="-105.164154">
        <ele>1956.0</ele>
      </trkpt>
      <trkpt lat="39.40361" lon="-105.163933">
        <ele>1956.0</ele>
      </trkpt>
      <trkpt lat="39.403011" lon="-105.163788">
        <ele>1950.0</ele>
      </trkpt>
      <trkpt lat="39.402771" lon="-105.164093">
        <ele>1943.0</ele>
      </trkpt>
      <trkpt lat="39.402615" lon="-105.164581">
        <ele>1939.0</ele>
      </trkpt>
      <trkpt lat="39.402359" lon="-105.164253">
        <ele>1936.0</ele>
      </trkpt>
      <trkpt lat="39.402485" lon="-105.164009">
        <ele>1939.0</ele>
      </trkpt>
      <trkpt lat="39.402374" lon="-105.16362">
        <ele>1933.0</ele>
      </trkpt>
      <trkpt lat="39.402302" lon="-105.163872">
        <ele>1931.0</ele>
      </trkpt>
      <trkpt lat="39.402061" lon="-105.164139">
        <ele>1925.0</ele>
      </trkpt>
      <trkpt lat="39.401878" lon="-105.165482">
        <ele>1912.0</ele>
      </trkpt>
      <trkpt lat="39.401928" lon="-105.165779">
        <ele>1910.0</ele>
      </trkpt>
      <trkpt lat="39.402111" lon="-105.165985">
        <ele>1906.0</ele>
      </trkpt>
      <trkpt lat="39.402241" lon="-105.165901">
        <ele>1909.0</ele>
      </trkpt>
      <trkpt lat="39.402382" lon="-105.166168">
        <ele>1903.0</ele>
      </trkpt>
      <trkpt lat="39.402321" lon="-105.166222">
        <ele>1901.0</ele>
      </trkpt>
      <trkpt lat="39.402218" lon="-105.166092">
        <ele>1904.0</ele>
      </trkpt>
      <trkpt lat="39.402016" lon="-105.166176">
        <ele>1903.0</ele>
      </trkpt>
      <trkpt lat="39.401939" lon="-105.166412">
        <ele>1898.0</ele>
      </trkpt>
      <trkpt lat="39.401203" lon="-105.167015">
        <ele>1887.0</ele>
      </trkpt>
      <trkpt lat="39.401245" lon="-105.16732">
        <ele>1882.0</ele>
      </trkpt>
      <trkpt lat="39.401054" lon="-105.167381">
        <ele>1881.0</ele>
      </trkpt>
      <trkpt lat="39.400944" lon="-105.167274">
        <ele>1881.0</ele>
      </trkpt>
      <trkpt lat="39.400745" lon="-105.167496">
        <ele>1874.0</ele>
      </trkpt>
      <trkpt lat="39.400772" lon="-105.166855">
        <ele>1879.0</ele>
      </trkpt>
      <trkpt lat="39.400562" lon="-105.167084">
        <ele>1873.0</ele>
      </trkpt>
      <trkpt lat="39.400501" lon="-105.166924">
        <ele>1877.0</ele>
      </trkpt>
      <trkpt lat="39.400356" lon="-105.167068">
        <ele>1871.0</ele>
      </trkpt>
      <trkpt lat="39.400433" lon="-105.167305">
        <ele>1866.0</ele>
      </trkpt>
      <trkpt lat="39.400558" lon="-105.167366">
        <ele>1868.0</ele>
      </trkpt>
      <trkpt lat="39.400459" lon="-105.167976">
        <ele>1869.0</ele>
      </trkpt>
      <trkpt lat="39.400131" lon="-105.168327">
        <ele>1869.9</ele>
      </trkpt>
      <trkpt lat="39.399654" lon="-105.167633">
        <ele>1871.4</ele>
      </trkpt>
      <trkpt lat="39.399403" lon="-105.16748">
        <ele>1872.0</ele>
      </trkpt>
      <trkpt lat="39.39901" lon="-105.167664">
        <ele>1875.0</ele>
      </trkpt>
      <trkpt lat="39.398289" lon="-105.167633">
        <ele>1877.0</ele>
      </trkpt>
      <trkpt lat="39.398155" lon="-105.167732">
        <ele>1880.0</ele>
      </trkpt>
      <trkpt lat="39.398636" lon="-105.167885">
        <ele>1887.0</ele>
      </trkpt>
      <trkpt lat="39.398724" lon="-105.168053">
        <ele>1894.0</ele>
      </trkpt>
      <trkpt lat="39.39838" lon="-105.167969">
        <ele>1893.0</ele>
      </trkpt>
      <trkpt lat="39.39822" lon="-105.168068">
        <ele>1894.0</ele>
      </trkpt>
      <trkpt lat="39.398502" lon="-105.168098">
        <ele>1897.0</ele>
      </trkpt>
      <trkpt lat="39.398735" lon="-105.168388">
        <ele>1904.0</ele>
      </trkpt>
      <trkpt lat="39.398426" lon="-105.168289">
        <ele>1902.0</ele>
      </trkpt>
      <trkpt lat="39.398823" lon="-105.168678">
        <ele>1913.0</ele>
      </trkpt>
      <trkpt lat="39.399204" lon="-105.168594">
        <ele>1916.0</ele>
      </trkpt>
      <trkpt lat="39.398968" lon="-105.168915">
        <ele>1922.0</ele>
      </trkpt>
      <trkpt lat="39.398483" lon="-105.168907">
        <ele>1924.0</ele>
      </trkpt>
      <trkpt lat="39.398129" lon="-105.169708">
        <ele>1941.0</ele>
      </trkpt>
      <trkpt lat="39.397892" lon="-105.169838">
        <ele>1940.0</ele>
      </trkpt>
      <trkpt lat="39.397907" lon="-105.170486">
        <ele>1949.0</ele>
      </trkpt>
      <trkpt lat="39.397778" lon="-105.170464">
        <ele>1947.0</ele>
      </trkpt>
      <trkpt lat="39.397743" lon="-105.170326">
        <ele>1946.0</ele>
      </trkpt>
      <trkpt lat="39.3974" lon="-105.170052">
        <ele>1956.0</ele>
      </trkpt>
      <trkpt lat="39.397163" lon="-105.169449">
        <ele>1959.0</ele>
      </trkpt>
      <trkpt lat="39.397003" lon="-105.169434">
        <ele>1965.0</ele>
      </trkpt>
      <trkpt lat="39.397099" lon="-105.169518">
        <ele>1964.0</ele>
      </trkpt>
      <trkpt lat="39.397125" lon="-105.169907">
        <ele>1969.0</ele>
      </trkpt>
      <trkpt lat="39.396973" lon="-105.169655">
        <ele>1973.0</ele>
      </trkpt>
      <trkpt lat="39.396751" lon="-105.169632">
        <ele>1973.0</ele>
      </trkpt>
      <trkpt lat="39.396675" lon="-105.170052">
        <ele>1981.0</ele>
      </trkpt>
      <trkpt lat="39.396133" lon="-105.170319">
        <ele>1980.0</ele>
      </trkpt>
      <trkpt lat="39.395992" lon="-105.170563">
        <ele>1987.0</ele>
      </trkpt>
      <trkpt lat="39.395729" lon="-105.170425">
        <ele>1985.0</ele>
      </trkpt>
      <trkpt lat="39.395481" lon="-105.170074">
        <ele>1982.0</ele>
      </trkpt>
      <trkpt lat="39.395603" lon="-105.170624">
        <ele>1988.0</ele>
      </trkpt>
      <trkpt lat="39.395908" lon="-105.170967">
        <ele>1992.0</ele>
      </trkpt>
      <trkpt lat="39.395931" lon="-105.171341">
        <ele>1995.0</ele>
      </trkpt>
      <trkpt lat="39.396122" lon="-105.171394">
        <ele>2000.0</ele>
      </trkpt>
      <trkpt lat="39.396275" lon="-105.171707">
        <ele>2002.0</ele>
      </trkpt>
      <trkpt lat="39.396397" lon="-105.171692">
        <ele>2004.0</ele>
      </trkpt>
      <trkpt lat="39.396538" lon="-105.17189">
        <ele>2007.0</ele>
      </trkpt>
      <trkpt lat="39.396217" lon="-105.172401">
        <ele>2005.0</ele>
      </trkpt>
      <trkpt lat="39.39653" lon="-105.172775">
        <ele>2010.0</ele>
      </trkpt>
      <trkpt lat="39.39632" lon="-105.173447">
        <ele>2005.0</ele>
      </trkpt>
      <trkpt lat="39.396435" lon="-105.174019">
        <ele>2008.0</ele>
      </trkpt>
      <trkpt lat="39.396225" lon="-105.174278">
        <ele>2005.0</ele>
      </trkpt>
      <trkpt lat="39.395939" lon="-105.175362">
        <ele>2012.0</ele>
      </trkpt>
      <trkpt lat="39.396282" lon="-105.17627">
        <ele>2020.0</ele>
      </trkpt>
      <trkpt lat="39.396542" lon="-105.176422">
        <ele>2023.0</ele>
      </trkpt>
      <trkpt lat="39.396862" lon="-105.176407">
        <ele>2031.0</ele>
      </trkpt>
      <trkpt lat="39.39706" lon="-105.176918">
        <ele>2029.0</ele>
      </trkpt>
      <trkpt lat="39.397629" lon="-105.177414">
        <ele>2034.0</ele>
      </trkpt>
      <trkpt lat="39.397961" lon="-105.17749">
        <ele>2037.0</ele>
      </trkpt>
      <trkpt lat="39.398174" lon="-105.177399">
        <ele>2043.0</ele>
      </trkpt>
      <trkpt lat="39.398312" lon="-105.177513">
        <ele>2042.0</ele>
      </trkpt>
      <trkpt lat="39.398499" lon="-105.178139">
        <ele>2040.0</ele>
      </trkpt>
      <trkpt lat="39.39843" lon="-105.17836">
        <ele>2045.0</ele>
      </trkpt>
      <trkpt lat="39.398262" lon="-105.178482">
        <ele>2047.0</ele>
      </trkpt>
      <trkpt lat="39.398396" lon="-105.178703">
        <ele>2049.0</ele>
      </trkpt>
      <trkpt lat="39.39806" lon="-105.179153">
        <ele>2059.0</ele>
      </trkpt>
      <trkpt lat="39.398117" lon="-105.179268">
        <ele>2059.0</ele>
      </trkpt>
      <trkpt lat="39.397724" lon="-105.180847">
        <ele>2069.0</ele>
      </trkpt>
      <trkpt lat="39.397911" lon="-105.181572">
        <ele>2061.0</ele>
      </trkpt>
      <trkpt lat="39.398243" lon="-105.181831">
        <ele>2062.0</ele>
      </trkpt>
      <trkpt lat="39.398357" lon="-105.182198">
        <ele>2059.0</ele>
      </trkpt>
      <trkpt lat="39.398552" lon="-105.182343">
        <ele>2055.0</ele>
      </trkpt>
      <trkpt lat="39.398663" lon="-105.182777">
        <ele>2053.0</ele>
      </trkpt>
      <trkpt lat="39.399025" lon="-105.183044">
        <ele>2055.0</ele>
      </trkpt>
      <trkpt lat="39.399265" lon="-105.183441">
        <ele>2053.0</ele>
      </trkpt>
      <trkpt lat="39.399509" lon="-105.184532">
        <ele>2054.0</ele>
      </trkpt>
      <trkpt lat="39.399479" lon="-105.184746">
        <ele>2057.0</ele>
      </trkpt>
      <trkpt lat="39.400211" lon="-105.185432">
        <ele>2051.0</ele>
      </trkpt>
      <trkpt lat="39.4002" lon="-105.185806">
        <ele>2052.0</ele>
      </trkpt>
      <trkpt lat="39.399921" lon="-105.185921">
        <ele>2060.0</ele>
      </trkpt>
      <trkpt lat="39.39975" lon="-105.186188">
        <ele>2064.0</ele>
      </trkpt>
      <trkpt lat="39.400097" lon="-105.186569">
        <ele>2066.0</ele>
      </trkpt>
      <trkpt lat="39.399982" lon="-105.186798">
        <ele>2072.0</ele>
      </trkpt>
      <trkpt lat="39.400379" lon="-105.187393">
        <ele>2080.0</ele>
      </trkpt>
      <trkpt lat="39.400497" lon="-105.187752">
        <ele>2077.0</ele>
      </trkpt>
      <trkpt lat="39.400528" lon="-105.18856">
        <ele>2068.0</ele>
      </trkpt>
      <trkpt lat="39.400459" lon="-105.188782">
        <ele>2071.0</ele>
      </trkpt>
      <trkpt lat="39.400253" lon="-105.188972">
        <ele>2082.0</ele>
      </trkpt>
      <trkpt lat="39.400364" lon="-105.189171">
        <ele>2081.0</ele>
      </trkpt>
      <trkpt lat="39.40023" lon="-105.189789">
        <ele>2092.0</ele>
      </trkpt>
      <trkpt lat="39.400532" lon="-105.190292">
        <ele>2086.0</ele>
      </trkpt>
      <trkpt lat="39.40052" lon="-105.190483">
        <ele>2092.0</ele>
      </trkpt>
      <trkpt lat="39.400841" lon="-105.191002">
        <ele>2097.0</ele>
      </trkpt>
      <trkpt lat="39.400684" lon="-105.191513">
        <ele>2108.0</ele>
      </trkpt>
      <trkpt lat="39.400818" lon="-105.191528">
        <ele>2103.0</ele>
      </trkpt>
      <trkpt lat="39.400745" lon="-105.192101">
        <ele>2109.0</ele>
      </trkpt>
      <trkpt lat="39.400959" lon="-105.192116">
        <ele>2104.0</ele>
      </trkpt>
      <trkpt lat="39.401253" lon="-105.192528">
        <ele>2108.0</ele>
      </trkpt>
      <trkpt lat="39.401295" lon="-105.19278">
        <ele>2110.0</ele>
      </trkpt>
      <trkpt lat="39.401562" lon="-105.192848">
        <ele>2111.0</ele>
      </trkpt>
      <trkpt lat="39.401623" lon="-105.192291">
        <ele>2111.0</ele>
      </trkpt>
      <trkpt lat="39.402119" lon="-105.193504">
        <ele>2125.0</ele>
      </trkpt>
      <trkpt lat="39.40218" lon="-105.194069">
        <ele>2131.0</ele>
      </trkpt>
      <trkpt lat="39.401932" lon="-105.19503">
        <ele>2143.0</ele>
      </trkpt>
      <trkpt lat="39.402054" lon="-105.195961">
        <ele>2145.0</ele>
      </trkpt>
      <trkpt lat="39.401981" lon="-105.196175">
        <ele>2148.0</ele>
      </trkpt>
      <trkpt lat="39.401764" lon="-105.196327">
        <ele>2149.0</ele>
      </trkpt>
      <trkpt lat="39.401585" lon="-105.1968">
        <ele>2156.0</ele>
      </trkpt>
      <trkpt lat="39.401424" lon="-105.196968">
        <ele>2157.0</ele>
      </trkpt>
      <trkpt lat="39.401474" lon="-105.197678">
        <ele>2165.0</ele>
      </trkpt>
      <trkpt lat="39.401848" lon="-105.198433">
        <ele>2176.0</ele>
      </trkpt>
      <trkpt lat="39.40197" lon="-105.198029">
        <ele>2174.0</ele>
      </trkpt>
      <trkpt lat="39.402298" lon="-105.198181">
        <ele>2177.0</ele>
      </trkpt>
      <trkpt lat="39.402775" lon="-105.19886">
        <ele>2183.0</ele>
      </trkpt>
      <trkpt lat="39.403358" lon="-105.199257">
        <ele>2182.0</ele>
      </trkpt>
      <trkpt lat="39.403538" lon="-105.199524">
        <ele>2181.0</ele>
      </trkpt>
      <trkpt lat="39.403481" lon="-105.199768">
        <ele>2182.0</ele>
      </trkpt>
      <trkpt lat="39.403267" lon="-105.199966">
        <ele>2184.0</ele>
      </trkpt>
      <trkpt lat="39.40366" lon="-105.200836">
        <ele>2184.0</ele>
      </trkpt>
      <trkpt lat="39.403961" lon="-105.201027">
        <ele>2185.0</ele>
      </trkpt>
      <trkpt lat="39.403946" lon="-105.201851">
        <ele>2185.0</ele>
      </trkpt>
      <trkpt lat="39.403679" lon="-105.201988">
        <ele>2190.0</ele>
      </trkpt>
      <trkpt lat="39.403549" lon="-105.202568">
        <ele>2196.0</ele>
      </trkpt>
      <trkpt lat="39.403553" lon="-105.202988">
        <ele>2200.0</ele>
      </trkpt>
      <trkpt lat="39.403702" lon="-105.203247">
        <ele>2199.0</ele>
      </trkpt>
      <trkpt lat="39.403954" lon="-105.203354">
        <ele>2195.0</ele>
      </trkpt>
      <trkpt lat="39.403873" lon="-105.204247">
        <ele>2200.0</ele>
      </trkpt>
      <trkpt lat="39.40403" lon="-105.204788">
        <ele>2202.0</ele>
      </trkpt>
      <trkpt lat="39.404327" lon="-105.204849">
        <ele>2200.0</ele>
      </trkpt>
      <trkpt lat="39.404625" lon="-105.205399">
        <ele>2205.0</ele>
      </trkpt>
      <trkpt lat="39.404938" lon="-105.20575">
        <ele>2208.0</ele>
      </trkpt>
      <trkpt lat="39.405155" lon="-105.205719">
        <ele>2207.0</ele>
      </trkpt>
      <trkpt lat="39.405487" lon="-105.206169">
        <ele>2213.0</ele>
      </trkpt>
      <trkpt lat="39.405373" lon="-105.206551">
        <ele>2219.0</ele>
      </trkpt>
      <trkpt lat="39.405388" lon="-105.207031">
        <ele>2219.0</ele>
      </trkpt>
      <trkpt lat="39.405125" lon="-105.20742">
        <ele>2225.0</ele>
      </trkpt>
      <trkpt lat="39.40519" lon="-105.207909">
        <ele>2220.0</ele>
      </trkpt>
      <trkpt lat="39.405464" lon="-105.208382">
        <ele>2218.0</ele>
      </trkpt>
      <trkpt lat="39.405212" lon="-105.209396">
        <ele>2223.0</ele>
      </trkpt>
      <trkpt lat="39.405415" lon="-105.209854">
        <ele>2223.0</ele>
      </trkpt>
      <trkpt lat="39.405914" lon="-105.209671">
        <ele>2219.0</ele>
      </trkpt>
      <trkpt lat="39.406231" lon="-105.21006">
        <ele>2216.0</ele>
      </trkpt>
      <trkpt lat="39.406651" lon="-105.21035">
        <ele>2211.0</ele>
      </trkpt>
      <trkpt lat="39.40699" lon="-105.210907">
        <ele>2216.0</ele>
      </trkpt>
      <trkpt lat="39.406967" lon="-105.21125">
        <ele>2219.0</ele>
      </trkpt>
      <trkpt lat="39.406685" lon="-105.211739">
        <ele>2224.0</ele>
      </trkpt>
      <trkpt lat="39.406189" lon="-105.212234">
        <ele>2234.0</ele>
      </trkpt>
      <trkpt lat="39.406006" lon="-105.212578">
        <ele>2238.0</ele>
      </trkpt>
      <trkpt lat="39.406132" lon="-105.213066">
        <ele>2240.0</ele>
      </trkpt>
      <trkpt lat="39.406036" lon="-105.213501">
        <ele>2240.0</ele>
      </trkpt>
      <trkpt lat="39.405361" lon="-105.214081">
        <ele>2251.0</ele>
      </trkpt>
      <trkpt lat="39.405048" lon="-105.214622">
        <ele>2256.0</ele>
      </trkpt>
      <trkpt lat="39.404583" lon="-105.214622">
        <ele>2262.0</ele>
      </trkpt>
      <trkpt lat="39.404354" lon="-105.214806">
        <ele>2266.0</ele>
      </trkpt>
      <trkpt lat="39.404675" lon="-105.215126">
        <ele>2261.0</ele>
      </trkpt>
      <trkpt lat="39.404678" lon="-105.215645">
        <ele>2268.0</ele>
      </trkpt>
      <trkpt lat="39.404575" lon="-105.215523">
        <ele>2269.0</ele>
      </trkpt>
      <trkpt lat="39.40411" lon="-105.215515">
        <ele>2270.0</ele>
      </trkpt>
      <trkpt lat="39.40366" lon="-105.215782">
        <ele>2280.0</ele>
      </trkpt>
      <trkpt lat="39.403568" lon="-105.215485">
        <ele>2280.0</ele>
      </trkpt>
      <trkpt lat="39.403183" lon="-105.215424">
        <ele>2280.0</ele>
      </trkpt>
      <trkpt lat="39.403103" lon="-105.21579">
        <ele>2283.0</ele>
      </trkpt>
      <trkpt lat="39.403156" lon="-105.216042">
        <ele>2286.0</ele>
      </trkpt>
      <trkpt lat="39.403061" lon="-105.216232">
        <ele>2290.0</ele>
      </trkpt>
      <trkpt lat="39.403141" lon="-105.217239">
        <ele>2297.0</ele>
      </trkpt>
      <trkpt lat="39.403057" lon="-105.217758">
        <ele>2304.0</ele>
      </trkpt>
      <trkpt lat="39.403118" lon="-105.21814">
        <ele>2307.0</ele>
      </trkpt>
      <trkpt lat="39.40353" lon="-105.218033">
        <ele>2307.0</ele>
      </trkpt>
      <trkpt lat="39.403427" lon="-105.218567">
        <ele>2314.0</ele>
      </trkpt>
      <trkpt lat="39.403542" lon="-105.218979">
        <ele>2317.0</ele>
      </trkpt>
      <trkpt lat="39.403439" lon="-105.219482">
        <ele>2326.0</ele>
      </trkpt>
      <trkpt lat="39.403545" lon="-105.220108">
        <ele>2328.0</ele>
      </trkpt>
      <trkpt lat="39.403519" lon="-105.220619">
        <ele>2336.0</ele>
      </trkpt>
      <trkpt lat="39.403667" lon="-105.220772">
        <ele>2336.0</ele>
      </trkpt>
      <trkpt lat="39.403816" lon="-105.221413">
        <ele>2344.0</ele>
      </trkpt>
      <trkpt lat="39.404045" lon="-105.22168">
        <ele>2346.0</ele>
      </trkpt>
      <trkpt lat="39.404503" lon="-105.221695">
        <ele>2345.0</ele>
      </trkpt>
      <trkpt lat="39.404724" lon="-105.221817">
        <ele>2346.0</ele>
      </trkpt>
      <trkpt lat="39.404629" lon="-105.222595">
        <ele>2355.0</ele>
      </trkpt>
      <trkpt lat="39.404682" lon="-105.223778">
        <ele>2365.0</ele>
      </trkpt>
      <trkpt lat="39.404488" lon="-105.223442">
        <ele>2372.0</ele>
      </trkpt>
      <trkpt lat="39.40464" lon="-105.224411">
        <ele>2367.0</ele>
      </trkpt>
      <trkpt lat="39.404575" lon="-105.224701">
        <ele>2365.0</ele>
      </trkpt>
      <trkpt lat="39.404793" lon="-105.225464">
        <ele>2365.0</ele>
      </trkpt>
      <trkpt lat="39.404732" lon="-105.225662">
        <ele>2363.0</ele>
      </trkpt>
      <trkpt lat="39.404629" lon="-105.225616">
        <ele>2361.0</ele>
      </trkpt>
      <trkpt lat="39.404583" lon="-105.225357">
        <ele>2361.0</ele>
      </trkpt>
      <trkpt lat="39.404148" lon="-105.225128">
        <ele>2353.0</ele>
      </trkpt>
      <trkpt lat="39.403763" lon="-105.225258">
        <ele>2349.0</ele>
      </trkpt>
      <trkpt lat="39.403675" lon="-105.225792">
        <ele>2341.0</ele>
      </trkpt>
      <trkpt lat="39.403214" lon="-105.226128">
        <ele>2329.0</ele>
      </trkpt>
      <trkpt lat="39.403049" lon="-105.225945">
        <ele>2331.0</ele>
      </trkpt>
      <trkpt lat="39.40279" lon="-105.225929">
        <ele>2332.0</ele>
      </trkpt>
      <trkpt lat="39.402641" lon="-105.226639">
        <ele>2330.0</ele>
      </trkpt>
      <trkpt lat="39.402405" lon="-105.226601">
        <ele>2333.0</ele>
      </trkpt>
      <trkpt lat="39.402107" lon="-105.227005">
        <ele>2319.0</ele>
      </trkpt>
      <trkpt lat="39.401611" lon="-105.226959">
        <ele>2318.0</ele>
      </trkpt>
      <trkpt lat="39.401535" lon="-105.227036">
        <ele>2318.0</ele>
      </trkpt>
      <trkpt lat="39.402168" lon="-105.227608">
        <ele>2299.0</ele>
      </trkpt>
      <trkpt lat="39.401882" lon="-105.228241">
        <ele>2310.0</ele>
      </trkpt>
      <trkpt lat="39.402504" lon="-105.228569">
        <ele>2306.0</ele>
      </trkpt>
      <trkpt lat="39.402515" lon="-105.228737">
        <ele>2307.0</ele>
      </trkpt>
      <trkpt lat="39.402023" lon="-105.229279">
        <ele>2320.0</ele>
      </trkpt>
      <trkpt lat="39.402126" lon="-105.229919">
        <ele>2326.0</ele>
      </trkpt>
      <trkpt lat="39.402489" lon="-105.230141">
        <ele>2320.0</ele>
      </trkpt>
      <trkpt lat="39.402374" lon="-105.23056">
        <ele>2319.0</ele>
      </trkpt>
      <trkpt lat="39.401978" lon="-105.23085">
        <ele>2328.0</ele>
      </trkpt>
      <trkpt lat="39.401989" lon="-105.231102">
        <ele>2324.0</ele>
      </trkpt>
      <trkpt lat="39.40168" lon="-105.231667">
        <ele>2324.0</ele>
      </trkpt>
      <trkpt lat="39.401199" lon="-105.231743">
        <ele>2337.0</ele>
      </trkpt>
      <trkpt lat="39.400948" lon="-105.232079">
        <ele>2341.0</ele>
      </trkpt>
      <trkpt lat="39.400448" lon="-105.232407">
        <ele>2346.0</ele>
      </trkpt>
      <trkpt lat="39.400284" lon="-105.232864">
        <ele>2352.0</ele>
      </trkpt>
      <trkpt lat="39.399837" lon="-105.233269">
        <ele>2350.0</ele>
      </trkpt>
      <trkpt lat="39.39983" lon="-105.23378">
        <ele>2356.0</ele>
      </trkpt>
      <trkpt lat="39.399551" lon="-105.233727">
        <ele>2354.0</ele>
      </trkpt>
      <trkpt lat="39.399628" lon="-105.233894">
        <ele>2357.0</ele>
      </trkpt>
      <trkpt lat="39.398933" lon="-105.234482">
        <ele>2363.0</ele>
      </trkpt>
      <trkpt lat="39.398609" lon="-105.234329">
        <ele>2359.0</ele>
      </trkpt>
      <trkpt lat="39.398502" lon="-105.234558">
        <ele>2359.0</ele>
      </trkpt>
      <trkpt lat="39.398315" lon="-105.234589">
        <ele>2357.0</ele>
      </trkpt>
      <trkpt lat="39.39817" lon="-105.234886">
        <ele>2356.0</ele>
      </trkpt>
      <trkpt lat="39.397831" lon="-105.235191">
        <ele>2357.0</ele>
      </trkpt>
      <trkpt lat="39.397552" lon="-105.235214">
        <ele>2357.0</ele>
      </trkpt>
      <trkpt lat="39.397129" lon="-105.234886">
        <ele>2356.0</ele>
      </trkpt>
      <trkpt lat="39.396786" lon="-105.235039">
        <ele>2355.0</ele>
      </trkpt>
      <trkpt lat="39.396622" lon="-105.234978">
        <ele>2353.0</ele>
      </trkpt>
      <trkpt lat="39.396439" lon="-105.235138">
        <ele>2350.0</ele>
      </trkpt>
      <trkpt lat="39.396484" lon="-105.235481">
        <ele>2353.0</ele>
      </trkpt>
      <trkpt lat="39.396049" lon="-105.235909">
        <ele>2352.0</ele>
      </trkpt>
      <trkpt lat="39.395714" lon="-105.235504">
        <ele>2344.0</ele>
      </trkpt>
      <trkpt lat="39.395065" lon="-105.235657">
        <ele>2342.0</ele>
      </trkpt>
      <trkpt lat="39.39473" lon="-105.235405">
        <ele>2338.0</ele>
      </trkpt>
      <trkpt lat="39.394604" lon="-105.235428">
        <ele>2338.0</ele>
      </trkpt>
      <trkpt lat="39.39436" lon="-105.235809">
        <ele>2341.0</ele>
      </trkpt>
      <trkpt lat="39.39397" lon="-105.236008">
        <ele>2340.0</ele>
      </trkpt>
      <trkpt lat="39.394009" lon="-105.236656">
        <ele>2341.0</ele>
      </trkpt>
      <trkpt lat="39.393867" lon="-105.237022">
        <ele>2339.0</ele>
      </trkpt>
      <trkpt lat="39.393173" lon="-105.237213">
        <ele>2330.0</ele>
      </trkpt>
      <trkpt lat="39.393105" lon="-105.237396">
        <ele>2330.0</ele>
      </trkpt>
      <trkpt lat="39.39291" lon="-105.237457">
        <ele>2329.0</ele>
      </trkpt>
      <trkpt lat="39.392822" lon="-105.237648">
        <ele>2329.0</ele>
      </trkpt>
      <trkpt lat="39.392387" lon="-105.237885">
        <ele>2326.0</ele>
      </trkpt>
      <trkpt lat="39.392117" lon="-105.237663">
        <ele>2323.0</ele>
      </trkpt>
      <trkpt lat="39.391979" lon="-105.23735">
        <ele>2320.0</ele>
      </trkpt>
      <trkpt lat="39.391804" lon="-105.237328">
        <ele>2318.0</ele>
      </trkpt>
      <trkpt lat="39.391663" lon="-105.237679">
        <ele>2319.0</ele>
      </trkpt>
      <trkpt lat="39.391289" lon="-105.23761">
        <ele>2317.0</ele>
      </trkpt>
      <trkpt lat="39.391106" lon="-105.237984">
        <ele>2317.0</ele>
      </trkpt>
      <trkpt lat="39.390755" lon="-105.238144">
        <ele>2317.0</ele>
      </trkpt>
      <trkpt lat="39.390495" lon="-105.237839">
        <ele>2318.0</ele>
      </trkpt>
      <trkpt lat="39.39035" lon="-105.237816">
        <ele>2318.0</ele>
      </trkpt>
      <trkpt lat="39.389988" lon="-105.238335">
        <ele>2320.0</ele>
      </trkpt>
      <trkpt lat="39.389923" lon="-105.238701">
        <ele>2319.0</ele>
      </trkpt>
      <trkpt lat="39.390095" lon="-105.239502">
        <ele>2320.0</ele>
      </trkpt>
      <trkpt lat="39.389969" lon="-105.239914">
        <ele>2318.0</ele>
      </trkpt>
      <trkpt lat="39.389378" lon="-105.240051">
        <ele>2322.0</ele>
      </trkpt>
      <trkpt lat="39.389053" lon="-105.239922">
        <ele>2322.0</ele>
      </trkpt>
      <trkpt lat="39.388786" lon="-105.240059">
        <ele>2324.0</ele>
      </trkpt>
      <trkpt lat="39.388214" lon="-105.239975">
        <ele>2322.0</ele>
      </trkpt>
      <trkpt lat="39.387604" lon="-105.240242">
        <ele>2325.0</ele>
      </trkpt>
      <trkpt lat="39.386898" lon="-105.240051">
        <ele>2320.0</ele>
      </trkpt>
      <trkpt lat="39.386578" lon="-105.240585">
        <ele>2317.0</ele>
      </trkpt>
      <trkpt lat="39.385853" lon="-105.241058">
        <ele>2318.0</ele>
      </trkpt>
      <trkpt lat="39.38575" lon="-105.241379">
        <ele>2320.0</ele>
      </trkpt>
      <trkpt lat="39.385387" lon="-105.24157">
        <ele>2320.0</ele>
      </trkpt>
      <trkpt lat="39.385277" lon="-105.241524">
        <ele>2319.0</ele>
      </trkpt>
      <trkpt lat="39.385151" lon="-105.241684">
        <ele>2321.0</ele>
      </trkpt>
      <trkpt lat="39.384689" lon="-105.241699">
        <ele>2321.0</ele>
      </trkpt>
      <trkpt lat="39.38419" lon="-105.241516">
        <ele>2321.0</ele>
      </trkpt>
      <trkpt lat="39.384083" lon="-105.24128">
        <ele>2320.0</ele>
      </trkpt>
      <trkpt lat="39.383301" lon="-105.240639">
        <ele>2320.0</ele>
      </trkpt>
      <trkpt lat="39.382568" lon="-105.240532">
        <ele>2325.0</ele>
      </trkpt>
      <trkpt lat="39.38232" lon="-105.240372">
        <ele>2325.0</ele>
      </trkpt>
      <trkpt lat="39.382023" lon="-105.239609">
        <ele>2322.0</ele>
      </trkpt>
      <trkpt lat="39.381817" lon="-105.23867">
        <ele>2318.0</ele>
      </trkpt>
      <trkpt lat="39.381554" lon="-105.238304">
        <ele>2317.0</ele>
      </trkpt>
      <trkpt lat="39.381382" lon="-105.23822">
        <ele>2318.0</ele>
      </trkpt>
      <trkpt lat="39.38097" lon="-105.238335">
        <ele>2320.0</ele>
      </trkpt>
      <trkpt lat="39.380245" lon="-105.23938">
        <ele>2323.0</ele>
      </trkpt>
      <trkpt lat="39.379791" lon="-105.239449">
        <ele>2319.0</ele>
      </trkpt>
      <trkpt lat="39.379406" lon="-105.239281">
        <ele>2315.0</ele>
      </trkpt>
      <trkpt lat="39.378967" lon="-105.239532">
        <ele>2316.0</ele>
      </trkpt>
      <trkpt lat="39.378292" lon="-105.23954">
        <ele>2319.0</ele>
      </trkpt>
      <trkpt lat="39.377998" lon="-105.239677">
        <ele>2319.0</ele>
      </trkpt>
      <trkpt lat="39.377907" lon="-105.240578">
        <ele>2318.0</ele>
      </trkpt>
      <trkpt lat="39.377651" lon="-105.240776">
        <ele>2316.0</ele>
      </trkpt>
      <trkpt lat="39.37719" lon="-105.240776">
        <ele>2313.0</ele>
      </trkpt>
      <trkpt lat="39.376652" lon="-105.240417">
        <ele>2312.0</ele>
      </trkpt>
      <trkpt lat="39.376125" lon="-105.240318">
        <ele>2312.0</ele>
      </trkpt>
      <trkpt lat="39.375916" lon="-105.240166">
        <ele>2311.0</ele>
      </trkpt>
      <trkpt lat="39.375355" lon="-105.23893">
        <ele>2309.0</ele>
      </trkpt>
      <trkpt lat="39.374802" lon="-105.238739">
        <ele>2314.0</ele>
      </trkpt>
      <trkpt lat="39.374477" lon="-105.238441">
        <ele>2317.0</ele>
      </trkpt>
      <trkpt lat="39.374275" lon="-105.237907">
        <ele>2318.0</ele>
      </trkpt>
      <trkpt lat="39.374046" lon="-105.237816">
        <ele>2318.0</ele>
      </trkpt>
      <trkpt lat="39.373611" lon="-105.238007">
        <ele>2318.0</ele>
      </trkpt>
      <trkpt lat="39.373459" lon="-105.238457">
        <ele>2319.0</ele>
      </trkpt>
      <trkpt lat="39.373207" lon="-105.238586">
        <ele>2318.0</ele>
      </trkpt>
      <trkpt lat="39.372272" lon="-105.238129">
        <ele>2311.0</ele>
      </trkpt>
      <trkpt lat="39.372059" lon="-105.238167">
        <ele>2310.0</ele>
      </trkpt>
      <trkpt lat="39.371872" lon="-105.238518">
        <ele>2313.0</ele>
      </trkpt>
      <trkpt lat="39.371216" lon="-105.23867">
        <ele>2310.0</ele>
      </trkpt>
      <trkpt lat="39.370827" lon="-105.239082">
        <ele>2314.0</ele>
      </trkpt>
      <trkpt lat="39.370655" lon="-105.23877">
        <ele>2309.0</ele>
      </trkpt>
      <trkpt lat="39.370289" lon="-105.238495">
        <ele>2309.0</ele>
      </trkpt>
      <trkpt lat="39.370243" lon="-105.238342">
        <ele>2309.0</ele>
      </trkpt>
      <trkpt lat="39.369911" lon="-105.238113">
        <ele>2308.0</ele>
      </trkpt>
      <trkpt lat="39.369606" lon="-105.238823">
        <ele>2315.0</ele>
      </trkpt>
      <trkpt lat="39.36866" lon="-105.238625">
        <ele>2310.0</ele>
      </trkpt>
      <trkpt lat="39.368542" lon="-105.23848">
        <ele>2308.0</ele>
      </trkpt>
      <trkpt lat="39.368038" lon="-105.238647">
        <ele>2310.0</ele>
      </trkpt>
      <trkpt lat="39.367847" lon="-105.239151">
        <ele>2317.0</ele>
      </trkpt>
      <trkpt lat="39.367458" lon="-105.239304">
        <ele>2314.0</ele>
      </trkpt>
      <trkpt lat="39.367138" lon="-105.239159">
        <ele>2312.0</ele>
      </trkpt>
      <trkpt lat="39.367001" lon="-105.238838">
        <ele>2311.0</ele>
      </trkpt>
      <trkpt lat="39.366524" lon="-105.238548">
        <ele>2315.0</ele>
      </trkpt>
      <trkpt lat="39.366261" lon="-105.237923">
        <ele>2318.0</ele>
      </trkpt>
      <trkpt lat="39.366276" lon="-105.237434">
        <ele>2319.0</ele>
      </trkpt>
      <trkpt lat="39.366146" lon="-105.237122">
        <ele>2321.0</ele>
      </trkpt>
      <trkpt lat="39.365517" lon="-105.236565">
        <ele>2325.0</ele>
      </trkpt>
      <trkpt lat="39.365112" lon="-105.236435">
        <ele>2324.0</ele>
      </trkpt>
      <trkpt lat="39.364426" lon="-105.236778">
        <ele>2321.0</ele>
      </trkpt>
      <trkpt lat="39.364235" lon="-105.237328">
        <ele>2318.0</ele>
      </trkpt>
      <trkpt lat="39.363235" lon="-105.238045">
        <ele>2308.0</ele>
      </trkpt>
      <trkpt lat="39.36227" lon="-105.237579">
        <ele>2297.0</ele>
      </trkpt>
      <trkpt lat="39.362045" lon="-105.237831">
        <ele>2296.0</ele>
      </trkpt>
      <trkpt lat="39.361912" lon="-105.23822">
        <ele>2294.0</ele>
      </trkpt>
      <trkpt lat="39.361954" lon="-105.238449">
        <ele>2293.0</ele>
      </trkpt>
      <trkpt lat="39.362225" lon="-105.238792">
        <ele>2294.0</ele>
      </trkpt>
      <trkpt lat="39.361694" lon="-105.239998">
        <ele>2291.0</ele>
      </trkpt>
      <trkpt lat="39.361141" lon="-105.240654">
        <ele>2300.0</ele>
      </trkpt>
      <trkpt lat="39.360886" lon="-105.241158">
        <ele>2305.0</ele>
      </trkpt>
      <trkpt lat="39.360783" lon="-105.241661">
        <ele>2308.0</ele>
      </trkpt>
      <trkpt lat="39.360909" lon="-105.241943">
        <ele>2309.0</ele>
      </trkpt>
      <trkpt lat="39.360924" lon="-105.242592">
        <ele>2314.0</ele>
      </trkpt>
      <trkpt lat="39.360321" lon="-105.244507">
        <ele>2329.0</ele>
      </trkpt>
      <trkpt lat="39.360142" lon="-105.24469">
        <ele>2327.0</ele>
      </trkpt>
      <trkpt lat="39.359882" lon="-105.245514">
        <ele>2323.0</ele>
      </trkpt>
      <trkpt lat="39.359306" lon="-105.245529">
        <ele>2325.0</ele>
      </trkpt>
      <trkpt lat="39.359142" lon="-105.245628">
        <ele>2327.0</ele>
      </trkpt>
      <trkpt lat="39.358505" lon="-105.245613">
        <ele>2328.0</ele>
      </trkpt>
      <trkpt lat="39.358288" lon="-105.245758">
        <ele>2328.0</ele>
      </trkpt>
      <trkpt lat="39.358059" lon="-105.245628">
        <ele>2328.0</ele>
      </trkpt>
      <trkpt lat="39.357311" lon="-105.245651">
        <ele>2331.0</ele>
      </trkpt>
      <trkpt lat="39.357178" lon="-105.245781">
        <ele>2332.0</ele>
      </trkpt>
      <trkpt lat="39.357033" lon="-105.245735">
        <ele>2332.0</ele>
      </trkpt>
      <trkpt lat="39.356853" lon="-105.246376">
        <ele>2336.0</ele>
      </trkpt>
      <trkpt lat="39.356571" lon="-105.2463">
        <ele>2334.0</ele>
      </trkpt>
      <trkpt lat="39.356251" lon="-105.246483">
        <ele>2333.0</ele>
      </trkpt>
      <trkpt lat="39.3559" lon="-105.247459">
        <ele>2337.0</ele>
      </trkpt>
      <trkpt lat="39.35593" lon="-105.24778">
        <ele>2339.0</ele>
      </trkpt>
      <trkpt lat="39.356228" lon="-105.24836">
        <ele>2342.0</ele>
      </trkpt>
      <trkpt lat="39.356663" lon="-105.250763">
        <ele>2353.0</ele>
      </trkpt>
      <trkpt lat="39.355515" lon="-105.251839">
        <ele>2355.0</ele>
      </trkpt>
      <trkpt lat="39.355007" lon="-105.253914">
        <ele>2366.0</ele>
      </trkpt>
      <trkpt lat="39.354771" lon="-105.25428">
        <ele>2365.0</ele>
      </trkpt>
      <trkpt lat="39.354286" lon="-105.254478">
        <ele>2363.0</ele>
      </trkpt>
      <trkpt lat="39.353371" lon="-105.255142">
        <ele>2366.0</ele>
      </trkpt>
      <trkpt lat="39.352676" lon="-105.255272">
        <ele>2363.0</ele>
      </trkpt>
      <trkpt lat="39.352116" lon="-105.255104">
        <ele>2363.0</ele>
      </trkpt>
      <trkpt lat="39.351868" lon="-105.255165">
        <ele>2364.0</ele>
      </trkpt>
      <trkpt lat="39.351692" lon="-105.255379">
        <ele>2364.0</ele>
      </trkpt>
      <trkpt lat="39.350254" lon="-105.255569">
        <ele>2368.0</ele>
      </trkpt>
      <trkpt lat="39.349125" lon="-105.256111">
        <ele>2368.0</ele>
      </trkpt>
      <trkpt lat="39.348156" lon="-105.255989">
        <ele>2374.0</ele>
      </trkpt>
      <trkpt lat="39.346756" lon="-105.256134">
        <ele>2382.0</ele>
      </trkpt>
      <trkpt lat="39.346352" lon="-105.256744">
        <ele>2383.0</ele>
      </trkpt>
      <trkpt lat="39.345348" lon="-105.257187">
        <ele>2389.0</ele>
      </trkpt>
      <trkpt lat="39.345203" lon="-105.257462">
        <ele>2389.0</ele>
      </trkpt>
      <trkpt lat="39.345119" lon="-105.258102">
        <ele>2384.0</ele>
      </trkpt>
      <trkpt lat="39.344803" lon="-105.258514">
        <ele>2384.0</ele>
      </trkpt>
      <trkpt lat="39.34457" lon="-105.259628">
        <ele>2384.0</ele>
      </trkpt>
      <trkpt lat="39.34412" lon="-105.259895">
        <ele>2388.0</ele>
      </trkpt>
      <trkpt lat="39.34412" lon="-105.260536">
        <ele>2387.0</ele>
      </trkpt>
      <trkpt lat="39.343964" lon="-105.260872">
        <ele>2389.0</ele>
      </trkpt>
      <trkpt lat="39.344223" lon="-105.261459">
        <ele>2390.0</ele>
      </trkpt>
      <trkpt lat="39.344387" lon="-105.263107">
        <ele>2399.0</ele>
      </trkpt>
      <trkpt lat="39.344383" lon="-105.263924">
        <ele>2400.0</ele>
      </trkpt>
      <trkpt lat="39.3442" lon="-105.264275">
        <ele>2396.0</ele>
      </trkpt>
      <trkpt lat="39.344131" lon="-105.265282">
        <ele>2390.0</ele>
      </trkpt>
      <trkpt lat="39.344006" lon="-105.265411">
        <ele>2388.0</ele>
      </trkpt>
      <trkpt lat="39.344002" lon="-105.265724">
        <ele>2385.0</ele>
      </trkpt>
      <trkpt lat="39.343525" lon="-105.265755">
        <ele>2387.0</ele>
      </trkpt>
      <trkpt lat="39.342834" lon="-105.265045">
        <ele>2400.0</ele>
      </trkpt>
      <trkpt lat="39.34259" lon="-105.264984">
        <ele>2396.0</ele>
      </trkpt>
      <trkpt lat="39.342525" lon="-105.265076">
        <ele>2393.0</ele>
      </trkpt>
      <trkpt lat="39.342628" lon="-105.265862">
        <ele>2384.0</ele>
      </trkpt>
      <trkpt lat="39.342495" lon="-105.266197">
        <ele>2381.0</ele>
      </trkpt>
      <trkpt lat="39.341999" lon="-105.266739">
        <ele>2383.0</ele>
      </trkpt>
      <trkpt lat="39.341694" lon="-105.267815">
        <ele>2388.0</ele>
      </trkpt>
      <trkpt lat="39.341915" lon="-105.268784">
        <ele>2393.0</ele>
      </trkpt>
      <trkpt lat="39.341927" lon="-105.26963">
        <ele>2397.0</ele>
      </trkpt>
      <trkpt lat="39.342434" lon="-105.270378">
        <ele>2396.0</ele>
      </trkpt>
      <trkpt lat="39.342728" lon="-105.271149">
        <ele>2396.0</ele>
      </trkpt>
      <trkpt lat="39.342751" lon="-105.271492">
        <ele>2399.0</ele>
      </trkpt>
      <trkpt lat="39.342613" lon="-105.272034">
        <ele>2403.0</ele>
      </trkpt>
      <trkpt lat="39.342712" lon="-105.272964">
        <ele>2400.0</ele>
      </trkpt>
      <trkpt lat="39.342316" lon="-105.272804">
        <ele>2402.0</ele>
      </trkpt>
      <trkpt lat="39.342117" lon="-105.273041">
        <ele>2400.0</ele>
      </trkpt>
      <trkpt lat="39.341984" lon="-105.273819">
        <ele>2392.0</ele>
      </trkpt>
      <trkpt lat="39.341927" lon="-105.275002">
        <ele>2386.0</ele>
      </trkpt>
      <trkpt lat="39.341721" lon="-105.275627">
        <ele>2379.0</ele>
      </trkpt>
      <trkpt lat="39.341496" lon="-105.275436">
        <ele>2384.0</ele>
      </trkpt>
      <trkpt lat="39.341179" lon="-105.275497">
        <ele>2383.0</ele>
      </trkpt>
      <trkpt lat="39.340992" lon="-105.275154">
        <ele>2383.0</ele>
      </trkpt>
      <trkpt lat="39.340557" lon="-105.275368">
        <ele>2375.0</ele>
      </trkpt>
      <trkpt lat="39.34016" lon="-105.275269">
        <ele>2376.0</ele>
      </trkpt>
      <trkpt lat="39.340202" lon="-105.276146">
        <ele>2369.0</ele>
      </trkpt>
      <trkpt lat="39.339924" lon="-105.276665">
        <ele>2369.0</ele>
      </trkpt>
      <trkpt lat="39.340019" lon="-105.27729">
        <ele>2367.0</ele>
      </trkpt>
      <trkpt lat="39.33997" lon="-105.277489">
        <ele>2372.0</ele>
      </trkpt>
      <trkpt lat="39.340157" lon="-105.278313">
        <ele>2381.0</ele>
      </trkpt>
      <trkpt lat="39.340279" lon="-105.278404">
        <ele>2379.0</ele>
      </trkpt>
      <trkpt lat="39.340511" lon="-105.27964">
        <ele>2374.0</ele>
      </trkpt>
      <trkpt lat="39.34042" lon="-105.279953">
        <ele>2380.0</ele>
      </trkpt>
      <trkpt lat="39.340599" lon="-105.280487">
        <ele>2383.0</ele>
      </trkpt>
      <trkpt lat="39.340866" lon="-105.280792">
        <ele>2384.0</ele>
      </trkpt>
      <trkpt lat="39.34164" lon="-105.281013">
        <ele>2374.0</ele>
      </trkpt>
      <trkpt lat="39.34182" lon="-105.281418">
        <ele>2377.0</ele>
      </trkpt>
      <trkpt lat="39.342098" lon="-105.281479">
        <ele>2372.0</ele>
      </trkpt>
      <trkpt lat="39.342445" lon="-105.282082">
        <ele>2378.0</ele>
      </trkpt>
      <trkpt lat="39.34264" lon="-105.282173">
        <ele>2375.0</ele>
      </trkpt>
      <trkpt lat="39.342579" lon="-105.283119">
        <ele>2365.0</ele>
      </trkpt>
      <trkpt lat="39.342216" lon="-105.283264">
        <ele>2371.0</ele>
      </trkpt>
      <trkpt lat="39.341785" lon="-105.283264">
        <ele>2369.0</ele>
      </trkpt>
      <trkpt lat="39.34137" lon="-105.283791">
        <ele>2365.0</ele>
      </trkpt>
      <trkpt lat="39.340382" lon="-105.284157">
        <ele>2357.0</ele>
      </trkpt>
      <trkpt lat="39.34029" lon="-105.284065">
        <ele>2357.0</ele>
      </trkpt>
      <trkpt lat="39.340374" lon="-105.283401">
        <ele>2360.0</ele>
      </trkpt>
      <trkpt lat="39.34024" lon="-105.283287">
        <ele>2357.0</ele>
      </trkpt>
      <trkpt lat="39.339497" lon="-105.284012">
        <ele>2345.0</ele>
      </trkpt>
      <trkpt lat="39.339397" lon="-105.283997">
        <ele>2344.0</ele>
      </trkpt>
      <trkpt lat="39.339275" lon="-105.283371">
        <ele>2349.0</ele>
      </trkpt>
      <trkpt lat="39.338779" lon="-105.28289">
        <ele>2341.0</ele>
      </trkpt>
      <trkpt lat="39.338619" lon="-105.282951">
        <ele>2341.0</ele>
      </trkpt>
      <trkpt lat="39.3386" lon="-105.28373">
        <ele>2334.0</ele>
      </trkpt>
      <trkpt lat="39.338074" lon="-105.284569">
        <ele>2339.0</ele>
      </trkpt>
      <trkpt lat="39.337933" lon="-105.284622">
        <ele>2341.0</ele>
      </trkpt>
      <trkpt lat="39.337822" lon="-105.284439">
        <ele>2345.0</ele>
      </trkpt>
      <trkpt lat="39.337463" lon="-105.284279">
        <ele>2347.0</ele>
      </trkpt>
      <trkpt lat="39.337395" lon="-105.283997">
        <ele>2346.0</ele>
      </trkpt>
      <trkpt lat="39.336926" lon="-105.284431">
        <ele>2332.0</ele>
      </trkpt>
      <trkpt lat="39.336121" lon="-105.284271">
        <ele>2337.0</ele>
      </trkpt>
      <trkpt lat="39.336029" lon="-105.284111">
        <ele>2342.0</ele>
      </trkpt>
      <trkpt lat="39.335819" lon="-105.284035">
        <ele>2344.0</ele>
      </trkpt>
      <trkpt lat="39.335693" lon="-105.284286">
        <ele>2338.0</ele>
      </trkpt>
      <trkpt lat="39.335232" lon="-105.284241">
        <ele>2340.0</ele>
      </trkpt>
      <trkpt lat="39.33498" lon="-105.284065">
        <ele>2341.0</ele>
      </trkpt>
      <trkpt lat="39.334373" lon="-105.284149">
        <ele>2340.0</ele>
      </trkpt>
      <trkpt lat="39.33466" lon="-105.284012">
        <ele>2339.0</ele>
      </trkpt>
      <trkpt lat="39.333992" lon="-105.283905">
        <ele>2352.0</ele>
      </trkpt>
      <trkpt lat="39.333267" lon="-105.284393">
        <ele>2346.0</ele>
      </trkpt>
      <trkpt lat="39.332436" lon="-105.284592">
        <ele>2352.0</ele>
      </trkpt>
      <trkpt lat="39.33218" lon="-105.284508">
        <ele>2355.0</ele>
      </trkpt>
      <trkpt lat="39.331429" lon="-105.284927">
        <ele>2352.0</ele>
      </trkpt>
      <trkpt lat="39.331394" lon="-105.285049">
        <ele>2351.0</ele>
      </trkpt>
      <trkpt lat="39.331783" lon="-105.285461">
        <ele>2353.0</ele>
      </trkpt>
      <trkpt lat="39.332066" lon="-105.285545">
        <ele>2356.0</ele>
      </trkpt>
      <trkpt lat="39.332596" lon="-105.285431">
        <ele>2351.0</ele>
      </trkpt>
      <trkpt lat="39.332909" lon="-105.28566">
        <ele>2354.0</ele>
      </trkpt>
      <trkpt lat="39.333267" lon="-105.285629">
        <ele>2353.0</ele>
      </trkpt>
      <trkpt lat="39.333801" lon="-105.286095">
        <ele>2363.0</ele>
      </trkpt>
      <trkpt lat="39.334126" lon="-105.28614">
        <ele>2360.0</ele>
      </trkpt>
      <trkpt lat="39.334248" lon="-105.286308">
        <ele>2359.0</ele>
      </trkpt>
      <trkpt lat="39.333817" lon="-105.28698">
        <ele>2359.0</ele>
      </trkpt>
      <trkpt lat="39.33313" lon="-105.287239">
        <ele>2360.0</ele>
      </trkpt>
      <trkpt lat="39.332497" lon="-105.287949">
        <ele>2350.0</ele>
      </trkpt>
      <trkpt lat="39.331955" lon="-105.287697">
        <ele>2352.0</ele>
      </trkpt>
      <trkpt lat="39.331726" lon="-105.287758">
        <ele>2350.0</ele>
      </trkpt>
      <trkpt lat="39.331444" lon="-105.287666">
        <ele>2352.0</ele>
      </trkpt>
      <trkpt lat="39.331135" lon="-105.28775">
        <ele>2351.0</ele>
      </trkpt>
      <trkpt lat="39.331165" lon="-105.287949">
        <ele>2350.0</ele>
      </trkpt>
      <trkpt lat="39.331364" lon="-105.288216">
        <ele>2346.0</ele>
      </trkpt>
      <trkpt lat="39.330875" lon="-105.288841">
        <ele>2356.0</ele>
      </trkpt>
      <trkpt lat="39.330513" lon="-105.28965">
        <ele>2368.0</ele>
      </trkpt>
      <trkpt lat="39.3302" lon="-105.289764">
        <ele>2372.0</ele>
      </trkpt>
      <trkpt lat="39.329857" lon="-105.289345">
        <ele>2367.0</ele>
      </trkpt>
      <trkpt lat="39.329475" lon="-105.289223">
        <ele>2371.0</ele>
      </trkpt>
      <trkpt lat="39.329296" lon="-105.289337">
        <ele>2376.0</ele>
      </trkpt>
      <trkpt lat="39.328545" lon="-105.289406">
        <ele>2379.0</ele>
      </trkpt>
      <trkpt lat="39.328388" lon="-105.289307">
        <ele>2377.0</ele>
      </trkpt>
      <trkpt lat="39.327984" lon="-105.289574">
        <ele>2382.0</ele>
      </trkpt>
      <trkpt lat="39.326466" lon="-105.288734">
        <ele>2389.0</ele>
      </trkpt>
      <trkpt lat="39.326103" lon="-105.288765">
        <ele>2394.0</ele>
      </trkpt>
      <trkpt lat="39.325733" lon="-105.28862">
        <ele>2395.0</ele>
      </trkpt>
      <trkpt lat="39.325649" lon="-105.288818">
        <ele>2400.0</ele>
      </trkpt>
      <trkpt lat="39.326317" lon="-105.289536">
        <ele>2407.0</ele>
      </trkpt>
      <trkpt lat="39.326813" lon="-105.28965">
        <ele>2404.0</ele>
      </trkpt>
      <trkpt lat="39.326908" lon="-105.289803">
        <ele>2404.0</ele>
      </trkpt>
      <trkpt lat="39.326881" lon="-105.290314">
        <ele>2406.0</ele>
      </trkpt>
      <trkpt lat="39.327366" lon="-105.290718">
        <ele>2411.0</ele>
      </trkpt>
      <trkpt lat="39.327522" lon="-105.291199">
        <ele>2418.0</ele>
      </trkpt>
      <trkpt lat="39.327866" lon="-105.291451">
        <ele>2420.0</ele>
      </trkpt>
      <trkpt lat="39.327942" lon="-105.292374">
        <ele>2421.0</ele>
      </trkpt>
      <trkpt lat="39.327831" lon="-105.292496">
        <ele>2423.0</ele>
      </trkpt>
      <trkpt lat="39.327244" lon="-105.292274">
        <ele>2432.0</ele>
      </trkpt>
      <trkpt lat="39.327007" lon="-105.292404">
        <ele>2431.0</ele>
      </trkpt>
      <trkpt lat="39.326962" lon="-105.29261">
        <ele>2428.0</ele>
      </trkpt>
      <trkpt lat="39.326675" lon="-105.292961">
        <ele>2436.0</ele>
      </trkpt>
      <trkpt lat="39.326645" lon="-105.293175">
        <ele>2437.0</ele>
      </trkpt>
      <trkpt lat="39.326794" lon="-105.29335">
        <ele>2433.0</ele>
      </trkpt>
      <trkpt lat="39.326668" lon="-105.294266">
        <ele>2441.0</ele>
      </trkpt>
      <trkpt lat="39.326504" lon="-105.294624">
        <ele>2442.0</ele>
      </trkpt>
      <trkpt lat="39.325951" lon="-105.29483">
        <ele>2449.0</ele>
      </trkpt>
      <trkpt lat="39.325748" lon="-105.295082">
        <ele>2448.0</ele>
      </trkpt>
      <trkpt lat="39.326096" lon="-105.29583">
        <ele>2437.0</ele>
      </trkpt>
      <trkpt lat="39.326679" lon="-105.296066">
        <ele>2445.0</ele>
      </trkpt>
      <trkpt lat="39.326817" lon="-105.296349">
        <ele>2447.0</ele>
      </trkpt>
      <trkpt lat="39.326889" lon="-105.297043">
        <ele>2450.0</ele>
      </trkpt>
      <trkpt lat="39.326843" lon="-105.297562">
        <ele>2454.0</ele>
      </trkpt>
      <trkpt lat="39.326614" lon="-105.297783">
        <ele>2455.0</ele>
      </trkpt>
      <trkpt lat="39.326553" lon="-105.298035">
        <ele>2452.0</ele>
      </trkpt>
      <trkpt lat="39.326614" lon="-105.298317">
        <ele>2449.0</ele>
      </trkpt>
      <trkpt lat="39.327038" lon="-105.298874">
        <ele>2442.0</ele>
      </trkpt>
      <trkpt lat="39.327309" lon="-105.299026">
        <ele>2439.0</ele>
      </trkpt>
      <trkpt lat="39.327503" lon="-105.2995">
        <ele>2435.0</ele>
      </trkpt>
      <trkpt lat="39.327782" lon="-105.299675">
        <ele>2432.0</ele>
      </trkpt>
      <trkpt lat="39.328022" lon="-105.300194">
        <ele>2427.0</ele>
      </trkpt>
      <trkpt lat="39.328281" lon="-105.300407">
        <ele>2424.0</ele>
      </trkpt>
      <trkpt lat="39.328831" lon="-105.300552">
        <ele>2417.0</ele>
      </trkpt>
      <trkpt lat="39.329227" lon="-105.300507">
        <ele>2415.0</ele>
      </trkpt>
      <trkpt lat="39.329876" lon="-105.301125">
        <ele>2413.0</ele>
      </trkpt>
      <trkpt lat="39.329979" lon="-105.301559">
        <ele>2408.0</ele>
      </trkpt>
      <trkpt lat="39.330158" lon="-105.301849">
        <ele>2406.0</ele>
      </trkpt>
      <trkpt lat="39.330223" lon="-105.302505">
        <ele>2398.0</ele>
      </trkpt>
      <trkpt lat="39.330471" lon="-105.302872">
        <ele>2396.0</ele>
      </trkpt>
      <trkpt lat="39.330627" lon="-105.30365">
        <ele>2388.0</ele>
      </trkpt>
      <trkpt lat="39.330574" lon="-105.304604">
        <ele>2374.0</ele>
      </trkpt>
      <trkpt lat="39.330772" lon="-105.30513">
        <ele>2374.0</ele>
      </trkpt>
      <trkpt lat="39.331802" lon="-105.305321">
        <ele>2363.0</ele>
      </trkpt>
      <trkpt lat="39.332294" lon="-105.306015">
        <ele>2359.0</ele>
      </trkpt>
      <trkpt lat="39.333519" lon="-105.306854">
        <ele>2344.0</ele>
      </trkpt>
      <trkpt lat="39.334232" lon="-105.308449">
        <ele>2336.0</ele>
      </trkpt>
      <trkpt lat="39.333965" lon="-105.309151">
        <ele>2340.0</ele>
      </trkpt>
      <trkpt lat="39.333942" lon="-105.309586">
        <ele>2342.0</ele>
      </trkpt>
      <trkpt lat="39.334068" lon="-105.309708">
        <ele>2342.0</ele>
      </trkpt>
      <trkpt lat="39.334377" lon="-105.309738">
        <ele>2335.0</ele>
      </trkpt>
      <trkpt lat="39.334888" lon="-105.31028">
        <ele>2331.0</ele>
      </trkpt>
      <trkpt lat="39.334885" lon="-105.310585">
        <ele>2331.0</ele>
      </trkpt>
      <trkpt lat="39.334576" lon="-105.310669">
        <ele>2335.0</ele>
      </trkpt>
      <trkpt lat="39.334297" lon="-105.311005">
        <ele>2332.0</ele>
      </trkpt>
      <trkpt lat="39.3339" lon="-105.31115">
        <ele>2333.0</ele>
      </trkpt>
      <trkpt lat="39.33387" lon="-105.311768">
        <ele>2330.0</ele>
      </trkpt>
      <trkpt lat="39.333607" lon="-105.312904">
        <ele>2336.0</ele>
      </trkpt>
      <trkpt lat="39.334148" lon="-105.313026">
        <ele>2335.0</ele>
      </trkpt>
      <trkpt lat="39.334648" lon="-105.313904">
        <ele>2335.0</ele>
      </trkpt>
      <trkpt lat="39.334797" lon="-105.315552">
        <ele>2341.0</ele>
      </trkpt>
      <trkpt lat="39.334709" lon="-105.315826">
        <ele>2342.0</ele>
      </trkpt>
      <trkpt lat="39.334217" lon="-105.315895">
        <ele>2341.0</ele>
      </trkpt>
      <trkpt lat="39.334087" lon="-105.315681">
        <ele>2343.0</ele>
      </trkpt>
      <trkpt lat="39.333881" lon="-105.315849">
        <ele>2341.0</ele>
      </trkpt>
      <trkpt lat="39.33374" lon="-105.316246">
        <ele>2339.0</ele>
      </trkpt>
      <trkpt lat="39.333561" lon="-105.316269">
        <ele>2342.0</ele>
      </trkpt>
      <trkpt lat="39.333618" lon="-105.316635">
        <ele>2336.0</ele>
      </trkpt>
      <trkpt lat="39.333561" lon="-105.317589">
        <ele>2333.0</ele>
      </trkpt>
      <trkpt lat="39.333992" lon="-105.318657">
        <ele>2329.0</ele>
      </trkpt>
      <trkpt lat="39.334312" lon="-105.318863">
        <ele>2324.0</ele>
      </trkpt>
      <trkpt lat="39.334446" lon="-105.319534">
        <ele>2318.0</ele>
      </trkpt>
      <trkpt lat="39.334354" lon="-105.320015">
        <ele>2318.0</ele>
      </trkpt>
      <trkpt lat="39.33461" lon="-105.320892">
        <ele>2312.0</ele>
      </trkpt>
      <trkpt lat="39.334526" lon="-105.321663">
        <ele>2312.0</ele>
      </trkpt>
      <trkpt lat="39.335087" lon="-105.32206">
        <ele>2310.0</ele>
      </trkpt>
      <trkpt lat="39.3353" lon="-105.322632">
        <ele>2308.0</ele>
      </trkpt>
      <trkpt lat="39.335785" lon="-105.323463">
        <ele>2299.0</ele>
      </trkpt>
      <trkpt lat="39.335835" lon="-105.323997">
        <ele>2305.0</ele>
      </trkpt>
      <trkpt lat="39.335976" lon="-105.324081">
        <ele>2301.0</ele>
      </trkpt>
      <trkpt lat="39.336292" lon="-105.325089">
        <ele>2301.0</ele>
      </trkpt>
      <trkpt lat="39.336571" lon="-105.325447">
        <ele>2300.0</ele>
      </trkpt>
      <trkpt lat="39.336697" lon="-105.326164">
        <ele>2301.0</ele>
      </trkpt>
      <trkpt lat="39.33696" lon="-105.326492">
        <ele>2294.0</ele>
      </trkpt>
      <trkpt lat="39.337177" lon="-105.327148">
        <ele>2287.0</ele>
      </trkpt>
      <trkpt lat="39.336887" lon="-105.327484">
        <ele>2290.0</ele>
      </trkpt>
      <trkpt lat="39.33675" lon="-105.327843">
        <ele>2290.0</ele>
      </trkpt>
      <trkpt lat="39.336369" lon="-105.328224">
        <ele>2296.0</ele>
      </trkpt>
      <trkpt lat="39.336979" lon="-105.328621">
        <ele>2292.0</ele>
      </trkpt>
      <trkpt lat="39.336922" lon="-105.329254">
        <ele>2296.0</ele>
      </trkpt>
      <trkpt lat="39.337029" lon="-105.3293">
        <ele>2294.0</ele>
      </trkpt>
      <trkpt lat="39.33709" lon="-105.329521">
        <ele>2292.0</ele>
      </trkpt>
      <trkpt lat="39.336929" lon="-105.329773">
        <ele>2294.0</ele>
      </trkpt>
      <trkpt lat="39.337017" lon="-105.330032">
        <ele>2295.0</ele>
      </trkpt>
      <trkpt lat="39.337154" lon="-105.330109">
        <ele>2294.0</ele>
      </trkpt>
      <trkpt lat="39.337135" lon="-105.330521">
        <ele>2296.0</ele>
      </trkpt>
      <trkpt lat="39.336662" lon="-105.330994">
        <ele>2299.0</ele>
      </trkpt>
      <trkpt lat="39.337429" lon="-105.333359">
        <ele>2296.0</ele>
      </trkpt>
      <trkpt lat="39.337852" lon="-105.334084">
        <ele>2293.0</ele>
      </trkpt>
      <trkpt lat="39.337868" lon="-105.334389">
        <ele>2291.0</ele>
      </trkpt>
      <trkpt lat="39.33823" lon="-105.334229">
        <ele>2287.0</ele>
      </trkpt>
      <trkpt lat="39.338497" lon="-105.334511">
        <ele>2284.0</ele>
      </trkpt>
      <trkpt lat="39.33865" lon="-105.33448">
        <ele>2282.0</ele>
      </trkpt>
      <trkpt lat="39.339157" lon="-105.334824">
        <ele>2273.0</ele>
      </trkpt>
      <trkpt lat="39.339203" lon="-105.334099">
        <ele>2272.0</ele>
      </trkpt>
      <trkpt lat="39.339645" lon="-105.333778">
        <ele>2267.0</ele>
      </trkpt>
      <trkpt lat="39.339836" lon="-105.334526">
        <ele>2263.0</ele>
      </trkpt>
      <trkpt lat="39.339939" lon="-105.334602">
        <ele>2260.0</ele>
      </trkpt>
      <trkpt lat="39.339989" lon="-105.335159">
        <ele>2256.0</ele>
      </trkpt>
      <trkpt lat="39.339756" lon="-105.335617">
        <ele>2258.0</ele>
      </trkpt>
      <trkpt lat="39.339512" lon="-105.335594">
        <ele>2260.0</ele>
      </trkpt>
      <trkpt lat="39.339447" lon="-105.335747">
        <ele>2261.0</ele>
      </trkpt>
      <trkpt lat="39.339542" lon="-105.336082">
        <ele>2262.0</ele>
      </trkpt>
      <trkpt lat="39.33987" lon="-105.336464">
        <ele>2261.0</ele>
      </trkpt>
      <trkpt lat="39.339897" lon="-105.337196">
        <ele>2254.0</ele>
      </trkpt>
      <trkpt lat="39.340191" lon="-105.337135">
        <ele>2251.0</ele>
      </trkpt>
      <trkpt lat="39.340164" lon="-105.337822">
        <ele>2247.0</ele>
      </trkpt>
      <trkpt lat="39.340313" lon="-105.33812">
        <ele>2245.0</ele>
      </trkpt>
      <trkpt lat="39.340382" lon="-105.338753">
        <ele>2245.0</ele>
      </trkpt>
      <trkpt lat="39.340137" lon="-105.340446">
        <ele>2255.0</ele>
      </trkpt>
      <trkpt lat="39.340267" lon="-105.340622">
        <ele>2260.0</ele>
      </trkpt>
      <trkpt lat="39.340298" lon="-105.340927">
        <ele>2265.0</ele>
      </trkpt>
      <trkpt lat="39.340065" lon="-105.341385">
        <ele>2264.0</ele>
      </trkpt>
      <trkpt lat="39.339558" lon="-105.341446">
        <ele>2260.0</ele>
      </trkpt>
      <trkpt lat="39.339245" lon="-105.341774">
        <ele>2265.0</ele>
      </trkpt>
      <trkpt lat="39.339146" lon="-105.342094">
        <ele>2271.0</ele>
      </trkpt>
      <trkpt lat="39.339588" lon="-105.34185">
        <ele>2272.0</ele>
      </trkpt>
      <trkpt lat="39.339748" lon="-105.341881">
        <ele>2274.0</ele>
      </trkpt>
      <trkpt lat="39.33987" lon="-105.342064">
        <ele>2280.0</ele>
      </trkpt>
      <trkpt lat="39.340122" lon="-105.341972">
        <ele>2279.0</ele>
      </trkpt>
      <trkpt lat="39.34058" lon="-105.342308">
        <ele>2289.0</ele>
      </trkpt>
      <trkpt lat="39.340679" lon="-105.342064">
        <ele>2289.0</ele>
      </trkpt>
      <trkpt lat="39.341198" lon="-105.342018">
        <ele>2278.0</ele>
      </trkpt>
      <trkpt lat="39.341248" lon="-105.342186">
        <ele>2279.0</ele>
      </trkpt>
      <trkpt lat="39.341087" lon="-105.342209">
        <ele>2285.0</ele>
      </trkpt>
      <trkpt lat="39.340977" lon="-105.342392">
        <ele>2287.0</ele>
      </trkpt>
      <trkpt lat="39.340908" lon="-105.343445">
        <ele>2292.0</ele>
      </trkpt>
      <trkpt lat="39.340511" lon="-105.344696">
        <ele>2309.0</ele>
      </trkpt>
      <trkpt lat="39.340656" lon="-105.345116">
        <ele>2309.0</ele>
      </trkpt>
      <trkpt lat="39.340485" lon="-105.347137">
        <ele>2334.0</ele>
      </trkpt>
      <trkpt lat="39.340698" lon="-105.34742">
        <ele>2338.0</ele>
      </trkpt>
      <trkpt lat="39.340832" lon="-105.347893">
        <ele>2344.0</ele>
      </trkpt>
      <trkpt lat="39.341099" lon="-105.347984">
        <ele>2342.0</ele>
      </trkpt>
      <trkpt lat="39.341011" lon="-105.348351">
        <ele>2348.0</ele>
      </trkpt>
      <trkpt lat="39.340515" lon="-105.348022">
        <ele>2347.0</ele>
      </trkpt>
      <trkpt lat="39.340347" lon="-105.348137">
        <ele>2349.0</ele>
      </trkpt>
      <trkpt lat="39.340355" lon="-105.34845">
        <ele>2354.0</ele>
      </trkpt>
      <trkpt lat="39.340446" lon="-105.348495">
        <ele>2354.0</ele>
      </trkpt>
      <trkpt lat="39.340633" lon="-105.349174">
        <ele>2363.0</ele>
      </trkpt>
      <trkpt lat="39.34053" lon="-105.349876">
        <ele>2377.0</ele>
      </trkpt>
      <trkpt lat="39.34063" lon="-105.350212">
        <ele>2380.0</ele>
      </trkpt>
      <trkpt lat="39.341148" lon="-105.35096">
        <ele>2383.0</ele>
      </trkpt>
      <trkpt lat="39.341377" lon="-105.351685">
        <ele>2389.0</ele>
      </trkpt>
      <trkpt lat="39.341599" lon="-105.351974">
        <ele>2390.0</ele>
      </trkpt>
      <trkpt lat="39.341774" lon="-105.352577">
        <ele>2388.0</ele>
      </trkpt>
      <trkpt lat="39.341438" lon="-105.353935">
        <ele>2392.0</ele>
      </trkpt>
      <trkpt lat="39.341473" lon="-105.354408">
        <ele>2397.0</ele>
      </trkpt>
      <trkpt lat="39.341396" lon="-105.354774">
        <ele>2401.0</ele>
      </trkpt>
      <trkpt lat="39.34148" lon="-105.356155">
        <ele>2402.0</ele>
      </trkpt>
      <trkpt lat="39.341427" lon="-105.357056">
        <ele>2397.0</ele>
      </trkpt>
      <trkpt lat="39.340919" lon="-105.35894">
        <ele>2406.0</ele>
      </trkpt>
      <trkpt lat="39.341045" lon="-105.361099">
        <ele>2416.0</ele>
      </trkpt>
      <trkpt lat="39.341404" lon="-105.361572">
        <ele>2414.0</ele>
      </trkpt>
      <trkpt lat="39.341476" lon="-105.361816">
        <ele>2412.0</ele>
      </trkpt>
      <trkpt lat="39.341373" lon="-105.36235">
        <ele>2414.0</ele>
      </trkpt>
      <trkpt lat="39.341209" lon="-105.36261">
        <ele>2415.0</ele>
      </trkpt>
      <trkpt lat="39.341236" lon="-105.363586">
        <ele>2414.0</ele>
      </trkpt>
      <trkpt lat="39.341064" lon="-105.36438">
        <ele>2416.0</ele>
      </trkpt>
      <trkpt lat="39.341278" lon="-105.365471">
        <ele>2418.0</ele>
      </trkpt>
      <trkpt lat="39.341518" lon="-105.366028">
        <ele>2421.0</ele>
      </trkpt>
      <trkpt lat="39.341923" lon="-105.366379">
        <ele>2425.0</ele>
      </trkpt>
      <trkpt lat="39.34198" lon="-105.367912">
        <ele>2433.0</ele>
      </trkpt>
      <trkpt lat="39.342339" lon="-105.368706">
        <ele>2438.0</ele>
      </trkpt>
      <trkpt lat="39.343246" lon="-105.369743">
        <ele>2441.0</ele>
      </trkpt>
      <trkpt lat="39.343472" lon="-105.370384">
        <ele>2448.0</ele>
      </trkpt>
      <trkpt lat="39.343464" lon="-105.370605">
        <ele>2449.0</ele>
      </trkpt>
      <trkpt lat="39.344318" lon="-105.372772">
        <ele>2449.0</ele>
      </trkpt>
      <trkpt lat="39.344395" lon="-105.373383">
        <ele>2443.0</ele>
      </trkpt>
      <trkpt lat="39.344009" lon="-105.373528">
        <ele>2452.0</ele>
      </trkpt>
      <trkpt lat="39.344097" lon="-105.373978">
        <ele>2454.0</ele>
      </trkpt>
      <trkpt lat="39.344337" lon="-105.374268">
        <ele>2455.0</ele>
      </trkpt>
      <trkpt lat="39.344345" lon="-105.374496">
        <ele>2457.0</ele>
      </trkpt>
      <trkpt lat="39.344456" lon="-105.374657">
        <ele>2455.0</ele>
      </trkpt>
      <trkpt lat="39.34494" lon="-105.374748">
        <ele>2448.0</ele>
      </trkpt>
      <trkpt lat="39.345066" lon="-105.375069">
        <ele>2444.0</ele>
      </trkpt>
      <trkpt lat="39.344963" lon="-105.375359">
        <ele>2445.0</ele>
      </trkpt>
      <trkpt lat="39.345192" lon="-105.376144">
        <ele>2440.0</ele>
      </trkpt>
      <trkpt lat="39.3452" lon="-105.376633">
        <ele>2437.0</ele>
      </trkpt>
      <trkpt lat="39.345108" lon="-105.376793">
        <ele>2438.0</ele>
      </trkpt>
      <trkpt lat="39.3452" lon="-105.376999">
        <ele>2436.0</ele>
      </trkpt>
      <trkpt lat="39.345154" lon="-105.377487">
        <ele>2434.0</ele>
      </trkpt>
      <trkpt lat="39.344997" lon="-105.377701">
        <ele>2436.0</ele>
      </trkpt>
      <trkpt lat="39.344807" lon="-105.379013">
        <ele>2437.0</ele>
      </trkpt>
      <trkpt lat="39.344658" lon="-105.379272">
        <ele>2439.0</ele>
      </trkpt>
      <trkpt lat="39.344509" lon="-105.379921">
        <ele>2437.0</ele>
      </trkpt>
      <trkpt lat="39.344238" lon="-105.380142">
        <ele>2441.0</ele>
      </trkpt>
      <trkpt lat="39.343987" lon="-105.381195">
        <ele>2441.0</ele>
      </trkpt>
      <trkpt lat="39.34362" lon="-105.381943">
        <ele>2441.0</ele>
      </trkpt>
      <trkpt lat="39.343201" lon="-105.381973">
        <ele>2448.0</ele>
      </trkpt>
      <trkpt lat="39.342869" lon="-105.382156">
        <ele>2447.0</ele>
      </trkpt>
      <trkpt lat="39.342266" lon="-105.382835">
        <ele>2458.0</ele>
      </trkpt>
      <trkpt lat="39.342091" lon="-105.383171">
        <ele>2463.0</ele>
      </trkpt>
      <trkpt lat="39.342171" lon="-105.383385">
        <ele>2462.0</ele>
      </trkpt>
      <trkpt lat="39.341919" lon="-105.383713">
        <ele>2464.0</ele>
      </trkpt>
      <trkpt lat="39.341682" lon="-105.383812">
        <ele>2466.0</ele>
      </trkpt>
      <trkpt lat="39.341461" lon="-105.38414">
        <ele>2471.0</ele>
      </trkpt>
      <trkpt lat="39.341393" lon="-105.384453">
        <ele>2471.0</ele>
      </trkpt>
      <trkpt lat="39.341072" lon="-105.384827">
        <ele>2473.0</ele>
      </trkpt>
      <trkpt lat="39.340576" lon="-105.384926">
        <ele>2481.0</ele>
      </trkpt>
      <trkpt lat="39.340576" lon="-105.385155">
        <ele>2479.0</ele>
      </trkpt>
      <trkpt lat="39.340042" lon="-105.385597">
        <ele>2487.0</ele>
      </trkpt>
      <trkpt lat="39.339439" lon="-105.385353">
        <ele>2502.0</ele>
      </trkpt>
      <trkpt lat="39.339012" lon="-105.386879">
        <ele>2501.0</ele>
      </trkpt>
      <trkpt lat="39.33884" lon="-105.387001">
        <ele>2499.0</ele>
      </trkpt>
      <trkpt lat="39.338108" lon="-105.386688">
        <ele>2502.0</ele>
      </trkpt>
      <trkpt lat="39.337799" lon="-105.387077">
        <ele>2503.0</ele>
      </trkpt>
      <trkpt lat="39.337898" lon="-105.38842">
        <ele>2504.0</ele>
      </trkpt>
      <trkpt lat="39.338226" lon="-105.38903">
        <ele>2500.0</ele>
      </trkpt>
      <trkpt lat="39.33828" lon="-105.389381">
        <ele>2500.0</ele>
      </trkpt>
      <trkpt lat="39.338192" lon="-105.389954">
        <ele>2499.0</ele>
      </trkpt>
      <trkpt lat="39.337963" lon="-105.390137">
        <ele>2500.0</ele>
      </trkpt>
      <trkpt lat="39.337376" lon="-105.390274">
        <ele>2503.0</ele>
      </trkpt>
      <trkpt lat="39.337151" lon="-105.390221">
        <ele>2507.0</ele>
      </trkpt>
      <trkpt lat="39.33704" lon="-105.390877">
        <ele>2509.0</ele>
      </trkpt>
      <trkpt lat="39.337608" lon="-105.391167">
        <ele>2505.0</ele>
      </trkpt>
      <trkpt lat="39.338318" lon="-105.392036">
        <ele>2504.0</ele>
      </trkpt>
      <trkpt lat="39.33839" lon="-105.39225">
        <ele>2505.0</ele>
      </trkpt>
      <trkpt lat="39.338326" lon="-105.39254">
        <ele>2506.0</ele>
      </trkpt>
      <trkpt lat="39.338425" lon="-105.39312">
        <ele>2505.0</ele>
      </trkpt>
      <trkpt lat="39.338181" lon="-105.393852">
        <ele>2499.0</ele>
      </trkpt>
      <trkpt lat="39.338215" lon="-105.394501">
        <ele>2492.0</ele>
      </trkpt>
      <trkpt lat="39.338337" lon="-105.394936">
        <ele>2486.0</ele>
      </trkpt>
      <trkpt lat="39.338169" lon="-105.395271">
        <ele>2484.0</ele>
      </trkpt>
      <trkpt lat="39.338264" lon="-105.395493">
        <ele>2483.0</ele>
      </trkpt>
      <trkpt lat="39.338482" lon="-105.395599">
        <ele>2480.0</ele>
      </trkpt>
      <trkpt lat="39.338448" lon="-105.396019">
        <ele>2483.0</ele>
      </trkpt>
      <trkpt lat="39.338913" lon="-105.396461">
        <ele>2489.0</ele>
      </trkpt>
      <trkpt lat="39.339066" lon="-105.396881">
        <ele>2496.0</ele>
      </trkpt>
      <trkpt lat="39.339306" lon="-105.397087">
        <ele>2495.0</ele>
      </trkpt>
      <trkpt lat="39.338837" lon="-105.397079">
        <ele>2500.0</ele>
      </trkpt>
      <trkpt lat="39.338718" lon="-105.397263">
        <ele>2503.0</ele>
      </trkpt>
      <trkpt lat="39.338757" lon="-105.397972">
        <ele>2512.0</ele>
      </trkpt>
      <trkpt lat="39.338963" lon="-105.398087">
        <ele>2512.0</ele>
      </trkpt>
      <trkpt lat="39.338726" lon="-105.399696">
        <ele>2534.0</ele>
      </trkpt>
      <trkpt lat="39.338612" lon="-105.399818">
        <ele>2535.0</ele>
      </trkpt>
      <trkpt lat="39.338512" lon="-105.400543">
        <ele>2528.0</ele>
      </trkpt>
      <trkpt lat="39.338573" lon="-105.400978">
        <ele>2526.0</ele>
      </trkpt>
      <trkpt lat="39.33844" lon="-105.400864">
        <ele>2523.0</ele>
      </trkpt>
      <trkpt lat="39.338417" lon="-105.401199">
        <ele>2522.0</ele>
      </trkpt>
      <trkpt lat="39.337765" lon="-105.400482">
        <ele>2510.0</ele>
      </trkpt>
      <trkpt lat="39.336514" lon="-105.398087">
        <ele>2503.0</ele>
      </trkpt>
      <trkpt lat="39.336197" lon="-105.397118">
        <ele>2498.0</ele>
      </trkpt>
      <trkpt lat="39.335983" lon="-105.395767">
        <ele>2497.0</ele>
      </trkpt>
      <trkpt lat="39.334042" lon="-105.392998">
        <ele>2499.0</ele>
      </trkpt>
      <trkpt lat="39.332958" lon="-105.391098">
        <ele>2488.0</ele>
      </trkpt>
      <trkpt lat="39.332809" lon="-105.390671">
        <ele>2481.0</ele>
      </trkpt>
      <trkpt lat="39.3326" lon="-105.390404">
        <ele>2476.0</ele>
      </trkpt>
      <trkpt lat="39.332047" lon="-105.390282">
        <ele>2470.0</ele>
      </trkpt>
      <trkpt lat="39.331715" lon="-105.390335">
        <ele>2468.0</ele>
      </trkpt>
      <trkpt lat="39.331577" lon="-105.390503">
        <ele>2467.0</ele>
      </trkpt>
      <trkpt lat="39.331463" lon="-105.391319">
        <ele>2469.0</ele>
      </trkpt>
      <trkpt lat="39.33136" lon="-105.391441">
        <ele>2466.0</ele>
      </trkpt>
      <trkpt lat="39.330929" lon="-105.391411">
        <ele>2463.0</ele>
      </trkpt>
      <trkpt lat="39.330429" lon="-105.390541">
        <ele>2462.0</ele>
      </trkpt>
      <trkpt lat="39.329987" lon="-105.390137">
        <ele>2466.0</ele>
      </trkpt>
      <trkpt lat="39.329945" lon="-105.389847">
        <ele>2466.0</ele>
      </trkpt>
      <trkpt lat="39.330051" lon="-105.389244">
        <ele>2467.0</ele>
      </trkpt>
      <trkpt lat="39.329823" lon="-105.386536">
        <ele>2469.0</ele>
      </trkpt>
      <trkpt lat="39.329514" lon="-105.385757">
        <ele>2477.0</ele>
      </trkpt>
      <trkpt lat="39.329178" lon="-105.384453">
        <ele>2482.0</ele>
      </trkpt>
      <trkpt lat="39.328022" lon="-105.382195">
        <ele>2481.0</ele>
      </trkpt>
      <trkpt lat="39.327793" lon="-105.381462">
        <ele>2481.0</ele>
      </trkpt>
      <trkpt lat="39.326523" lon="-105.379761">
        <ele>2470.0</ele>
      </trkpt>
      <trkpt lat="39.326126" lon="-105.379593">
        <ele>2467.0</ele>
      </trkpt>
      <trkpt lat="39.325771" lon="-105.379631">
        <ele>2464.0</ele>
      </trkpt>
      <trkpt lat="39.325123" lon="-105.379219">
        <ele>2456.0</ele>
      </trkpt>
      <trkpt lat="39.324738" lon="-105.379189">
        <ele>2452.0</ele>
      </trkpt>
      <trkpt lat="39.323856" lon="-105.378838">
        <ele>2446.0</ele>
      </trkpt>
      <trkpt lat="39.323593" lon="-105.378883">
        <ele>2442.0</ele>
      </trkpt>
      <trkpt lat="39.323135" lon="-105.379196">
        <ele>2436.0</ele>
      </trkpt>
      <trkpt lat="39.322475" lon="-105.380219">
        <ele>2433.0</ele>
      </trkpt>
      <trkpt lat="39.322037" lon="-105.380348">
        <ele>2430.0</ele>
      </trkpt>
      <trkpt lat="39.321507" lon="-105.379868">
        <ele>2424.0</ele>
      </trkpt>
      <trkpt lat="39.321465" lon="-105.379051">
        <ele>2426.0</ele>
      </trkpt>
      <trkpt lat="39.32114" lon="-105.377129">
        <ele>2437.0</ele>
      </trkpt>
      <trkpt lat="39.321201" lon="-105.376793">
        <ele>2438.0</ele>
      </trkpt>
      <trkpt lat="39.321579" lon="-105.376083">
        <ele>2440.0</ele>
      </trkpt>
      <trkpt lat="39.321476" lon="-105.374771">
        <ele>2441.0</ele>
      </trkpt>
      <trkpt lat="39.321526" lon="-105.373634">
        <ele>2445.0</ele>
      </trkpt>
      <trkpt lat="39.32132" lon="-105.372063">
        <ele>2454.0</ele>
      </trkpt>
      <trkpt lat="39.320553" lon="-105.36998">
        <ele>2450.0</ele>
      </trkpt>
      <trkpt lat="39.320126" lon="-105.36853">
        <ele>2460.0</ele>
      </trkpt>
      <trkpt lat="39.319584" lon="-105.367615">
        <ele>2466.0</ele>
      </trkpt>
      <trkpt lat="39.318886" lon="-105.365761">
        <ele>2464.0</ele>
      </trkpt>
      <trkpt lat="39.318607" lon="-105.365372">
        <ele>2458.0</ele>
      </trkpt>
      <trkpt lat="39.317841" lon="-105.365211">
        <ele>2447.0</ele>
      </trkpt>
      <trkpt lat="39.316967" lon="-105.364616">
        <ele>2448.0</ele>
      </trkpt>
      <trkpt lat="39.313454" lon="-105.360367">
        <ele>2446.0</ele>
      </trkpt>
      <trkpt lat="39.312912" lon="-105.360176">
        <ele>2447.0</ele>
      </trkpt>
      <trkpt lat="39.311081" lon="-105.358803">
        <ele>2446.0</ele>
      </trkpt>
      <trkpt lat="39.3102" lon="-105.3573">
        <ele>2449.0</ele>
      </trkpt>
      <trkpt lat="39.30999" lon="-105.354828">
        <ele>2462.0</ele>
      </trkpt>
      <trkpt lat="39.309708" lon="-105.354088">
        <ele>2466.0</ele>
      </trkpt>
      <trkpt lat="39.30901" lon="-105.353218">
        <ele>2465.0</ele>
      </trkpt>
      <trkpt lat="39.308537" lon="-105.352829">
        <ele>2462.0</ele>
      </trkpt>
      <trkpt lat="39.308109" lon="-105.351974">
        <ele>2461.0</ele>
      </trkpt>
      <trkpt lat="39.308498" lon="-105.351028">
        <ele>2465.0</ele>
      </trkpt>
      <trkpt lat="39.308334" lon="-105.350266">
        <ele>2468.0</ele>
      </trkpt>
      <trkpt lat="39.307755" lon="-105.34922">
        <ele>2474.0</ele>
      </trkpt>
      <trkpt lat="39.307148" lon="-105.347565">
        <ele>2486.0</ele>
      </trkpt>
      <trkpt lat="39.306011" lon="-105.346176">
        <ele>2491.0</ele>
      </trkpt>
      <trkpt lat="39.305553" lon="-105.3452">
        <ele>2496.0</ele>
      </trkpt>
      <trkpt lat="39.304302" lon="-105.343391">
        <ele>2509.0</ele>
      </trkpt>
      <trkpt lat="39.304253" lon="-105.341812">
        <ele>2528.0</ele>
      </trkpt>
      <trkpt lat="39.303761" lon="-105.341034">
        <ele>2532.0</ele>
      </trkpt>
      <trkpt lat="39.303593" lon="-105.340034">
        <ele>2540.0</ele>
      </trkpt>
      <trkpt lat="39.303181" lon="-105.339417">
        <ele>2543.0</ele>
      </trkpt>
      <trkpt lat="39.302753" lon="-105.339142">
        <ele>2547.0</ele>
      </trkpt>
      <trkpt lat="39.302376" lon="-105.338234">
        <ele>2559.0</ele>
      </trkpt>
      <trkpt lat="39.302128" lon="-105.337875">
        <ele>2560.0</ele>
      </trkpt>
      <trkpt lat="39.301254" lon="-105.337448">
        <ele>2569.0</ele>
      </trkpt>
      <trkpt lat="39.300495" lon="-105.336868">
        <ele>2579.0</ele>
      </trkpt>
      <trkpt lat="39.299221" lon="-105.335289">
        <ele>2595.0</ele>
      </trkpt>
      <trkpt lat="39.297501" lon="-105.33429">
        <ele>2612.0</ele>
      </trkpt>
      <trkpt lat="39.296257" lon="-105.33326">
        <ele>2603.0</ele>
      </trkpt>
      <trkpt lat="39.295883" lon="-105.332825">
        <ele>2600.0</ele>
      </trkpt>
      <trkpt lat="39.295555" lon="-105.33213">
        <ele>2595.0</ele>
      </trkpt>
      <trkpt lat="39.294571" lon="-105.330627">
        <ele>2584.0</ele>
      </trkpt>
      <trkpt lat="39.293709" lon="-105.329742">
        <ele>2578.0</ele>
      </trkpt>
      <trkpt lat="39.293247" lon="-105.328972">
        <ele>2577.0</ele>
      </trkpt>
      <trkpt lat="39.292583" lon="-105.328308">
        <ele>2576.0</ele>
      </trkpt>
      <trkpt lat="39.292" lon="-105.327911">
        <ele>2574.0</ele>
      </trkpt>
      <trkpt lat="39.291172" lon="-105.326752">
        <ele>2567.0</ele>
      </trkpt>
      <trkpt lat="39.290203" lon="-105.325745">
        <ele>2556.0</ele>
      </trkpt>
      <trkpt lat="39.289734" lon="-105.32502">
        <ele>2556.0</ele>
      </trkpt>
      <trkpt lat="39.289307" lon="-105.324661">
        <ele>2553.0</ele>
      </trkpt>
      <trkpt lat="39.289047" lon="-105.324188">
        <ele>2554.0</ele>
      </trkpt>
      <trkpt lat="39.287178" lon="-105.323425">
        <ele>2542.0</ele>
      </trkpt>
      <trkpt lat="39.286713" lon="-105.323364">
        <ele>2536.0</ele>
      </trkpt>
      <trkpt lat="39.285545" lon="-105.322586">
        <ele>2526.0</ele>
      </trkpt>
      <trkpt lat="39.28516" lon="-105.322037">
        <ele>2521.0</ele>
      </trkpt>
      <trkpt lat="39.285" lon="-105.321533">
        <ele>2520.0</ele>
      </trkpt>
      <trkpt lat="39.281727" lon="-105.320015">
        <ele>2505.0</ele>
      </trkpt>
      <trkpt lat="39.28059" lon="-105.31971">
        <ele>2496.0</ele>
      </trkpt>
      <trkpt lat="39.279629" lon="-105.320229">
        <ele>2490.0</ele>
      </trkpt>
      <trkpt lat="39.278973" lon="-105.319977">
        <ele>2495.0</ele>
      </trkpt>
      <trkpt lat="39.278538" lon="-105.32045">
        <ele>2489.0</ele>
      </trkpt>
      <trkpt lat="39.277634" lon="-105.320641">
        <ele>2491.0</ele>
      </trkpt>
      <trkpt lat="39.27681" lon="-105.320061">
        <ele>2484.0</ele>
      </trkpt>
      <trkpt lat="39.276093" lon="-105.319885">
        <ele>2472.0</ele>
      </trkpt>
      <trkpt lat="39.275097" lon="-105.320755">
        <ele>2463.0</ele>
      </trkpt>
      <trkpt lat="39.274727" lon="-105.320953">
        <ele>2460.0</ele>
      </trkpt>
      <trkpt lat="39.273849" lon="-105.321159">
        <ele>2458.0</ele>
      </trkpt>
      <trkpt lat="39.272385" lon="-105.321259">
        <ele>2456.0</ele>
      </trkpt>
      <trkpt lat="39.271481" lon="-105.321068">
        <ele>2456.0</ele>
      </trkpt>
      <trkpt lat="39.268719" lon="-105.320168">
        <ele>2445.0</ele>
      </trkpt>
      <trkpt lat="39.268169" lon="-105.320107">
        <ele>2442.0</ele>
      </trkpt>
      <trkpt lat="39.267063" lon="-105.319572">
        <ele>2436.0</ele>
      </trkpt>
      <trkpt lat="39.266052" lon="-105.318474">
        <ele>2433.0</ele>
      </trkpt>
      <trkpt lat="39.265129" lon="-105.317177">
        <ele>2424.0</ele>
      </trkpt>
      <trkpt lat="39.264763" lon="-105.316925">
        <ele>2420.0</ele>
      </trkpt>
      <trkpt lat="39.26363" lon="-105.316757">
        <ele>2413.0</ele>
      </trkpt>
      <trkpt lat="39.263023" lon="-105.3172">
        <ele>2414.0</ele>
      </trkpt>
      <trkpt lat="39.262215" lon="-105.317116">
        <ele>2410.0</ele>
      </trkpt>
      <trkpt lat="39.261799" lon="-105.317291">
        <ele>2410.0</ele>
      </trkpt>
      <trkpt lat="39.261547" lon="-105.31768">
        <ele>2413.0</ele>
      </trkpt>
      <trkpt lat="39.261356" lon="-105.317726">
        <ele>2414.0</ele>
      </trkpt>
      <trkpt lat="39.260811" lon="-105.317551">
        <ele>2410.0</ele>
      </trkpt>
      <trkpt lat="39.259972" lon="-105.317719">
        <ele>2412.0</ele>
      </trkpt>
      <trkpt lat="39.2598" lon="-105.317978">
        <ele>2412.0</ele>
      </trkpt>
      <trkpt lat="39.259769" lon="-105.318474">
        <ele>2412.0</ele>
      </trkpt>
      <trkpt lat="39.259521" lon="-105.319496">
        <ele>2410.0</ele>
      </trkpt>
      <trkpt lat="39.259426" lon="-105.321251">
        <ele>2414.0</ele>
      </trkpt>
      <trkpt lat="39.259205" lon="-105.322014">
        <ele>2414.0</ele>
      </trkpt>
      <trkpt lat="39.257965" lon="-105.322052">
        <ele>2420.0</ele>
      </trkpt>
      <trkpt lat="39.257717" lon="-105.322151">
        <ele>2420.0</ele>
      </trkpt>
      <trkpt lat="39.257332" lon="-105.322639">
        <ele>2420.0</ele>
      </trkpt>
      <trkpt lat="39.257298" lon="-105.323219">
        <ele>2426.0</ele>
      </trkpt>
      <trkpt lat="39.257046" lon="-105.32383">
        <ele>2431.0</ele>
      </trkpt>
      <trkpt lat="39.256523" lon="-105.326065">
        <ele>2448.0</ele>
      </trkpt>
      <trkpt lat="39.256294" lon="-105.327827">
        <ele>2460.0</ele>
      </trkpt>
      <trkpt lat="39.255802" lon="-105.329109">
        <ele>2472.0</ele>
      </trkpt>
      <trkpt lat="39.255562" lon="-105.330215">
        <ele>2483.0</ele>
      </trkpt>
      <trkpt lat="39.25518" lon="-105.33094">
        <ele>2487.0</ele>
      </trkpt>
      <trkpt lat="39.254871" lon="-105.3312">
        <ele>2489.0</ele>
      </trkpt>
      <trkpt lat="39.254833" lon="-105.331642">
        <ele>2496.0</ele>
      </trkpt>
      <trkpt lat="39.254681" lon="-105.331841">
        <ele>2498.0</ele>
      </trkpt>
      <trkpt lat="39.25428" lon="-105.331627">
        <ele>2495.0</ele>
      </trkpt>
      <trkpt lat="39.253681" lon="-105.331642">
        <ele>2496.0</ele>
      </trkpt>
      <trkpt lat="39.253429" lon="-105.33197">
        <ele>2498.0</ele>
      </trkpt>
      <trkpt lat="39.253143" lon="-105.333183">
        <ele>2500.0</ele>
      </trkpt>
      <trkpt lat="39.252235" lon="-105.333786">
        <ele>2503.0</ele>
      </trkpt>
      <trkpt lat="39.251759" lon="-105.334251">
        <ele>2502.0</ele>
      </trkpt>
      <trkpt lat="39.251289" lon="-105.335327">
        <ele>2508.0</ele>
      </trkpt>
      <trkpt lat="39.250111" lon="-105.337326">
        <ele>2508.0</ele>
      </trkpt>
      <trkpt lat="39.249584" lon="-105.337883">
        <ele>2510.0</ele>
      </trkpt>
      <trkpt lat="39.248936" lon="-105.338005">
        <ele>2513.0</ele>
      </trkpt>
      <trkpt lat="39.248642" lon="-105.337906">
        <ele>2515.0</ele>
      </trkpt>
      <trkpt lat="39.24831" lon="-105.337593">
        <ele>2516.0</ele>
      </trkpt>
      <trkpt lat="39.246536" lon="-105.335091">
        <ele>2501.0</ele>
      </trkpt>
      <trkpt lat="39.245987" lon="-105.334671">
        <ele>2497.0</ele>
      </trkpt>
      <trkpt lat="39.245476" lon="-105.333939">
        <ele>2492.0</ele>
      </trkpt>
      <trkpt lat="39.244713" lon="-105.333649">
        <ele>2486.0</ele>
      </trkpt>
      <trkpt lat="39.244213" lon="-105.333313">
        <ele>2479.0</ele>
      </trkpt>
      <trkpt lat="39.243435" lon="-105.331985">
        <ele>2471.0</ele>
      </trkpt>
      <trkpt lat="39.243382" lon="-105.331383">
        <ele>2471.0</ele>
      </trkpt>
      <trkpt lat="39.243195" lon="-105.331047">
        <ele>2464.0</ele>
      </trkpt>
      <trkpt lat="39.242756" lon="-105.331039">
        <ele>2458.0</ele>
      </trkpt>
      <trkpt lat="39.242554" lon="-105.330811">
        <ele>2457.0</ele>
      </trkpt>
      <trkpt lat="39.2425" lon="-105.330353">
        <ele>2459.0</ele>
      </trkpt>
      <trkpt lat="39.242691" lon="-105.329948">
        <ele>2461.0</ele>
      </trkpt>
      <trkpt lat="39.243019" lon="-105.329674">
        <ele>2460.0</ele>
      </trkpt>
      <trkpt lat="39.243504" lon="-105.328308">
        <ele>2452.0</ele>
      </trkpt>
      <trkpt lat="39.243984" lon="-105.327461">
        <ele>2447.0</ele>
      </trkpt>
      <trkpt lat="39.244041" lon="-105.326164">
        <ele>2435.0</ele>
      </trkpt>
      <trkpt lat="39.243931" lon="-105.325943">
        <ele>2431.0</ele>
      </trkpt>
      <trkpt lat="39.243641" lon="-105.325836">
        <ele>2426.0</ele>
      </trkpt>
      <trkpt lat="39.242847" lon="-105.326263">
        <ele>2425.0</ele>
      </trkpt>
      <trkpt lat="39.242222" lon="-105.326279">
        <ele>2422.0</ele>
      </trkpt>
      <trkpt lat="39.241295" lon="-105.325798">
        <ele>2413.0</ele>
      </trkpt>
      <trkpt lat="39.241093" lon="-105.325874">
        <ele>2411.0</ele>
      </trkpt>
      <trkpt lat="39.241001" lon="-105.326042">
        <ele>2408.0</ele>
      </trkpt>
      <trkpt lat="39.241241" lon="-105.32679">
        <ele>2410.0</ele>
      </trkpt>
      <trkpt lat="39.24123" lon="-105.327003">
        <ele>2409.0</ele>
      </trkpt>
      <trkpt lat="39.240971" lon="-105.327309">
        <ele>2407.0</ele>
      </trkpt>
      <trkpt lat="39.240784" lon="-105.327347">
        <ele>2406.0</ele>
      </trkpt>
      <trkpt lat="39.239902" lon="-105.326729">
        <ele>2397.0</ele>
      </trkpt>
      <trkpt lat="39.239452" lon="-105.326073">
        <ele>2393.0</ele>
      </trkpt>
      <trkpt lat="39.239223" lon="-105.325409">
        <ele>2387.0</ele>
      </trkpt>
      <trkpt lat="39.23901" lon="-105.325241">
        <ele>2384.0</ele>
      </trkpt>
      <trkpt lat="39.238766" lon="-105.325356">
        <ele>2383.0</ele>
      </trkpt>
      <trkpt lat="39.238579" lon="-105.325768">
        <ele>2379.0</ele>
      </trkpt>
      <trkpt lat="39.238316" lon="-105.325882">
        <ele>2379.0</ele>
      </trkpt>
      <trkpt lat="39.237759" lon="-105.325462">
        <ele>2376.0</ele>
      </trkpt>
      <trkpt lat="39.237484" lon="-105.324905">
        <ele>2369.0</ele>
      </trkpt>
      <trkpt lat="39.237312" lon="-105.324783">
        <ele>2367.0</ele>
      </trkpt>
      <trkpt lat="39.237114" lon="-105.324806">
        <ele>2366.0</ele>
      </trkpt>
      <trkpt lat="39.236923" lon="-105.325073">
        <ele>2363.0</ele>
      </trkpt>
      <trkpt lat="39.236824" lon="-105.325691">
        <ele>2361.0</ele>
      </trkpt>
      <trkpt lat="39.236572" lon="-105.325928">
        <ele>2358.0</ele>
      </trkpt>
      <trkpt lat="39.236389" lon="-105.325912">
        <ele>2358.0</ele>
      </trkpt>
      <trkpt lat="39.235256" lon="-105.324287">
        <ele>2346.0</ele>
      </trkpt>
      <trkpt lat="39.234905" lon="-105.323936">
        <ele>2343.0</ele>
      </trkpt>
      <trkpt lat="39.234356" lon="-105.323662">
        <ele>2339.0</ele>
      </trkpt>
      <trkpt lat="39.234035" lon="-105.323784">
        <ele>2336.0</ele>
      </trkpt>
      <trkpt lat="39.233627" lon="-105.324455">
        <ele>2330.0</ele>
      </trkpt>
      <trkpt lat="39.23341" lon="-105.324562">
        <ele>2328.0</ele>
      </trkpt>
      <trkpt lat="39.23328" lon="-105.324463">
        <ele>2326.0</ele>
      </trkpt>
      <trkpt lat="39.232426" lon="-105.320816">
        <ele>2306.0</ele>
      </trkpt>
      <trkpt lat="39.23214" lon="-105.320702">
        <ele>2303.0</ele>
      </trkpt>
      <trkpt lat="39.231899" lon="-105.320992">
        <ele>2300.0</ele>
      </trkpt>
      <trkpt lat="39.231895" lon="-105.321533">
        <ele>2301.0</ele>
      </trkpt>
      <trkpt lat="39.231777" lon="-105.321655">
        <ele>2298.0</ele>
      </trkpt>
      <trkpt lat="39.231594" lon="-105.321556">
        <ele>2295.0</ele>
      </trkpt>
      <trkpt lat="39.230892" lon="-105.320099">
        <ele>2282.0</ele>
      </trkpt>
      <trkpt lat="39.230618" lon="-105.317863">
        <ele>2277.0</ele>
      </trkpt>
      <trkpt lat="39.230175" lon="-105.316856">
        <ele>2273.0</ele>
      </trkpt>
      <trkpt lat="39.230137" lon="-105.316559">
        <ele>2272.0</ele>
      </trkpt>
      <trkpt lat="39.2304" lon="-105.315094">
        <ele>2268.0</ele>
      </trkpt>
      <trkpt lat="39.230461" lon="-105.314041">
        <ele>2265.0</ele>
      </trkpt>
      <trkpt lat="39.230846" lon="-105.313187">
        <ele>2265.0</ele>
      </trkpt>
      <trkpt lat="39.230957" lon="-105.312119">
        <ele>2263.0</ele>
      </trkpt>
      <trkpt lat="39.231388" lon="-105.310547">
        <ele>2260.0</ele>
      </trkpt>
      <trkpt lat="39.231697" lon="-105.310051">
        <ele>2262.0</ele>
      </trkpt>
      <trkpt lat="39.231888" lon="-105.309174">
        <ele>2258.0</ele>
      </trkpt>
      <trkpt lat="39.231869" lon="-105.308685">
        <ele>2254.0</ele>
      </trkpt>
      <trkpt lat="39.231323" lon="-105.306427">
        <ele>2260.0</ele>
      </trkpt>
      <trkpt lat="39.231224" lon="-105.305115">
        <ele>2260.0</ele>
      </trkpt>
      <trkpt lat="39.230743" lon="-105.303139">
        <ele>2255.0</ele>
      </trkpt>
      <trkpt lat="39.230083" lon="-105.302177">
        <ele>2258.0</ele>
      </trkpt>
      <trkpt lat="39.229752" lon="-105.301926">
        <ele>2260.0</ele>
      </trkpt>
      <trkpt lat="39.229362" lon="-105.302025">
        <ele>2261.0</ele>
      </trkpt>
      <trkpt lat="39.229084" lon="-105.30191">
        <ele>2260.0</ele>
      </trkpt>
      <trkpt lat="39.228703" lon="-105.302048">
        <ele>2262.0</ele>
      </trkpt>
      <trkpt lat="39.228561" lon="-105.301979">
        <ele>2263.0</ele>
      </trkpt>
      <trkpt lat="39.228588" lon="-105.301147">
        <ele>2260.0</ele>
      </trkpt>
      <trkpt lat="39.228313" lon="-105.300385">
        <ele>2264.0</ele>
      </trkpt>
      <trkpt lat="39.227558" lon="-105.299728">
        <ele>2271.0</ele>
      </trkpt>
      <trkpt lat="39.227539" lon="-105.299248">
        <ele>2271.0</ele>
      </trkpt>
      <trkpt lat="39.227276" lon="-105.298607">
        <ele>2272.0</ele>
      </trkpt>
      <trkpt lat="39.227264" lon="-105.298172">
        <ele>2274.0</ele>
      </trkpt>
      <trkpt lat="39.227024" lon="-105.297226">
        <ele>2279.0</ele>
      </trkpt>
      <trkpt lat="39.226669" lon="-105.296501">
        <ele>2278.0</ele>
      </trkpt>
      <trkpt lat="39.226604" lon="-105.296524">
        <ele>2278.0</ele>
      </trkpt>
      <trkpt lat="39.226284" lon="-105.298752">
        <ele>2282.0</ele>
      </trkpt>
      <trkpt lat="39.226501" lon="-105.300865">
        <ele>2285.0</ele>
      </trkpt>
      <trkpt lat="39.226173" lon="-105.304276">
        <ele>2299.0</ele>
      </trkpt>
      <trkpt lat="39.225815" lon="-105.305107">
        <ele>2309.0</ele>
      </trkpt>
      <trkpt lat="39.225578" lon="-105.306137">
        <ele>2316.0</ele>
      </trkpt>
      <trkpt lat="39.22504" lon="-105.306892">
        <ele>2329.0</ele>
      </trkpt>
      <trkpt lat="39.22493" lon="-105.307388">
        <ele>2333.0</ele>
      </trkpt>
      <trkpt lat="39.224964" lon="-105.307854">
        <ele>2335.0</ele>
      </trkpt>
      <trkpt lat="39.224834" lon="-105.308472">
        <ele>2340.0</ele>
      </trkpt>
      <trkpt lat="39.224438" lon="-105.309479">
        <ele>2344.0</ele>
      </trkpt>
      <trkpt lat="39.224056" lon="-105.310066">
        <ele>2345.0</ele>
      </trkpt>
      <trkpt lat="39.223709" lon="-105.310913">
        <ele>2346.0</ele>
      </trkpt>
      <trkpt lat="39.222855" lon="-105.312187">
        <ele>2347.0</ele>
      </trkpt>
      <trkpt lat="39.222656" lon="-105.313942">
        <ele>2349.0</ele>
      </trkpt>
      <trkpt lat="39.222778" lon="-105.315292">
        <ele>2354.0</ele>
      </trkpt>
      <trkpt lat="39.222706" lon="-105.316544">
        <ele>2358.0</ele>
      </trkpt>
      <trkpt lat="39.222797" lon="-105.317589">
        <ele>2363.0</ele>
      </trkpt>
      <trkpt lat="39.222576" lon="-105.318192">
        <ele>2367.0</ele>
      </trkpt>
      <trkpt lat="39.222324" lon="-105.319427">
        <ele>2373.0</ele>
      </trkpt>
      <trkpt lat="39.222092" lon="-105.322197">
        <ele>2383.0</ele>
      </trkpt>
      <trkpt lat="39.221554" lon="-105.323448">
        <ele>2384.0</ele>
      </trkpt>
      <trkpt lat="39.221497" lon="-105.32428">
        <ele>2384.0</ele>
      </trkpt>
      <trkpt lat="39.221558" lon="-105.324921">
        <ele>2384.0</ele>
      </trkpt>
      <trkpt lat="39.22126" lon="-105.326279">
        <ele>2384.0</ele>
      </trkpt>
      <trkpt lat="39.221344" lon="-105.327408">
        <ele>2386.0</ele>
      </trkpt>
      <trkpt lat="39.221207" lon="-105.328171">
        <ele>2388.0</ele>
      </trkpt>
      <trkpt lat="39.221359" lon="-105.330002">
        <ele>2403.0</ele>
      </trkpt>
      <trkpt lat="39.221317" lon="-105.330704">
        <ele>2411.0</ele>
      </trkpt>
      <trkpt lat="39.221443" lon="-105.331009">
        <ele>2415.0</ele>
      </trkpt>
      <trkpt lat="39.22205" lon="-105.331764">
        <ele>2418.0</ele>
      </trkpt>
      <trkpt lat="39.222328" lon="-105.33252">
        <ele>2418.0</ele>
      </trkpt>
      <trkpt lat="39.222355" lon="-105.333542">
        <ele>2421.0</ele>
      </trkpt>
      <trkpt lat="39.222485" lon="-105.334435">
        <ele>2418.0</ele>
      </trkpt>
      <trkpt lat="39.222355" lon="-105.335754">
        <ele>2420.0</ele>
      </trkpt>
      <trkpt lat="39.222054" lon="-105.3367">
        <ele>2422.0</ele>
      </trkpt>
      <trkpt lat="39.221897" lon="-105.338379">
        <ele>2432.0</ele>
      </trkpt>
      <trkpt lat="39.221657" lon="-105.338707">
        <ele>2436.0</ele>
      </trkpt>
      <trkpt lat="39.220573" lon="-105.338966">
        <ele>2439.0</ele>
      </trkpt>
      <trkpt lat="39.21983" lon="-105.339439">
        <ele>2428.0</ele>
      </trkpt>
      <trkpt lat="39.218681" lon="-105.33976">
        <ele>2424.0</ele>
      </trkpt>
      <trkpt lat="39.21822" lon="-105.340034">
        <ele>2426.0</ele>
      </trkpt>
      <trkpt lat="39.21772" lon="-105.339935">
        <ele>2423.0</ele>
      </trkpt>
      <trkpt lat="39.217434" lon="-105.340096">
        <ele>2421.0</ele>
      </trkpt>
      <trkpt lat="39.216896" lon="-105.340904">
        <ele>2427.0</ele>
      </trkpt>
      <trkpt lat="39.216087" lon="-105.341301">
        <ele>2436.0</ele>
      </trkpt>
      <trkpt lat="39.215599" lon="-105.340996">
        <ele>2436.0</ele>
      </trkpt>
      <trkpt lat="39.214592" lon="-105.341705">
        <ele>2432.0</ele>
      </trkpt>
      <trkpt lat="39.214085" lon="-105.342232">
        <ele>2427.0</ele>
      </trkpt>
      <trkpt lat="39.213654" lon="-105.343246">
        <ele>2425.0</ele>
      </trkpt>
      <trkpt lat="39.213398" lon="-105.343292">
        <ele>2423.0</ele>
      </trkpt>
      <trkpt lat="39.211227" lon="-105.341721">
        <ele>2408.0</ele>
      </trkpt>
      <trkpt lat="39.209881" lon="-105.340942">
        <ele>2405.0</ele>
      </trkpt>
      <trkpt lat="39.209347" lon="-105.341019">
        <ele>2405.0</ele>
      </trkpt>
      <trkpt lat="39.209023" lon="-105.341232">
        <ele>2405.0</ele>
      </trkpt>
      <trkpt lat="39.208374" lon="-105.342117">
        <ele>2405.0</ele>
      </trkpt>
      <trkpt lat="39.208126" lon="-105.343063">
        <ele>2403.0</ele>
      </trkpt>
      <trkpt lat="39.208244" lon="-105.344879">
        <ele>2396.0</ele>
      </trkpt>
      <trkpt lat="39.208176" lon="-105.345055">
        <ele>2395.0</ele>
      </trkpt>
      <trkpt lat="39.208004" lon="-105.3451">
        <ele>2395.0</ele>
      </trkpt>
      <trkpt lat="39.207523" lon="-105.344627">
        <ele>2393.0</ele>
      </trkpt>
      <trkpt lat="39.207184" lon="-105.344559">
        <ele>2395.0</ele>
      </trkpt>
      <trkpt lat="39.20438" lon="-105.345497">
        <ele>2385.0</ele>
      </trkpt>
      <trkpt lat="39.203159" lon="-105.346443">
        <ele>2367.0</ele>
      </trkpt>
      <trkpt lat="39.202675" lon="-105.346474">
        <ele>2359.0</ele>
      </trkpt>
      <trkpt lat="39.201965" lon="-105.346191">
        <ele>2352.0</ele>
      </trkpt>
      <trkpt lat="39.200516" lon="-105.345024">
        <ele>2333.0</ele>
      </trkpt>
      <trkpt lat="39.19838" lon="-105.343864">
        <ele>2307.0</ele>
      </trkpt>
      <trkpt lat="39.198158" lon="-105.343864">
        <ele>2305.0</ele>
      </trkpt>
      <trkpt lat="39.197018" lon="-105.344467">
        <ele>2301.0</ele>
      </trkpt>
      <trkpt lat="39.196831" lon="-105.344833">
        <ele>2308.0</ele>
      </trkpt>
      <trkpt lat="39.196247" lon="-105.344994">
        <ele>2314.0</ele>
      </trkpt>
      <trkpt lat="39.195709" lon="-105.345306">
        <ele>2310.0</ele>
      </trkpt>
      <trkpt lat="39.195381" lon="-105.345772">
        <ele>2307.0</ele>
      </trkpt>
      <trkpt lat="39.194878" lon="-105.345772">
        <ele>2307.0</ele>
      </trkpt>
      <trkpt lat="39.194607" lon="-105.346321">
        <ele>2310.0</ele>
      </trkpt>
      <trkpt lat="39.194313" lon="-105.346519">
        <ele>2306.0</ele>
      </trkpt>
      <trkpt lat="39.193722" lon="-105.34613">
        <ele>2307.0</ele>
      </trkpt>
      <trkpt lat="39.193298" lon="-105.346115">
        <ele>2306.0</ele>
      </trkpt>
      <trkpt lat="39.193008" lon="-105.344696">
        <ele>2304.0</ele>
      </trkpt>
      <trkpt lat="39.192337" lon="-105.34404">
        <ele>2300.0</ele>
      </trkpt>
      <trkpt lat="39.192123" lon="-105.344025">
        <ele>2299.0</ele>
      </trkpt>
      <trkpt lat="39.191227" lon="-105.344841">
        <ele>2301.0</ele>
      </trkpt>
      <trkpt lat="39.190826" lon="-105.345398">
        <ele>2304.0</ele>
      </trkpt>
      <trkpt lat="39.190674" lon="-105.345436">
        <ele>2303.0</ele>
      </trkpt>
      <trkpt lat="39.190536" lon="-105.345329">
        <ele>2302.0</ele>
      </trkpt>
      <trkpt lat="39.190578" lon="-105.344139">
        <ele>2306.0</ele>
      </trkpt>
      <trkpt lat="39.190331" lon="-105.34388">
        <ele>2314.0</ele>
      </trkpt>
      <trkpt lat="39.189724" lon="-105.343994">
        <ele>2321.0</ele>
      </trkpt>
      <trkpt lat="39.189529" lon="-105.344353">
        <ele>2324.0</ele>
      </trkpt>
      <trkpt lat="39.189793" lon="-105.345161">
        <ele>2323.0</ele>
      </trkpt>
      <trkpt lat="39.189751" lon="-105.345436">
        <ele>2322.0</ele>
      </trkpt>
      <trkpt lat="39.188511" lon="-105.348106">
        <ele>2333.0</ele>
      </trkpt>
      <trkpt lat="39.188072" lon="-105.348671">
        <ele>2342.0</ele>
      </trkpt>
      <trkpt lat="39.18763" lon="-105.349991">
        <ele>2351.0</ele>
      </trkpt>
      <trkpt lat="39.187401" lon="-105.350136">
        <ele>2354.0</ele>
      </trkpt>
      <trkpt lat="39.187225" lon="-105.349983">
        <ele>2353.0</ele>
      </trkpt>
      <trkpt lat="39.18721" lon="-105.349731">
        <ele>2353.0</ele>
      </trkpt>
      <trkpt lat="39.187325" lon="-105.349411">
        <ele>2354.0</ele>
      </trkpt>
      <trkpt lat="39.187054" lon="-105.348625">
        <ele>2359.0</ele>
      </trkpt>
      <trkpt lat="39.187004" lon="-105.34803">
        <ele>2360.0</ele>
      </trkpt>
      <trkpt lat="39.186836" lon="-105.347839">
        <ele>2363.0</ele>
      </trkpt>
      <trkpt lat="39.186691" lon="-105.347839">
        <ele>2364.0</ele>
      </trkpt>
      <trkpt lat="39.186241" lon="-105.348839">
        <ele>2371.0</ele>
      </trkpt>
      <trkpt lat="39.186218" lon="-105.349419">
        <ele>2372.0</ele>
      </trkpt>
      <trkpt lat="39.186058" lon="-105.349876">
        <ele>2371.0</ele>
      </trkpt>
      <trkpt lat="39.185169" lon="-105.351082">
        <ele>2384.0</ele>
      </trkpt>
      <trkpt lat="39.185192" lon="-105.351364">
        <ele>2388.0</ele>
      </trkpt>
      <trkpt lat="39.18552" lon="-105.351433">
        <ele>2389.0</ele>
      </trkpt>
      <trkpt lat="39.185711" lon="-105.351608">
        <ele>2390.0</ele>
      </trkpt>
      <trkpt lat="39.185814" lon="-105.351913">
        <ele>2394.0</ele>
      </trkpt>
      <trkpt lat="39.185963" lon="-105.352028">
        <ele>2397.0</ele>
      </trkpt>
      <trkpt lat="39.186363" lon="-105.351891">
        <ele>2395.0</ele>
      </trkpt>
      <trkpt lat="39.186714" lon="-105.35215">
        <ele>2394.0</ele>
      </trkpt>
      <trkpt lat="39.186981" lon="-105.352989">
        <ele>2397.0</ele>
      </trkpt>
      <trkpt lat="39.187088" lon="-105.353798">
        <ele>2396.0</ele>
      </trkpt>
      <trkpt lat="39.186897" lon="-105.354721">
        <ele>2399.0</ele>
      </trkpt>
      <trkpt lat="39.186577" lon="-105.355141">
        <ele>2403.0</ele>
      </trkpt>
      <trkpt lat="39.185841" lon="-105.355492">
        <ele>2412.0</ele>
      </trkpt>
      <trkpt lat="39.185566" lon="-105.355797">
        <ele>2415.0</ele>
      </trkpt>
      <trkpt lat="39.185596" lon="-105.355927">
        <ele>2416.0</ele>
      </trkpt>
      <trkpt lat="39.185879" lon="-105.356125">
        <ele>2415.0</ele>
      </trkpt>
      <trkpt lat="39.185963" lon="-105.356407">
        <ele>2416.0</ele>
      </trkpt>
      <trkpt lat="39.185791" lon="-105.357346">
        <ele>2420.0</ele>
      </trkpt>
      <trkpt lat="39.185501" lon="-105.358017">
        <ele>2425.0</ele>
      </trkpt>
      <trkpt lat="39.184944" lon="-105.358627">
        <ele>2429.0</ele>
      </trkpt>
      <trkpt lat="39.18438" lon="-105.35862">
        <ele>2439.0</ele>
      </trkpt>
      <trkpt lat="39.183456" lon="-105.359413">
        <ele>2446.0</ele>
      </trkpt>
      <trkpt lat="39.183399" lon="-105.359665">
        <ele>2448.0</ele>
      </trkpt>
      <trkpt lat="39.183975" lon="-105.35984">
        <ele>2453.0</ele>
      </trkpt>
      <trkpt lat="39.184132" lon="-105.360245">
        <ele>2452.0</ele>
      </trkpt>
      <trkpt lat="39.184025" lon="-105.360413">
        <ele>2453.0</ele>
      </trkpt>
      <trkpt lat="39.183659" lon="-105.360466">
        <ele>2456.0</ele>
      </trkpt>
      <trkpt lat="39.183434" lon="-105.361008">
        <ele>2463.0</ele>
      </trkpt>
      <trkpt lat="39.18322" lon="-105.361237">
        <ele>2465.0</ele>
      </trkpt>
      <trkpt lat="39.182358" lon="-105.36084">
        <ele>2467.0</ele>
      </trkpt>
      <trkpt lat="39.181908" lon="-105.360855">
        <ele>2474.0</ele>
      </trkpt>
      <trkpt lat="39.180504" lon="-105.361336">
        <ele>2470.0</ele>
      </trkpt>
      <trkpt lat="39.180264" lon="-105.36187">
        <ele>2468.0</ele>
      </trkpt>
      <trkpt lat="39.180027" lon="-105.361992">
        <ele>2464.0</ele>
      </trkpt>
      <trkpt lat="39.179615" lon="-105.36145">
        <ele>2456.0</ele>
      </trkpt>
      <trkpt lat="39.178043" lon="-105.360542">
        <ele>2449.0</ele>
      </trkpt>
      <trkpt lat="39.177551" lon="-105.360756">
        <ele>2444.0</ele>
      </trkpt>
      <trkpt lat="39.177399" lon="-105.360931">
        <ele>2442.0</ele>
      </trkpt>
      <trkpt lat="39.177357" lon="-105.361282">
        <ele>2442.0</ele>
      </trkpt>
      <trkpt lat="39.177238" lon="-105.36142">
        <ele>2440.0</ele>
      </trkpt>
      <trkpt lat="39.177029" lon="-105.361343">
        <ele>2439.0</ele>
      </trkpt>
      <trkpt lat="39.176567" lon="-105.360794">
        <ele>2436.0</ele>
      </trkpt>
      <trkpt lat="39.176201" lon="-105.360687">
        <ele>2435.0</ele>
      </trkpt>
      <trkpt lat="39.175167" lon="-105.36087">
        <ele>2427.0</ele>
      </trkpt>
      <trkpt lat="39.174656" lon="-105.361443">
        <ele>2417.0</ele>
      </trkpt>
      <trkpt lat="39.174385" lon="-105.361519">
        <ele>2412.0</ele>
      </trkpt>
      <trkpt lat="39.174084" lon="-105.361435">
        <ele>2412.0</ele>
      </trkpt>
      <trkpt lat="39.172962" lon="-105.361496">
        <ele>2403.0</ele>
      </trkpt>
      <trkpt lat="39.172867" lon="-105.361343">
        <ele>2403.0</ele>
      </trkpt>
      <trkpt lat="39.172886" lon="-105.361153">
        <ele>2405.0</ele>
      </trkpt>
      <trkpt lat="39.173203" lon="-105.360634">
        <ele>2404.0</ele>
      </trkpt>
      <trkpt lat="39.174282" lon="-105.3601">
        <ele>2393.0</ele>
      </trkpt>
      <trkpt lat="39.174549" lon="-105.359863">
        <ele>2389.0</ele>
      </trkpt>
      <trkpt lat="39.174591" lon="-105.359642">
        <ele>2385.0</ele>
      </trkpt>
      <trkpt lat="39.174503" lon="-105.359467">
        <ele>2383.0</ele>
      </trkpt>
      <trkpt lat="39.174343" lon="-105.359451">
        <ele>2381.0</ele>
      </trkpt>
      <trkpt lat="39.17411" lon="-105.359772">
        <ele>2384.0</ele>
      </trkpt>
      <trkpt lat="39.17374" lon="-105.359955">
        <ele>2386.0</ele>
      </trkpt>
      <trkpt lat="39.172825" lon="-105.360016">
        <ele>2379.0</ele>
      </trkpt>
      <trkpt lat="39.172359" lon="-105.360413">
        <ele>2377.0</ele>
      </trkpt>
      <trkpt lat="39.172211" lon="-105.360397">
        <ele>2372.0</ele>
      </trkpt>
      <trkpt lat="39.172184" lon="-105.360062">
        <ele>2368.0</ele>
      </trkpt>
      <trkpt lat="39.172657" lon="-105.359619">
        <ele>2367.0</ele>
      </trkpt>
      <trkpt lat="39.172638" lon="-105.359428">
        <ele>2363.0</ele>
      </trkpt>
      <trkpt lat="39.172516" lon="-105.359322">
        <ele>2364.0</ele>
      </trkpt>
      <trkpt lat="39.171947" lon="-105.359322">
        <ele>2357.0</ele>
      </trkpt>
      <trkpt lat="39.171841" lon="-105.359489">
        <ele>2354.0</ele>
      </trkpt>
      <trkpt lat="39.171768" lon="-105.360374">
        <ele>2356.0</ele>
      </trkpt>
      <trkpt lat="39.171562" lon="-105.36055">
        <ele>2352.0</ele>
      </trkpt>
      <trkpt lat="39.171329" lon="-105.36058">
        <ele>2355.0</ele>
      </trkpt>
      <trkpt lat="39.170929" lon="-105.35981">
        <ele>2355.0</ele>
      </trkpt>
      <trkpt lat="39.17025" lon="-105.359207">
        <ele>2360.0</ele>
      </trkpt>
      <trkpt lat="39.17004" lon="-105.359169">
        <ele>2362.0</ele>
      </trkpt>
      <trkpt lat="39.169415" lon="-105.360115">
        <ele>2367.0</ele>
      </trkpt>
      <trkpt lat="39.169189" lon="-105.360214">
        <ele>2364.0</ele>
      </trkpt>
      <trkpt lat="39.16901" lon="-105.359863">
        <ele>2369.0</ele>
      </trkpt>
      <trkpt lat="39.169144" lon="-105.358986">
        <ele>2371.0</ele>
      </trkpt>
      <trkpt lat="39.16906" lon="-105.358696">
        <ele>2373.0</ele>
      </trkpt>
      <trkpt lat="39.168846" lon="-105.358582">
        <ele>2376.0</ele>
      </trkpt>
      <trkpt lat="39.168751" lon="-105.358398">
        <ele>2377.0</ele>
      </trkpt>
      <trkpt lat="39.168903" lon="-105.35775">
        <ele>2377.0</ele>
      </trkpt>
      <trkpt lat="39.168785" lon="-105.357201">
        <ele>2379.0</ele>
      </trkpt>
      <trkpt lat="39.168461" lon="-105.356865">
        <ele>2382.0</ele>
      </trkpt>
      <trkpt lat="39.167938" lon="-105.356873">
        <ele>2386.0</ele>
      </trkpt>
      <trkpt lat="39.167484" lon="-105.356384">
        <ele>2389.0</ele>
      </trkpt>
      <trkpt lat="39.1674" lon="-105.355576">
        <ele>2392.0</ele>
      </trkpt>
      <trkpt lat="39.166832" lon="-105.355164">
        <ele>2395.0</ele>
      </trkpt>
      <trkpt lat="39.166599" lon="-105.355324">
        <ele>2398.0</ele>
      </trkpt>
      <trkpt lat="39.166595" lon="-105.355606">
        <ele>2400.0</ele>
      </trkpt>
      <trkpt lat="39.167233" lon="-105.358109">
        <ele>2404.0</ele>
      </trkpt>
      <trkpt lat="39.167229" lon="-105.358521">
        <ele>2407.0</ele>
      </trkpt>
      <trkpt lat="39.166233" lon="-105.360298">
        <ele>2418.0</ele>
      </trkpt>
      <trkpt lat="39.165302" lon="-105.361427">
        <ele>2432.0</ele>
      </trkpt>
      <trkpt lat="39.164906" lon="-105.361504">
        <ele>2436.0</ele>
      </trkpt>
      <trkpt lat="39.164505" lon="-105.361145">
        <ele>2441.0</ele>
      </trkpt>
      <trkpt lat="39.164143" lon="-105.361122">
        <ele>2442.0</ele>
      </trkpt>
      <trkpt lat="39.163834" lon="-105.361458">
        <ele>2443.0</ele>
      </trkpt>
      <trkpt lat="39.163708" lon="-105.362076">
        <ele>2450.0</ele>
      </trkpt>
      <trkpt lat="39.163181" lon="-105.362312">
        <ele>2451.0</ele>
      </trkpt>
      <trkpt lat="39.162945" lon="-105.363037">
        <ele>2455.0</ele>
      </trkpt>
      <trkpt lat="39.161869" lon="-105.364372">
        <ele>2460.0</ele>
      </trkpt>
      <trkpt lat="39.161625" lon="-105.365196">
        <ele>2467.0</ele>
      </trkpt>
      <trkpt lat="39.160992" lon="-105.365578">
        <ele>2469.0</ele>
      </trkpt>
      <trkpt lat="39.160408" lon="-105.36644">
        <ele>2470.0</ele>
      </trkpt>
      <trkpt lat="39.160416" lon="-105.366959">
        <ele>2474.0</ele>
      </trkpt>
      <trkpt lat="39.161057" lon="-105.367882">
        <ele>2481.0</ele>
      </trkpt>
      <trkpt lat="39.16114" lon="-105.368172">
        <ele>2485.0</ele>
      </trkpt>
      <trkpt lat="39.161095" lon="-105.368332">
        <ele>2486.0</ele>
      </trkpt>
      <trkpt lat="39.15942" lon="-105.369873">
        <ele>2499.0</ele>
      </trkpt>
      <trkpt lat="39.159115" lon="-105.369858">
        <ele>2496.0</ele>
      </trkpt>
      <trkpt lat="39.158947" lon="-105.36969">
        <ele>2497.0</ele>
      </trkpt>
      <trkpt lat="39.158886" lon="-105.369057">
        <ele>2503.0</ele>
      </trkpt>
      <trkpt lat="39.158756" lon="-105.368828">
        <ele>2506.0</ele>
      </trkpt>
      <trkpt lat="39.157501" lon="-105.36866">
        <ele>2509.0</ele>
      </trkpt>
      <trkpt lat="39.15704" lon="-105.368469">
        <ele>2507.0</ele>
      </trkpt>
      <trkpt lat="39.156647" lon="-105.368568">
        <ele>2508.0</ele>
      </trkpt>
      <trkpt lat="39.156025" lon="-105.369278">
        <ele>2515.0</ele>
      </trkpt>
      <trkpt lat="39.155743" lon="-105.369263">
        <ele>2518.0</ele>
      </trkpt>
      <trkpt lat="39.155621" lon="-105.369057">
        <ele>2521.0</ele>
      </trkpt>
      <trkpt lat="39.155838" lon="-105.367119">
        <ele>2529.0</ele>
      </trkpt>
      <trkpt lat="39.155609" lon="-105.367004">
        <ele>2527.0</ele>
      </trkpt>
      <trkpt lat="39.153996" lon="-105.368149">
        <ele>2542.0</ele>
      </trkpt>
      <trkpt lat="39.153778" lon="-105.368164">
        <ele>2542.0</ele>
      </trkpt>
      <trkpt lat="39.153645" lon="-105.367874">
        <ele>2538.0</ele>
      </trkpt>
      <trkpt lat="39.153763" lon="-105.367607">
        <ele>2538.0</ele>
      </trkpt>
      <trkpt lat="39.154102" lon="-105.367264">
        <ele>2533.0</ele>
      </trkpt>
      <trkpt lat="39.154163" lon="-105.366508">
        <ele>2540.0</ele>
      </trkpt>
      <trkpt lat="39.154072" lon="-105.366318">
        <ele>2544.0</ele>
      </trkpt>
      <trkpt lat="39.15353" lon="-105.366219">
        <ele>2546.0</ele>
      </trkpt>
      <trkpt lat="39.151543" lon="-105.367027">
        <ele>2557.0</ele>
      </trkpt>
      <trkpt lat="39.151215" lon="-105.366882">
        <ele>2558.0</ele>
      </trkpt>
      <trkpt lat="39.150623" lon="-105.36618">
        <ele>2562.0</ele>
      </trkpt>
      <trkpt lat="39.149715" lon="-105.365898">
        <ele>2567.0</ele>
      </trkpt>
      <trkpt lat="39.149372" lon="-105.365921">
        <ele>2566.0</ele>
      </trkpt>
      <trkpt lat="39.148891" lon="-105.366158">
        <ele>2562.0</ele>
      </trkpt>
      <trkpt lat="39.148178" lon="-105.366196">
        <ele>2560.0</ele>
      </trkpt>
      <trkpt lat="39.147621" lon="-105.366631">
        <ele>2564.0</ele>
      </trkpt>
      <trkpt lat="39.147461" lon="-105.366547">
        <ele>2564.0</ele>
      </trkpt>
      <trkpt lat="39.147205" lon="-105.365906">
        <ele>2564.0</ele>
      </trkpt>
      <trkpt lat="39.147064" lon="-105.365768">
        <ele>2563.0</ele>
      </trkpt>
      <trkpt lat="39.146816" lon="-105.365799">
        <ele>2562.0</ele>
      </trkpt>
      <trkpt lat="39.14613" lon="-105.366463">
        <ele>2569.0</ele>
      </trkpt>
      <trkpt lat="39.144829" lon="-105.367012">
        <ele>2572.0</ele>
      </trkpt>
      <trkpt lat="39.144234" lon="-105.366501">
        <ele>2577.0</ele>
      </trkpt>
      <trkpt lat="39.143513" lon="-105.366653">
        <ele>2579.0</ele>
      </trkpt>
      <trkpt lat="39.143093" lon="-105.366951">
        <ele>2581.0</ele>
      </trkpt>
      <trkpt lat="39.142059" lon="-105.36692">
        <ele>2585.0</ele>
      </trkpt>
      <trkpt lat="39.141384" lon="-105.367386">
        <ele>2585.0</ele>
      </trkpt>
      <trkpt lat="39.140377" lon="-105.366455">
        <ele>2592.0</ele>
      </trkpt>
      <trkpt lat="39.139584" lon="-105.366211">
        <ele>2596.0</ele>
      </trkpt>
      <trkpt lat="39.137848" lon="-105.366814">
        <ele>2597.0</ele>
      </trkpt>
      <trkpt lat="39.13662" lon="-105.367844">
        <ele>2585.0</ele>
      </trkpt>
      <trkpt lat="39.136177" lon="-105.367897">
        <ele>2584.0</ele>
      </trkpt>
      <trkpt lat="39.134968" lon="-105.367332">
        <ele>2573.0</ele>
      </trkpt>
      <trkpt lat="39.134007" lon="-105.367355">
        <ele>2570.0</ele>
      </trkpt>
      <trkpt lat="39.132492" lon="-105.366821">
        <ele>2555.0</ele>
      </trkpt>
      <trkpt lat="39.131645" lon="-105.367355">
        <ele>2546.0</ele>
      </trkpt>
      <trkpt lat="39.131504" lon="-105.367279">
        <ele>2541.0</ele>
      </trkpt>
      <trkpt lat="39.131432" lon="-105.366997">
        <ele>2538.0</ele>
      </trkpt>
      <trkpt lat="39.131504" lon="-105.366806">
        <ele>2541.0</ele>
      </trkpt>
      <trkpt lat="39.132347" lon="-105.36586">
        <ele>2541.0</ele>
      </trkpt>
      <trkpt lat="39.132374" lon="-105.365631">
        <ele>2538.0</ele>
      </trkpt>
      <trkpt lat="39.132263" lon="-105.365456">
        <ele>2535.0</ele>
      </trkpt>
      <trkpt lat="39.132088" lon="-105.365425">
        <ele>2534.0</ele>
      </trkpt>
      <trkpt lat="39.131115" lon="-105.366295">
        <ele>2531.0</ele>
      </trkpt>
      <trkpt lat="39.130882" lon="-105.367256">
        <ele>2530.0</ele>
      </trkpt>
      <trkpt lat="39.130547" lon="-105.367531">
        <ele>2530.0</ele>
      </trkpt>
      <trkpt lat="39.130325" lon="-105.367531">
        <ele>2528.0</ele>
      </trkpt>
      <trkpt lat="39.129646" lon="-105.367035">
        <ele>2513.0</ele>
      </trkpt>
      <trkpt lat="39.129177" lon="-105.367096">
        <ele>2516.0</ele>
      </trkpt>
      <trkpt lat="39.128628" lon="-105.366951">
        <ele>2515.0</ele>
      </trkpt>
      <trkpt lat="39.12825" lon="-105.367058">
        <ele>2512.0</ele>
      </trkpt>
      <trkpt lat="39.127625" lon="-105.367493">
        <ele>2510.0</ele>
      </trkpt>
      <trkpt lat="39.126682" lon="-105.36747">
        <ele>2503.0</ele>
      </trkpt>
      <trkpt lat="39.125549" lon="-105.367218">
        <ele>2501.0</ele>
      </trkpt>
      <trkpt lat="39.124748" lon="-105.367859">
        <ele>2489.0</ele>
      </trkpt>
      <trkpt lat="39.123589" lon="-105.368202">
        <ele>2480.0</ele>
      </trkpt>
      <trkpt lat="39.123104" lon="-105.368004">
        <ele>2473.0</ele>
      </trkpt>
      <trkpt lat="39.122578" lon="-105.366379">
        <ele>2475.0</ele>
      </trkpt>
      <trkpt lat="39.122364" lon="-105.366043">
        <ele>2475.0</ele>
      </trkpt>
      <trkpt lat="39.121952" lon="-105.366074">
        <ele>2475.0</ele>
      </trkpt>
      <trkpt lat="39.120655" lon="-105.368675">
        <ele>2482.0</ele>
      </trkpt>
      <trkpt lat="39.120346" lon="-105.368874">
        <ele>2484.0</ele>
      </trkpt>
      <trkpt lat="39.119663" lon="-105.368927">
        <ele>2484.0</ele>
      </trkpt>
      <trkpt lat="39.119476" lon="-105.36879">
        <ele>2486.0</ele>
      </trkpt>
      <trkpt lat="39.119442" lon="-105.368385">
        <ele>2493.0</ele>
      </trkpt>
      <trkpt lat="39.119785" lon="-105.367622">
        <ele>2492.0</ele>
      </trkpt>
      <trkpt lat="39.119591" lon="-105.367348">
        <ele>2494.0</ele>
      </trkpt>
      <trkpt lat="39.119038" lon="-105.367554">
        <ele>2497.0</ele>
      </trkpt>
      <trkpt lat="39.118793" lon="-105.367287">
        <ele>2496.0</ele>
      </trkpt>
      <trkpt lat="39.118671" lon="-105.366158">
        <ele>2506.0</ele>
      </trkpt>
      <trkpt lat="39.118347" lon="-105.365318">
        <ele>2510.0</ele>
      </trkpt>
      <trkpt lat="39.118057" lon="-105.364883">
        <ele>2512.0</ele>
      </trkpt>
      <trkpt lat="39.117233" lon="-105.364479">
        <ele>2518.0</ele>
      </trkpt>
      <trkpt lat="39.115627" lon="-105.364761">
        <ele>2531.0</ele>
      </trkpt>
      <trkpt lat="39.115513" lon="-105.364922">
        <ele>2533.0</ele>
      </trkpt>
      <trkpt lat="39.115398" lon="-105.365707">
        <ele>2539.0</ele>
      </trkpt>
      <trkpt lat="39.114632" lon="-105.367188">
        <ele>2544.0</ele>
      </trkpt>
      <trkpt lat="39.114395" lon="-105.36747">
        <ele>2546.0</ele>
      </trkpt>
      <trkpt lat="39.114212" lon="-105.36747">
        <ele>2544.0</ele>
      </trkpt>
      <trkpt lat="39.114079" lon="-105.367249">
        <ele>2548.0</ele>
      </trkpt>
      <trkpt lat="39.114014" lon="-105.36628">
        <ele>2552.0</ele>
      </trkpt>
      <trkpt lat="39.113716" lon="-105.365974">
        <ele>2558.0</ele>
      </trkpt>
      <trkpt lat="39.112186" lon="-105.365852">
        <ele>2569.0</ele>
      </trkpt>
      <trkpt lat="39.111469" lon="-105.365257">
        <ele>2579.0</ele>
      </trkpt>
      <trkpt lat="39.110435" lon="-105.365341">
        <ele>2586.0</ele>
      </trkpt>
      <trkpt lat="39.11002" lon="-105.365509">
        <ele>2587.0</ele>
      </trkpt>
      <trkpt lat="39.109482" lon="-105.365479">
        <ele>2588.0</ele>
      </trkpt>
      <trkpt lat="39.109055" lon="-105.364731">
        <ele>2600.0</ele>
      </trkpt>
      <trkpt lat="39.108131" lon="-105.364319">
        <ele>2607.0</ele>
      </trkpt>
      <trkpt lat="39.106995" lon="-105.364418">
        <ele>2608.0</ele>
      </trkpt>
      <trkpt lat="39.105663" lon="-105.362602">
        <ele>2625.0</ele>
      </trkpt>
      <trkpt lat="39.105122" lon="-105.360901">
        <ele>2630.0</ele>
      </trkpt>
      <trkpt lat="39.104748" lon="-105.360489">
        <ele>2629.0</ele>
      </trkpt>
      <trkpt lat="39.104122" lon="-105.360443">
        <ele>2629.0</ele>
      </trkpt>
      <trkpt lat="39.103912" lon="-105.360527">
        <ele>2632.0</ele>
      </trkpt>
      <trkpt lat="39.103024" lon="-105.361374">
        <ele>2648.0</ele>
      </trkpt>
      <trkpt lat="39.102894" lon="-105.361832">
        <ele>2646.0</ele>
      </trkpt>
      <trkpt lat="39.102947" lon="-105.362198">
        <ele>2646.0</ele>
      </trkpt>
      <trkpt lat="39.103195" lon="-105.362709">
        <ele>2648.0</ele>
      </trkpt>
      <trkpt lat="39.103806" lon="-105.363548">
        <ele>2654.0</ele>
      </trkpt>
      <trkpt lat="39.103939" lon="-105.364304">
        <ele>2654.0</ele>
      </trkpt>
      <trkpt lat="39.104393" lon="-105.365417">
        <ele>2658.0</ele>
      </trkpt>
      <trkpt lat="39.104282" lon="-105.365677">
        <ele>2660.0</ele>
      </trkpt>
      <trkpt lat="39.103832" lon="-105.365944">
        <ele>2669.0</ele>
      </trkpt>
      <trkpt lat="39.102818" lon="-105.365814">
        <ele>2672.0</ele>
      </trkpt>
      <trkpt lat="39.102112" lon="-105.366348">
        <ele>2670.0</ele>
      </trkpt>
      <trkpt lat="39.101738" lon="-105.366371">
        <ele>2673.0</ele>
      </trkpt>
      <trkpt lat="39.100285" lon="-105.365532">
        <ele>2673.0</ele>
      </trkpt>
      <trkpt lat="39.098503" lon="-105.365768">
        <ele>2681.0</ele>
      </trkpt>
      <trkpt lat="39.097771" lon="-105.366371">
        <ele>2687.0</ele>
      </trkpt>
      <trkpt lat="39.097553" lon="-105.366341">
        <ele>2690.0</ele>
      </trkpt>
      <trkpt lat="39.096836" lon="-105.365028">
        <ele>2698.0</ele>
      </trkpt>
      <trkpt lat="39.096424" lon="-105.364807">
        <ele>2698.0</ele>
      </trkpt>
      <trkpt lat="39.095715" lon="-105.365074">
        <ele>2697.0</ele>
      </trkpt>
      <trkpt lat="39.095493" lon="-105.365288">
        <ele>2698.0</ele>
      </trkpt>
      <trkpt lat="39.095032" lon="-105.3666">
        <ele>2698.0</ele>
      </trkpt>
      <trkpt lat="39.095028" lon="-105.367699">
        <ele>2697.0</ele>
      </trkpt>
      <trkpt lat="39.094906" lon="-105.368652">
        <ele>2696.0</ele>
      </trkpt>
      <trkpt lat="39.094963" lon="-105.368904">
        <ele>2695.0</ele>
      </trkpt>
      <trkpt lat="39.095379" lon="-105.369568">
        <ele>2694.0</ele>
      </trkpt>
      <trkpt lat="39.095299" lon="-105.370399">
        <ele>2696.0</ele>
      </trkpt>
      <trkpt lat="39.095387" lon="-105.370842">
        <ele>2700.0</ele>
      </trkpt>
      <trkpt lat="39.095963" lon="-105.372177">
        <ele>2698.0</ele>
      </trkpt>
      <trkpt lat="39.096245" lon="-105.372505">
        <ele>2695.0</ele>
      </trkpt>
      <trkpt lat="39.096504" lon="-105.372498">
        <ele>2694.0</ele>
      </trkpt>
      <trkpt lat="39.096977" lon="-105.372261">
        <ele>2693.0</ele>
      </trkpt>
      <trkpt lat="39.097374" lon="-105.372314">
        <ele>2692.0</ele>
      </trkpt>
      <trkpt lat="39.098473" lon="-105.37307">
        <ele>2690.0</ele>
      </trkpt>
      <trkpt lat="39.098614" lon="-105.373352">
        <ele>2688.0</ele>
      </trkpt>
      <trkpt lat="39.098583" lon="-105.373665">
        <ele>2687.0</ele>
      </trkpt>
      <trkpt lat="39.098019" lon="-105.374168">
        <ele>2687.0</ele>
      </trkpt>
      <trkpt lat="39.097763" lon="-105.375107">
        <ele>2688.0</ele>
      </trkpt>
      <trkpt lat="39.097095" lon="-105.37616">
        <ele>2688.0</ele>
      </trkpt>
      <trkpt lat="39.095955" lon="-105.377502">
        <ele>2682.0</ele>
      </trkpt>
      <trkpt lat="39.095837" lon="-105.378365">
        <ele>2682.0</ele>
      </trkpt>
      <trkpt lat="39.095234" lon="-105.380005">
        <ele>2674.0</ele>
      </trkpt>
      <trkpt lat="39.095253" lon="-105.380234">
        <ele>2674.0</ele>
      </trkpt>
      <trkpt lat="39.096012" lon="-105.381348">
        <ele>2671.0</ele>
      </trkpt>
      <trkpt lat="39.095978" lon="-105.381577">
        <ele>2671.0</ele>
      </trkpt>
      <trkpt lat="39.095676" lon="-105.382103">
        <ele>2669.0</ele>
      </trkpt>
      <trkpt lat="39.095638" lon="-105.382553">
        <ele>2667.0</ele>
      </trkpt>
      <trkpt lat="39.095776" lon="-105.383118">
        <ele>2665.0</ele>
      </trkpt>
      <trkpt lat="39.095528" lon="-105.383881">
        <ele>2661.0</ele>
      </trkpt>
      <trkpt lat="39.095387" lon="-105.384003">
        <ele>2664.0</ele>
      </trkpt>
      <trkpt lat="39.09483" lon="-105.383934">
        <ele>2665.0</ele>
      </trkpt>
      <trkpt lat="39.094009" lon="-105.38324">
        <ele>2664.0</ele>
      </trkpt>
      <trkpt lat="39.092991" lon="-105.382744">
        <ele>2668.0</ele>
      </trkpt>
      <trkpt lat="39.09201" lon="-105.38298">
        <ele>2668.0</ele>
      </trkpt>
      <trkpt lat="39.091904" lon="-105.383202">
        <ele>2668.0</ele>
      </trkpt>
      <trkpt lat="39.091892" lon="-105.383911">
        <ele>2666.0</ele>
      </trkpt>
      <trkpt lat="39.092018" lon="-105.384087">
        <ele>2665.0</ele>
      </trkpt>
      <trkpt lat="39.092735" lon="-105.384308">
        <ele>2665.0</ele>
      </trkpt>
      <trkpt lat="39.092896" lon="-105.384605">
        <ele>2666.0</ele>
      </trkpt>
      <trkpt lat="39.092281" lon="-105.385803">
        <ele>2659.0</ele>
      </trkpt>
      <trkpt lat="39.092216" lon="-105.386093">
        <ele>2658.0</ele>
      </trkpt>
      <trkpt lat="39.092354" lon="-105.386429">
        <ele>2656.0</ele>
      </trkpt>
      <trkpt lat="39.093376" lon="-105.38694">
        <ele>2654.0</ele>
      </trkpt>
      <trkpt lat="39.093636" lon="-105.387466">
        <ele>2654.0</ele>
      </trkpt>
      <trkpt lat="39.093632" lon="-105.387764">
        <ele>2653.0</ele>
      </trkpt>
      <trkpt lat="39.093029" lon="-105.38987">
        <ele>2641.0</ele>
      </trkpt>
      <trkpt lat="39.093063" lon="-105.390182">
        <ele>2642.0</ele>
      </trkpt>
      <trkpt lat="39.093338" lon="-105.390625">
        <ele>2646.0</ele>
      </trkpt>
      <trkpt lat="39.093945" lon="-105.391022">
        <ele>2650.0</ele>
      </trkpt>
      <trkpt lat="39.094994" lon="-105.391449">
        <ele>2657.0</ele>
      </trkpt>
      <trkpt lat="39.09671" lon="-105.39164">
        <ele>2666.0</ele>
      </trkpt>
      <trkpt lat="39.098305" lon="-105.392738">
        <ele>2677.0</ele>
      </trkpt>
      <trkpt lat="39.098728" lon="-105.392845">
        <ele>2680.0</ele>
      </trkpt>
      <trkpt lat="39.102367" lon="-105.391998">
        <ele>2690.0</ele>
      </trkpt>
      <trkpt lat="39.10257" lon="-105.392059">
        <ele>2689.0</ele>
      </trkpt>
      <trkpt lat="39.104107" lon="-105.393463">
        <ele>2688.0</ele>
      </trkpt>
      <trkpt lat="39.104195" lon="-105.393646">
        <ele>2690.0</ele>
      </trkpt>
      <trkpt lat="39.104233" lon="-105.394318">
        <ele>2691.0</ele>
      </trkpt>
      <trkpt lat="39.104088" lon="-105.394684">
        <ele>2691.0</ele>
      </trkpt>
      <trkpt lat="39.102512" lon="-105.395515">
        <ele>2674.0</ele>
      </trkpt>
      <trkpt lat="39.100651" lon="-105.396065">
        <ele>2655.0</ele>
      </trkpt>
      <trkpt lat="39.099262" lon="-105.396767">
        <ele>2645.0</ele>
      </trkpt>
      <trkpt lat="39.098408" lon="-105.396812">
        <ele>2637.0</ele>
      </trkpt>
      <trkpt lat="39.097061" lon="-105.397583">
        <ele>2625.0</ele>
      </trkpt>
      <trkpt lat="39.096645" lon="-105.398018">
        <ele>2623.0</ele>
      </trkpt>
      <trkpt lat="39.096062" lon="-105.399277">
        <ele>2619.0</ele>
      </trkpt>
      <trkpt lat="39.094921" lon="-105.400284">
        <ele>2615.0</ele>
      </trkpt>
      <trkpt lat="39.094112" lon="-105.401497">
        <ele>2603.0</ele>
      </trkpt>
      <trkpt lat="39.093052" lon="-105.40213">
        <ele>2592.0</ele>
      </trkpt>
      <trkpt lat="39.092056" lon="-105.402504">
        <ele>2589.0</ele>
      </trkpt>
      <trkpt lat="39.091465" lon="-105.403046">
        <ele>2583.0</ele>
      </trkpt>
      <trkpt lat="39.090591" lon="-105.403297">
        <ele>2579.0</ele>
      </trkpt>
      <trkpt lat="39.090122" lon="-105.403709">
        <ele>2574.0</ele>
      </trkpt>
      <trkpt lat="39.089745" lon="-105.404503">
        <ele>2568.0</ele>
      </trkpt>
      <trkpt lat="39.087662" lon="-105.406204">
        <ele>2559.0</ele>
      </trkpt>
      <trkpt lat="39.087044" lon="-105.406311">
        <ele>2553.0</ele>
      </trkpt>
      <trkpt lat="39.086235" lon="-105.407188">
        <ele>2548.0</ele>
      </trkpt>
      <trkpt lat="39.085426" lon="-105.407875">
        <ele>2543.0</ele>
      </trkpt>
      <trkpt lat="39.083714" lon="-105.409653">
        <ele>2535.0</ele>
      </trkpt>
      <trkpt lat="39.083523" lon="-105.410194">
        <ele>2534.0</ele>
      </trkpt>
      <trkpt lat="39.082634" lon="-105.411003">
        <ele>2531.0</ele>
      </trkpt>
      <trkpt lat="39.082539" lon="-105.411339">
        <ele>2530.0</ele>
      </trkpt>
      <trkpt lat="39.08263" lon="-105.412987">
        <ele>2526.0</ele>
      </trkpt>
      <trkpt lat="39.082359" lon="-105.414513">
        <ele>2518.0</ele>
      </trkpt>
      <trkpt lat="39.081997" lon="-105.415176">
        <ele>2517.0</ele>
      </trkpt>
      <trkpt lat="39.081772" lon="-105.415329">
        <ele>2516.0</ele>
      </trkpt>
      <trkpt lat="39.080822" lon="-105.41552">
        <ele>2512.0</ele>
      </trkpt>
      <trkpt lat="39.080097" lon="-105.415962">
        <ele>2511.5</ele>
      </trkpt>
      <trkpt lat="39.080006" lon="-105.41613">
        <ele>2511.5</ele>
      </trkpt>
      <trkpt lat="39.080746" lon="-105.416969">
        <ele>2511.0</ele>
      </trkpt>
      <trkpt lat="39.08223" lon="-105.417984">
        <ele>2522.0</ele>
      </trkpt>
      <trkpt lat="39.0839" lon="-105.420052">
        <ele>2521.0</ele>
      </trkpt>
      <trkpt lat="39.084339" lon="-105.420761">
        <ele>2515.0</ele>
      </trkpt>
      <trkpt lat="39.084839" lon="-105.421867">
        <ele>2518.0</ele>
      </trkpt>
      <trkpt lat="39.085403" lon="-105.422493">
        <ele>2520.0</ele>
      </trkpt>
      <trkpt lat="39.086128" lon="-105.423561">
        <ele>2522.0</ele>
      </trkpt>
      <trkpt lat="39.086674" lon="-105.42408">
        <ele>2521.0</ele>
      </trkpt>
      <trkpt lat="39.088081" lon="-105.424614">
        <ele>2520.0</ele>
      </trkpt>
      <trkpt lat="39.088844" lon="-105.42511">
        <ele>2523.0</ele>
      </trkpt>
      <trkpt lat="39.089664" lon="-105.425323">
        <ele>2523.0</ele>
      </trkpt>
      <trkpt lat="39.091667" lon="-105.425301">
        <ele>2523.0</ele>
      </trkpt>
      <trkpt lat="39.092697" lon="-105.425598">
        <ele>2524.0</ele>
      </trkpt>
      <trkpt lat="39.092976" lon="-105.426102">
        <ele>2524.0</ele>
      </trkpt>
      <trkpt lat="39.092934" lon="-105.426483">
        <ele>2523.0</ele>
      </trkpt>
      <trkpt lat="39.090553" lon="-105.429077">
        <ele>2532.0</ele>
      </trkpt>
      <trkpt lat="39.09021" lon="-105.429626">
        <ele>2535.0</ele>
      </trkpt>
      <trkpt lat="39.090061" lon="-105.43029">
        <ele>2536.0</ele>
      </trkpt>
      <trkpt lat="39.090538" lon="-105.432503">
        <ele>2543.0</ele>
      </trkpt>
      <trkpt lat="39.090958" lon="-105.433434">
        <ele>2544.0</ele>
      </trkpt>
      <trkpt lat="39.091324" lon="-105.435783">
        <ele>2553.0</ele>
      </trkpt>
      <trkpt lat="39.09145" lon="-105.437675">
        <ele>2554.0</ele>
      </trkpt>
      <trkpt lat="39.092064" lon="-105.440178">
        <ele>2566.0</ele>
      </trkpt>
      <trkpt lat="39.092091" lon="-105.441002">
        <ele>2569.0</ele>
      </trkpt>
      <trkpt lat="39.091911" lon="-105.442062">
        <ele>2569.0</ele>
      </trkpt>
      <trkpt lat="39.091248" lon="-105.443886">
        <ele>2572.0</ele>
      </trkpt>
      <trkpt lat="39.091076" lon="-105.445198">
        <ele>2576.0</ele>
      </trkpt>
      <trkpt lat="39.091095" lon="-105.446251">
        <ele>2578.0</ele>
      </trkpt>
      <trkpt lat="39.091404" lon="-105.448387">
        <ele>2580.0</ele>
      </trkpt>
      <trkpt lat="39.091789" lon="-105.449295">
        <ele>2582.0</ele>
      </trkpt>
      <trkpt lat="39.09338" lon="-105.451797">
        <ele>2587.0</ele>
      </trkpt>
      <trkpt lat="39.095219" lon="-105.454239">
        <ele>2597.0</ele>
      </trkpt>
      <trkpt lat="39.096657" lon="-105.45575">
        <ele>2606.0</ele>
      </trkpt>
      <trkpt lat="39.097317" lon="-105.457367">
        <ele>2610.0</ele>
      </trkpt>
      <trkpt lat="39.098442" lon="-105.459496">
        <ele>2616.0</ele>
      </trkpt>
      <trkpt lat="39.099102" lon="-105.461983">
        <ele>2622.0</ele>
      </trkpt>
      <trkpt lat="39.099941" lon="-105.463524">
        <ele>2627.0</ele>
      </trkpt>
      <trkpt lat="39.100517" lon="-105.464333">
        <ele>2628.0</ele>
      </trkpt>
      <trkpt lat="39.101368" lon="-105.464973">
        <ele>2631.0</ele>
      </trkpt>
      <trkpt lat="39.103222" lon="-105.465622">
        <ele>2639.0</ele>
      </trkpt>
      <trkpt lat="39.103771" lon="-105.465942">
        <ele>2636.0</ele>
      </trkpt>
      <trkpt lat="39.10434" lon="-105.466553">
        <ele>2637.0</ele>
      </trkpt>
      <trkpt lat="39.105747" lon="-105.468613">
        <ele>2642.0</ele>
      </trkpt>
      <trkpt lat="39.108471" lon="-105.471924">
        <ele>2659.0</ele>
      </trkpt>
      <trkpt lat="39.10976" lon="-105.472992">
        <ele>2671.0</ele>
      </trkpt>
      <trkpt lat="39.110638" lon="-105.473419">
        <ele>2677.0</ele>
      </trkpt>
      <trkpt lat="39.110592" lon="-105.473465">
        <ele>2677.0</ele>
      </trkpt>
      <trkpt lat="39.114143" lon="-105.473984">
        <ele>2667.0</ele>
      </trkpt>
      <trkpt lat="39.119331" lon="-105.474396">
        <ele>2652.0</ele>
      </trkpt>
      <trkpt lat="39.120651" lon="-105.474602">
        <ele>2651.0</ele>
      </trkpt>
      <trkpt lat="39.121292" lon="-105.474854">
        <ele>2649.0</ele>
      </trkpt>
      <trkpt lat="39.121532" lon="-105.474838">
        <ele>2650.0</ele>
      </trkpt>
      <trkpt lat="39.122044" lon="-105.47451">
        <ele>2650.0</ele>
      </trkpt>
      <trkpt lat="39.122208" lon="-105.474129">
        <ele>2648.0</ele>
      </trkpt>
      <trkpt lat="39.122292" lon="-105.473267">
        <ele>2644.0</ele>
      </trkpt>
      <trkpt lat="39.122562" lon="-105.472511">
        <ele>2640.0</ele>
      </trkpt>
      <trkpt lat="39.123661" lon="-105.471153">
        <ele>2634.0</ele>
      </trkpt>
      <trkpt lat="39.124847" lon="-105.469185">
        <ele>2627.0</ele>
      </trkpt>
      <trkpt lat="39.125935" lon="-105.466057">
        <ele>2613.0</ele>
      </trkpt>
      <trkpt lat="39.126163" lon="-105.464569">
        <ele>2607.0</ele>
      </trkpt>
      <trkpt lat="39.127167" lon="-105.462456">
        <ele>2602.0</ele>
      </trkpt>
      <trkpt lat="39.127666" lon="-105.462006">
        <ele>2602.0</ele>
      </trkpt>
      <trkpt lat="39.127953" lon="-105.461899">
        <ele>2602.0</ele>
      </trkpt>
      <trkpt lat="39.128708" lon="-105.461884">
        <ele>2602.0</ele>
      </trkpt>
      <trkpt lat="39.131905" lon="-105.463112">
        <ele>2603.0</ele>
      </trkpt>
      <trkpt lat="39.13472" lon="-105.463272">
        <ele>2607.0</ele>
      </trkpt>
      <trkpt lat="39.135185" lon="-105.463509">
        <ele>2608.0</ele>
      </trkpt>
      <trkpt lat="39.135536" lon="-105.463905">
        <ele>2609.0</ele>
      </trkpt>
      <trkpt lat="39.136715" lon="-105.465759">
        <ele>2616.0</ele>
      </trkpt>
      <trkpt lat="39.138111" lon="-105.467293">
        <ele>2622.0</ele>
      </trkpt>
      <trkpt lat="39.139778" lon="-105.468613">
        <ele>2619.0</ele>
      </trkpt>
      <trkpt lat="39.140797" lon="-105.468773">
        <ele>2617.0</ele>
      </trkpt>
      <trkpt lat="39.141479" lon="-105.46917">
        <ele>2617.0</ele>
      </trkpt>
      <trkpt lat="39.142281" lon="-105.470444">
        <ele>2606.0</ele>
      </trkpt>
      <trkpt lat="39.142651" lon="-105.47081">
        <ele>2607.0</ele>
      </trkpt>
      <trkpt lat="39.143013" lon="-105.470985">
        <ele>2606.0</ele>
      </trkpt>
      <trkpt lat="39.145977" lon="-105.471619">
        <ele>2605.0</ele>
      </trkpt>
      <trkpt lat="39.146568" lon="-105.471977">
        <ele>2606.0</ele>
      </trkpt>
      <trkpt lat="39.147194" lon="-105.472626">
        <ele>2607.0</ele>
      </trkpt>
      <trkpt lat="39.147686" lon="-105.473663">
        <ele>2606.0</ele>
      </trkpt>
      <trkpt lat="39.147785" lon="-105.474205">
        <ele>2605.0</ele>
      </trkpt>
      <trkpt lat="39.147789" lon="-105.475258">
        <ele>2613.0</ele>
      </trkpt>
      <trkpt lat="39.147156" lon="-105.478493">
        <ele>2609.0</ele>
      </trkpt>
      <trkpt lat="39.147217" lon="-105.479195">
        <ele>2608.0</ele>
      </trkpt>
      <trkpt lat="39.147591" lon="-105.480064">
        <ele>2608.0</ele>
      </trkpt>
      <trkpt lat="39.148174" lon="-105.480614">
        <ele>2608.0</ele>
      </trkpt>
      <trkpt lat="39.148678" lon="-105.480766">
        <ele>2608.0</ele>
      </trkpt>
      <trkpt lat="39.15081" lon="-105.480591">
        <ele>2616.0</ele>
      </trkpt>
      <trkpt lat="39.152054" lon="-105.480026">
        <ele>2616.0</ele>
      </trkpt>
      <trkpt lat="39.152637" lon="-105.479897">
        <ele>2620.0</ele>
      </trkpt>
      <trkpt lat="39.15313" lon="-105.480011">
        <ele>2621.0</ele>
      </trkpt>
      <trkpt lat="39.153645" lon="-105.48037">
        <ele>2623.0</ele>
      </trkpt>
      <trkpt lat="39.15538" lon="-105.482101">
        <ele>2638.0</ele>
      </trkpt>
      <trkpt lat="39.157101" lon="-105.484169">
        <ele>2641.0</ele>
      </trkpt>
      <trkpt lat="39.158203" lon="-105.485062">
        <ele>2637.0</ele>
      </trkpt>
      <trkpt lat="39.159748" lon="-105.487312">
        <ele>2638.0</ele>
      </trkpt>
      <trkpt lat="39.161236" lon="-105.488876">
        <ele>2622.0</ele>
      </trkpt>
      <trkpt lat="39.161579" lon="-105.489632">
        <ele>2619.0</ele>
      </trkpt>
      <trkpt lat="39.162037" lon="-105.492661">
        <ele>2621.0</ele>
      </trkpt>
      <trkpt lat="39.162231" lon="-105.493126">
        <ele>2621.0</ele>
      </trkpt>
      <trkpt lat="39.162605" lon="-105.493629">
        <ele>2622.0</ele>
      </trkpt>
      <trkpt lat="39.163494" lon="-105.494476">
        <ele>2623.0</ele>
      </trkpt>
      <trkpt lat="39.164421" lon="-105.495003">
        <ele>2622.0</ele>
      </trkpt>
      <trkpt lat="39.165279" lon="-105.495918">
        <ele>2622.0</ele>
      </trkpt>
      <trkpt lat="39.166046" lon="-105.497391">
        <ele>2625.0</ele>
      </trkpt>
      <trkpt lat="39.166695" lon="-105.498245">
        <ele>2629.0</ele>
      </trkpt>
      <trkpt lat="39.166901" lon="-105.498688">
        <ele>2629.0</ele>
      </trkpt>
      <trkpt lat="39.166981" lon="-105.499153">
        <ele>2629.0</ele>
      </trkpt>
      <trkpt lat="39.166981" lon="-105.50338">
        <ele>2630.0</ele>
      </trkpt>
      <trkpt lat="39.166821" lon="-105.50499">
        <ele>2631.0</ele>
      </trkpt>
      <trkpt lat="39.166382" lon="-105.507301">
        <ele>2627.0</ele>
      </trkpt>
      <trkpt lat="39.166477" lon="-105.508995">
        <ele>2628.0</ele>
      </trkpt>
      <trkpt lat="39.166248" lon="-105.51133">
        <ele>2634.0</ele>
      </trkpt>
      <trkpt lat="39.166462" lon="-105.512131">
        <ele>2633.0</ele>
      </trkpt>
      <trkpt lat="39.166946" lon="-105.512871">
        <ele>2632.0</ele>
      </trkpt>
      <trkpt lat="39.168556" lon="-105.51387">
        <ele>2631.0</ele>
      </trkpt>
      <trkpt lat="39.171818" lon="-105.517036">
        <ele>2656.0</ele>
      </trkpt>
      <trkpt lat="39.172634" lon="-105.51812">
        <ele>2647.0</ele>
      </trkpt>
      <trkpt lat="39.174217" lon="-105.520584">
        <ele>2644.0</ele>
      </trkpt>
      <trkpt lat="39.175217" lon="-105.521835">
        <ele>2645.0</ele>
      </trkpt>
      <trkpt lat="39.175968" lon="-105.522987">
        <ele>2643.0</ele>
      </trkpt>
      <trkpt lat="39.176189" lon="-105.523506">
        <ele>2644.0</ele>
      </trkpt>
      <trkpt lat="39.176361" lon="-105.524483">
        <ele>2644.0</ele>
      </trkpt>
      <trkpt lat="39.176647" lon="-105.524963">
        <ele>2646.0</ele>
      </trkpt>
      <trkpt lat="39.178188" lon="-105.52581">
        <ele>2645.0</ele>
      </trkpt>
      <trkpt lat="39.180634" lon="-105.52755">
        <ele>2645.0</ele>
      </trkpt>
      <trkpt lat="39.181629" lon="-105.528473">
        <ele>2646.0</ele>
      </trkpt>
      <trkpt lat="39.182671" lon="-105.529724">
        <ele>2651.0</ele>
      </trkpt>
      <trkpt lat="39.183929" lon="-105.53199">
        <ele>2651.0</ele>
      </trkpt>
      <trkpt lat="39.184189" lon="-105.532974">
        <ele>2651.0</ele>
      </trkpt>
      <trkpt lat="39.184212" lon="-105.535706">
        <ele>2657.0</ele>
      </trkpt>
      <trkpt lat="39.184971" lon="-105.539383">
        <ele>2675.0</ele>
      </trkpt>
      <trkpt lat="39.185623" lon="-105.540993">
        <ele>2676.0</ele>
      </trkpt>
      <trkpt lat="39.186298" lon="-105.541946">
        <ele>2674.0</ele>
      </trkpt>
      <trkpt lat="39.187038" lon="-105.542709">
        <ele>2668.0</ele>
      </trkpt>
      <trkpt lat="39.189331" lon="-105.544518">
        <ele>2670.0</ele>
      </trkpt>
      <trkpt lat="39.190094" lon="-105.545403">
        <ele>2678.0</ele>
      </trkpt>
      <trkpt lat="39.191021" lon="-105.546219">
        <ele>2678.0</ele>
      </trkpt>
      <trkpt lat="39.191196" lon="-105.546577">
        <ele>2676.0</ele>
      </trkpt>
      <trkpt lat="39.191887" lon="-105.549477">
        <ele>2666.0</ele>
      </trkpt>
      <trkpt lat="39.192371" lon="-105.550133">
        <ele>2673.0</ele>
      </trkpt>
      <trkpt lat="39.192745" lon="-105.550377">
        <ele>2672.0</ele>
      </trkpt>
      <trkpt lat="39.193245" lon="-105.550514">
        <ele>2669.0</ele>
      </trkpt>
      <trkpt lat="39.193947" lon="-105.550369">
        <ele>2667.0</ele>
      </trkpt>
      <trkpt lat="39.19492" lon="-105.549736">
        <ele>2667.0</ele>
      </trkpt>
      <trkpt lat="39.19556" lon="-105.549644">
        <ele>2671.0</ele>
      </trkpt>
      <trkpt lat="39.19614" lon="-105.549805">
        <ele>2670.0</ele>
      </trkpt>
      <trkpt lat="39.196709" lon="-105.550308">
        <ele>2666.0</ele>
      </trkpt>
      <trkpt lat="39.19706" lon="-105.550926">
        <ele>2669.0</ele>
      </trkpt>
      <trkpt lat="39.19759" lon="-105.552811">
        <ele>2668.0</ele>
      </trkpt>
      <trkpt lat="39.198029" lon="-105.553825">
        <ele>2672.0</ele>
      </trkpt>
      <trkpt lat="39.198402" lon="-105.555908">
        <ele>2675.0</ele>
      </trkpt>
      <trkpt lat="39.198647" lon="-105.556763">
        <ele>2678.0</ele>
      </trkpt>
      <trkpt lat="39.199589" lon="-105.559044">
        <ele>2688.0</ele>
      </trkpt>
      <trkpt lat="39.201027" lon="-105.561203">
        <ele>2688.0</ele>
      </trkpt>
      <trkpt lat="39.202148" lon="-105.562134">
        <ele>2689.0</ele>
      </trkpt>
      <trkpt lat="39.202446" lon="-105.562645">
        <ele>2687.0</ele>
      </trkpt>
      <trkpt lat="39.202766" lon="-105.563911">
        <ele>2681.0</ele>
      </trkpt>
      <trkpt lat="39.202999" lon="-105.564369">
        <ele>2682.0</ele>
      </trkpt>
      <trkpt lat="39.203499" lon="-105.564789">
        <ele>2683.0</ele>
      </trkpt>
      <trkpt lat="39.204689" lon="-105.565208">
        <ele>2681.0</ele>
      </trkpt>
      <trkpt lat="39.205761" lon="-105.56604">
        <ele>2680.0</ele>
      </trkpt>
      <trkpt lat="39.209599" lon="-105.571098">
        <ele>2681.0</ele>
      </trkpt>
      <trkpt lat="39.210083" lon="-105.572296">
        <ele>2682.0</ele>
      </trkpt>
      <trkpt lat="39.210518" lon="-105.574112">
        <ele>2681.0</ele>
      </trkpt>
      <trkpt lat="39.211514" lon="-105.575836">
        <ele>2690.0</ele>
      </trkpt>
      <trkpt lat="39.212193" lon="-105.577538">
        <ele>2699.0</ele>
      </trkpt>
      <trkpt lat="39.212528" lon="-105.578911">
        <ele>2704.0</ele>
      </trkpt>
      <trkpt lat="39.213215" lon="-105.583687">
        <ele>2696.0</ele>
      </trkpt>
      <trkpt lat="39.21347" lon="-105.584679">
        <ele>2697.0</ele>
      </trkpt>
      <trkpt lat="39.214661" lon="-105.58709">
        <ele>2696.0</ele>
      </trkpt>
      <trkpt lat="39.21526" lon="-105.588608">
        <ele>2708.0</ele>
      </trkpt>
      <trkpt lat="39.215641" lon="-105.590057">
        <ele>2705.0</ele>
      </trkpt>
      <trkpt lat="39.216515" lon="-105.594986">
        <ele>2695.0</ele>
      </trkpt>
      <trkpt lat="39.216877" lon="-105.59639">
        <ele>2695.0</ele>
      </trkpt>
      <trkpt lat="39.218182" lon="-105.599602">
        <ele>2696.0</ele>
      </trkpt>
      <trkpt lat="39.218639" lon="-105.600479">
        <ele>2695.0</ele>
      </trkpt>
      <trkpt lat="39.219807" lon="-105.601868">
        <ele>2696.0</ele>
      </trkpt>
      <trkpt lat="39.220737" lon="-105.602386">
        <ele>2696.0</ele>
      </trkpt>
      <trkpt lat="39.221279" lon="-105.602463">
        <ele>2696.0</ele>
      </trkpt>
      <trkpt lat="39.222534" lon="-105.602356">
        <ele>2695.0</ele>
      </trkpt>
      <trkpt lat="39.223011" lon="-105.602478">
        <ele>2695.0</ele>
      </trkpt>
      <trkpt lat="39.223267" lon="-105.602661">
        <ele>2696.0</ele>
      </trkpt>
      <trkpt lat="39.224537" lon="-105.604172">
        <ele>2711.0</ele>
      </trkpt>
      <trkpt lat="39.225224" lon="-105.604691">
        <ele>2715.0</ele>
      </trkpt>
      <trkpt lat="39.227718" lon="-105.605659">
        <ele>2707.0</ele>
      </trkpt>
      <trkpt lat="39.22887" lon="-105.60643">
        <ele>2704.0</ele>
      </trkpt>
      <trkpt lat="39.230698" lon="-105.608009">
        <ele>2704.0</ele>
      </trkpt>
      <trkpt lat="39.2318" lon="-105.609222">
        <ele>2704.0</ele>
      </trkpt>
      <trkpt lat="39.232361" lon="-105.610268">
        <ele>2703.0</ele>
      </trkpt>
      <trkpt lat="39.232632" lon="-105.611099">
        <ele>2704.0</ele>
      </trkpt>
      <trkpt lat="39.232864" lon="-105.611511">
        <ele>2704.0</ele>
      </trkpt>
      <trkpt lat="39.234371" lon="-105.613274">
        <ele>2704.0</ele>
      </trkpt>
      <trkpt lat="39.234737" lon="-105.614288">
        <ele>2704.0</ele>
      </trkpt>
      <trkpt lat="39.235046" lon="-105.617126">
        <ele>2704.0</ele>
      </trkpt>
      <trkpt lat="39.235313" lon="-105.618149">
        <ele>2705.0</ele>
      </trkpt>
      <trkpt lat="39.235561" lon="-105.618675">
        <ele>2706.0</ele>
      </trkpt>
      <trkpt lat="39.236526" lon="-105.620079">
        <ele>2706.0</ele>
      </trkpt>
      <trkpt lat="39.236813" lon="-105.620705">
        <ele>2707.0</ele>
      </trkpt>
      <trkpt lat="39.237156" lon="-105.62207">
        <ele>2707.0</ele>
      </trkpt>
      <trkpt lat="39.237228" lon="-105.623093">
        <ele>2707.0</ele>
      </trkpt>
      <trkpt lat="39.237152" lon="-105.625145">
        <ele>2710.0</ele>
      </trkpt>
      <trkpt lat="39.237309" lon="-105.625832">
        <ele>2715.0</ele>
      </trkpt>
      <trkpt lat="39.238483" lon="-105.628143">
        <ele>2708.0</ele>
      </trkpt>
      <trkpt lat="39.239105" lon="-105.628799">
        <ele>2710.0</ele>
      </trkpt>
      <trkpt lat="39.240585" lon="-105.629768">
        <ele>2713.0</ele>
      </trkpt>
      <trkpt lat="39.241024" lon="-105.630241">
        <ele>2714.0</ele>
      </trkpt>
      <trkpt lat="39.242691" lon="-105.633095">
        <ele>2717.0</ele>
      </trkpt>
      <trkpt lat="39.245365" lon="-105.638573">
        <ele>2730.0</ele>
      </trkpt>
      <trkpt lat="39.249783" lon="-105.64402">
        <ele>2750.0</ele>
      </trkpt>
      <trkpt lat="39.250084" lon="-105.644554">
        <ele>2756.0</ele>
      </trkpt>
      <trkpt lat="39.251171" lon="-105.648643">
        <ele>2783.0</ele>
      </trkpt>
      <trkpt lat="39.251259" lon="-105.650681">
        <ele>2781.0</ele>
      </trkpt>
      <trkpt lat="39.251667" lon="-105.651573">
        <ele>2778.0</ele>
      </trkpt>
      <trkpt lat="39.252071" lon="-105.652794">
        <ele>2767.0</ele>
      </trkpt>
      <trkpt lat="39.252453" lon="-105.653519">
        <ele>2760.0</ele>
      </trkpt>
      <trkpt lat="39.252625" lon="-105.654091">
        <ele>2756.0</ele>
      </trkpt>
      <trkpt lat="39.25264" lon="-105.654457">
        <ele>2754.0</ele>
      </trkpt>
      <trkpt lat="39.252281" lon="-105.656036">
        <ele>2745.0</ele>
      </trkpt>
      <trkpt lat="39.252357" lon="-105.657028">
        <ele>2742.0</ele>
      </trkpt>
      <trkpt lat="39.252583" lon="-105.657562">
        <ele>2742.0</ele>
      </trkpt>
      <trkpt lat="39.253994" lon="-105.659714">
        <ele>2739.0</ele>
      </trkpt>
      <trkpt lat="39.254913" lon="-105.661377">
        <ele>2741.0</ele>
      </trkpt>
      <trkpt lat="39.255531" lon="-105.662064">
        <ele>2742.0</ele>
      </trkpt>
      <trkpt lat="39.256958" lon="-105.663132">
        <ele>2741.0</ele>
      </trkpt>
      <trkpt lat="39.258831" lon="-105.664062">
        <ele>2744.0</ele>
      </trkpt>
      <trkpt lat="39.259686" lon="-105.664612">
        <ele>2753.0</ele>
      </trkpt>
      <trkpt lat="39.263058" lon="-105.667709">
        <ele>2743.0</ele>
      </trkpt>
      <trkpt lat="39.26907" lon="-105.672371">
        <ele>2744.0</ele>
      </trkpt>
      <trkpt lat="39.273163" lon="-105.67585">
        <ele>2747.0</ele>
      </trkpt>
      <trkpt lat="39.273788" lon="-105.676651">
        <ele>2747.0</ele>
      </trkpt>
      <trkpt lat="39.274361" lon="-105.677994">
        <ele>2746.0</ele>
      </trkpt>
      <trkpt lat="39.275085" lon="-105.681335">
        <ele>2742.0</ele>
      </trkpt>
      <trkpt lat="39.275387" lon="-105.682213">
        <ele>2743.0</ele>
      </trkpt>
      <trkpt lat="39.27607" lon="-105.683365">
        <ele>2743.0</ele>
      </trkpt>
      <trkpt lat="39.277222" lon="-105.684464">
        <ele>2751.0</ele>
      </trkpt>
      <trkpt lat="39.27763" lon="-105.684616">
        <ele>2750.0</ele>
      </trkpt>
      <trkpt lat="39.281475" lon="-105.685211">
        <ele>2755.0</ele>
      </trkpt>
      <trkpt lat="39.282928" lon="-105.68589">
        <ele>2765.0</ele>
      </trkpt>
      <trkpt lat="39.283886" lon="-105.686707">
        <ele>2765.0</ele>
      </trkpt>
      <trkpt lat="39.284489" lon="-105.687447">
        <ele>2756.0</ele>
      </trkpt>
      <trkpt lat="39.285156" lon="-105.688614">
        <ele>2754.0</ele>
      </trkpt>
      <trkpt lat="39.285595" lon="-105.689796">
        <ele>2752.0</ele>
      </trkpt>
      <trkpt lat="39.286484" lon="-105.694649">
        <ele>2752.0</ele>
      </trkpt>
      <trkpt lat="39.286678" lon="-105.695175">
        <ele>2752.0</ele>
      </trkpt>
      <trkpt lat="39.286911" lon="-105.695473">
        <ele>2752.0</ele>
      </trkpt>
      <trkpt lat="39.287464" lon="-105.695747">
        <ele>2751.0</ele>
      </trkpt>
      <trkpt lat="39.289177" lon="-105.695557">
        <ele>2754.0</ele>
      </trkpt>
      <trkpt lat="39.290607" lon="-105.695869">
        <ele>2754.0</ele>
      </trkpt>
      <trkpt lat="39.291161" lon="-105.696205">
        <ele>2753.0</ele>
      </trkpt>
      <trkpt lat="39.291477" lon="-105.696594">
        <ele>2752.0</ele>
      </trkpt>
      <trkpt lat="39.292427" lon="-105.698624">
        <ele>2755.0</ele>
      </trkpt>
      <trkpt lat="39.293106" lon="-105.700523">
        <ele>2764.0</ele>
      </trkpt>
      <trkpt lat="39.29517" lon="-105.705185">
        <ele>2765.0</ele>
      </trkpt>
      <trkpt lat="39.296261" lon="-105.706741">
        <ele>2763.0</ele>
      </trkpt>
      <trkpt lat="39.297119" lon="-105.708992">
        <ele>2767.0</ele>
      </trkpt>
      <trkpt lat="39.297176" lon="-105.70993">
        <ele>2764.0</ele>
      </trkpt>
      <trkpt lat="39.296909" lon="-105.71122">
        <ele>2763.0</ele>
      </trkpt>
      <trkpt lat="39.296841" lon="-105.711136">
        <ele>2762.0</ele>
      </trkpt>
      <trkpt lat="39.296909" lon="-105.71125">
        <ele>2763.0</ele>
      </trkpt>
      <trkpt lat="39.296383" lon="-105.712631">
        <ele>2767.0</ele>
      </trkpt>
      <trkpt lat="39.296337" lon="-105.713608">
        <ele>2769.0</ele>
      </trkpt>
      <trkpt lat="39.296738" lon="-105.714622">
        <ele>2769.0</ele>
      </trkpt>
      <trkpt lat="39.297115" lon="-105.715134">
        <ele>2771.0</ele>
      </trkpt>
      <trkpt lat="39.297401" lon="-105.715752">
        <ele>2772.0</ele>
      </trkpt>
      <trkpt lat="39.299648" lon="-105.723434">
        <ele>2810.0</ele>
      </trkpt>
      <trkpt lat="39.300209" lon="-105.723358">
        <ele>2810.0</ele>
      </trkpt>
      <trkpt lat="39.301064" lon="-105.723846">
        <ele>2816.0</ele>
      </trkpt>
      <trkpt lat="39.302029" lon="-105.724121">
        <ele>2822.0</ele>
      </trkpt>
      <trkpt lat="39.302792" lon="-105.724518">
        <ele>2830.0</ele>
      </trkpt>
      <trkpt lat="39.303658" lon="-105.724747">
        <ele>2835.0</ele>
      </trkpt>
      <trkpt lat="39.305241" lon="-105.724831">
        <ele>2846.0</ele>
      </trkpt>
      <trkpt lat="39.305969" lon="-105.724678">
        <ele>2854.0</ele>
      </trkpt>
      <trkpt lat="39.307362" lon="-105.724014">
        <ele>2863.0</ele>
      </trkpt>
      <trkpt lat="39.30748" lon="-105.723839">
        <ele>2865.0</ele>
      </trkpt>
      <trkpt lat="39.307632" lon="-105.723">
        <ele>2866.0</ele>
      </trkpt>
      <trkpt lat="39.308048" lon="-105.72245">
        <ele>2869.0</ele>
      </trkpt>
      <trkpt lat="39.308273" lon="-105.722336">
        <ele>2870.0</ele>
      </trkpt>
      <trkpt lat="39.308765" lon="-105.722366">
        <ele>2874.0</ele>
      </trkpt>
      <trkpt lat="39.309566" lon="-105.723137">
        <ele>2880.0</ele>
      </trkpt>
      <trkpt lat="39.309772" lon="-105.72319">
        <ele>2880.0</ele>
      </trkpt>
      <trkpt lat="39.310425" lon="-105.722916">
        <ele>2881.0</ele>
      </trkpt>
      <trkpt lat="39.310772" lon="-105.722511">
        <ele>2885.0</ele>
      </trkpt>
      <trkpt lat="39.311188" lon="-105.722275">
        <ele>2889.0</ele>
      </trkpt>
      <trkpt lat="39.311802" lon="-105.722328">
        <ele>2893.0</ele>
      </trkpt>
      <trkpt lat="39.312347" lon="-105.722061">
        <ele>2897.0</ele>
      </trkpt>
      <trkpt lat="39.313541" lon="-105.722076">
        <ele>2905.0</ele>
      </trkpt>
      <trkpt lat="39.315937" lon="-105.721535">
        <ele>2910.0</ele>
      </trkpt>
      <trkpt lat="39.317844" lon="-105.721596">
        <ele>2911.0</ele>
      </trkpt>
      <trkpt lat="39.318432" lon="-105.721313">
        <ele>2910.0</ele>
      </trkpt>
      <trkpt lat="39.319279" lon="-105.721252">
        <ele>2906.0</ele>
      </trkpt>
      <trkpt lat="39.321018" lon="-105.722229">
        <ele>2894.0</ele>
      </trkpt>
      <trkpt lat="39.321396" lon="-105.722679">
        <ele>2894.0</ele>
      </trkpt>
      <trkpt lat="39.321938" lon="-105.723053">
        <ele>2895.0</ele>
      </trkpt>
      <trkpt lat="39.322353" lon="-105.723167">
        <ele>2895.0</ele>
      </trkpt>
      <trkpt lat="39.325977" lon="-105.72303">
        <ele>2909.0</ele>
      </trkpt>
      <trkpt lat="39.32716" lon="-105.723526">
        <ele>2915.0</ele>
      </trkpt>
      <trkpt lat="39.327969" lon="-105.72448">
        <ele>2916.0</ele>
      </trkpt>
      <trkpt lat="39.328671" lon="-105.726662">
        <ele>2915.0</ele>
      </trkpt>
      <trkpt lat="39.32885" lon="-105.727783">
        <ele>2914.0</ele>
      </trkpt>
      <trkpt lat="39.329311" lon="-105.728699">
        <ele>2917.0</ele>
      </trkpt>
      <trkpt lat="39.33009" lon="-105.729683">
        <ele>2919.0</ele>
      </trkpt>
      <trkpt lat="39.330875" lon="-105.731018">
        <ele>2928.0</ele>
      </trkpt>
      <trkpt lat="39.331741" lon="-105.731743">
        <ele>2934.0</ele>
      </trkpt>
      <trkpt lat="39.332249" lon="-105.731865">
        <ele>2937.0</ele>
      </trkpt>
      <trkpt lat="39.333046" lon="-105.731636">
        <ele>2943.0</ele>
      </trkpt>
      <trkpt lat="39.335293" lon="-105.730553">
        <ele>2950.0</ele>
      </trkpt>
      <trkpt lat="39.336319" lon="-105.730362">
        <ele>2957.0</ele>
      </trkpt>
      <trkpt lat="39.336452" lon="-105.730225">
        <ele>2959.0</ele>
      </trkpt>
      <trkpt lat="39.336632" lon="-105.729668">
        <ele>2961.0</ele>
      </trkpt>
      <trkpt lat="39.336964" lon="-105.729332">
        <ele>2963.0</ele>
      </trkpt>
      <trkpt lat="39.340141" lon="-105.729721">
        <ele>2985.0</ele>
      </trkpt>
      <trkpt lat="39.341434" lon="-105.729713">
        <ele>2988.0</ele>
      </trkpt>
      <trkpt lat="39.342205" lon="-105.729881">
        <ele>2997.0</ele>
      </trkpt>
      <trkpt lat="39.342953" lon="-105.730392">
        <ele>3002.0</ele>
      </trkpt>
      <trkpt lat="39.34338" lon="-105.730484">
        <ele>3004.0</ele>
      </trkpt>
      <trkpt lat="39.344482" lon="-105.729904">
        <ele>3003.0</ele>
      </trkpt>
      <trkpt lat="39.34481" lon="-105.729958">
        <ele>3000.0</ele>
      </trkpt>
      <trkpt lat="39.345848" lon="-105.730453">
        <ele>2992.0</ele>
      </trkpt>
      <trkpt lat="39.346333" lon="-105.730431">
        <ele>2988.0</ele>
      </trkpt>
      <trkpt lat="39.34684" lon="-105.730614">
        <ele>2986.0</ele>
      </trkpt>
      <trkpt lat="39.3475" lon="-105.730583">
        <ele>2992.0</ele>
      </trkpt>
      <trkpt lat="39.348335" lon="-105.731026">
        <ele>3000.0</ele>
      </trkpt>
      <trkpt lat="39.349377" lon="-105.730988">
        <ele>3010.0</ele>
      </trkpt>
      <trkpt lat="39.349644" lon="-105.730881">
        <ele>3010.0</ele>
      </trkpt>
      <trkpt lat="39.350128" lon="-105.730453">
        <ele>3009.0</ele>
      </trkpt>
      <trkpt lat="39.350742" lon="-105.7295">
        <ele>3005.0</ele>
      </trkpt>
      <trkpt lat="39.350845" lon="-105.729042">
        <ele>3002.0</ele>
      </trkpt>
      <trkpt lat="39.351028" lon="-105.72879">
        <ele>2999.0</ele>
      </trkpt>
      <trkpt lat="39.35136" lon="-105.72863">
        <ele>2998.0</ele>
      </trkpt>
      <trkpt lat="39.353298" lon="-105.728844">
        <ele>2996.0</ele>
      </trkpt>
      <trkpt lat="39.353851" lon="-105.728539">
        <ele>2992.0</ele>
      </trkpt>
      <trkpt lat="39.353889" lon="-105.728302">
        <ele>2993.0</ele>
      </trkpt>
      <trkpt lat="39.35358" lon="-105.727325">
        <ele>2993.0</ele>
      </trkpt>
      <trkpt lat="39.353523" lon="-105.726479">
        <ele>3001.0</ele>
      </trkpt>
      <trkpt lat="39.353764" lon="-105.725754">
        <ele>3004.0</ele>
      </trkpt>
      <trkpt lat="39.354176" lon="-105.725113">
        <ele>3008.0</ele>
      </trkpt>
      <trkpt lat="39.354206" lon="-105.724861">
        <ele>3007.0</ele>
      </trkpt>
      <trkpt lat="39.35371" lon="-105.723511">
        <ele>3002.0</ele>
      </trkpt>
      <trkpt lat="39.353081" lon="-105.72229">
        <ele>2991.0</ele>
      </trkpt>
      <trkpt lat="39.352783" lon="-105.721947">
        <ele>2986.0</ele>
      </trkpt>
      <trkpt lat="39.352463" lon="-105.721207">
        <ele>2977.0</ele>
      </trkpt>
      <trkpt lat="39.352459" lon="-105.720879">
        <ele>2974.0</ele>
      </trkpt>
      <trkpt lat="39.35284" lon="-105.720207">
        <ele>2968.0</ele>
      </trkpt>
      <trkpt lat="39.353439" lon="-105.719704">
        <ele>2965.0</ele>
      </trkpt>
      <trkpt lat="39.354042" lon="-105.719009">
        <ele>2961.0</ele>
      </trkpt>
      <trkpt lat="39.354656" lon="-105.718048">
        <ele>2958.0</ele>
      </trkpt>
      <trkpt lat="39.354767" lon="-105.714813">
        <ele>2939.0</ele>
      </trkpt>
      <trkpt lat="39.354942" lon="-105.71418">
        <ele>2935.0</ele>
      </trkpt>
      <trkpt lat="39.355106" lon="-105.71405">
        <ele>2935.0</ele>
      </trkpt>
      <trkpt lat="39.35561" lon="-105.714073">
        <ele>2934.0</ele>
      </trkpt>
      <trkpt lat="39.356102" lon="-105.71434">
        <ele>2933.0</ele>
      </trkpt>
      <trkpt lat="39.356926" lon="-105.715118">
        <ele>2923.0</ele>
      </trkpt>
      <trkpt lat="39.357052" lon="-105.715027">
        <ele>2921.0</ele>
      </trkpt>
      <trkpt lat="39.357292" lon="-105.71273">
        <ele>2916.0</ele>
      </trkpt>
      <trkpt lat="39.356647" lon="-105.711235">
        <ele>2914.0</ele>
      </trkpt>
      <trkpt lat="39.356598" lon="-105.709023">
        <ele>2931.0</ele>
      </trkpt>
      <trkpt lat="39.35648" lon="-105.70826">
        <ele>2931.0</ele>
      </trkpt>
      <trkpt lat="39.355881" lon="-105.706337">
        <ele>2923.0</ele>
      </trkpt>
      <trkpt lat="39.355335" lon="-105.702431">
        <ele>2917.0</ele>
      </trkpt>
      <trkpt lat="39.355347" lon="-105.700836">
        <ele>2914.0</ele>
      </trkpt>
      <trkpt lat="39.355049" lon="-105.700272">
        <ele>2909.0</ele>
      </trkpt>
      <trkpt lat="39.354385" lon="-105.699661">
        <ele>2907.0</ele>
      </trkpt>
      <trkpt lat="39.353188" lon="-105.697113">
        <ele>2899.0</ele>
      </trkpt>
      <trkpt lat="39.352062" lon="-105.694351">
        <ele>2888.0</ele>
      </trkpt>
      <trkpt lat="39.351772" lon="-105.693344">
        <ele>2885.0</ele>
      </trkpt>
      <trkpt lat="39.351017" lon="-105.691376">
        <ele>2873.0</ele>
      </trkpt>
      <trkpt lat="39.350685" lon="-105.690903">
        <ele>2868.0</ele>
      </trkpt>
      <trkpt lat="39.349693" lon="-105.690231">
        <ele>2863.0</ele>
      </trkpt>
      <trkpt lat="39.348392" lon="-105.688637">
        <ele>2867.0</ele>
      </trkpt>
      <trkpt lat="39.348309" lon="-105.687164">
        <ele>2888.0</ele>
      </trkpt>
      <trkpt lat="39.347977" lon="-105.686752">
        <ele>2889.0</ele>
      </trkpt>
      <trkpt lat="39.347931" lon="-105.686508">
        <ele>2890.0</ele>
      </trkpt>
      <trkpt lat="39.348576" lon="-105.685654">
        <ele>2898.0</ele>
      </trkpt>
      <trkpt lat="39.348915" lon="-105.684761">
        <ele>2902.0</ele>
      </trkpt>
      <trkpt lat="39.349674" lon="-105.683426">
        <ele>2906.0</ele>
      </trkpt>
      <trkpt lat="39.350552" lon="-105.683029">
        <ele>2906.0</ele>
      </trkpt>
      <trkpt lat="39.351025" lon="-105.683212">
        <ele>2902.0</ele>
      </trkpt>
      <trkpt lat="39.351189" lon="-105.683159">
        <ele>2899.0</ele>
      </trkpt>
      <trkpt lat="39.351749" lon="-105.68206">
        <ele>2900.0</ele>
      </trkpt>
      <trkpt lat="39.352108" lon="-105.682045">
        <ele>2903.0</ele>
      </trkpt>
      <trkpt lat="39.353233" lon="-105.682419">
        <ele>2913.0</ele>
      </trkpt>
      <trkpt lat="39.353165" lon="-105.682449">
        <ele>2914.0</ele>
      </trkpt>
      <trkpt lat="39.353485" lon="-105.682587">
        <ele>2915.0</ele>
      </trkpt>
      <trkpt lat="39.354488" lon="-105.682648">
        <ele>2926.0</ele>
      </trkpt>
      <trkpt lat="39.35537" lon="-105.683136">
        <ele>2936.0</ele>
      </trkpt>
      <trkpt lat="39.356495" lon="-105.682854">
        <ele>2941.0</ele>
      </trkpt>
      <trkpt lat="39.356861" lon="-105.682556">
        <ele>2947.0</ele>
      </trkpt>
      <trkpt lat="39.357574" lon="-105.683243">
        <ele>2953.0</ele>
      </trkpt>
      <trkpt lat="39.358017" lon="-105.683083">
        <ele>2959.0</ele>
      </trkpt>
      <trkpt lat="39.358398" lon="-105.682541">
        <ele>2965.0</ele>
      </trkpt>
      <trkpt lat="39.358997" lon="-105.682503">
        <ele>2970.0</ele>
      </trkpt>
      <trkpt lat="39.359158" lon="-105.682655">
        <ele>2972.0</ele>
      </trkpt>
      <trkpt lat="39.359337" lon="-105.683075">
        <ele>2973.0</ele>
      </trkpt>
      <trkpt lat="39.359371" lon="-105.683495">
        <ele>2974.0</ele>
      </trkpt>
      <trkpt lat="39.359577" lon="-105.683998">
        <ele>2977.0</ele>
      </trkpt>
      <trkpt lat="39.360023" lon="-105.684677">
        <ele>2979.0</ele>
      </trkpt>
      <trkpt lat="39.360352" lon="-105.68499">
        <ele>2979.0</ele>
      </trkpt>
      <trkpt lat="39.360676" lon="-105.685844">
        <ele>2977.0</ele>
      </trkpt>
      <trkpt lat="39.36137" lon="-105.686684">
        <ele>2975.0</ele>
      </trkpt>
      <trkpt lat="39.362011" lon="-105.686729">
        <ele>2974.0</ele>
      </trkpt>
      <trkpt lat="39.362381" lon="-105.687431">
        <ele>2966.0</ele>
      </trkpt>
      <trkpt lat="39.362228" lon="-105.687775">
        <ele>2956.0</ele>
      </trkpt>
      <trkpt lat="39.362511" lon="-105.688828">
        <ele>2947.0</ele>
      </trkpt>
      <trkpt lat="39.362438" lon="-105.689049">
        <ele>2948.0</ele>
      </trkpt>
      <trkpt lat="39.361984" lon="-105.688972">
        <ele>2941.0</ele>
      </trkpt>
      <trkpt lat="39.361923" lon="-105.689468">
        <ele>2939.0</ele>
      </trkpt>
      <trkpt lat="39.361794" lon="-105.689735">
        <ele>2934.0</ele>
      </trkpt>
      <trkpt lat="39.361755" lon="-105.690865">
        <ele>2936.0</ele>
      </trkpt>
      <trkpt lat="39.361568" lon="-105.691124">
        <ele>2929.0</ele>
      </trkpt>
      <trkpt lat="39.36142" lon="-105.691833">
        <ele>2923.0</ele>
      </trkpt>
      <trkpt lat="39.36092" lon="-105.692856">
        <ele>2909.0</ele>
      </trkpt>
      <trkpt lat="39.361099" lon="-105.694298">
        <ele>2903.0</ele>
      </trkpt>
      <trkpt lat="39.361336" lon="-105.695114">
        <ele>2898.0</ele>
      </trkpt>
      <trkpt lat="39.361137" lon="-105.695221">
        <ele>2898.0</ele>
      </trkpt>
      <trkpt lat="39.361195" lon="-105.695213">
        <ele>2898.0</ele>
      </trkpt>
      <trkpt lat="39.361137" lon="-105.695183">
        <ele>2898.0</ele>
      </trkpt>
      <trkpt lat="39.36108" lon="-105.69548">
        <ele>2902.0</ele>
      </trkpt>
      <trkpt lat="39.360714" lon="-105.69548">
        <ele>2901.0</ele>
      </trkpt>
      <trkpt lat="39.360538" lon="-105.695671">
        <ele>2902.0</ele>
      </trkpt>
      <trkpt lat="39.360683" lon="-105.69603">
        <ele>2904.0</ele>
      </trkpt>
      <trkpt lat="39.361179" lon="-105.696472">
        <ele>2915.0</ele>
      </trkpt>
      <trkpt lat="39.361549" lon="-105.697289">
        <ele>2924.0</ele>
      </trkpt>
      <trkpt lat="39.362865" lon="-105.699455">
        <ele>2943.0</ele>
      </trkpt>
      <trkpt lat="39.364017" lon="-105.701813">
        <ele>2955.0</ele>
      </trkpt>
      <trkpt lat="39.364426" lon="-105.70224">
        <ele>2958.0</ele>
      </trkpt>
      <trkpt lat="39.364914" lon="-105.703125">
        <ele>2961.0</ele>
      </trkpt>
      <trkpt lat="39.365341" lon="-105.704399">
        <ele>2965.0</ele>
      </trkpt>
      <trkpt lat="39.367424" lon="-105.708633">
        <ele>2978.0</ele>
      </trkpt>
      <trkpt lat="39.368496" lon="-105.710251">
        <ele>2990.0</ele>
      </trkpt>
      <trkpt lat="39.368748" lon="-105.710777">
        <ele>2996.0</ele>
      </trkpt>
      <trkpt lat="39.36861" lon="-105.711319">
        <ele>2996.0</ele>
      </trkpt>
      <trkpt lat="39.36879" lon="-105.712318">
        <ele>3001.0</ele>
      </trkpt>
      <trkpt lat="39.369614" lon="-105.714577">
        <ele>3011.0</ele>
      </trkpt>
      <trkpt lat="39.36964" lon="-105.714867">
        <ele>3014.0</ele>
      </trkpt>
      <trkpt lat="39.369404" lon="-105.715881">
        <ele>3020.0</ele>
      </trkpt>
      <trkpt lat="39.36919" lon="-105.716049">
        <ele>3020.0</ele>
      </trkpt>
      <trkpt lat="39.369122" lon="-105.716843">
        <ele>3035.0</ele>
      </trkpt>
      <trkpt lat="39.368622" lon="-105.717232">
        <ele>3029.0</ele>
      </trkpt>
      <trkpt lat="39.368629" lon="-105.717339">
        <ele>3029.0</ele>
      </trkpt>
      <trkpt lat="39.368912" lon="-105.717392">
        <ele>3037.0</ele>
      </trkpt>
      <trkpt lat="39.369019" lon="-105.717293">
        <ele>3038.0</ele>
      </trkpt>
      <trkpt lat="39.369522" lon="-105.717384">
        <ele>3041.0</ele>
      </trkpt>
      <trkpt lat="39.370007" lon="-105.717308">
        <ele>3043.0</ele>
      </trkpt>
      <trkpt lat="39.370613" lon="-105.717705">
        <ele>3044.0</ele>
      </trkpt>
      <trkpt lat="39.371181" lon="-105.718811">
        <ele>3053.0</ele>
      </trkpt>
      <trkpt lat="39.371159" lon="-105.719978">
        <ele>3059.0</ele>
      </trkpt>
      <trkpt lat="39.37133" lon="-105.720291">
        <ele>3063.0</ele>
      </trkpt>
      <trkpt lat="39.372513" lon="-105.720573">
        <ele>3069.0</ele>
      </trkpt>
      <trkpt lat="39.372913" lon="-105.720871">
        <ele>3072.0</ele>
      </trkpt>
      <trkpt lat="39.373116" lon="-105.721199">
        <ele>3071.0</ele>
      </trkpt>
      <trkpt lat="39.373241" lon="-105.72123">
        <ele>3073.0</ele>
      </trkpt>
      <trkpt lat="39.37323" lon="-105.721611">
        <ele>3066.0</ele>
      </trkpt>
      <trkpt lat="39.373062" lon="-105.721748">
        <ele>3062.0</ele>
      </trkpt>
      <trkpt lat="39.373215" lon="-105.722069">
        <ele>3059.0</ele>
      </trkpt>
      <trkpt lat="39.373543" lon="-105.722198">
        <ele>3061.0</ele>
      </trkpt>
      <trkpt lat="39.37439" lon="-105.722824">
        <ele>3054.0</ele>
      </trkpt>
      <trkpt lat="39.375031" lon="-105.725166">
        <ele>3044.0</ele>
      </trkpt>
      <trkpt lat="39.375301" lon="-105.7257">
        <ele>3037.0</ele>
      </trkpt>
      <trkpt lat="39.3755" lon="-105.725853">
        <ele>3034.0</ele>
      </trkpt>
      <trkpt lat="39.375824" lon="-105.726562">
        <ele>3029.0</ele>
      </trkpt>
      <trkpt lat="39.376152" lon="-105.726776">
        <ele>3029.0</ele>
      </trkpt>
      <trkpt lat="39.376518" lon="-105.726837">
        <ele>3028.0</ele>
      </trkpt>
      <trkpt lat="39.376808" lon="-105.727104">
        <ele>3029.0</ele>
      </trkpt>
      <trkpt lat="39.378014" lon="-105.727592">
        <ele>3037.0</ele>
      </trkpt>
      <trkpt lat="39.378643" lon="-105.728188">
        <ele>3045.0</ele>
      </trkpt>
      <trkpt lat="39.379883" lon="-105.728439">
        <ele>3058.0</ele>
      </trkpt>
      <trkpt lat="39.380028" lon="-105.728828">
        <ele>3055.0</ele>
      </trkpt>
      <trkpt lat="39.380341" lon="-105.728996">
        <ele>3057.0</ele>
      </trkpt>
      <trkpt lat="39.381397" lon="-105.728668">
        <ele>3073.0</ele>
      </trkpt>
      <trkpt lat="39.382202" lon="-105.729012">
        <ele>3079.0</ele>
      </trkpt>
      <trkpt lat="39.3825" lon="-105.728912">
        <ele>3082.0</ele>
      </trkpt>
      <trkpt lat="39.382843" lon="-105.728416">
        <ele>3090.0</ele>
      </trkpt>
      <trkpt lat="39.383892" lon="-105.72757">
        <ele>3099.0</ele>
      </trkpt>
      <trkpt lat="39.383625" lon="-105.727562">
        <ele>3101.0</ele>
      </trkpt>
      <trkpt lat="39.383434" lon="-105.727417">
        <ele>3104.0</ele>
      </trkpt>
      <trkpt lat="39.383438" lon="-105.727165">
        <ele>3105.0</ele>
      </trkpt>
      <trkpt lat="39.383656" lon="-105.726936">
        <ele>3108.0</ele>
      </trkpt>
      <trkpt lat="39.383736" lon="-105.726662">
        <ele>3111.0</ele>
      </trkpt>
      <trkpt lat="39.383717" lon="-105.725998">
        <ele>3115.0</ele>
      </trkpt>
      <trkpt lat="39.383846" lon="-105.72551">
        <ele>3121.0</ele>
      </trkpt>
      <trkpt lat="39.384167" lon="-105.72554">
        <ele>3125.0</ele>
      </trkpt>
      <trkpt lat="39.384403" lon="-105.725945">
        <ele>3127.0</ele>
      </trkpt>
      <trkpt lat="39.385117" lon="-105.726334">
        <ele>3133.0</ele>
      </trkpt>
      <trkpt lat="39.385998" lon="-105.727364">
        <ele>3142.0</ele>
      </trkpt>
      <trkpt lat="39.386238" lon="-105.727928">
        <ele>3145.0</ele>
      </trkpt>
      <trkpt lat="39.386566" lon="-105.728271">
        <ele>3150.0</ele>
      </trkpt>
      <trkpt lat="39.386696" lon="-105.728271">
        <ele>3151.0</ele>
      </trkpt>
      <trkpt lat="39.387001" lon="-105.729012">
        <ele>3152.0</ele>
      </trkpt>
      <trkpt lat="39.388916" lon="-105.730133">
        <ele>3169.0</ele>
      </trkpt>
      <trkpt lat="39.389431" lon="-105.73056">
        <ele>3174.0</ele>
      </trkpt>
      <trkpt lat="39.390015" lon="-105.731743">
        <ele>3173.0</ele>
      </trkpt>
      <trkpt lat="39.390232" lon="-105.731934">
        <ele>3174.0</ele>
      </trkpt>
      <trkpt lat="39.391029" lon="-105.731842">
        <ele>3177.0</ele>
      </trkpt>
      <trkpt lat="39.391735" lon="-105.732033">
        <ele>3174.0</ele>
      </trkpt>
      <trkpt lat="39.39254" lon="-105.731979">
        <ele>3177.0</ele>
      </trkpt>
      <trkpt lat="39.392933" lon="-105.732506">
        <ele>3174.0</ele>
      </trkpt>
      <trkpt lat="39.393002" lon="-105.732834">
        <ele>3174.0</ele>
      </trkpt>
      <trkpt lat="39.394001" lon="-105.734215">
        <ele>3173.0</ele>
      </trkpt>
      <trkpt lat="39.394402" lon="-105.734528">
        <ele>3166.0</ele>
      </trkpt>
      <trkpt lat="39.395317" lon="-105.734962">
        <ele>3152.0</ele>
      </trkpt>
      <trkpt lat="39.395565" lon="-105.735344">
        <ele>3148.0</ele>
      </trkpt>
      <trkpt lat="39.395897" lon="-105.735626">
        <ele>3148.0</ele>
      </trkpt>
      <trkpt lat="39.396076" lon="-105.736">
        <ele>3146.0</ele>
      </trkpt>
      <trkpt lat="39.397282" lon="-105.737343">
        <ele>3135.0</ele>
      </trkpt>
      <trkpt lat="39.397545" lon="-105.737465">
        <ele>3133.0</ele>
      </trkpt>
      <trkpt lat="39.397961" lon="-105.738037">
        <ele>3125.0</ele>
      </trkpt>
      <trkpt lat="39.398514" lon="-105.738167">
        <ele>3124.0</ele>
      </trkpt>
      <trkpt lat="39.398689" lon="-105.73838">
        <ele>3122.0</ele>
      </trkpt>
      <trkpt lat="39.399002" lon="-105.739311">
        <ele>3117.0</ele>
      </trkpt>
      <trkpt lat="39.398945" lon="-105.740669">
        <ele>3103.0</ele>
      </trkpt>
      <trkpt lat="39.399578" lon="-105.742157">
        <ele>3086.0</ele>
      </trkpt>
      <trkpt lat="39.399975" lon="-105.742722">
        <ele>3082.0</ele>
      </trkpt>
      <trkpt lat="39.400669" lon="-105.743355">
        <ele>3078.0</ele>
      </trkpt>
      <trkpt lat="39.400963" lon="-105.743454">
        <ele>3080.0</ele>
      </trkpt>
      <trkpt lat="39.401699" lon="-105.744225">
        <ele>3074.0</ele>
      </trkpt>
      <trkpt lat="39.40197" lon="-105.744995">
        <ele>3067.0</ele>
      </trkpt>
      <trkpt lat="39.402687" lon="-105.745773">
        <ele>3066.0</ele>
      </trkpt>
      <trkpt lat="39.40313" lon="-105.745995">
        <ele>3068.0</ele>
      </trkpt>
      <trkpt lat="39.404583" lon="-105.746246">
        <ele>3075.0</ele>
      </trkpt>
      <trkpt lat="39.405006" lon="-105.746574">
        <ele>3070.0</ele>
      </trkpt>
      <trkpt lat="39.406944" lon="-105.747086">
        <ele>3069.0</ele>
      </trkpt>
      <trkpt lat="39.407475" lon="-105.747437">
        <ele>3069.0</ele>
      </trkpt>
      <trkpt lat="39.407879" lon="-105.747902">
        <ele>3070.0</ele>
      </trkpt>
      <trkpt lat="39.408241" lon="-105.748528">
        <ele>3066.0</ele>
      </trkpt>
      <trkpt lat="39.408905" lon="-105.749023">
        <ele>3066.0</ele>
      </trkpt>
      <trkpt lat="39.409279" lon="-105.749527">
        <ele>3069.0</ele>
      </trkpt>
      <trkpt lat="39.4095" lon="-105.75013">
        <ele>3070.0</ele>
      </trkpt>
      <trkpt lat="39.409798" lon="-105.751869">
        <ele>3073.0</ele>
      </trkpt>
      <trkpt lat="39.410011" lon="-105.75251">
        <ele>3072.0</ele>
      </trkpt>
      <trkpt lat="39.410419" lon="-105.753273">
        <ele>3071.0</ele>
      </trkpt>
      <trkpt lat="39.410801" lon="-105.753654">
        <ele>3070.0</ele>
      </trkpt>
      <trkpt lat="39.411919" lon="-105.754379">
        <ele>3068.0</ele>
      </trkpt>
      <trkpt lat="39.412952" lon="-105.754784">
        <ele>3061.0</ele>
      </trkpt>
      <trkpt lat="39.413563" lon="-105.75489">
        <ele>3058.0</ele>
      </trkpt>
      <trkpt lat="39.413349" lon="-105.755348">
        <ele>3056.0</ele>
      </trkpt>
      <trkpt lat="39.413296" lon="-105.755997">
        <ele>3051.0</ele>
      </trkpt>
      <trkpt lat="39.412621" lon="-105.757828">
        <ele>3043.0</ele>
      </trkpt>
      <trkpt lat="39.412327" lon="-105.758369">
        <ele>3047.0</ele>
      </trkpt>
      <trkpt lat="39.4118" lon="-105.758224">
        <ele>3048.0</ele>
      </trkpt>
      <trkpt lat="39.411366" lon="-105.758537">
        <ele>3055.0</ele>
      </trkpt>
      <trkpt lat="39.411427" lon="-105.758659">
        <ele>3057.0</ele>
      </trkpt>
      <trkpt lat="39.41135" lon="-105.758698">
        <ele>3058.0</ele>
      </trkpt>
      <trkpt lat="39.411362" lon="-105.758865">
        <ele>3062.0</ele>
      </trkpt>
      <trkpt lat="39.411751" lon="-105.759399">
        <ele>3063.0</ele>
      </trkpt>
      <trkpt lat="39.411892" lon="-105.75946">
        <ele>3062.0</ele>
      </trkpt>
      <trkpt lat="39.412121" lon="-105.759811">
        <ele>3062.0</ele>
      </trkpt>
      <trkpt lat="39.412136" lon="-105.76004">
        <ele>3063.0</ele>
      </trkpt>
      <trkpt lat="39.412395" lon="-105.760437">
        <ele>3064.0</ele>
      </trkpt>
      <trkpt lat="39.412411" lon="-105.761024">
        <ele>3069.0</ele>
      </trkpt>
      <trkpt lat="39.41267" lon="-105.76136">
        <ele>3073.0</ele>
      </trkpt>
      <trkpt lat="39.413429" lon="-105.763206">
        <ele>3089.0</ele>
      </trkpt>
      <trkpt lat="39.414055" lon="-105.764069">
        <ele>3092.0</ele>
      </trkpt>
      <trkpt lat="39.414429" lon="-105.764839">
        <ele>3094.0</ele>
      </trkpt>
      <trkpt lat="39.414902" lon="-105.766548">
        <ele>3110.0</ele>
      </trkpt>
      <trkpt lat="39.415577" lon="-105.767845">
        <ele>3119.0</ele>
      </trkpt>
      <trkpt lat="39.416481" lon="-105.769035">
        <ele>3122.0</ele>
      </trkpt>
      <trkpt lat="39.416832" lon="-105.769897">
        <ele>3136.0</ele>
      </trkpt>
      <trkpt lat="39.416882" lon="-105.770538">
        <ele>3145.0</ele>
      </trkpt>
      <trkpt lat="39.417423" lon="-105.771454">
        <ele>3147.0</ele>
      </trkpt>
      <trkpt lat="39.417374" lon="-105.771782">
        <ele>3152.0</ele>
      </trkpt>
      <trkpt lat="39.417862" lon="-105.773895">
        <ele>3164.0</ele>
      </trkpt>
      <trkpt lat="39.41782" lon="-105.77449">
        <ele>3168.0</ele>
      </trkpt>
      <trkpt lat="39.417942" lon="-105.775002">
        <ele>3169.0</ele>
      </trkpt>
      <trkpt lat="39.41798" lon="-105.775841">
        <ele>3155.0</ele>
      </trkpt>
      <trkpt lat="39.418304" lon="-105.777145">
        <ele>3152.0</ele>
      </trkpt>
      <trkpt lat="39.418285" lon="-105.777573">
        <ele>3150.0</ele>
      </trkpt>
      <trkpt lat="39.418526" lon="-105.778954">
        <ele>3141.0</ele>
      </trkpt>
      <trkpt lat="39.419209" lon="-105.780182">
        <ele>3142.0</ele>
      </trkpt>
      <trkpt lat="39.419151" lon="-105.78096">
        <ele>3141.0</ele>
      </trkpt>
      <trkpt lat="39.419811" lon="-105.782219">
        <ele>3138.0</ele>
      </trkpt>
      <trkpt lat="39.419971" lon="-105.783089">
        <ele>3134.0</ele>
      </trkpt>
      <trkpt lat="39.419983" lon="-105.783852">
        <ele>3134.0</ele>
      </trkpt>
      <trkpt lat="39.420246" lon="-105.784714">
        <ele>3141.0</ele>
      </trkpt>
      <trkpt lat="39.420521" lon="-105.785141">
        <ele>3139.0</ele>
      </trkpt>
      <trkpt lat="39.420444" lon="-105.785492">
        <ele>3138.0</ele>
      </trkpt>
      <trkpt lat="39.420746" lon="-105.786514">
        <ele>3139.0</ele>
      </trkpt>
      <trkpt lat="39.420994" lon="-105.786774">
        <ele>3141.0</ele>
      </trkpt>
      <trkpt lat="39.421558" lon="-105.787041">
        <ele>3145.0</ele>
      </trkpt>
      <trkpt lat="39.421917" lon="-105.787651">
        <ele>3150.0</ele>
      </trkpt>
      <trkpt lat="39.422222" lon="-105.787857">
        <ele>3153.0</ele>
      </trkpt>
      <trkpt lat="39.422417" lon="-105.7882">
        <ele>3158.0</ele>
      </trkpt>
      <trkpt lat="39.422409" lon="-105.788734">
        <ele>3157.0</ele>
      </trkpt>
      <trkpt lat="39.422813" lon="-105.789742">
        <ele>3144.0</ele>
      </trkpt>
      <trkpt lat="39.423431" lon="-105.790031">
        <ele>3145.0</ele>
      </trkpt>
      <trkpt lat="39.424725" lon="-105.79129">
        <ele>3131.0</ele>
      </trkpt>
      <trkpt lat="39.424648" lon="-105.792488">
        <ele>3123.0</ele>
      </trkpt>
      <trkpt lat="39.425076" lon="-105.793503">
        <ele>3113.0</ele>
      </trkpt>
      <trkpt lat="39.423828" lon="-105.792816">
        <ele>3097.0</ele>
      </trkpt>
      <trkpt lat="39.423595" lon="-105.792908">
        <ele>3091.0</ele>
      </trkpt>
      <trkpt lat="39.423477" lon="-105.794533">
        <ele>3078.0</ele>
      </trkpt>
      <trkpt lat="39.423878" lon="-105.79586">
        <ele>3068.0</ele>
      </trkpt>
      <trkpt lat="39.424919" lon="-105.797363">
        <ele>3053.0</ele>
      </trkpt>
      <trkpt lat="39.425156" lon="-105.79789">
        <ele>3043.0</ele>
      </trkpt>
      <trkpt lat="39.426197" lon="-105.799362">
        <ele>3029.0</ele>
      </trkpt>
      <trkpt lat="39.426929" lon="-105.800667">
        <ele>3019.0</ele>
      </trkpt>
      <trkpt lat="39.427689" lon="-105.801498">
        <ele>3016.0</ele>
      </trkpt>
      <trkpt lat="39.427624" lon="-105.801613">
        <ele>3015.0</ele>
      </trkpt>
      <trkpt lat="39.427708" lon="-105.802078">
        <ele>3013.0</ele>
      </trkpt>
      <trkpt lat="39.427567" lon="-105.802292">
        <ele>3011.0</ele>
      </trkpt>
      <trkpt lat="39.427711" lon="-105.802834">
        <ele>3006.0</ele>
      </trkpt>
      <trkpt lat="39.427448" lon="-105.803307">
        <ele>3006.0</ele>
      </trkpt>
      <trkpt lat="39.427486" lon="-105.803856">
        <ele>3008.0</ele>
      </trkpt>
      <trkpt lat="39.427952" lon="-105.805138">
        <ele>3013.0</ele>
      </trkpt>
      <trkpt lat="39.42841" lon="-105.806015">
        <ele>3016.0</ele>
      </trkpt>
      <trkpt lat="39.428574" lon="-105.806625">
        <ele>3015.0</ele>
      </trkpt>
      <trkpt lat="39.428741" lon="-105.806786">
        <ele>3017.0</ele>
      </trkpt>
      <trkpt lat="39.428871" lon="-105.807152">
        <ele>3015.0</ele>
      </trkpt>
      <trkpt lat="39.42915" lon="-105.807503">
        <ele>3017.0</ele>
      </trkpt>
      <trkpt lat="39.429157" lon="-105.807716">
        <ele>3015.0</ele>
      </trkpt>
      <trkpt lat="39.429459" lon="-105.808022">
        <ele>3018.0</ele>
      </trkpt>
      <trkpt lat="39.429478" lon="-105.80835">
        <ele>3016.0</ele>
      </trkpt>
      <trkpt lat="39.430252" lon="-105.809128">
        <ele>3030.0</ele>
      </trkpt>
      <trkpt lat="39.430412" lon="-105.809601">
        <ele>3030.0</ele>
      </trkpt>
      <trkpt lat="39.430084" lon="-105.809929">
        <ele>3024.0</ele>
      </trkpt>
      <trkpt lat="39.429729" lon="-105.810043">
        <ele>3023.0</ele>
      </trkpt>
      <trkpt lat="39.429428" lon="-105.809944">
        <ele>3021.0</ele>
      </trkpt>
      <trkpt lat="39.429306" lon="-105.809784">
        <ele>3018.0</ele>
      </trkpt>
      <trkpt lat="39.428997" lon="-105.809677">
        <ele>3015.0</ele>
      </trkpt>
      <trkpt lat="39.428814" lon="-105.809814">
        <ele>3016.0</ele>
      </trkpt>
      <trkpt lat="39.428371" lon="-105.809685">
        <ele>3012.0</ele>
      </trkpt>
      <trkpt lat="39.428242" lon="-105.809906">
        <ele>3013.0</ele>
      </trkpt>
      <trkpt lat="39.428188" lon="-105.810532">
        <ele>3016.0</ele>
      </trkpt>
      <trkpt lat="39.427692" lon="-105.811729">
        <ele>3017.0</ele>
      </trkpt>
      <trkpt lat="39.427586" lon="-105.812195">
        <ele>3018.0</ele>
      </trkpt>
      <trkpt lat="39.428196" lon="-105.814262">
        <ele>3036.0</ele>
      </trkpt>
      <trkpt lat="39.428333" lon="-105.815872">
        <ele>3047.0</ele>
      </trkpt>
      <trkpt lat="39.428299" lon="-105.816635">
        <ele>3053.0</ele>
      </trkpt>
      <trkpt lat="39.428398" lon="-105.817123">
        <ele>3059.0</ele>
      </trkpt>
      <trkpt lat="39.428181" lon="-105.818871">
        <ele>3061.0</ele>
      </trkpt>
      <trkpt lat="39.428413" lon="-105.820023">
        <ele>3064.0</ele>
      </trkpt>
      <trkpt lat="39.428238" lon="-105.820442">
        <ele>3062.0</ele>
      </trkpt>
      <trkpt lat="39.428165" lon="-105.820961">
        <ele>3062.0</ele>
      </trkpt>
      <trkpt lat="39.428284" lon="-105.821724">
        <ele>3067.0</ele>
      </trkpt>
      <trkpt lat="39.42852" lon="-105.822105">
        <ele>3075.0</ele>
      </trkpt>
      <trkpt lat="39.428776" lon="-105.822998">
        <ele>3084.0</ele>
      </trkpt>
      <trkpt lat="39.428654" lon="-105.823944">
        <ele>3084.0</ele>
      </trkpt>
      <trkpt lat="39.428734" lon="-105.824295">
        <ele>3088.0</ele>
      </trkpt>
      <trkpt lat="39.428528" lon="-105.825096">
        <ele>3084.0</ele>
      </trkpt>
      <trkpt lat="39.428524" lon="-105.825478">
        <ele>3086.0</ele>
      </trkpt>
      <trkpt lat="39.428658" lon="-105.825691">
        <ele>3090.0</ele>
      </trkpt>
      <trkpt lat="39.428738" lon="-105.826271">
        <ele>3094.0</ele>
      </trkpt>
      <trkpt lat="39.428944" lon="-105.826859">
        <ele>3097.0</ele>
      </trkpt>
      <trkpt lat="39.428795" lon="-105.828194">
        <ele>3098.0</ele>
      </trkpt>
      <trkpt lat="39.428848" lon="-105.828667">
        <ele>3098.0</ele>
      </trkpt>
      <trkpt lat="39.429195" lon="-105.829094">
        <ele>3097.0</ele>
      </trkpt>
      <trkpt lat="39.429771" lon="-105.829048">
        <ele>3102.0</ele>
      </trkpt>
      <trkpt lat="39.429989" lon="-105.829201">
        <ele>3105.0</ele>
      </trkpt>
      <trkpt lat="39.429688" lon="-105.831429">
        <ele>3111.0</ele>
      </trkpt>
      <trkpt lat="39.429462" lon="-105.832169">
        <ele>3106.0</ele>
      </trkpt>
      <trkpt lat="39.42947" lon="-105.83242">
        <ele>3104.0</ele>
      </trkpt>
      <trkpt lat="39.429703" lon="-105.832909">
        <ele>3106.0</ele>
      </trkpt>
      <trkpt lat="39.429821" lon="-105.834358">
        <ele>3108.0</ele>
      </trkpt>
      <trkpt lat="39.430138" lon="-105.835213">
        <ele>3113.0</ele>
      </trkpt>
      <trkpt lat="39.430061" lon="-105.835777">
        <ele>3110.0</ele>
      </trkpt>
      <trkpt lat="39.429127" lon="-105.835045">
        <ele>3109.0</ele>
      </trkpt>
      <trkpt lat="39.428429" lon="-105.834724">
        <ele>3110.0</ele>
      </trkpt>
      <trkpt lat="39.427746" lon="-105.834869">
        <ele>3112.0</ele>
      </trkpt>
      <trkpt lat="39.427231" lon="-105.834518">
        <ele>3107.0</ele>
      </trkpt>
      <trkpt lat="39.426937" lon="-105.834442">
        <ele>3107.0</ele>
      </trkpt>
      <trkpt lat="39.426208" lon="-105.835304">
        <ele>3108.0</ele>
      </trkpt>
      <trkpt lat="39.42638" lon="-105.836166">
        <ele>3106.0</ele>
      </trkpt>
      <trkpt lat="39.426735" lon="-105.836975">
        <ele>3096.0</ele>
      </trkpt>
      <trkpt lat="39.427338" lon="-105.837738">
        <ele>3091.0</ele>
      </trkpt>
      <trkpt lat="39.428143" lon="-105.839203">
        <ele>3078.0</ele>
      </trkpt>
      <trkpt lat="39.428978" lon="-105.840149">
        <ele>3077.0</ele>
      </trkpt>
      <trkpt lat="39.42955" lon="-105.841331">
        <ele>3076.0</ele>
      </trkpt>
      <trkpt lat="39.429668" lon="-105.84259">
        <ele>3066.0</ele>
      </trkpt>
      <trkpt lat="39.429626" lon="-105.843002">
        <ele>3065.0</ele>
      </trkpt>
      <trkpt lat="39.429348" lon="-105.843254">
        <ele>3055.0</ele>
      </trkpt>
      <trkpt lat="39.429253" lon="-105.843536">
        <ele>3051.0</ele>
      </trkpt>
      <trkpt lat="39.429573" lon="-105.844833">
        <ele>3047.0</ele>
      </trkpt>
      <trkpt lat="39.429577" lon="-105.845238">
        <ele>3046.0</ele>
      </trkpt>
      <trkpt lat="39.42902" lon="-105.845856">
        <ele>3042.0</ele>
      </trkpt>
      <trkpt lat="39.428692" lon="-105.845802">
        <ele>3041.0</ele>
      </trkpt>
      <trkpt lat="39.428406" lon="-105.846588">
        <ele>3041.0</ele>
      </trkpt>
      <trkpt lat="39.428493" lon="-105.84684">
        <ele>3041.0</ele>
      </trkpt>
      <trkpt lat="39.428326" lon="-105.846741">
        <ele>3041.0</ele>
      </trkpt>
      <trkpt lat="39.42812" lon="-105.847">
        <ele>3043.0</ele>
      </trkpt>
      <trkpt lat="39.428219" lon="-105.847443">
        <ele>3045.0</ele>
      </trkpt>
      <trkpt lat="39.428112" lon="-105.847755">
        <ele>3047.0</ele>
      </trkpt>
      <trkpt lat="39.429066" lon="-105.848625">
        <ele>3046.0</ele>
      </trkpt>
      <trkpt lat="39.429127" lon="-105.849129">
        <ele>3051.0</ele>
      </trkpt>
      <trkpt lat="39.429485" lon="-105.849747">
        <ele>3067.0</ele>
      </trkpt>
      <trkpt lat="39.429966" lon="-105.850182">
        <ele>3071.0</ele>
      </trkpt>
      <trkpt lat="39.429558" lon="-105.85006">
        <ele>3073.0</ele>
      </trkpt>
      <trkpt lat="39.429321" lon="-105.850342">
        <ele>3077.0</ele>
      </trkpt>
      <trkpt lat="39.429062" lon="-105.850388">
        <ele>3074.0</ele>
      </trkpt>
      <trkpt lat="39.429062" lon="-105.850502">
        <ele>3075.0</ele>
      </trkpt>
      <trkpt lat="39.429901" lon="-105.850815">
        <ele>3088.0</ele>
      </trkpt>
      <trkpt lat="39.429626" lon="-105.850906">
        <ele>3091.0</ele>
      </trkpt>
      <trkpt lat="39.429401" lon="-105.851395">
        <ele>3094.0</ele>
      </trkpt>
      <trkpt lat="39.429375" lon="-105.852043">
        <ele>3101.0</ele>
      </trkpt>
      <trkpt lat="39.429146" lon="-105.852127">
        <ele>3097.0</ele>
      </trkpt>
      <trkpt lat="39.429127" lon="-105.85289">
        <ele>3103.0</ele>
      </trkpt>
      <trkpt lat="39.428951" lon="-105.853111">
        <ele>3105.0</ele>
      </trkpt>
      <trkpt lat="39.428947" lon="-105.853592">
        <ele>3108.0</ele>
      </trkpt>
      <trkpt lat="39.429123" lon="-105.854362">
        <ele>3117.0</ele>
      </trkpt>
      <trkpt lat="39.429062" lon="-105.854919">
        <ele>3121.0</ele>
      </trkpt>
      <trkpt lat="39.428921" lon="-105.855103">
        <ele>3121.0</ele>
      </trkpt>
      <trkpt lat="39.428936" lon="-105.855629">
        <ele>3126.0</ele>
      </trkpt>
      <trkpt lat="39.428795" lon="-105.8563">
        <ele>3131.0</ele>
      </trkpt>
      <trkpt lat="39.428783" lon="-105.856865">
        <ele>3135.0</ele>
      </trkpt>
      <trkpt lat="39.428627" lon="-105.857292">
        <ele>3136.0</ele>
      </trkpt>
      <trkpt lat="39.428745" lon="-105.857727">
        <ele>3140.0</ele>
      </trkpt>
      <trkpt lat="39.428566" lon="-105.858658">
        <ele>3145.0</ele>
      </trkpt>
      <trkpt lat="39.428345" lon="-105.858696">
        <ele>3145.0</ele>
      </trkpt>
      <trkpt lat="39.428097" lon="-105.859573">
        <ele>3150.0</ele>
      </trkpt>
      <trkpt lat="39.427639" lon="-105.86013">
        <ele>3159.0</ele>
      </trkpt>
      <trkpt lat="39.427269" lon="-105.860954">
        <ele>3167.0</ele>
      </trkpt>
      <trkpt lat="39.427231" lon="-105.861633">
        <ele>3168.0</ele>
      </trkpt>
      <trkpt lat="39.427372" lon="-105.861938">
        <ele>3169.0</ele>
      </trkpt>
      <trkpt lat="39.427788" lon="-105.862335">
        <ele>3168.0</ele>
      </trkpt>
      <trkpt lat="39.42831" lon="-105.863136">
        <ele>3174.0</ele>
      </trkpt>
      <trkpt lat="39.428722" lon="-105.863419">
        <ele>3180.0</ele>
      </trkpt>
      <trkpt lat="39.42905" lon="-105.863495">
        <ele>3182.0</ele>
      </trkpt>
      <trkpt lat="39.429104" lon="-105.864014">
        <ele>3189.0</ele>
      </trkpt>
      <trkpt lat="39.429417" lon="-105.864197">
        <ele>3196.0</ele>
      </trkpt>
      <trkpt lat="39.429436" lon="-105.864334">
        <ele>3196.0</ele>
      </trkpt>
      <trkpt lat="39.429573" lon="-105.864372">
        <ele>3200.0</ele>
      </trkpt>
      <trkpt lat="39.430229" lon="-105.865456">
        <ele>3214.0</ele>
      </trkpt>
      <trkpt lat="39.430363" lon="-105.866074">
        <ele>3214.0</ele>
      </trkpt>
      <trkpt lat="39.430527" lon="-105.866234">
        <ele>3217.0</ele>
      </trkpt>
      <trkpt lat="39.430614" lon="-105.867035">
        <ele>3221.0</ele>
      </trkpt>
      <trkpt lat="39.430309" lon="-105.867844">
        <ele>3221.0</ele>
      </trkpt>
      <trkpt lat="39.429722" lon="-105.86834">
        <ele>3228.0</ele>
      </trkpt>
      <trkpt lat="39.429508" lon="-105.868698">
        <ele>3233.0</ele>
      </trkpt>
      <trkpt lat="39.429443" lon="-105.869324">
        <ele>3244.0</ele>
      </trkpt>
      <trkpt lat="39.429729" lon="-105.86882">
        <ele>3245.0</ele>
      </trkpt>
      <trkpt lat="39.430885" lon="-105.86834">
        <ele>3246.0</ele>
      </trkpt>
      <trkpt lat="39.432224" lon="-105.868271">
        <ele>3269.0</ele>
      </trkpt>
      <trkpt lat="39.432289" lon="-105.868019">
        <ele>3269.0</ele>
      </trkpt>
      <trkpt lat="39.432903" lon="-105.868011">
        <ele>3284.0</ele>
      </trkpt>
      <trkpt lat="39.433151" lon="-105.867874">
        <ele>3290.0</ele>
      </trkpt>
      <trkpt lat="39.433636" lon="-105.866913">
        <ele>3296.0</ele>
      </trkpt>
      <trkpt lat="39.433723" lon="-105.86631">
        <ele>3293.0</ele>
      </trkpt>
      <trkpt lat="39.434132" lon="-105.866219">
        <ele>3281.0</ele>
      </trkpt>
      <trkpt lat="39.434219" lon="-105.866898">
        <ele>3295.0</ele>
      </trkpt>
      <trkpt lat="39.434444" lon="-105.867081">
        <ele>3291.0</ele>
      </trkpt>
      <trkpt lat="39.434383" lon="-105.8675">
        <ele>3298.0</ele>
      </trkpt>
      <trkpt lat="39.434582" lon="-105.867493">
        <ele>3293.0</ele>
      </trkpt>
      <trkpt lat="39.434753" lon="-105.867706">
        <ele>3291.0</ele>
      </trkpt>
      <trkpt lat="39.434612" lon="-105.867882">
        <ele>3297.0</ele>
      </trkpt>
      <trkpt lat="39.43391" lon="-105.868256">
        <ele>3311.0</ele>
      </trkpt>
      <trkpt lat="39.433338" lon="-105.868797">
        <ele>3308.0</ele>
      </trkpt>
      <trkpt lat="39.432358" lon="-105.869331">
        <ele>3298.0</ele>
      </trkpt>
      <trkpt lat="39.431103" lon="-105.869522">
        <ele>3292.0</ele>
      </trkpt>
      <trkpt lat="39.430878" lon="-105.869812">
        <ele>3301.0</ele>
      </trkpt>
      <trkpt lat="39.431015" lon="-105.871254">
        <ele>3313.0</ele>
      </trkpt>
      <trkpt lat="39.431236" lon="-105.871864">
        <ele>3311.0</ele>
      </trkpt>
      <trkpt lat="39.431522" lon="-105.873802">
        <ele>3318.0</ele>
      </trkpt>
      <trkpt lat="39.433949" lon="-105.87809">
        <ele>3342.0</ele>
      </trkpt>
      <trkpt lat="39.434044" lon="-105.878052">
        <ele>3345.0</ele>
      </trkpt>
      <trkpt lat="39.433968" lon="-105.878098">
        <ele>3343.0</ele>
      </trkpt>
      <trkpt lat="39.434399" lon="-105.878807">
        <ele>3349.0</ele>
      </trkpt>
      <trkpt lat="39.434982" lon="-105.879402">
        <ele>3358.0</ele>
      </trkpt>
      <trkpt lat="39.435799" lon="-105.880592">
        <ele>3364.0</ele>
      </trkpt>
      <trkpt lat="39.435833" lon="-105.880592">
        <ele>3365.0</ele>
      </trkpt>
      <trkpt lat="39.435856" lon="-105.8806">
        <ele>3365.0</ele>
      </trkpt>
      <trkpt lat="39.435867" lon="-105.880653">
        <ele>3365.0</ele>
      </trkpt>
      <trkpt lat="39.435822" lon="-105.88134">
        <ele>3368.0</ele>
      </trkpt>
      <trkpt lat="39.435371" lon="-105.882896">
        <ele>3376.0</ele>
      </trkpt>
      <trkpt lat="39.435425" lon="-105.883934">
        <ele>3386.0</ele>
      </trkpt>
      <trkpt lat="39.435776" lon="-105.885315">
        <ele>3394.0</ele>
      </trkpt>
      <trkpt lat="39.436459" lon="-105.886497">
        <ele>3403.0</ele>
      </trkpt>
      <trkpt lat="39.436691" lon="-105.887291">
        <ele>3406.0</ele>
      </trkpt>
      <trkpt lat="39.436749" lon="-105.888382">
        <ele>3403.0</ele>
      </trkpt>
      <trkpt lat="39.437603" lon="-105.889465">
        <ele>3415.0</ele>
      </trkpt>
      <trkpt lat="39.437614" lon="-105.890343">
        <ele>3417.0</ele>
      </trkpt>
      <trkpt lat="39.437847" lon="-105.891006">
        <ele>3421.0</ele>
      </trkpt>
      <trkpt lat="39.43866" lon="-105.892036">
        <ele>3425.0</ele>
      </trkpt>
      <trkpt lat="39.439304" lon="-105.893585">
        <ele>3427.0</ele>
      </trkpt>
      <trkpt lat="39.44022" lon="-105.894676">
        <ele>3426.0</ele>
      </trkpt>
      <trkpt lat="39.441242" lon="-105.895332">
        <ele>3435.0</ele>
      </trkpt>
      <trkpt lat="39.441936" lon="-105.896027">
        <ele>3442.0</ele>
      </trkpt>
      <trkpt lat="39.443623" lon="-105.897148">
        <ele>3459.0</ele>
      </trkpt>
      <trkpt lat="39.444279" lon="-105.897377">
        <ele>3467.0</ele>
      </trkpt>
      <trkpt lat="39.444939" lon="-105.897797">
        <ele>3469.0</ele>
      </trkpt>
      <trkpt lat="39.445869" lon="-105.898186">
        <ele>3477.0</ele>
      </trkpt>
      <trkpt lat="39.447559" lon="-105.8992">
        <ele>3496.0</ele>
      </trkpt>
      <trkpt lat="39.44849" lon="-105.899544">
        <ele>3503.0</ele>
      </trkpt>
      <trkpt lat="39.448826" lon="-105.899506">
        <ele>3506.0</ele>
      </trkpt>
      <trkpt lat="39.449272" lon="-105.899895">
        <ele>3506.0</ele>
      </trkpt>
      <trkpt lat="39.449894" lon="-105.899925">
        <ele>3516.0</ele>
      </trkpt>
      <trkpt lat="39.450909" lon="-105.900185">
        <ele>3527.0</ele>
      </trkpt>
      <trkpt lat="39.452076" lon="-105.900681">
        <ele>3539.0</ele>
      </trkpt>
      <trkpt lat="39.453365" lon="-105.901558">
        <ele>3548.0</ele>
      </trkpt>
      <trkpt lat="39.454067" lon="-105.902245">
        <ele>3556.0</ele>
      </trkpt>
      <trkpt lat="39.454403" lon="-105.903389">
        <ele>3561.0</ele>
      </trkpt>
      <trkpt lat="39.45467" lon="-105.90358">
        <ele>3563.0</ele>
      </trkpt>
      <trkpt lat="39.455021" lon="-105.904488">
        <ele>3568.0</ele>
      </trkpt>
      <trkpt lat="39.454838" lon="-105.90519">
        <ele>3570.0</ele>
      </trkpt>
      <trkpt lat="39.455128" lon="-105.90625">
        <ele>3581.0</ele>
      </trkpt>
      <trkpt lat="39.455921" lon="-105.907227">
        <ele>3593.0</ele>
      </trkpt>
      <trkpt lat="39.456287" lon="-105.907524">
        <ele>3597.0</ele>
      </trkpt>
      <trkpt lat="39.456856" lon="-105.908394">
        <ele>3609.0</ele>
      </trkpt>
      <trkpt lat="39.457783" lon="-105.910744">
        <ele>3620.0</ele>
      </trkpt>
      <trkpt lat="39.458008" lon="-105.91098">
        <ele>3619.0</ele>
      </trkpt>
      <trkpt lat="39.458984" lon="-105.911308">
        <ele>3611.0</ele>
      </trkpt>
      <trkpt lat="39.4594" lon="-105.911171">
        <ele>3606.0</ele>
      </trkpt>
      <trkpt lat="39.459888" lon="-105.910812">
        <ele>3602.0</ele>
      </trkpt>
      <trkpt lat="39.460712" lon="-105.910568">
        <ele>3595.0</ele>
      </trkpt>
      <trkpt lat="39.461159" lon="-105.910309">
        <ele>3593.0</ele>
      </trkpt>
      <trkpt lat="39.461372" lon="-105.910004">
        <ele>3593.0</ele>
      </trkpt>
      <trkpt lat="39.461666" lon="-105.908882">
        <ele>3595.0</ele>
      </trkpt>
      <trkpt lat="39.461922" lon="-105.908516">
        <ele>3589.0</ele>
      </trkpt>
      <trkpt lat="39.462536" lon="-105.907021">
        <ele>3587.0</ele>
      </trkpt>
      <trkpt lat="39.46312" lon="-105.906357">
        <ele>3584.0</ele>
      </trkpt>
      <trkpt lat="39.46344" lon="-105.906342">
        <ele>3578.0</ele>
      </trkpt>
      <trkpt lat="39.46394" lon="-105.906082">
        <ele>3574.0</ele>
      </trkpt>
      <trkpt lat="39.4645" lon="-105.905602">
        <ele>3578.0</ele>
      </trkpt>
      <trkpt lat="39.465935" lon="-105.90564">
        <ele>3583.0</ele>
      </trkpt>
      <trkpt lat="39.468197" lon="-105.906662">
        <ele>3576.0</ele>
      </trkpt>
      <trkpt lat="39.468784" lon="-105.906792">
        <ele>3572.0</ele>
      </trkpt>
      <trkpt lat="39.470272" lon="-105.906746">
        <ele>3565.0</ele>
      </trkpt>
      <trkpt lat="39.471954" lon="-105.906303">
        <ele>3556.0</ele>
      </trkpt>
      <trkpt lat="39.473152" lon="-105.905701">
        <ele>3568.0</ele>
      </trkpt>
      <trkpt lat="39.474472" lon="-105.904289">
        <ele>3562.0</ele>
      </trkpt>
      <trkpt lat="39.47551" lon="-105.903671">
        <ele>3560.0</ele>
      </trkpt>
      <trkpt lat="39.475925" lon="-105.903282">
        <ele>3559.0</ele>
      </trkpt>
      <trkpt lat="39.476616" lon="-105.903366">
        <ele>3559.0</ele>
      </trkpt>
      <trkpt lat="39.477913" lon="-105.903267">
        <ele>3559.0</ele>
      </trkpt>
      <trkpt lat="39.480503" lon="-105.90419">
        <ele>3554.0</ele>
      </trkpt>
      <trkpt lat="39.48127" lon="-105.904289">
        <ele>3556.0</ele>
      </trkpt>
      <trkpt lat="39.481964" lon="-105.904747">
        <ele>3548.0</ele>
      </trkpt>
      <trkpt lat="39.482281" lon="-105.905594">
        <ele>3540.0</ele>
      </trkpt>
      <trkpt lat="39.482281" lon="-105.906212">
        <ele>3540.0</ele>
      </trkpt>
      <trkpt lat="39.482182" lon="-105.906662">
        <ele>3539.0</ele>
      </trkpt>
      <trkpt lat="39.482243" lon="-105.908188">
        <ele>3530.0</ele>
      </trkpt>
      <trkpt lat="39.482128" lon="-105.908623">
        <ele>3530.0</ele>
      </trkpt>
      <trkpt lat="39.482342" lon="-105.909264">
        <ele>3526.0</ele>
      </trkpt>
      <trkpt lat="39.482479" lon="-105.910553">
        <ele>3521.0</ele>
      </trkpt>
      <trkpt lat="39.482662" lon="-105.911049">
        <ele>3516.0</ele>
      </trkpt>
      <trkpt lat="39.482628" lon="-105.911705">
        <ele>3514.0</ele>
      </trkpt>
      <trkpt lat="39.482117" lon="-105.912079">
        <ele>3507.0</ele>
      </trkpt>
      <trkpt lat="39.482506" lon="-105.912537">
        <ele>3502.0</ele>
      </trkpt>
      <trkpt lat="39.482861" lon="-105.912773">
        <ele>3500.0</ele>
      </trkpt>
      <trkpt lat="39.482803" lon="-105.912956">
        <ele>3497.0</ele>
      </trkpt>
      <trkpt lat="39.483082" lon="-105.913139">
        <ele>3494.0</ele>
      </trkpt>
      <trkpt lat="39.482929" lon="-105.913612">
        <ele>3487.0</ele>
      </trkpt>
      <trkpt lat="39.483238" lon="-105.91407">
        <ele>3483.0</ele>
      </trkpt>
      <trkpt lat="39.483158" lon="-105.914322">
        <ele>3481.0</ele>
      </trkpt>
      <trkpt lat="39.483368" lon="-105.915001">
        <ele>3476.0</ele>
      </trkpt>
      <trkpt lat="39.483929" lon="-105.915131">
        <ele>3474.0</ele>
      </trkpt>
      <trkpt lat="39.48436" lon="-105.914894">
        <ele>3470.0</ele>
      </trkpt>
      <trkpt lat="39.484657" lon="-105.915726">
        <ele>3463.0</ele>
      </trkpt>
      <trkpt lat="39.484573" lon="-105.916443">
        <ele>3456.0</ele>
      </trkpt>
      <trkpt lat="39.484226" lon="-105.917023">
        <ele>3451.0</ele>
      </trkpt>
      <trkpt lat="39.483898" lon="-105.917198">
        <ele>3449.0</ele>
      </trkpt>
      <trkpt lat="39.483143" lon="-105.917152">
        <ele>3435.0</ele>
      </trkpt>
      <trkpt lat="39.483494" lon="-105.917709">
        <ele>3434.0</ele>
      </trkpt>
      <trkpt lat="39.483871" lon="-105.917969">
        <ele>3436.0</ele>
      </trkpt>
      <trkpt lat="39.484238" lon="-105.917953">
        <ele>3435.0</ele>
      </trkpt>
      <trkpt lat="39.484238" lon="-105.918045">
        <ele>3434.0</ele>
      </trkpt>
      <trkpt lat="39.483521" lon="-105.918571">
        <ele>3421.0</ele>
      </trkpt>
      <trkpt lat="39.48365" lon="-105.91877">
        <ele>3422.0</ele>
      </trkpt>
      <trkpt lat="39.48431" lon="-105.91906">
        <ele>3418.0</ele>
      </trkpt>
      <trkpt lat="39.483902" lon="-105.919617">
        <ele>3407.0</ele>
      </trkpt>
      <trkpt lat="39.483578" lon="-105.919823">
        <ele>3402.0</ele>
      </trkpt>
      <trkpt lat="39.483974" lon="-105.920189">
        <ele>3394.0</ele>
      </trkpt>
      <trkpt lat="39.483986" lon="-105.920364">
        <ele>3390.0</ele>
      </trkpt>
      <trkpt lat="39.483784" lon="-105.920517">
        <ele>3386.0</ele>
      </trkpt>
      <trkpt lat="39.48423" lon="-105.921043">
        <ele>3369.0</ele>
      </trkpt>
      <trkpt lat="39.485638" lon="-105.921906">
        <ele>3355.0</ele>
      </trkpt>
      <trkpt lat="39.486458" lon="-105.922264">
        <ele>3346.0</ele>
      </trkpt>
      <trkpt lat="39.486568" lon="-105.922127">
        <ele>3346.0</ele>
      </trkpt>
      <trkpt lat="39.487221" lon="-105.922417">
        <ele>3340.0</ele>
      </trkpt>
      <trkpt lat="39.487957" lon="-105.922203">
        <ele>3336.0</ele>
      </trkpt>
      <trkpt lat="39.488823" lon="-105.922241">
        <ele>3331.0</ele>
      </trkpt>
      <trkpt lat="39.489094" lon="-105.922394">
        <ele>3327.0</ele>
      </trkpt>
      <trkpt lat="39.489468" lon="-105.923042">
        <ele>3324.0</ele>
      </trkpt>
      <trkpt lat="39.489925" lon="-105.923447">
        <ele>3317.0</ele>
      </trkpt>
      <trkpt lat="39.49025" lon="-105.923515">
        <ele>3310.0</ele>
      </trkpt>
      <trkpt lat="39.491001" lon="-105.924126">
        <ele>3308.0</ele>
      </trkpt>
      <trkpt lat="39.491657" lon="-105.924454">
        <ele>3297.0</ele>
      </trkpt>
      <trkpt lat="39.491451" lon="-105.923721">
        <ele>3290.0</ele>
      </trkpt>
      <trkpt lat="39.491577" lon="-105.923683">
        <ele>3288.0</ele>
      </trkpt>
      <trkpt lat="39.491837" lon="-105.923935">
        <ele>3285.0</ele>
      </trkpt>
      <trkpt lat="39.49194" lon="-105.92379">
        <ele>3281.0</ele>
      </trkpt>
      <trkpt lat="39.49194" lon="-105.923523">
        <ele>3277.0</ele>
      </trkpt>
      <trkpt lat="39.492146" lon="-105.923515">
        <ele>3271.0</ele>
      </trkpt>
      <trkpt lat="39.492317" lon="-105.922546">
        <ele>3257.0</ele>
      </trkpt>
      <trkpt lat="39.492111" lon="-105.921478">
        <ele>3253.0</ele>
      </trkpt>
      <trkpt lat="39.492424" lon="-105.921051">
        <ele>3241.0</ele>
      </trkpt>
      <trkpt lat="39.492538" lon="-105.921196">
        <ele>3240.0</ele>
      </trkpt>
      <trkpt lat="39.492615" lon="-105.920998">
        <ele>3236.0</ele>
      </trkpt>
      <trkpt lat="39.492714" lon="-105.92099">
        <ele>3234.0</ele>
      </trkpt>
      <trkpt lat="39.492855" lon="-105.921204">
        <ele>3230.0</ele>
      </trkpt>
      <trkpt lat="39.493011" lon="-105.922073">
        <ele>3229.0</ele>
      </trkpt>
      <trkpt lat="39.492996" lon="-105.922562">
        <ele>3237.0</ele>
      </trkpt>
      <trkpt lat="39.493206" lon="-105.923164">
        <ele>3234.0</ele>
      </trkpt>
      <trkpt lat="39.493443" lon="-105.923347">
        <ele>3226.0</ele>
      </trkpt>
      <trkpt lat="39.49358" lon="-105.923691">
        <ele>3219.0</ele>
      </trkpt>
      <trkpt lat="39.493546" lon="-105.924622">
        <ele>3216.0</ele>
      </trkpt>
      <trkpt lat="39.493603" lon="-105.924644">
        <ele>3212.0</ele>
      </trkpt>
      <trkpt lat="39.493462" lon="-105.925652">
        <ele>3208.0</ele>
      </trkpt>
      <trkpt lat="39.493652" lon="-105.926392">
        <ele>3189.0</ele>
      </trkpt>
      <trkpt lat="39.49493" lon="-105.923882">
        <ele>3154.0</ele>
      </trkpt>
      <trkpt lat="39.495193" lon="-105.923576">
        <ele>3144.0</ele>
      </trkpt>
      <trkpt lat="39.495354" lon="-105.923531">
        <ele>3140.0</ele>
      </trkpt>
      <trkpt lat="39.495548" lon="-105.925072">
        <ele>3129.0</ele>
      </trkpt>
      <trkpt lat="39.496151" lon="-105.924858">
        <ele>3113.0</ele>
      </trkpt>
      <trkpt lat="39.496243" lon="-105.92556">
        <ele>3109.0</ele>
      </trkpt>
      <trkpt lat="39.496635" lon="-105.925468">
        <ele>3107.0</ele>
      </trkpt>
      <trkpt lat="39.496819" lon="-105.925751">
        <ele>3105.0</ele>
      </trkpt>
      <trkpt lat="39.497101" lon="-105.925613">
        <ele>3104.0</ele>
      </trkpt>
      <trkpt lat="39.497448" lon="-105.925758">
        <ele>3102.0</ele>
      </trkpt>
      <trkpt lat="39.497952" lon="-105.925545">
        <ele>3104.0</ele>
      </trkpt>
      <trkpt lat="39.498184" lon="-105.92601">
        <ele>3105.0</ele>
      </trkpt>
      <trkpt lat="39.498199" lon="-105.926849">
        <ele>3104.0</ele>
      </trkpt>
      <trkpt lat="39.498425" lon="-105.92765">
        <ele>3107.0</ele>
      </trkpt>
      <trkpt lat="39.498394" lon="-105.928101">
        <ele>3106.0</ele>
      </trkpt>
      <trkpt lat="39.49852" lon="-105.928459">
        <ele>3109.0</ele>
      </trkpt>
      <trkpt lat="39.498333" lon="-105.929375">
        <ele>3100.0</ele>
      </trkpt>
      <trkpt lat="39.498478" lon="-105.929764">
        <ele>3102.0</ele>
      </trkpt>
      <trkpt lat="39.498474" lon="-105.930611">
        <ele>3099.0</ele>
      </trkpt>
      <trkpt lat="39.498772" lon="-105.931435">
        <ele>3102.0</ele>
      </trkpt>
      <trkpt lat="39.498638" lon="-105.932098">
        <ele>3096.0</ele>
      </trkpt>
      <trkpt lat="39.498692" lon="-105.932793">
        <ele>3095.0</ele>
      </trkpt>
      <trkpt lat="39.498871" lon="-105.932968">
        <ele>3098.0</ele>
      </trkpt>
      <trkpt lat="39.499138" lon="-105.933769">
        <ele>3100.0</ele>
      </trkpt>
      <trkpt lat="39.499279" lon="-105.933716">
        <ele>3105.0</ele>
      </trkpt>
      <trkpt lat="39.49939" lon="-105.933807">
        <ele>3107.0</ele>
      </trkpt>
      <trkpt lat="39.499893" lon="-105.935364">
        <ele>3111.0</ele>
      </trkpt>
      <trkpt lat="39.499882" lon="-105.935822">
        <ele>3108.0</ele>
      </trkpt>
      <trkpt lat="39.49966" lon="-105.936424">
        <ele>3100.0</ele>
      </trkpt>
      <trkpt lat="39.499611" lon="-105.937782">
        <ele>3098.0</ele>
      </trkpt>
      <trkpt lat="39.500278" lon="-105.938515">
        <ele>3102.0</ele>
      </trkpt>
      <trkpt lat="39.500156" lon="-105.937904">
        <ele>3098.0</ele>
      </trkpt>
      <trkpt lat="39.500278" lon="-105.937706">
        <ele>3097.0</ele>
      </trkpt>
      <trkpt lat="39.500443" lon="-105.937759">
        <ele>3093.0</ele>
      </trkpt>
      <trkpt lat="39.500607" lon="-105.938019">
        <ele>3089.0</ele>
      </trkpt>
      <trkpt lat="39.500622" lon="-105.938225">
        <ele>3088.0</ele>
      </trkpt>
      <trkpt lat="39.500984" lon="-105.938591">
        <ele>3079.0</ele>
      </trkpt>
      <trkpt lat="39.501152" lon="-105.938591">
        <ele>3077.0</ele>
      </trkpt>
      <trkpt lat="39.501278" lon="-105.939095">
        <ele>3073.0</ele>
      </trkpt>
      <trkpt lat="39.501957" lon="-105.939766">
        <ele>3061.0</ele>
      </trkpt>
      <trkpt lat="39.502468" lon="-105.940475">
        <ele>3060.0</ele>
      </trkpt>
      <trkpt lat="39.503059" lon="-105.940353">
        <ele>3061.0</ele>
      </trkpt>
      <trkpt lat="39.503288" lon="-105.940598">
        <ele>3058.0</ele>
      </trkpt>
      <trkpt lat="39.503441" lon="-105.940475">
        <ele>3062.0</ele>
      </trkpt>
      <trkpt lat="39.50415" lon="-105.941017">
        <ele>3058.0</ele>
      </trkpt>
      <trkpt lat="39.504745" lon="-105.941025">
        <ele>3058.0</ele>
      </trkpt>
      <trkpt lat="39.505848" lon="-105.941299">
        <ele>3050.0</ele>
      </trkpt>
      <trkpt lat="39.506649" lon="-105.942314">
        <ele>3032.0</ele>
      </trkpt>
      <trkpt lat="39.507484" lon="-105.943161">
        <ele>3023.0</ele>
      </trkpt>
      <trkpt lat="39.508911" lon="-105.943375">
        <ele>3020.0</ele>
      </trkpt>
      <trkpt lat="39.509163" lon="-105.94326">
        <ele>3022.0</ele>
      </trkpt>
      <trkpt lat="39.509418" lon="-105.943306">
        <ele>3022.0</ele>
      </trkpt>
      <trkpt lat="39.510242" lon="-105.943115">
        <ele>3029.0</ele>
      </trkpt>
      <trkpt lat="39.510601" lon="-105.943138">
        <ele>3027.0</ele>
      </trkpt>
      <trkpt lat="39.511429" lon="-105.94278">
        <ele>3027.0</ele>
      </trkpt>
      <trkpt lat="39.512573" lon="-105.941696">
        <ele>3026.0</ele>
      </trkpt>
      <trkpt lat="39.512798" lon="-105.941322">
        <ele>3024.0</ele>
      </trkpt>
      <trkpt lat="39.513226" lon="-105.9394">
        <ele>3030.0</ele>
      </trkpt>
      <trkpt lat="39.513226" lon="-105.938866">
        <ele>3030.0</ele>
      </trkpt>
      <trkpt lat="39.513092" lon="-105.938431">
        <ele>3032.0</ele>
      </trkpt>
      <trkpt lat="39.513184" lon="-105.938179">
        <ele>3028.0</ele>
      </trkpt>
      <trkpt lat="39.513165" lon="-105.937683">
        <ele>3028.0</ele>
      </trkpt>
      <trkpt lat="39.513962" lon="-105.937012">
        <ele>3026.0</ele>
      </trkpt>
      <trkpt lat="39.514187" lon="-105.93708">
        <ele>3021.0</ele>
      </trkpt>
      <trkpt lat="39.514553" lon="-105.936615">
        <ele>3024.0</ele>
      </trkpt>
      <trkpt lat="39.514996" lon="-105.936577">
        <ele>3022.0</ele>
      </trkpt>
      <trkpt lat="39.515373" lon="-105.935951">
        <ele>3025.0</ele>
      </trkpt>
      <trkpt lat="39.515224" lon="-105.935806">
        <ele>3026.0</ele>
      </trkpt>
      <trkpt lat="39.515354" lon="-105.935349">
        <ele>3029.0</ele>
      </trkpt>
      <trkpt lat="39.515533" lon="-105.93512">
        <ele>3031.0</ele>
      </trkpt>
      <trkpt lat="39.515556" lon="-105.934883">
        <ele>3032.0</ele>
      </trkpt>
      <trkpt lat="39.51569" lon="-105.934761">
        <ele>3033.0</ele>
      </trkpt>
      <trkpt lat="39.515739" lon="-105.934219">
        <ele>3035.0</ele>
      </trkpt>
      <trkpt lat="39.516182" lon="-105.933395">
        <ele>3038.0</ele>
      </trkpt>
      <trkpt lat="39.516338" lon="-105.93338">
        <ele>3039.0</ele>
      </trkpt>
      <trkpt lat="39.516479" lon="-105.933601">
        <ele>3040.0</ele>
      </trkpt>
      <trkpt lat="39.516594" lon="-105.934715">
        <ele>3041.0</ele>
      </trkpt>
      <trkpt lat="39.516575" lon="-105.936081">
        <ele>3041.0</ele>
      </trkpt>
      <trkpt lat="39.516758" lon="-105.936646">
        <ele>3042.0</ele>
      </trkpt>
      <trkpt lat="39.517139" lon="-105.937302">
        <ele>3048.0</ele>
      </trkpt>
      <trkpt lat="39.517685" lon="-105.937729">
        <ele>3056.0</ele>
      </trkpt>
      <trkpt lat="39.51823" lon="-105.937721">
        <ele>3067.0</ele>
      </trkpt>
      <trkpt lat="39.518929" lon="-105.93792">
        <ele>3070.0</ele>
      </trkpt>
      <trkpt lat="39.519081" lon="-105.938126">
        <ele>3067.0</ele>
      </trkpt>
      <trkpt lat="39.51907" lon="-105.938309">
        <ele>3064.0</ele>
      </trkpt>
      <trkpt lat="39.519245" lon="-105.9384">
        <ele>3069.0</ele>
      </trkpt>
      <trkpt lat="39.519081" lon="-105.938972">
        <ele>3076.0</ele>
      </trkpt>
      <trkpt lat="39.519958" lon="-105.938278">
        <ele>3082.0</ele>
      </trkpt>
      <trkpt lat="39.520634" lon="-105.937958">
        <ele>3090.0</ele>
      </trkpt>
      <trkpt lat="39.520988" lon="-105.93792">
        <ele>3097.0</ele>
      </trkpt>
      <trkpt lat="39.521214" lon="-105.937675">
        <ele>3098.0</ele>
      </trkpt>
      <trkpt lat="39.52129" lon="-105.937729">
        <ele>3100.0</ele>
      </trkpt>
      <trkpt lat="39.521358" lon="-105.937508">
        <ele>3100.0</ele>
      </trkpt>
      <trkpt lat="39.521152" lon="-105.93734">
        <ele>3102.0</ele>
      </trkpt>
      <trkpt lat="39.521305" lon="-105.937355">
        <ele>3102.0</ele>
      </trkpt>
      <trkpt lat="39.522163" lon="-105.93689">
        <ele>3118.0</ele>
      </trkpt>
      <trkpt lat="39.5215" lon="-105.936493">
        <ele>3133.0</ele>
      </trkpt>
      <trkpt lat="39.520283" lon="-105.936035">
        <ele>3142.0</ele>
      </trkpt>
      <trkpt lat="39.519676" lon="-105.935326">
        <ele>3148.0</ele>
      </trkpt>
      <trkpt lat="39.519566" lon="-105.935028">
        <ele>3150.0</ele>
      </trkpt>
      <trkpt lat="39.519657" lon="-105.934746">
        <ele>3152.0</ele>
      </trkpt>
      <trkpt lat="39.520702" lon="-105.93367">
        <ele>3169.0</ele>
      </trkpt>
      <trkpt lat="39.521252" lon="-105.933723">
        <ele>3184.0</ele>
      </trkpt>
      <trkpt lat="39.521957" lon="-105.933105">
        <ele>3185.0</ele>
      </trkpt>
      <trkpt lat="39.5224" lon="-105.933212">
        <ele>3194.0</ele>
      </trkpt>
      <trkpt lat="39.522739" lon="-105.933006">
        <ele>3196.0</ele>
      </trkpt>
      <trkpt lat="39.522808" lon="-105.933556">
        <ele>3201.0</ele>
      </trkpt>
      <trkpt lat="39.52298" lon="-105.933617">
        <ele>3204.0</ele>
      </trkpt>
      <trkpt lat="39.523403" lon="-105.933472">
        <ele>3211.0</ele>
      </trkpt>
      <trkpt lat="39.523674" lon="-105.933235">
        <ele>3217.0</ele>
      </trkpt>
      <trkpt lat="39.523933" lon="-105.933174">
        <ele>3221.0</ele>
      </trkpt>
      <trkpt lat="39.523983" lon="-105.932541">
        <ele>3221.0</ele>
      </trkpt>
      <trkpt lat="39.52454" lon="-105.93277">
        <ele>3230.0</ele>
      </trkpt>
      <trkpt lat="39.525276" lon="-105.932533">
        <ele>3239.0</ele>
      </trkpt>
      <trkpt lat="39.526669" lon="-105.932564">
        <ele>3253.0</ele>
      </trkpt>
      <trkpt lat="39.526848" lon="-105.932465">
        <ele>3257.0</ele>
      </trkpt>
      <trkpt lat="39.528934" lon="-105.932381">
        <ele>3285.0</ele>
      </trkpt>
      <trkpt lat="39.52969" lon="-105.932617">
        <ele>3292.0</ele>
      </trkpt>
      <trkpt lat="39.529858" lon="-105.932541">
        <ele>3296.0</ele>
      </trkpt>
      <trkpt lat="39.530067" lon="-105.932785">
        <ele>3296.0</ele>
      </trkpt>
      <trkpt lat="39.530243" lon="-105.932686">
        <ele>3301.0</ele>
      </trkpt>
      <trkpt lat="39.530434" lon="-105.932762">
        <ele>3303.0</ele>
      </trkpt>
      <trkpt lat="39.530479" lon="-105.932961">
        <ele>3303.0</ele>
      </trkpt>
      <trkpt lat="39.530689" lon="-105.933044">
        <ele>3307.0</ele>
      </trkpt>
      <trkpt lat="39.530788" lon="-105.933434">
        <ele>3311.0</ele>
      </trkpt>
      <trkpt lat="39.531052" lon="-105.933449">
        <ele>3315.0</ele>
      </trkpt>
      <trkpt lat="39.531307" lon="-105.933273">
        <ele>3319.0</ele>
      </trkpt>
      <trkpt lat="39.531586" lon="-105.933426">
        <ele>3324.0</ele>
      </trkpt>
      <trkpt lat="39.531616" lon="-105.933754">
        <ele>3326.0</ele>
      </trkpt>
      <trkpt lat="39.531815" lon="-105.934166">
        <ele>3332.0</ele>
      </trkpt>
      <trkpt lat="39.532299" lon="-105.934418">
        <ele>3342.0</ele>
      </trkpt>
      <trkpt lat="39.532623" lon="-105.934799">
        <ele>3352.0</ele>
      </trkpt>
      <trkpt lat="39.532982" lon="-105.934692">
        <ele>3353.0</ele>
      </trkpt>
      <trkpt lat="39.533123" lon="-105.934509">
        <ele>3350.0</ele>
      </trkpt>
      <trkpt lat="39.533596" lon="-105.934334">
        <ele>3349.0</ele>
      </trkpt>
      <trkpt lat="39.534538" lon="-105.934753">
        <ele>3363.0</ele>
      </trkpt>
      <trkpt lat="39.535255" lon="-105.934875">
        <ele>3371.0</ele>
      </trkpt>
      <trkpt lat="39.535492" lon="-105.935043">
        <ele>3376.0</ele>
      </trkpt>
      <trkpt lat="39.535755" lon="-105.935646">
        <ele>3381.0</ele>
      </trkpt>
      <trkpt lat="39.535755" lon="-105.935936">
        <ele>3383.0</ele>
      </trkpt>
      <trkpt lat="39.535946" lon="-105.936569">
        <ele>3386.0</ele>
      </trkpt>
      <trkpt lat="39.535862" lon="-105.93689">
        <ele>3388.0</ele>
      </trkpt>
      <trkpt lat="39.535923" lon="-105.938652">
        <ele>3398.0</ele>
      </trkpt>
      <trkpt lat="39.536362" lon="-105.93956">
        <ele>3400.0</ele>
      </trkpt>
      <trkpt lat="39.536793" lon="-105.940117">
        <ele>3405.0</ele>
      </trkpt>
      <trkpt lat="39.537823" lon="-105.941032">
        <ele>3400.0</ele>
      </trkpt>
      <trkpt lat="39.538647" lon="-105.942284">
        <ele>3400.0</ele>
      </trkpt>
      <trkpt lat="39.539402" lon="-105.943077">
        <ele>3392.0</ele>
      </trkpt>
      <trkpt lat="39.539703" lon="-105.943588">
        <ele>3393.0</ele>
      </trkpt>
      <trkpt lat="39.54063" lon="-105.944366">
        <ele>3392.0</ele>
      </trkpt>
      <trkpt lat="39.540791" lon="-105.944672">
        <ele>3392.0</ele>
      </trkpt>
      <trkpt lat="39.541298" lon="-105.945068">
        <ele>3388.0</ele>
      </trkpt>
      <trkpt lat="39.541462" lon="-105.945724">
        <ele>3390.0</ele>
      </trkpt>
      <trkpt lat="39.541695" lon="-105.946205">
        <ele>3391.0</ele>
      </trkpt>
      <trkpt lat="39.542282" lon="-105.946808">
        <ele>3391.0</ele>
      </trkpt>
      <trkpt lat="39.54229" lon="-105.947029">
        <ele>3394.0</ele>
      </trkpt>
      <trkpt lat="39.542568" lon="-105.947525">
        <ele>3395.0</ele>
      </trkpt>
      <trkpt lat="39.542572" lon="-105.947861">
        <ele>3401.0</ele>
      </trkpt>
      <trkpt lat="39.543007" lon="-105.948967">
        <ele>3400.0</ele>
      </trkpt>
      <trkpt lat="39.543407" lon="-105.949257">
        <ele>3401.0</ele>
      </trkpt>
      <trkpt lat="39.543602" lon="-105.949257">
        <ele>3403.0</ele>
      </trkpt>
      <trkpt lat="39.544312" lon="-105.948746">
        <ele>3394.0</ele>
      </trkpt>
      <trkpt lat="39.544575" lon="-105.948715">
        <ele>3393.0</ele>
      </trkpt>
      <trkpt lat="39.544922" lon="-105.94902">
        <ele>3394.0</ele>
      </trkpt>
      <trkpt lat="39.545433" lon="-105.950172">
        <ele>3390.0</ele>
      </trkpt>
      <trkpt lat="39.545788" lon="-105.950516">
        <ele>3380.0</ele>
      </trkpt>
      <trkpt lat="39.545998" lon="-105.950897">
        <ele>3376.0</ele>
      </trkpt>
      <trkpt lat="39.546219" lon="-105.952385">
        <ele>3376.0</ele>
      </trkpt>
      <trkpt lat="39.546635" lon="-105.952881">
        <ele>3370.0</ele>
      </trkpt>
      <trkpt lat="39.546875" lon="-105.953407">
        <ele>3372.0</ele>
      </trkpt>
      <trkpt lat="39.546825" lon="-105.954315">
        <ele>3382.0</ele>
      </trkpt>
      <trkpt lat="39.547298" lon="-105.955681">
        <ele>3381.0</ele>
      </trkpt>
      <trkpt lat="39.547482" lon="-105.956596">
        <ele>3385.0</ele>
      </trkpt>
      <trkpt lat="39.547729" lon="-105.956985">
        <ele>3386.0</ele>
      </trkpt>
      <trkpt lat="39.548931" lon="-105.957573">
        <ele>3382.0</ele>
      </trkpt>
      <trkpt lat="39.549629" lon="-105.957275">
        <ele>3371.0</ele>
      </trkpt>
      <trkpt lat="39.549892" lon="-105.957275">
        <ele>3367.0</ele>
      </trkpt>
      <trkpt lat="39.550152" lon="-105.957733">
        <ele>3368.0</ele>
      </trkpt>
      <trkpt lat="39.551159" lon="-105.958275">
        <ele>3358.0</ele>
      </trkpt>
      <trkpt lat="39.551647" lon="-105.959183">
        <ele>3351.0</ele>
      </trkpt>
      <trkpt lat="39.551384" lon="-105.958961">
        <ele>3351.0</ele>
      </trkpt>
      <trkpt lat="39.550434" lon="-105.958931">
        <ele>3342.0</ele>
      </trkpt>
      <trkpt lat="39.548103" lon="-105.959579">
        <ele>3328.0</ele>
      </trkpt>
      <trkpt lat="39.547642" lon="-105.959923">
        <ele>3325.0</ele>
      </trkpt>
      <trkpt lat="39.547398" lon="-105.960419">
        <ele>3318.0</ele>
      </trkpt>
      <trkpt lat="39.54726" lon="-105.960968">
        <ele>3313.0</ele>
      </trkpt>
      <trkpt lat="39.54723" lon="-105.961586">
        <ele>3303.0</ele>
      </trkpt>
      <trkpt lat="39.547039" lon="-105.96199">
        <ele>3304.0</ele>
      </trkpt>
      <trkpt lat="39.546741" lon="-105.962189">
        <ele>3305.0</ele>
      </trkpt>
      <trkpt lat="39.546459" lon="-105.962151">
        <ele>3301.0</ele>
      </trkpt>
      <trkpt lat="39.546806" lon="-105.962517">
        <ele>3297.0</ele>
      </trkpt>
      <trkpt lat="39.54705" lon="-105.962578">
        <ele>3295.0</ele>
      </trkpt>
      <trkpt lat="39.547283" lon="-105.962349">
        <ele>3293.0</ele>
      </trkpt>
      <trkpt lat="39.548096" lon="-105.960876">
        <ele>3286.0</ele>
      </trkpt>
      <trkpt lat="39.547783" lon="-105.962112">
        <ele>3275.0</ele>
      </trkpt>
      <trkpt lat="39.547672" lon="-105.96302">
        <ele>3265.0</ele>
      </trkpt>
      <trkpt lat="39.548073" lon="-105.962311">
        <ele>3261.0</ele>
      </trkpt>
      <trkpt lat="39.548183" lon="-105.962265">
        <ele>3257.0</ele>
      </trkpt>
      <trkpt lat="39.548504" lon="-105.961655">
        <ele>3256.0</ele>
      </trkpt>
      <trkpt lat="39.548134" lon="-105.963531">
        <ele>3234.0</ele>
      </trkpt>
      <trkpt lat="39.547665" lon="-105.964645">
        <ele>3227.0</ele>
      </trkpt>
      <trkpt lat="39.547363" lon="-105.966469">
        <ele>3211.0</ele>
      </trkpt>
      <trkpt lat="39.548" lon="-105.965408">
        <ele>3205.0</ele>
      </trkpt>
      <trkpt lat="39.5481" lon="-105.96479">
        <ele>3207.0</ele>
      </trkpt>
      <trkpt lat="39.548367" lon="-105.964455">
        <ele>3203.0</ele>
      </trkpt>
      <trkpt lat="39.54826" lon="-105.964935">
        <ele>3198.0</ele>
      </trkpt>
      <trkpt lat="39.548351" lon="-105.965332">
        <ele>3189.0</ele>
      </trkpt>
      <trkpt lat="39.548313" lon="-105.965668">
        <ele>3189.0</ele>
      </trkpt>
      <trkpt lat="39.547569" lon="-105.967064">
        <ele>3192.0</ele>
      </trkpt>
      <trkpt lat="39.546444" lon="-105.968102">
        <ele>3182.0</ele>
      </trkpt>
      <trkpt lat="39.545509" lon="-105.968567">
        <ele>3177.0</ele>
      </trkpt>
      <trkpt lat="39.544861" lon="-105.969048">
        <ele>3168.0</ele>
      </trkpt>
      <trkpt lat="39.54451" lon="-105.969444">
        <ele>3162.0</ele>
      </trkpt>
      <trkpt lat="39.544037" lon="-105.969437">
        <ele>3157.0</ele>
      </trkpt>
      <trkpt lat="39.543789" lon="-105.969147">
        <ele>3155.0</ele>
      </trkpt>
      <trkpt lat="39.543655" lon="-105.969131">
        <ele>3150.0</ele>
      </trkpt>
      <trkpt lat="39.543919" lon="-105.969933">
        <ele>3142.0</ele>
      </trkpt>
      <trkpt lat="39.544186" lon="-105.970299">
        <ele>3140.0</ele>
      </trkpt>
      <trkpt lat="39.543503" lon="-105.970154">
        <ele>3129.0</ele>
      </trkpt>
      <trkpt lat="39.542854" lon="-105.969505">
        <ele>3121.0</ele>
      </trkpt>
      <trkpt lat="39.542686" lon="-105.969116">
        <ele>3116.0</ele>
      </trkpt>
      <trkpt lat="39.542694" lon="-105.968628">
        <ele>3119.0</ele>
      </trkpt>
      <trkpt lat="39.542484" lon="-105.96846">
        <ele>3111.0</ele>
      </trkpt>
      <trkpt lat="39.542286" lon="-105.967911">
        <ele>3108.0</ele>
      </trkpt>
      <trkpt lat="39.542198" lon="-105.967949">
        <ele>3104.0</ele>
      </trkpt>
      <trkpt lat="39.542336" lon="-105.968575">
        <ele>3104.0</ele>
      </trkpt>
      <trkpt lat="39.542202" lon="-105.96875">
        <ele>3098.0</ele>
      </trkpt>
      <trkpt lat="39.542084" lon="-105.969627">
        <ele>3092.0</ele>
      </trkpt>
      <trkpt lat="39.541836" lon="-105.969971">
        <ele>3085.0</ele>
      </trkpt>
      <trkpt lat="39.541714" lon="-105.969658">
        <ele>3083.0</ele>
      </trkpt>
      <trkpt lat="39.541634" lon="-105.969673">
        <ele>3081.0</ele>
      </trkpt>
      <trkpt lat="39.541603" lon="-105.970238">
        <ele>3077.0</ele>
      </trkpt>
      <trkpt lat="39.541897" lon="-105.971146">
        <ele>3066.0</ele>
      </trkpt>
      <trkpt lat="39.542156" lon="-105.971481">
        <ele>3058.0</ele>
      </trkpt>
      <trkpt lat="39.541588" lon="-105.971268">
        <ele>3062.0</ele>
      </trkpt>
      <trkpt lat="39.541447" lon="-105.971359">
        <ele>3060.0</ele>
      </trkpt>
      <trkpt lat="39.541145" lon="-105.971199">
        <ele>3057.0</ele>
      </trkpt>
      <trkpt lat="39.540688" lon="-105.97142">
        <ele>3047.0</ele>
      </trkpt>
      <trkpt lat="39.54031" lon="-105.971237">
        <ele>3042.0</ele>
      </trkpt>
      <trkpt lat="39.539822" lon="-105.971245">
        <ele>3035.0</ele>
      </trkpt>
      <trkpt lat="39.539227" lon="-105.971764">
        <ele>3035.0</ele>
      </trkpt>
      <trkpt lat="39.539005" lon="-105.972275">
        <ele>3039.0</ele>
      </trkpt>
      <trkpt lat="39.538948" lon="-105.972786">
        <ele>3043.0</ele>
      </trkpt>
      <trkpt lat="39.539047" lon="-105.97316">
        <ele>3043.0</ele>
      </trkpt>
      <trkpt lat="39.539417" lon="-105.973579">
        <ele>3042.0</ele>
      </trkpt>
      <trkpt lat="39.539894" lon="-105.974426">
        <ele>3053.0</ele>
      </trkpt>
      <trkpt lat="39.540276" lon="-105.974876">
        <ele>3055.0</ele>
      </trkpt>
      <trkpt lat="39.541248" lon="-105.97657">
        <ele>3077.0</ele>
      </trkpt>
      <trkpt lat="39.54137" lon="-105.976944">
        <ele>3080.0</ele>
      </trkpt>
      <trkpt lat="39.541332" lon="-105.97728">
        <ele>3082.0</ele>
      </trkpt>
      <trkpt lat="39.54052" lon="-105.977631">
        <ele>3090.0</ele>
      </trkpt>
      <trkpt lat="39.539715" lon="-105.978371">
        <ele>3091.0</ele>
      </trkpt>
      <trkpt lat="39.539776" lon="-105.97876">
        <ele>3093.0</ele>
      </trkpt>
      <trkpt lat="39.540207" lon="-105.979736">
        <ele>3094.0</ele>
      </trkpt>
      <trkpt lat="39.540337" lon="-105.980247">
        <ele>3089.0</ele>
      </trkpt>
      <trkpt lat="39.540131" lon="-105.981247">
        <ele>3089.0</ele>
      </trkpt>
      <trkpt lat="39.540348" lon="-105.982391">
        <ele>3083.0</ele>
      </trkpt>
      <trkpt lat="39.540577" lon="-105.982277">
        <ele>3081.0</ele>
      </trkpt>
      <trkpt lat="39.541908" lon="-105.982613">
        <ele>3059.0</ele>
      </trkpt>
      <trkpt lat="39.542294" lon="-105.982872">
        <ele>3056.0</ele>
      </trkpt>
      <trkpt lat="39.542477" lon="-105.983185">
        <ele>3057.0</ele>
      </trkpt>
      <trkpt lat="39.542488" lon="-105.983528">
        <ele>3059.0</ele>
      </trkpt>
      <trkpt lat="39.542339" lon="-105.983986">
        <ele>3060.0</ele>
      </trkpt>
      <trkpt lat="39.54245" lon="-105.984627">
        <ele>3057.0</ele>
      </trkpt>
      <trkpt lat="39.54237" lon="-105.984894">
        <ele>3053.0</ele>
      </trkpt>
      <trkpt lat="39.541954" lon="-105.985138">
        <ele>3053.0</ele>
      </trkpt>
      <trkpt lat="39.541569" lon="-105.985085">
        <ele>3053.0</ele>
      </trkpt>
      <trkpt lat="39.540447" lon="-105.98455">
        <ele>3048.0</ele>
      </trkpt>
      <trkpt lat="39.539993" lon="-105.984589">
        <ele>3041.0</ele>
      </trkpt>
      <trkpt lat="39.539745" lon="-105.984749">
        <ele>3040.0</ele>
      </trkpt>
      <trkpt lat="39.539639" lon="-105.985008">
        <ele>3040.0</ele>
      </trkpt>
      <trkpt lat="39.539837" lon="-105.985649">
        <ele>3038.0</ele>
      </trkpt>
      <trkpt lat="39.540035" lon="-105.985901">
        <ele>3035.0</ele>
      </trkpt>
      <trkpt lat="39.540516" lon="-105.987068">
        <ele>3019.0</ele>
      </trkpt>
      <trkpt lat="39.540501" lon="-105.988106">
        <ele>3005.0</ele>
      </trkpt>
      <trkpt lat="39.539772" lon="-105.989586">
        <ele>2995.0</ele>
      </trkpt>
      <trkpt lat="39.539894" lon="-105.990623">
        <ele>2992.0</ele>
      </trkpt>
      <trkpt lat="39.540016" lon="-105.990715">
        <ele>2990.0</ele>
      </trkpt>
      <trkpt lat="39.540348" lon="-105.991425">
        <ele>2988.0</ele>
      </trkpt>
      <trkpt lat="39.541183" lon="-105.991798">
        <ele>2974.0</ele>
      </trkpt>
      <trkpt lat="39.541466" lon="-105.992874">
        <ele>2969.0</ele>
      </trkpt>
      <trkpt lat="39.541508" lon="-105.993866">
        <ele>2958.0</ele>
      </trkpt>
      <trkpt lat="39.540878" lon="-105.995071">
        <ele>2952.0</ele>
      </trkpt>
      <trkpt lat="39.54055" lon="-105.995293">
        <ele>2950.0</ele>
      </trkpt>
      <trkpt lat="39.540432" lon="-105.995979">
        <ele>2943.0</ele>
      </trkpt>
      <trkpt lat="39.540054" lon="-105.996399">
        <ele>2937.0</ele>
      </trkpt>
      <trkpt lat="39.539249" lon="-105.996582">
        <ele>2936.0</ele>
      </trkpt>
      <trkpt lat="39.538101" lon="-105.997414">
        <ele>2916.0</ele>
      </trkpt>
      <trkpt lat="39.536568" lon="-105.997597">
        <ele>2908.0</ele>
      </trkpt>
      <trkpt lat="39.538059" lon="-105.998344">
        <ele>2886.0</ele>
      </trkpt>
      <trkpt lat="39.536873" lon="-105.998772">
        <ele>2878.0</ele>
      </trkpt>
      <trkpt lat="39.536186" lon="-105.999329">
        <ele>2875.0</ele>
      </trkpt>
      <trkpt lat="39.536461" lon="-105.999718">
        <ele>2878.0</ele>
      </trkpt>
      <trkpt lat="39.537285" lon="-105.99984">
        <ele>2882.0</ele>
      </trkpt>
      <trkpt lat="39.537693" lon="-105.999687">
        <ele>2882.0</ele>
      </trkpt>
      <trkpt lat="39.537952" lon="-105.99971">
        <ele>2884.0</ele>
      </trkpt>
      <trkpt lat="39.538578" lon="-106.000076">
        <ele>2893.0</ele>
      </trkpt>
      <trkpt lat="39.53878" lon="-105.999886">
        <ele>2893.0</ele>
      </trkpt>
      <trkpt lat="39.539684" lon="-105.999886">
        <ele>2890.0</ele>
      </trkpt>
      <trkpt lat="39.539738" lon="-105.999992">
        <ele>2891.0</ele>
      </trkpt>
      <trkpt lat="39.53952" lon="-106.001343">
        <ele>2911.0</ele>
      </trkpt>
      <trkpt lat="39.539875" lon="-106.001892">
        <ele>2915.0</ele>
      </trkpt>
      <trkpt lat="39.539726" lon="-106.002281">
        <ele>2919.0</ele>
      </trkpt>
      <trkpt lat="39.539764" lon="-106.002579">
        <ele>2922.0</ele>
      </trkpt>
      <trkpt lat="39.539986" lon="-106.002861">
        <ele>2923.0</ele>
      </trkpt>
      <trkpt lat="39.540047" lon="-106.003532">
        <ele>2928.0</ele>
      </trkpt>
      <trkpt lat="39.539829" lon="-106.003471">
        <ele>2930.0</ele>
      </trkpt>
      <trkpt lat="39.539532" lon="-106.003784">
        <ele>2934.0</ele>
      </trkpt>
      <trkpt lat="39.539585" lon="-106.004211">
        <ele>2939.0</ele>
      </trkpt>
      <trkpt lat="39.540028" lon="-106.004623">
        <ele>2944.0</ele>
      </trkpt>
      <trkpt lat="39.540302" lon="-106.004723">
        <ele>2942.0</ele>
      </trkpt>
      <trkpt lat="39.540543" lon="-106.004982">
        <ele>2941.0</ele>
      </trkpt>
      <trkpt lat="39.540863" lon="-106.005775">
        <ele>2946.0</ele>
      </trkpt>
      <trkpt lat="39.541878" lon="-106.006401">
        <ele>2951.0</ele>
      </trkpt>
      <trkpt lat="39.542416" lon="-106.007011">
        <ele>2959.0</ele>
      </trkpt>
      <trkpt lat="39.542484" lon="-106.007988">
        <ele>2965.0</ele>
      </trkpt>
      <trkpt lat="39.54319" lon="-106.01004">
        <ele>2959.0</ele>
      </trkpt>
      <trkpt lat="39.542923" lon="-106.010979">
        <ele>2966.0</ele>
      </trkpt>
      <trkpt lat="39.542889" lon="-106.011711">
        <ele>2974.0</ele>
      </trkpt>
      <trkpt lat="39.542557" lon="-106.012512">
        <ele>2984.0</ele>
      </trkpt>
      <trkpt lat="39.541725" lon="-106.013466">
        <ele>2979.0</ele>
      </trkpt>
      <trkpt lat="39.541584" lon="-106.013474">
        <ele>2978.0</ele>
      </trkpt>
      <trkpt lat="39.541519" lon="-106.013802">
        <ele>2977.0</ele>
      </trkpt>
      <trkpt lat="39.541252" lon="-106.014076">
        <ele>2974.0</ele>
      </trkpt>
      <trkpt lat="39.540863" lon="-106.014023">
        <ele>2971.0</ele>
      </trkpt>
      <trkpt lat="39.54071" lon="-106.013878">
        <ele>2972.0</ele>
      </trkpt>
      <trkpt lat="39.540543" lon="-106.013939">
        <ele>2971.0</ele>
      </trkpt>
      <trkpt lat="39.540516" lon="-106.01416">
        <ele>2968.0</ele>
      </trkpt>
      <trkpt lat="39.540131" lon="-106.014427">
        <ele>2964.0</ele>
      </trkpt>
      <trkpt lat="39.539764" lon="-106.014427">
        <ele>2963.0</ele>
      </trkpt>
      <trkpt lat="39.53997" lon="-106.014809">
        <ele>2961.0</ele>
      </trkpt>
      <trkpt lat="39.539948" lon="-106.015396">
        <ele>2958.0</ele>
      </trkpt>
      <trkpt lat="39.539307" lon="-106.016434">
        <ele>2951.0</ele>
      </trkpt>
      <trkpt lat="39.539127" lon="-106.016998">
        <ele>2950.0</ele>
      </trkpt>
      <trkpt lat="39.539223" lon="-106.017784">
        <ele>2949.0</ele>
      </trkpt>
      <trkpt lat="39.539177" lon="-106.018196">
        <ele>2948.0</ele>
      </trkpt>
      <trkpt lat="39.539764" lon="-106.019218">
        <ele>2940.0</ele>
      </trkpt>
      <trkpt lat="39.540039" lon="-106.019531">
        <ele>2938.0</ele>
      </trkpt>
      <trkpt lat="39.540298" lon="-106.019646">
        <ele>2937.0</ele>
      </trkpt>
      <trkpt lat="39.540592" lon="-106.020508">
        <ele>2928.0</ele>
      </trkpt>
      <trkpt lat="39.540901" lon="-106.020973">
        <ele>2926.0</ele>
      </trkpt>
      <trkpt lat="39.541481" lon="-106.021286">
        <ele>2929.0</ele>
      </trkpt>
      <trkpt lat="39.54192" lon="-106.021774">
        <ele>2933.0</ele>
      </trkpt>
      <trkpt lat="39.541859" lon="-106.021957">
        <ele>2930.0</ele>
      </trkpt>
      <trkpt lat="39.541996" lon="-106.02256">
        <ele>2930.0</ele>
      </trkpt>
      <trkpt lat="39.542469" lon="-106.023232">
        <ele>2937.0</ele>
      </trkpt>
      <trkpt lat="39.542492" lon="-106.023666">
        <ele>2933.0</ele>
      </trkpt>
      <trkpt lat="39.542809" lon="-106.024368">
        <ele>2941.0</ele>
      </trkpt>
      <trkpt lat="39.542789" lon="-106.024727">
        <ele>2943.0</ele>
      </trkpt>
      <trkpt lat="39.542534" lon="-106.024971">
        <ele>2933.0</ele>
      </trkpt>
      <trkpt lat="39.542358" lon="-106.025383">
        <ele>2929.0</ele>
      </trkpt>
      <trkpt lat="39.542114" lon="-106.02668">
        <ele>2917.0</ele>
      </trkpt>
      <trkpt lat="39.54216" lon="-106.026947">
        <ele>2918.0</ele>
      </trkpt>
      <trkpt lat="39.542091" lon="-106.027145">
        <ele>2915.0</ele>
      </trkpt>
      <trkpt lat="39.542343" lon="-106.027954">
        <ele>2913.0</ele>
      </trkpt>
      <trkpt lat="39.54253" lon="-106.028252">
        <ele>2915.0</ele>
      </trkpt>
      <trkpt lat="39.542557" lon="-106.028778">
        <ele>2916.0</ele>
      </trkpt>
      <trkpt lat="39.542397" lon="-106.029472">
        <ele>2912.0</ele>
      </trkpt>
      <trkpt lat="39.542004" lon="-106.029686">
        <ele>2908.0</ele>
      </trkpt>
      <trkpt lat="39.541214" lon="-106.029648">
        <ele>2899.0</ele>
      </trkpt>
      <trkpt lat="39.540894" lon="-106.030006">
        <ele>2899.0</ele>
      </trkpt>
      <trkpt lat="39.540749" lon="-106.030457">
        <ele>2897.0</ele>
      </trkpt>
      <trkpt lat="39.540981" lon="-106.031021">
        <ele>2895.0</ele>
      </trkpt>
      <trkpt lat="39.541019" lon="-106.031662">
        <ele>2886.0</ele>
      </trkpt>
      <trkpt lat="39.541149" lon="-106.031914">
        <ele>2886.0</ele>
      </trkpt>
      <trkpt lat="39.541245" lon="-106.032722">
        <ele>2882.0</ele>
      </trkpt>
      <trkpt lat="39.541775" lon="-106.033653">
        <ele>2873.0</ele>
      </trkpt>
      <trkpt lat="39.542473" lon="-106.034096">
        <ele>2869.0</ele>
      </trkpt>
      <trkpt lat="39.541367" lon="-106.033905">
        <ele>2849.0</ele>
      </trkpt>
      <trkpt lat="39.542488" lon="-106.034615">
        <ele>2842.0</ele>
      </trkpt>
      <trkpt lat="39.541328" lon="-106.034355">
        <ele>2829.0</ele>
      </trkpt>
      <trkpt lat="39.542461" lon="-106.035141">
        <ele>2818.0</ele>
      </trkpt>
      <trkpt lat="39.541168" lon="-106.034966">
        <ele>2803.0</ele>
      </trkpt>
      <trkpt lat="39.540676" lon="-106.035316">
        <ele>2801.0</ele>
      </trkpt>
      <trkpt lat="39.540447" lon="-106.035332">
        <ele>2801.0</ele>
      </trkpt>
      <trkpt lat="39.540321" lon="-106.03553">
        <ele>2801.0</ele>
      </trkpt>
      <trkpt lat="39.540344" lon="-106.035812">
        <ele>2801.0</ele>
      </trkpt>
      <trkpt lat="39.54071" lon="-106.036453">
        <ele>2802.0</ele>
      </trkpt>
      <trkpt lat="39.540726" lon="-106.037056">
        <ele>2805.0</ele>
      </trkpt>
      <trkpt lat="39.540611" lon="-106.037674">
        <ele>2807.0</ele>
      </trkpt>
      <trkpt lat="39.539822" lon="-106.039955">
        <ele>2805.0</ele>
      </trkpt>
      <trkpt lat="39.53944" lon="-106.040413">
        <ele>2804.0</ele>
      </trkpt>
      <trkpt lat="39.538731" lon="-106.040543">
        <ele>2805.0</ele>
      </trkpt>
      <trkpt lat="39.538681" lon="-106.040733">
        <ele>2804.0</ele>
      </trkpt>
      <trkpt lat="39.538746" lon="-106.040939">
        <ele>2803.0</ele>
      </trkpt>
      <trkpt lat="39.539146" lon="-106.041">
        <ele>2802.0</ele>
      </trkpt>
      <trkpt lat="39.539433" lon="-106.041466">
        <ele>2801.0</ele>
      </trkpt>
      <trkpt lat="39.539482" lon="-106.042">
        <ele>2801.5</ele>
      </trkpt>
      <trkpt lat="39.539181" lon="-106.042564">
        <ele>2802.3</ele>
      </trkpt>
      <trkpt lat="39.539219" lon="-106.042641">
        <ele>2802.4</ele>
      </trkpt>
      <trkpt lat="39.539642" lon="-106.042519">
        <ele>2803.0</ele>
      </trkpt>
      <trkpt lat="39.539867" lon="-106.04232">
        <ele>2803.0</ele>
      </trkpt>
      <trkpt lat="39.541035" lon="-106.042046">
        <ele>2804.0</ele>
      </trkpt>
      <trkpt lat="39.541443" lon="-106.042625">
        <ele>2804.0</ele>
      </trkpt>
      <trkpt lat="39.541569" lon="-106.043114">
        <ele>2806.0</ele>
      </trkpt>
      <trkpt lat="39.541393" lon="-106.043861">
        <ele>2816.0</ele>
      </trkpt>
      <trkpt lat="39.541031" lon="-106.04409">
        <ele>2823.0</ele>
      </trkpt>
      <trkpt lat="39.540829" lon="-106.044373">
        <ele>2826.0</ele>
      </trkpt>
      <trkpt lat="39.540718" lon="-106.045158">
        <ele>2831.0</ele>
      </trkpt>
      <trkpt lat="39.541245" lon="-106.045967">
        <ele>2837.0</ele>
      </trkpt>
      <trkpt lat="39.541153" lon="-106.046509">
        <ele>2841.0</ele>
      </trkpt>
      <trkpt lat="39.541252" lon="-106.047119">
        <ele>2848.0</ele>
      </trkpt>
      <trkpt lat="39.541206" lon="-106.04731">
        <ele>2850.0</ele>
      </trkpt>
      <trkpt lat="39.541275" lon="-106.047379">
        <ele>2851.0</ele>
      </trkpt>
      <trkpt lat="39.541222" lon="-106.047516">
        <ele>2852.0</ele>
      </trkpt>
      <trkpt lat="39.541435" lon="-106.04763">
        <ele>2854.0</ele>
      </trkpt>
      <trkpt lat="39.541576" lon="-106.047897">
        <ele>2856.0</ele>
      </trkpt>
      <trkpt lat="39.541351" lon="-106.048523">
        <ele>2859.0</ele>
      </trkpt>
      <trkpt lat="39.541531" lon="-106.050468">
        <ele>2872.0</ele>
      </trkpt>
      <trkpt lat="39.541428" lon="-106.050667">
        <ele>2874.0</ele>
      </trkpt>
      <trkpt lat="39.540138" lon="-106.051735">
        <ele>2884.0</ele>
      </trkpt>
      <trkpt lat="39.540199" lon="-106.051949">
        <ele>2886.0</ele>
      </trkpt>
      <trkpt lat="39.540897" lon="-106.05246">
        <ele>2893.0</ele>
      </trkpt>
      <trkpt lat="39.541428" lon="-106.052628">
        <ele>2896.0</ele>
      </trkpt>
      <trkpt lat="39.540993" lon="-106.053108">
        <ele>2902.0</ele>
      </trkpt>
      <trkpt lat="39.540825" lon="-106.053101">
        <ele>2901.0</ele>
      </trkpt>
      <trkpt lat="39.540325" lon="-106.053391">
        <ele>2904.0</ele>
      </trkpt>
      <trkpt lat="39.539913" lon="-106.05349">
        <ele>2904.0</ele>
      </trkpt>
      <trkpt lat="39.539875" lon="-106.053619">
        <ele>2906.0</ele>
      </trkpt>
      <trkpt lat="39.540245" lon="-106.053795">
        <ele>2908.0</ele>
      </trkpt>
      <trkpt lat="39.540932" lon="-106.05381">
        <ele>2909.0</ele>
      </trkpt>
      <trkpt lat="39.54126" lon="-106.053688">
        <ele>2908.0</ele>
      </trkpt>
      <trkpt lat="39.541584" lon="-106.053787">
        <ele>2909.0</ele>
      </trkpt>
      <trkpt lat="39.542156" lon="-106.054245">
        <ele>2913.0</ele>
      </trkpt>
      <trkpt lat="39.542309" lon="-106.05452">
        <ele>2916.0</ele>
      </trkpt>
      <trkpt lat="39.542912" lon="-106.054962">
        <ele>2918.0</ele>
      </trkpt>
      <trkpt lat="39.542164" lon="-106.055061">
        <ele>2924.0</ele>
      </trkpt>
      <trkpt lat="39.541817" lon="-106.055603">
        <ele>2929.0</ele>
      </trkpt>
      <trkpt lat="39.541889" lon="-106.056061">
        <ele>2933.0</ele>
      </trkpt>
      <trkpt lat="39.541798" lon="-106.056396">
        <ele>2936.0</ele>
      </trkpt>
      <trkpt lat="39.542007" lon="-106.056946">
        <ele>2939.0</ele>
      </trkpt>
      <trkpt lat="39.542339" lon="-106.057343">
        <ele>2938.0</ele>
      </trkpt>
      <trkpt lat="39.54258" lon="-106.05793">
        <ele>2938.0</ele>
      </trkpt>
      <trkpt lat="39.542553" lon="-106.058128">
        <ele>2940.0</ele>
      </trkpt>
      <trkpt lat="39.541889" lon="-106.058372">
        <ele>2952.0</ele>
      </trkpt>
      <trkpt lat="39.541615" lon="-106.0588">
        <ele>2961.0</ele>
      </trkpt>
      <trkpt lat="39.541172" lon="-106.058708">
        <ele>2965.0</ele>
      </trkpt>
      <trkpt lat="39.54108" lon="-106.058807">
        <ele>2967.0</ele>
      </trkpt>
      <trkpt lat="39.540768" lon="-106.0588">
        <ele>2970.0</ele>
      </trkpt>
      <trkpt lat="39.538841" lon="-106.059433">
        <ele>2989.0</ele>
      </trkpt>
      <trkpt lat="39.5382" lon="-106.059952">
        <ele>3002.0</ele>
      </trkpt>
      <trkpt lat="39.537201" lon="-106.060181">
        <ele>3009.0</ele>
      </trkpt>
      <trkpt lat="39.536694" lon="-106.060112">
        <ele>3008.0</ele>
      </trkpt>
      <trkpt lat="39.536343" lon="-106.060608">
        <ele>3019.0</ele>
      </trkpt>
      <trkpt lat="39.536098" lon="-106.060608">
        <ele>3019.0</ele>
      </trkpt>
      <trkpt lat="39.535278" lon="-106.061035">
        <ele>3023.0</ele>
      </trkpt>
      <trkpt lat="39.534954" lon="-106.061089">
        <ele>3023.0</ele>
      </trkpt>
      <trkpt lat="39.534424" lon="-106.061584">
        <ele>3032.0</ele>
      </trkpt>
      <trkpt lat="39.534382" lon="-106.061882">
        <ele>3036.0</ele>
      </trkpt>
      <trkpt lat="39.534683" lon="-106.062317">
        <ele>3043.0</ele>
      </trkpt>
      <trkpt lat="39.53471" lon="-106.062515">
        <ele>3046.0</ele>
      </trkpt>
      <trkpt lat="39.5345" lon="-106.062866">
        <ele>3050.0</ele>
      </trkpt>
      <trkpt lat="39.533718" lon="-106.063499">
        <ele>3055.0</ele>
      </trkpt>
      <trkpt lat="39.533695" lon="-106.063828">
        <ele>3059.0</ele>
      </trkpt>
      <trkpt lat="39.533806" lon="-106.064285">
        <ele>3065.0</ele>
      </trkpt>
      <trkpt lat="39.533539" lon="-106.064629">
        <ele>3068.0</ele>
      </trkpt>
      <trkpt lat="39.533524" lon="-106.065025">
        <ele>3074.0</ele>
      </trkpt>
      <trkpt lat="39.533413" lon="-106.065163">
        <ele>3075.0</ele>
      </trkpt>
      <trkpt lat="39.534145" lon="-106.065102">
        <ele>3079.0</ele>
      </trkpt>
      <trkpt lat="39.535309" lon="-106.065598">
        <ele>3093.0</ele>
      </trkpt>
      <trkpt lat="39.535896" lon="-106.065628">
        <ele>3095.0</ele>
      </trkpt>
      <trkpt lat="39.536217" lon="-106.065857">
        <ele>3097.0</ele>
      </trkpt>
      <trkpt lat="39.537045" lon="-106.06601">
        <ele>3096.0</ele>
      </trkpt>
      <trkpt lat="39.537334" lon="-106.065948">
        <ele>3095.0</ele>
      </trkpt>
      <trkpt lat="39.537502" lon="-106.0662">
        <ele>3096.0</ele>
      </trkpt>
      <trkpt lat="39.537594" lon="-106.066605">
        <ele>3099.0</ele>
      </trkpt>
      <trkpt lat="39.537762" lon="-106.066803">
        <ele>3102.0</ele>
      </trkpt>
      <trkpt lat="39.537964" lon="-106.067436">
        <ele>3113.0</ele>
      </trkpt>
      <trkpt lat="39.537914" lon="-106.067795">
        <ele>3118.0</ele>
      </trkpt>
      <trkpt lat="39.538147" lon="-106.068359">
        <ele>3126.0</ele>
      </trkpt>
      <trkpt lat="39.537994" lon="-106.06871">
        <ele>3131.0</ele>
      </trkpt>
      <trkpt lat="39.538052" lon="-106.068947">
        <ele>3134.0</ele>
      </trkpt>
      <trkpt lat="39.537857" lon="-106.069572">
        <ele>3137.0</ele>
      </trkpt>
      <trkpt lat="39.538242" lon="-106.070389">
        <ele>3138.0</ele>
      </trkpt>
      <trkpt lat="39.538357" lon="-106.071037">
        <ele>3137.0</ele>
      </trkpt>
      <trkpt lat="39.538734" lon="-106.071243">
        <ele>3137.0</ele>
      </trkpt>
      <trkpt lat="39.538948" lon="-106.071228">
        <ele>3137.0</ele>
      </trkpt>
      <trkpt lat="39.538963" lon="-106.071335">
        <ele>3137.0</ele>
      </trkpt>
      <trkpt lat="39.53912" lon="-106.071373">
        <ele>3136.0</ele>
      </trkpt>
      <trkpt lat="39.538921" lon="-106.072403">
        <ele>3124.0</ele>
      </trkpt>
      <trkpt lat="39.538948" lon="-106.072838">
        <ele>3120.0</ele>
      </trkpt>
      <trkpt lat="39.538727" lon="-106.073082">
        <ele>3118.0</ele>
      </trkpt>
      <trkpt lat="39.538498" lon="-106.073799">
        <ele>3113.0</ele>
      </trkpt>
      <trkpt lat="39.538631" lon="-106.073982">
        <ele>3111.0</ele>
      </trkpt>
      <trkpt lat="39.538589" lon="-106.074142">
        <ele>3110.0</ele>
      </trkpt>
      <trkpt lat="39.539043" lon="-106.074867">
        <ele>3106.0</ele>
      </trkpt>
      <trkpt lat="39.539093" lon="-106.075661">
        <ele>3101.0</ele>
      </trkpt>
      <trkpt lat="39.5397" lon="-106.076111">
        <ele>3098.0</ele>
      </trkpt>
      <trkpt lat="39.53957" lon="-106.076447">
        <ele>3095.0</ele>
      </trkpt>
      <trkpt lat="39.539886" lon="-106.077484">
        <ele>3085.0</ele>
      </trkpt>
      <trkpt lat="39.540348" lon="-106.078346">
        <ele>3078.0</ele>
      </trkpt>
      <trkpt lat="39.540573" lon="-106.07933">
        <ele>3070.0</ele>
      </trkpt>
      <trkpt lat="39.540398" lon="-106.080009">
        <ele>3062.0</ele>
      </trkpt>
      <trkpt lat="39.53981" lon="-106.080185">
        <ele>3059.0</ele>
      </trkpt>
      <trkpt lat="39.539158" lon="-106.081261">
        <ele>3054.0</ele>
      </trkpt>
      <trkpt lat="39.539101" lon="-106.081573">
        <ele>3051.0</ele>
      </trkpt>
      <trkpt lat="39.538826" lon="-106.081932">
        <ele>3045.0</ele>
      </trkpt>
      <trkpt lat="39.53759" lon="-106.081696">
        <ele>3033.0</ele>
      </trkpt>
      <trkpt lat="39.537155" lon="-106.081444">
        <ele>3035.0</ele>
      </trkpt>
      <trkpt lat="39.536404" lon="-106.080772">
        <ele>3046.0</ele>
      </trkpt>
      <trkpt lat="39.53521" lon="-106.080193">
        <ele>3054.0</ele>
      </trkpt>
      <trkpt lat="39.534355" lon="-106.079979">
        <ele>3053.0</ele>
      </trkpt>
      <trkpt lat="39.534164" lon="-106.08004">
        <ele>3053.0</ele>
      </trkpt>
      <trkpt lat="39.533703" lon="-106.080498">
        <ele>3053.0</ele>
      </trkpt>
      <trkpt lat="39.533596" lon="-106.080742">
        <ele>3053.0</ele>
      </trkpt>
      <trkpt lat="39.533718" lon="-106.081314">
        <ele>3054.0</ele>
      </trkpt>
      <trkpt lat="39.533443" lon="-106.081612">
        <ele>3055.0</ele>
      </trkpt>
      <trkpt lat="39.533485" lon="-106.081871">
        <ele>3056.0</ele>
      </trkpt>
      <trkpt lat="39.533657" lon="-106.082001">
        <ele>3055.0</ele>
      </trkpt>
      <trkpt lat="39.53389" lon="-106.082497">
        <ele>3057.0</ele>
      </trkpt>
      <trkpt lat="39.533302" lon="-106.08358">
        <ele>3068.0</ele>
      </trkpt>
      <trkpt lat="39.533089" lon="-106.084427">
        <ele>3077.0</ele>
      </trkpt>
      <trkpt lat="39.53265" lon="-106.085167">
        <ele>3082.0</ele>
      </trkpt>
      <trkpt lat="39.532215" lon="-106.085541">
        <ele>3085.0</ele>
      </trkpt>
      <trkpt lat="39.531506" lon="-106.087326">
        <ele>3106.0</ele>
      </trkpt>
      <trkpt lat="39.531147" lon="-106.087982">
        <ele>3117.0</ele>
      </trkpt>
      <trkpt lat="39.529999" lon="-106.08934">
        <ele>3135.0</ele>
      </trkpt>
      <trkpt lat="39.529953" lon="-106.089912">
        <ele>3144.0</ele>
      </trkpt>
      <trkpt lat="39.530102" lon="-106.089874">
        <ele>3144.0</ele>
      </trkpt>
      <trkpt lat="39.530491" lon="-106.089264">
        <ele>3137.0</ele>
      </trkpt>
      <trkpt lat="39.531094" lon="-106.089027">
        <ele>3141.0</ele>
      </trkpt>
      <trkpt lat="39.532101" lon="-106.089417">
        <ele>3156.0</ele>
      </trkpt>
      <trkpt lat="39.532352" lon="-106.089363">
        <ele>3153.0</ele>
      </trkpt>
      <trkpt lat="39.532372" lon="-106.089661">
        <ele>3157.0</ele>
      </trkpt>
      <trkpt lat="39.532047" lon="-106.090027">
        <ele>3164.0</ele>
      </trkpt>
      <trkpt lat="39.53204" lon="-106.090187">
        <ele>3166.0</ele>
      </trkpt>
      <trkpt lat="39.5317" lon="-106.090485">
        <ele>3173.0</ele>
      </trkpt>
      <trkpt lat="39.531807" lon="-106.09127">
        <ele>3178.0</ele>
      </trkpt>
      <trkpt lat="39.531826" lon="-106.093636">
        <ele>3201.0</ele>
      </trkpt>
      <trkpt lat="39.53215" lon="-106.095062">
        <ele>3207.0</ele>
      </trkpt>
      <trkpt lat="39.532196" lon="-106.095657">
        <ele>3213.0</ele>
      </trkpt>
      <trkpt lat="39.53236" lon="-106.095779">
        <ele>3211.0</ele>
      </trkpt>
      <trkpt lat="39.532608" lon="-106.096237">
        <ele>3212.0</ele>
      </trkpt>
      <trkpt lat="39.532658" lon="-106.096687">
        <ele>3216.0</ele>
      </trkpt>
      <trkpt lat="39.532574" lon="-106.096878">
        <ele>3218.0</ele>
      </trkpt>
      <trkpt lat="39.533062" lon="-106.097702">
        <ele>3217.0</ele>
      </trkpt>
      <trkpt lat="39.532906" lon="-106.098152">
        <ele>3223.0</ele>
      </trkpt>
      <trkpt lat="39.533009" lon="-106.098557">
        <ele>3223.0</ele>
      </trkpt>
      <trkpt lat="39.53297" lon="-106.098755">
        <ele>3226.0</ele>
      </trkpt>
      <trkpt lat="39.533318" lon="-106.098801">
        <ele>3223.0</ele>
      </trkpt>
      <trkpt lat="39.533592" lon="-106.098694">
        <ele>3225.0</ele>
      </trkpt>
      <trkpt lat="39.533684" lon="-106.09877">
        <ele>3228.0</ele>
      </trkpt>
      <trkpt lat="39.53392" lon="-106.098679">
        <ele>3233.0</ele>
      </trkpt>
      <trkpt lat="39.534111" lon="-106.097992">
        <ele>3230.0</ele>
      </trkpt>
      <trkpt lat="39.534294" lon="-106.097763">
        <ele>3232.0</ele>
      </trkpt>
      <trkpt lat="39.534393" lon="-106.097816">
        <ele>3236.0</ele>
      </trkpt>
      <trkpt lat="39.534214" lon="-106.09819">
        <ele>3236.0</ele>
      </trkpt>
      <trkpt lat="39.534313" lon="-106.098572">
        <ele>3247.0</ele>
      </trkpt>
      <trkpt lat="39.534706" lon="-106.098495">
        <ele>3256.0</ele>
      </trkpt>
      <trkpt lat="39.535172" lon="-106.098114">
        <ele>3258.0</ele>
      </trkpt>
      <trkpt lat="39.535336" lon="-106.097771">
        <ele>3255.0</ele>
      </trkpt>
      <trkpt lat="39.535454" lon="-106.097992">
        <ele>3262.0</ele>
      </trkpt>
      <trkpt lat="39.535442" lon="-106.098206">
        <ele>3265.0</ele>
      </trkpt>
      <trkpt lat="39.535259" lon="-106.098351">
        <ele>3263.0</ele>
      </trkpt>
      <trkpt lat="39.535267" lon="-106.098549">
        <ele>3266.0</ele>
      </trkpt>
      <trkpt lat="39.534927" lon="-106.099129">
        <ele>3269.0</ele>
      </trkpt>
      <trkpt lat="39.53487" lon="-106.099403">
        <ele>3271.0</ele>
      </trkpt>
      <trkpt lat="39.534943" lon="-106.099564">
        <ele>3273.0</ele>
      </trkpt>
      <trkpt lat="39.535133" lon="-106.099571">
        <ele>3276.0</ele>
      </trkpt>
      <trkpt lat="39.535175" lon="-106.099846">
        <ele>3279.0</ele>
      </trkpt>
      <trkpt lat="39.534695" lon="-106.100533">
        <ele>3282.0</ele>
      </trkpt>
      <trkpt lat="39.534672" lon="-106.101158">
        <ele>3286.0</ele>
      </trkpt>
      <trkpt lat="39.534817" lon="-106.101463">
        <ele>3290.0</ele>
      </trkpt>
      <trkpt lat="39.534801" lon="-106.101685">
        <ele>3292.0</ele>
      </trkpt>
      <trkpt lat="39.534927" lon="-106.101982">
        <ele>3300.0</ele>
      </trkpt>
      <trkpt lat="39.53474" lon="-106.102608">
        <ele>3302.0</ele>
      </trkpt>
      <trkpt lat="39.534943" lon="-106.102829">
        <ele>3310.0</ele>
      </trkpt>
      <trkpt lat="39.534828" lon="-106.103157">
        <ele>3312.0</ele>
      </trkpt>
      <trkpt lat="39.534908" lon="-106.103661">
        <ele>3321.0</ele>
      </trkpt>
      <trkpt lat="39.534714" lon="-106.104309">
        <ele>3323.0</ele>
      </trkpt>
      <trkpt lat="39.534718" lon="-106.104736">
        <ele>3331.0</ele>
      </trkpt>
      <trkpt lat="39.534477" lon="-106.105812">
        <ele>3338.0</ele>
      </trkpt>
      <trkpt lat="39.53413" lon="-106.106552">
        <ele>3343.0</ele>
      </trkpt>
      <trkpt lat="39.534126" lon="-106.106804">
        <ele>3348.0</ele>
      </trkpt>
      <trkpt lat="39.534607" lon="-106.106552">
        <ele>3354.0</ele>
      </trkpt>
      <trkpt lat="39.533905" lon="-106.108398">
        <ele>3377.0</ele>
      </trkpt>
      <trkpt lat="39.533524" lon="-106.108696">
        <ele>3378.0</ele>
      </trkpt>
      <trkpt lat="39.533081" lon="-106.108627">
        <ele>3382.0</ele>
      </trkpt>
      <trkpt lat="39.532452" lon="-106.108131">
        <ele>3386.0</ele>
      </trkpt>
      <trkpt lat="39.531071" lon="-106.10733">
        <ele>3389.0</ele>
      </trkpt>
      <trkpt lat="39.530628" lon="-106.107246">
        <ele>3388.0</ele>
      </trkpt>
      <trkpt lat="39.530354" lon="-106.107414">
        <ele>3389.0</ele>
      </trkpt>
      <trkpt lat="39.5298" lon="-106.107407">
        <ele>3392.0</ele>
      </trkpt>
      <trkpt lat="39.529739" lon="-106.107513">
        <ele>3394.0</ele>
      </trkpt>
      <trkpt lat="39.529877" lon="-106.1082">
        <ele>3396.0</ele>
      </trkpt>
      <trkpt lat="39.529682" lon="-106.108513">
        <ele>3401.0</ele>
      </trkpt>
      <trkpt lat="39.529644" lon="-106.108803">
        <ele>3403.0</ele>
      </trkpt>
      <trkpt lat="39.529148" lon="-106.109703">
        <ele>3419.0</ele>
      </trkpt>
      <trkpt lat="39.528957" lon="-106.110573">
        <ele>3430.0</ele>
      </trkpt>
      <trkpt lat="39.529041" lon="-106.111107">
        <ele>3436.0</ele>
      </trkpt>
      <trkpt lat="39.528641" lon="-106.110741">
        <ele>3440.0</ele>
      </trkpt>
      <trkpt lat="39.528622" lon="-106.110367">
        <ele>3437.0</ele>
      </trkpt>
      <trkpt lat="39.528175" lon="-106.109802">
        <ele>3441.0</ele>
      </trkpt>
      <trkpt lat="39.527786" lon="-106.109642">
        <ele>3442.0</ele>
      </trkpt>
      <trkpt lat="39.527458" lon="-106.109978">
        <ele>3446.0</ele>
      </trkpt>
      <trkpt lat="39.527737" lon="-106.110245">
        <ele>3450.0</ele>
      </trkpt>
      <trkpt lat="39.527962" lon="-106.110657">
        <ele>3453.0</ele>
      </trkpt>
      <trkpt lat="39.528061" lon="-106.111275">
        <ele>3459.0</ele>
      </trkpt>
      <trkpt lat="39.527889" lon="-106.11113">
        <ele>3458.0</ele>
      </trkpt>
      <trkpt lat="39.52742" lon="-106.111198">
        <ele>3461.0</ele>
      </trkpt>
      <trkpt lat="39.526428" lon="-106.111977">
        <ele>3469.0</ele>
      </trkpt>
      <trkpt lat="39.52581" lon="-106.112007">
        <ele>3476.0</ele>
      </trkpt>
      <trkpt lat="39.525547" lon="-106.111794">
        <ele>3479.0</ele>
      </trkpt>
      <trkpt lat="39.525505" lon="-106.111595">
        <ele>3477.0</ele>
      </trkpt>
      <trkpt lat="39.525295" lon="-106.111649">
        <ele>3482.0</ele>
      </trkpt>
      <trkpt lat="39.524929" lon="-106.111458">
        <ele>3484.0</ele>
      </trkpt>
      <trkpt lat="39.524677" lon="-106.111778">
        <ele>3491.0</ele>
      </trkpt>
      <trkpt lat="39.524689" lon="-106.111038">
        <ele>3493.0</ele>
      </trkpt>
      <trkpt lat="39.524593" lon="-106.11084">
        <ele>3497.0</ele>
      </trkpt>
      <trkpt lat="39.524483" lon="-106.111168">
        <ele>3500.0</ele>
      </trkpt>
      <trkpt lat="39.524303" lon="-106.110939">
        <ele>3505.0</ele>
      </trkpt>
      <trkpt lat="39.524162" lon="-106.11097">
        <ele>3508.0</ele>
      </trkpt>
      <trkpt lat="39.524139" lon="-106.111168">
        <ele>3510.0</ele>
      </trkpt>
      <trkpt lat="39.523796" lon="-106.111229">
        <ele>3518.0</ele>
      </trkpt>
      <trkpt lat="39.523861" lon="-106.111404">
        <ele>3518.0</ele>
      </trkpt>
      <trkpt lat="39.523693" lon="-106.111839">
        <ele>3521.0</ele>
      </trkpt>
      <trkpt lat="39.523205" lon="-106.112221">
        <ele>3535.0</ele>
      </trkpt>
      <trkpt lat="39.523167" lon="-106.11235">
        <ele>3536.0</ele>
      </trkpt>
      <trkpt lat="39.523079" lon="-106.112305">
        <ele>3540.0</ele>
      </trkpt>
      <trkpt lat="39.523052" lon="-106.112015">
        <ele>3541.0</ele>
      </trkpt>
      <trkpt lat="39.522804" lon="-106.111725">
        <ele>3549.0</ele>
      </trkpt>
      <trkpt lat="39.522743" lon="-106.111427">
        <ele>3551.0</ele>
      </trkpt>
      <trkpt lat="39.521954" lon="-106.111298">
        <ele>3564.0</ele>
      </trkpt>
      <trkpt lat="39.521915" lon="-106.111145">
        <ele>3567.0</ele>
      </trkpt>
      <trkpt lat="39.522152" lon="-106.11068">
        <ele>3571.0</ele>
      </trkpt>
      <trkpt lat="39.521866" lon="-106.110725">
        <ele>3581.0</ele>
      </trkpt>
      <trkpt lat="39.52129" lon="-106.11129">
        <ele>3592.0</ele>
      </trkpt>
      <trkpt lat="39.521587" lon="-106.110413">
        <ele>3598.0</ele>
      </trkpt>
      <trkpt lat="39.521561" lon="-106.11026">
        <ele>3602.0</ele>
      </trkpt>
      <trkpt lat="39.521309" lon="-106.110031">
        <ele>3606.0</ele>
      </trkpt>
      <trkpt lat="39.519405" lon="-106.110054">
        <ele>3628.0</ele>
      </trkpt>
      <trkpt lat="39.51754" lon="-106.109253">
        <ele>3625.0</ele>
      </trkpt>
      <trkpt lat="39.516621" lon="-106.109261">
        <ele>3628.0</ele>
      </trkpt>
      <trkpt lat="39.515617" lon="-106.109604">
        <ele>3638.0</ele>
      </trkpt>
      <trkpt lat="39.514263" lon="-106.109344">
        <ele>3630.0</ele>
      </trkpt>
      <trkpt lat="39.514027" lon="-106.109619">
        <ele>3638.0</ele>
      </trkpt>
      <trkpt lat="39.513134" lon="-106.109901">
        <ele>3645.0</ele>
      </trkpt>
      <trkpt lat="39.512909" lon="-106.11013">
        <ele>3653.0</ele>
      </trkpt>
      <trkpt lat="39.512024" lon="-106.11042">
        <ele>3663.0</ele>
      </trkpt>
      <trkpt lat="39.511303" lon="-106.110817">
        <ele>3675.0</ele>
      </trkpt>
      <trkpt lat="39.510841" lon="-106.110939">
        <ele>3677.0</ele>
      </trkpt>
      <trkpt lat="39.509865" lon="-106.111702">
        <ele>3695.0</ele>
      </trkpt>
      <trkpt lat="39.508705" lon="-106.111847">
        <ele>3703.0</ele>
      </trkpt>
      <trkpt lat="39.50832" lon="-106.111763">
        <ele>3702.0</ele>
      </trkpt>
      <trkpt lat="39.50724" lon="-106.112045">
        <ele>3713.0</ele>
      </trkpt>
      <trkpt lat="39.506931" lon="-106.111877">
        <ele>3711.0</ele>
      </trkpt>
      <trkpt lat="39.506618" lon="-106.11187">
        <ele>3713.0</ele>
      </trkpt>
      <trkpt lat="39.50639" lon="-106.112511">
        <ele>3735.0</ele>
      </trkpt>
      <trkpt lat="39.506481" lon="-106.112854">
        <ele>3746.0</ele>
      </trkpt>
      <trkpt lat="39.506424" lon="-106.112907">
        <ele>3748.0</ele>
      </trkpt>
      <trkpt lat="39.505764" lon="-106.112495">
        <ele>3756.0</ele>
      </trkpt>
      <trkpt lat="39.505318" lon="-106.11248">
        <ele>3765.0</ele>
      </trkpt>
      <trkpt lat="39.505173" lon="-106.11264">
        <ele>3769.0</ele>
      </trkpt>
      <trkpt lat="39.505627" lon="-106.113312">
        <ele>3790.0</ele>
      </trkpt>
      <trkpt lat="39.504955" lon="-106.113174">
        <ele>3789.0</ele>
      </trkpt>
      <trkpt lat="39.504517" lon="-106.114166">
        <ele>3810.0</ele>
      </trkpt>
      <trkpt lat="39.503708" lon="-106.114761">
        <ele>3799.0</ele>
      </trkpt>
      <trkpt lat="39.503204" lon="-106.114761">
        <ele>3795.0</ele>
      </trkpt>
      <trkpt lat="39.502853" lon="-106.114586">
        <ele>3791.0</ele>
      </trkpt>
      <trkpt lat="39.499973" lon="-106.114128">
        <ele>3782.0</ele>
      </trkpt>
      <trkpt lat="39.499447" lon="-106.114243">
        <ele>3778.0</ele>
      </trkpt>
      <trkpt lat="39.499012" lon="-106.114204">
        <ele>3780.0</ele>
      </trkpt>
      <trkpt lat="39.498638" lon="-106.113968">
        <ele>3780.0</ele>
      </trkpt>
      <trkpt lat="39.497921" lon="-106.114037">
        <ele>3771.0</ele>
      </trkpt>
      <trkpt lat="39.497223" lon="-106.113876">
        <ele>3768.0</ele>
      </trkpt>
      <trkpt lat="39.496944" lon="-106.11425">
        <ele>3755.0</ele>
      </trkpt>
      <trkpt lat="39.49617" lon="-106.114845">
        <ele>3746.0</ele>
      </trkpt>
      <trkpt lat="39.495407" lon="-106.115036">
        <ele>3745.0</ele>
      </trkpt>
      <trkpt lat="39.494488" lon="-106.114967">
        <ele>3740.0</ele>
      </trkpt>
      <trkpt lat="39.494118" lon="-106.11467">
        <ele>3740.0</ele>
      </trkpt>
      <trkpt lat="39.492802" lon="-106.114082">
        <ele>3728.0</ele>
      </trkpt>
      <trkpt lat="39.491177" lon="-106.113701">
        <ele>3713.0</ele>
      </trkpt>
      <trkpt lat="39.491009" lon="-106.113808">
        <ele>3708.0</ele>
      </trkpt>
      <trkpt lat="39.490314" lon="-106.113541">
        <ele>3708.0</ele>
      </trkpt>
      <trkpt lat="39.489029" lon="-106.11274">
        <ele>3702.0</ele>
      </trkpt>
      <trkpt lat="39.48814" lon="-106.112823">
        <ele>3699.0</ele>
      </trkpt>
      <trkpt lat="39.487549" lon="-106.113358">
        <ele>3698.0</ele>
      </trkpt>
      <trkpt lat="39.486683" lon="-106.113693">
        <ele>3693.0</ele>
      </trkpt>
      <trkpt lat="39.48584" lon="-106.113426">
        <ele>3684.0</ele>
      </trkpt>
      <trkpt lat="39.485161" lon="-106.112953">
        <ele>3674.0</ele>
      </trkpt>
      <trkpt lat="39.48468" lon="-106.112411">
        <ele>3672.0</ele>
      </trkpt>
      <trkpt lat="39.484303" lon="-106.112427">
        <ele>3661.0</ele>
      </trkpt>
      <trkpt lat="39.483944" lon="-106.11219">
        <ele>3656.0</ele>
      </trkpt>
      <trkpt lat="39.483585" lon="-106.112129">
        <ele>3650.0</ele>
      </trkpt>
      <trkpt lat="39.483459" lon="-106.112">
        <ele>3650.0</ele>
      </trkpt>
      <trkpt lat="39.482552" lon="-106.112091">
        <ele>3641.0</ele>
      </trkpt>
      <trkpt lat="39.482483" lon="-106.112801">
        <ele>3628.0</ele>
      </trkpt>
      <trkpt lat="39.482296" lon="-106.113426">
        <ele>3615.0</ele>
      </trkpt>
      <trkpt lat="39.482258" lon="-106.114693">
        <ele>3593.0</ele>
      </trkpt>
      <trkpt lat="39.48217" lon="-106.115028">
        <ele>3585.0</ele>
      </trkpt>
      <trkpt lat="39.482258" lon="-106.115433">
        <ele>3578.0</ele>
      </trkpt>
      <trkpt lat="39.482067" lon="-106.115944">
        <ele>3566.0</ele>
      </trkpt>
      <trkpt lat="39.480885" lon="-106.116188">
        <ele>3538.0</ele>
      </trkpt>
      <trkpt lat="39.480785" lon="-106.116325">
        <ele>3536.0</ele>
      </trkpt>
      <trkpt lat="39.480114" lon="-106.116005">
        <ele>3517.0</ele>
      </trkpt>
      <trkpt lat="39.47998" lon="-106.11573">
        <ele>3515.0</ele>
      </trkpt>
      <trkpt lat="39.479485" lon="-106.115517">
        <ele>3508.0</ele>
      </trkpt>
      <trkpt lat="39.479263" lon="-106.115303">
        <ele>3508.0</ele>
      </trkpt>
      <trkpt lat="39.478458" lon="-106.11525">
        <ele>3491.0</ele>
      </trkpt>
      <trkpt lat="39.47794" lon="-106.114822">
        <ele>3485.0</ele>
      </trkpt>
      <trkpt lat="39.477741" lon="-106.114861">
        <ele>3484.0</ele>
      </trkpt>
      <trkpt lat="39.477428" lon="-106.11541">
        <ele>3470.0</ele>
      </trkpt>
      <trkpt lat="39.477097" lon="-106.11515">
        <ele>3474.0</ele>
      </trkpt>
      <trkpt lat="39.476677" lon="-106.115089">
        <ele>3465.0</ele>
      </trkpt>
      <trkpt lat="39.476807" lon="-106.115372">
        <ele>3457.0</ele>
      </trkpt>
      <trkpt lat="39.476776" lon="-106.115524">
        <ele>3450.0</ele>
      </trkpt>
      <trkpt lat="39.475609" lon="-106.115395">
        <ele>3426.0</ele>
      </trkpt>
      <trkpt lat="39.476063" lon="-106.115692">
        <ele>3423.0</ele>
      </trkpt>
      <trkpt lat="39.477104" lon="-106.117119">
        <ele>3382.0</ele>
      </trkpt>
      <trkpt lat="39.477806" lon="-106.117218">
        <ele>3386.0</ele>
      </trkpt>
      <trkpt lat="39.477703" lon="-106.118645">
        <ele>3358.0</ele>
      </trkpt>
      <trkpt lat="39.477989" lon="-106.119926">
        <ele>3345.0</ele>
      </trkpt>
      <trkpt lat="39.478359" lon="-106.120811">
        <ele>3326.0</ele>
      </trkpt>
      <trkpt lat="39.478619" lon="-106.121201">
        <ele>3319.0</ele>
      </trkpt>
      <trkpt lat="39.479382" lon="-106.121735">
        <ele>3306.0</ele>
      </trkpt>
      <trkpt lat="39.480282" lon="-106.122147">
        <ele>3303.0</ele>
      </trkpt>
      <trkpt lat="39.480446" lon="-106.122345">
        <ele>3295.0</ele>
      </trkpt>
      <trkpt lat="39.481125" lon="-106.122658">
        <ele>3279.0</ele>
      </trkpt>
      <trkpt lat="39.481625" lon="-106.123756">
        <ele>3253.0</ele>
      </trkpt>
      <trkpt lat="39.481941" lon="-106.123917">
        <ele>3252.0</ele>
      </trkpt>
      <trkpt lat="39.482018" lon="-106.124115">
        <ele>3243.0</ele>
      </trkpt>
      <trkpt lat="39.48304" lon="-106.125023">
        <ele>3208.0</ele>
      </trkpt>
      <trkpt lat="39.483421" lon="-106.12516">
        <ele>3203.0</ele>
      </trkpt>
      <trkpt lat="39.483849" lon="-106.125717">
        <ele>3190.0</ele>
      </trkpt>
      <trkpt lat="39.484138" lon="-106.125931">
        <ele>3185.0</ele>
      </trkpt>
      <trkpt lat="39.484245" lon="-106.126152">
        <ele>3180.0</ele>
      </trkpt>
      <trkpt lat="39.48476" lon="-106.126602">
        <ele>3169.0</ele>
      </trkpt>
      <trkpt lat="39.486328" lon="-106.12751">
        <ele>3147.0</ele>
      </trkpt>
      <trkpt lat="39.488823" lon="-106.12838">
        <ele>3122.0</ele>
      </trkpt>
      <trkpt lat="39.489319" lon="-106.12883">
        <ele>3114.0</ele>
      </trkpt>
      <trkpt lat="39.489582" lon="-106.128853">
        <ele>3113.0</ele>
      </trkpt>
      <trkpt lat="39.490749" lon="-106.129463">
        <ele>3087.0</ele>
      </trkpt>
      <trkpt lat="39.490833" lon="-106.129318">
        <ele>3088.0</ele>
      </trkpt>
      <trkpt lat="39.491329" lon="-106.129402">
        <ele>3089.0</ele>
      </trkpt>
      <trkpt lat="39.492275" lon="-106.130165">
        <ele>3064.0</ele>
      </trkpt>
      <trkpt lat="39.494122" lon="-106.131142">
        <ele>3038.0</ele>
      </trkpt>
      <trkpt lat="39.494602" lon="-106.132454">
        <ele>3012.0</ele>
      </trkpt>
      <trkpt lat="39.49498" lon="-106.132996">
        <ele>3005.0</ele>
      </trkpt>
      <trkpt lat="39.495552" lon="-106.133278">
        <ele>3001.0</ele>
      </trkpt>
      <trkpt lat="39.496124" lon="-106.133865">
        <ele>2994.0</ele>
      </trkpt>
      <trkpt lat="39.496605" lon="-106.134048">
        <ele>2993.0</ele>
      </trkpt>
      <trkpt lat="39.496746" lon="-106.134239">
        <ele>2989.0</ele>
      </trkpt>
      <trkpt lat="39.497108" lon="-106.134377">
        <ele>2988.0</ele>
      </trkpt>
      <trkpt lat="39.497463" lon="-106.134705">
        <ele>2983.0</ele>
      </trkpt>
      <trkpt lat="39.497604" lon="-106.135414">
        <ele>2976.0</ele>
      </trkpt>
      <trkpt lat="39.497795" lon="-106.135681">
        <ele>2975.0</ele>
      </trkpt>
      <trkpt lat="39.499931" lon="-106.136978">
        <ele>2974.0</ele>
      </trkpt>
      <trkpt lat="39.502563" lon="-106.138794">
        <ele>2964.0</ele>
      </trkpt>
      <trkpt lat="39.504204" lon="-106.139465">
        <ele>2961.0</ele>
      </trkpt>
      <trkpt lat="39.504898" lon="-106.139526">
        <ele>2961.0</ele>
      </trkpt>
      <trkpt lat="39.505085" lon="-106.139755">
        <ele>2960.0</ele>
      </trkpt>
      <trkpt lat="39.504951" lon="-106.140976">
        <ele>2958.0</ele>
      </trkpt>
      <trkpt lat="39.504345" lon="-106.141113">
        <ele>2958.0</ele>
      </trkpt>
      <trkpt lat="39.504005" lon="-106.141556">
        <ele>2958.0</ele>
      </trkpt>
      <trkpt lat="39.503742" lon="-106.141632">
        <ele>2958.0</ele>
      </trkpt>
      <trkpt lat="39.503002" lon="-106.143143">
        <ele>2957.0</ele>
      </trkpt>
      <trkpt lat="39.501785" lon="-106.144066">
        <ele>2960.0</ele>
      </trkpt>
      <trkpt lat="39.5014" lon="-106.144669">
        <ele>2960.0</ele>
      </trkpt>
      <trkpt lat="39.501297" lon="-106.145233">
        <ele>2961.0</ele>
      </trkpt>
      <trkpt lat="39.501331" lon="-106.14608">
        <ele>2961.0</ele>
      </trkpt>
      <trkpt lat="39.501938" lon="-106.147285">
        <ele>2962.0</ele>
      </trkpt>
      <trkpt lat="39.502026" lon="-106.147842">
        <ele>2963.0</ele>
      </trkpt>
      <trkpt lat="39.501953" lon="-106.148613">
        <ele>2964.0</ele>
      </trkpt>
      <trkpt lat="39.50132" lon="-106.150169">
        <ele>2964.0</ele>
      </trkpt>
      <trkpt lat="39.501404" lon="-106.151436">
        <ele>2965.0</ele>
      </trkpt>
      <trkpt lat="39.500778" lon="-106.152397">
        <ele>2964.0</ele>
      </trkpt>
      <trkpt lat="39.500694" lon="-106.152802">
        <ele>2965.0</ele>
      </trkpt>
      <trkpt lat="39.500675" lon="-106.153999">
        <ele>2969.0</ele>
      </trkpt>
      <trkpt lat="39.500389" lon="-106.155235">
        <ele>2972.0</ele>
      </trkpt>
      <trkpt lat="39.499989" lon="-106.155266">
        <ele>2972.0</ele>
      </trkpt>
      <trkpt lat="39.499454" lon="-106.154762">
        <ele>2976.0</ele>
      </trkpt>
      <trkpt lat="39.499302" lon="-106.154739">
        <ele>2981.0</ele>
      </trkpt>
      <trkpt lat="39.498993" lon="-106.155487">
        <ele>2991.0</ele>
      </trkpt>
      <trkpt lat="39.498531" lon="-106.156204">
        <ele>3004.0</ele>
      </trkpt>
      <trkpt lat="39.498512" lon="-106.157043">
        <ele>3004.0</ele>
      </trkpt>
      <trkpt lat="39.49836" lon="-106.157471">
        <ele>3012.0</ele>
      </trkpt>
      <trkpt lat="39.497822" lon="-106.16024">
        <ele>3033.0</ele>
      </trkpt>
      <trkpt lat="39.497826" lon="-106.160645">
        <ele>3032.0</ele>
      </trkpt>
      <trkpt lat="39.497532" lon="-106.161385">
        <ele>3042.0</ele>
      </trkpt>
      <trkpt lat="39.497566" lon="-106.162201">
        <ele>3046.0</ele>
      </trkpt>
      <trkpt lat="39.497478" lon="-106.162537">
        <ele>3048.0</ele>
      </trkpt>
      <trkpt lat="39.497688" lon="-106.163048">
        <ele>3044.0</ele>
      </trkpt>
      <trkpt lat="39.497639" lon="-106.163528">
        <ele>3048.0</ele>
      </trkpt>
      <trkpt lat="39.497406" lon="-106.164185">
        <ele>3050.0</ele>
      </trkpt>
      <trkpt lat="39.497311" lon="-106.164833">
        <ele>3052.0</ele>
      </trkpt>
      <trkpt lat="39.49741" lon="-106.165184">
        <ele>3052.0</ele>
      </trkpt>
      <trkpt lat="39.497738" lon="-106.165451">
        <ele>3043.0</ele>
      </trkpt>
      <trkpt lat="39.497601" lon="-106.166306">
        <ele>3050.0</ele>
      </trkpt>
      <trkpt lat="39.497227" lon="-106.167358">
        <ele>3060.0</ele>
      </trkpt>
      <trkpt lat="39.497044" lon="-106.167229">
        <ele>3066.0</ele>
      </trkpt>
      <trkpt lat="39.496548" lon="-106.167992">
        <ele>3067.0</ele>
      </trkpt>
      <trkpt lat="39.496574" lon="-106.168228">
        <ele>3064.0</ele>
      </trkpt>
      <trkpt lat="39.496487" lon="-106.168373">
        <ele>3065.0</ele>
      </trkpt>
      <trkpt lat="39.496151" lon="-106.168442">
        <ele>3072.0</ele>
      </trkpt>
      <trkpt lat="39.496536" lon="-106.167686">
        <ele>3073.0</ele>
      </trkpt>
      <trkpt lat="39.496521" lon="-106.167488">
        <ele>3076.0</ele>
      </trkpt>
      <trkpt lat="39.496197" lon="-106.167702">
        <ele>3081.0</ele>
      </trkpt>
      <trkpt lat="39.49604" lon="-106.167961">
        <ele>3082.0</ele>
      </trkpt>
      <trkpt lat="39.496044" lon="-106.168167">
        <ele>3079.0</ele>
      </trkpt>
      <trkpt lat="39.495651" lon="-106.168503">
        <ele>3082.0</ele>
      </trkpt>
      <trkpt lat="39.495739" lon="-106.168831">
        <ele>3081.0</ele>
      </trkpt>
      <trkpt lat="39.495663" lon="-106.169067">
        <ele>3083.0</ele>
      </trkpt>
      <trkpt lat="39.496136" lon="-106.169144">
        <ele>3077.0</ele>
      </trkpt>
      <trkpt lat="39.496033" lon="-106.169434">
        <ele>3085.0</ele>
      </trkpt>
      <trkpt lat="39.495705" lon="-106.169449">
        <ele>3085.0</ele>
      </trkpt>
      <trkpt lat="39.495499" lon="-106.169617">
        <ele>3093.0</ele>
      </trkpt>
      <trkpt lat="39.495472" lon="-106.169991">
        <ele>3101.0</ele>
      </trkpt>
      <trkpt lat="39.495377" lon="-106.169991">
        <ele>3102.0</ele>
      </trkpt>
      <trkpt lat="39.495358" lon="-106.170677">
        <ele>3107.0</ele>
      </trkpt>
      <trkpt lat="39.495213" lon="-106.171074">
        <ele>3111.0</ele>
      </trkpt>
      <trkpt lat="39.494873" lon="-106.170654">
        <ele>3114.0</ele>
      </trkpt>
      <trkpt lat="39.494873" lon="-106.170906">
        <ele>3116.0</ele>
      </trkpt>
      <trkpt lat="39.494377" lon="-106.170296">
        <ele>3118.0</ele>
      </trkpt>
      <trkpt lat="39.493706" lon="-106.170486">
        <ele>3131.0</ele>
      </trkpt>
      <trkpt lat="39.493702" lon="-106.170586">
        <ele>3133.0</ele>
      </trkpt>
      <trkpt lat="39.493862" lon="-106.170624">
        <ele>3132.0</ele>
      </trkpt>
      <trkpt lat="39.494057" lon="-106.170891">
        <ele>3135.0</ele>
      </trkpt>
      <trkpt lat="39.494041" lon="-106.171753">
        <ele>3142.0</ele>
      </trkpt>
      <trkpt lat="39.494137" lon="-106.172104">
        <ele>3143.0</ele>
      </trkpt>
      <trkpt lat="39.493813" lon="-106.171562">
        <ele>3145.0</ele>
      </trkpt>
      <trkpt lat="39.493538" lon="-106.171532">
        <ele>3149.0</ele>
      </trkpt>
      <trkpt lat="39.49342" lon="-106.172325">
        <ele>3158.0</ele>
      </trkpt>
      <trkpt lat="39.493603" lon="-106.173126">
        <ele>3160.0</ele>
      </trkpt>
      <trkpt lat="39.493542" lon="-106.17347">
        <ele>3163.0</ele>
      </trkpt>
      <trkpt lat="39.493408" lon="-106.173409">
        <ele>3166.0</ele>
      </trkpt>
      <trkpt lat="39.493378" lon="-106.173782">
        <ele>3167.0</ele>
      </trkpt>
      <trkpt lat="39.493198" lon="-106.173637">
        <ele>3171.0</ele>
      </trkpt>
      <trkpt lat="39.493191" lon="-106.174118">
        <ele>3172.0</ele>
      </trkpt>
      <trkpt lat="39.493275" lon="-106.174294">
        <ele>3171.0</ele>
      </trkpt>
      <trkpt lat="39.493496" lon="-106.17437">
        <ele>3168.0</ele>
      </trkpt>
      <trkpt lat="39.49371" lon="-106.175102">
        <ele>3171.0</ele>
      </trkpt>
      <trkpt lat="39.494141" lon="-106.175545">
        <ele>3167.0</ele>
      </trkpt>
      <trkpt lat="39.494289" lon="-106.17601">
        <ele>3167.0</ele>
      </trkpt>
      <trkpt lat="39.494312" lon="-106.176498">
        <ele>3168.0</ele>
      </trkpt>
      <trkpt lat="39.49456" lon="-106.177025">
        <ele>3162.0</ele>
      </trkpt>
      <trkpt lat="39.49461" lon="-106.178223">
        <ele>3168.0</ele>
      </trkpt>
      <trkpt lat="39.495041" lon="-106.179008">
        <ele>3168.0</ele>
      </trkpt>
      <trkpt lat="39.495255" lon="-106.180107">
        <ele>3183.0</ele>
      </trkpt>
      <trkpt lat="39.495651" lon="-106.181175">
        <ele>3184.0</ele>
      </trkpt>
      <trkpt lat="39.495667" lon="-106.181633">
        <ele>3187.0</ele>
      </trkpt>
      <trkpt lat="39.49548" lon="-106.18232">
        <ele>3193.0</ele>
      </trkpt>
      <trkpt lat="39.495518" lon="-106.182991">
        <ele>3191.0</ele>
      </trkpt>
      <trkpt lat="39.495388" lon="-106.183632">
        <ele>3189.0</ele>
      </trkpt>
      <trkpt lat="39.494728" lon="-106.18528">
        <ele>3185.0</ele>
      </trkpt>
      <trkpt lat="39.494411" lon="-106.185799">
        <ele>3179.0</ele>
      </trkpt>
      <trkpt lat="39.493599" lon="-106.186241">
        <ele>3180.0</ele>
      </trkpt>
      <trkpt lat="39.492012" lon="-106.186386">
        <ele>3198.0</ele>
      </trkpt>
      <trkpt lat="39.492008" lon="-106.186272">
        <ele>3201.0</ele>
      </trkpt>
      <trkpt lat="39.492268" lon="-106.186005">
        <ele>3204.0</ele>
      </trkpt>
      <trkpt lat="39.492004" lon="-106.186028">
        <ele>3207.0</ele>
      </trkpt>
      <trkpt lat="39.490971" lon="-106.186531">
        <ele>3206.0</ele>
      </trkpt>
      <trkpt lat="39.49012" lon="-106.186668">
        <ele>3214.0</ele>
      </trkpt>
      <trkpt lat="39.489231" lon="-106.187332">
        <ele>3215.0</ele>
      </trkpt>
      <trkpt lat="39.488659" lon="-106.187531">
        <ele>3222.0</ele>
      </trkpt>
      <trkpt lat="39.488628" lon="-106.188072">
        <ele>3214.0</ele>
      </trkpt>
      <trkpt lat="39.488796" lon="-106.188087">
        <ele>3211.0</ele>
      </trkpt>
      <trkpt lat="39.48872" lon="-106.188683">
        <ele>3204.0</ele>
      </trkpt>
      <trkpt lat="39.48848" lon="-106.188881">
        <ele>3205.0</ele>
      </trkpt>
      <trkpt lat="39.488113" lon="-106.189522">
        <ele>3198.0</ele>
      </trkpt>
      <trkpt lat="39.487873" lon="-106.189598">
        <ele>3199.0</ele>
      </trkpt>
      <trkpt lat="39.488064" lon="-106.190277">
        <ele>3194.0</ele>
      </trkpt>
      <trkpt lat="39.487938" lon="-106.190758">
        <ele>3198.0</ele>
      </trkpt>
      <trkpt lat="39.487244" lon="-106.191444">
        <ele>3207.0</ele>
      </trkpt>
      <trkpt lat="39.485966" lon="-106.191582">
        <ele>3210.0</ele>
      </trkpt>
      <trkpt lat="39.485085" lon="-106.192398">
        <ele>3220.0</ele>
      </trkpt>
      <trkpt lat="39.484531" lon="-106.193291">
        <ele>3232.0</ele>
      </trkpt>
      <trkpt lat="39.48428" lon="-106.193489">
        <ele>3233.0</ele>
      </trkpt>
      <trkpt lat="39.484161" lon="-106.193817">
        <ele>3237.0</ele>
      </trkpt>
      <trkpt lat="39.483265" lon="-106.194824">
        <ele>3244.0</ele>
      </trkpt>
      <trkpt lat="39.482986" lon="-106.195343">
        <ele>3245.0</ele>
      </trkpt>
      <trkpt lat="39.482677" lon="-106.196465">
        <ele>3257.0</ele>
      </trkpt>
      <trkpt lat="39.4827" lon="-106.197044">
        <ele>3262.0</ele>
      </trkpt>
      <trkpt lat="39.482086" lon="-106.19828">
        <ele>3268.0</ele>
      </trkpt>
      <trkpt lat="39.482056" lon="-106.19931">
        <ele>3275.0</ele>
      </trkpt>
      <trkpt lat="39.481438" lon="-106.202019">
        <ele>3288.0</ele>
      </trkpt>
      <trkpt lat="39.481003" lon="-106.203384">
        <ele>3295.0</ele>
      </trkpt>
      <trkpt lat="39.480724" lon="-106.203835">
        <ele>3299.0</ele>
      </trkpt>
      <trkpt lat="39.480671" lon="-106.204414">
        <ele>3306.0</ele>
      </trkpt>
      <trkpt lat="39.479675" lon="-106.20623">
        <ele>3312.0</ele>
      </trkpt>
      <trkpt lat="39.479427" lon="-106.206902">
        <ele>3316.0</ele>
      </trkpt>
      <trkpt lat="39.479366" lon="-106.20752">
        <ele>3322.0</ele>
      </trkpt>
      <trkpt lat="39.47892" lon="-106.208542">
        <ele>3327.0</ele>
      </trkpt>
      <trkpt lat="39.47855" lon="-106.209785">
        <ele>3338.0</ele>
      </trkpt>
      <trkpt lat="39.477711" lon="-106.210594">
        <ele>3340.0</ele>
      </trkpt>
      <trkpt lat="39.477356" lon="-106.213646">
        <ele>3369.0</ele>
      </trkpt>
      <trkpt lat="39.477242" lon="-106.213806">
        <ele>3371.0</ele>
      </trkpt>
      <trkpt lat="39.47728" lon="-106.213928">
        <ele>3374.0</ele>
      </trkpt>
      <trkpt lat="39.47665" lon="-106.214668">
        <ele>3380.0</ele>
      </trkpt>
      <trkpt lat="39.47628" lon="-106.21479">
        <ele>3382.0</ele>
      </trkpt>
      <trkpt lat="39.475468" lon="-106.216202">
        <ele>3386.0</ele>
      </trkpt>
      <trkpt lat="39.474945" lon="-106.217575">
        <ele>3396.0</ele>
      </trkpt>
      <trkpt lat="39.474995" lon="-106.218025">
        <ele>3403.0</ele>
      </trkpt>
      <trkpt lat="39.474884" lon="-106.21804">
        <ele>3402.0</ele>
      </trkpt>
      <trkpt lat="39.474743" lon="-106.21833">
        <ele>3403.0</ele>
      </trkpt>
      <trkpt lat="39.474335" lon="-106.218742">
        <ele>3403.0</ele>
      </trkpt>
      <trkpt lat="39.474285" lon="-106.219093">
        <ele>3408.0</ele>
      </trkpt>
      <trkpt lat="39.473911" lon="-106.219872">
        <ele>3415.0</ele>
      </trkpt>
      <trkpt lat="39.474285" lon="-106.219734">
        <ele>3421.0</ele>
      </trkpt>
      <trkpt lat="39.474178" lon="-106.219788">
        <ele>3420.0</ele>
      </trkpt>
      <trkpt lat="39.473736" lon="-106.220612">
        <ele>3428.0</ele>
      </trkpt>
      <trkpt lat="39.473293" lon="-106.220894">
        <ele>3428.0</ele>
      </trkpt>
      <trkpt lat="39.472984" lon="-106.220917">
        <ele>3422.0</ele>
      </trkpt>
      <trkpt lat="39.472366" lon="-106.221733">
        <ele>3423.0</ele>
      </trkpt>
      <trkpt lat="39.472023" lon="-106.221794">
        <ele>3417.0</ele>
      </trkpt>
      <trkpt lat="39.471737" lon="-106.222153">
        <ele>3420.0</ele>
      </trkpt>
      <trkpt lat="39.471626" lon="-106.22258">
        <ele>3424.0</ele>
      </trkpt>
      <trkpt lat="39.471302" lon="-106.223061">
        <ele>3425.0</ele>
      </trkpt>
      <trkpt lat="39.470383" lon="-106.22374">
        <ele>3426.0</ele>
      </trkpt>
      <trkpt lat="39.47015" lon="-106.224136">
        <ele>3430.0</ele>
      </trkpt>
      <trkpt lat="39.470463" lon="-106.224442">
        <ele>3439.0</ele>
      </trkpt>
      <trkpt lat="39.469612" lon="-106.224655">
        <ele>3428.0</ele>
      </trkpt>
      <trkpt lat="39.469616" lon="-106.224991">
        <ele>3431.0</ele>
      </trkpt>
      <trkpt lat="39.469433" lon="-106.225235">
        <ele>3431.0</ele>
      </trkpt>
      <trkpt lat="39.469303" lon="-106.225945">
        <ele>3441.0</ele>
      </trkpt>
      <trkpt lat="39.468861" lon="-106.226219">
        <ele>3441.0</ele>
      </trkpt>
      <trkpt lat="39.468773" lon="-106.226669">
        <ele>3447.0</ele>
      </trkpt>
      <trkpt lat="39.469151" lon="-106.226646">
        <ele>3457.0</ele>
      </trkpt>
      <trkpt lat="39.468884" lon="-106.227325">
        <ele>3463.0</ele>
      </trkpt>
      <trkpt lat="39.4687" lon="-106.22747">
        <ele>3463.0</ele>
      </trkpt>
      <trkpt lat="39.468586" lon="-106.227852">
        <ele>3469.0</ele>
      </trkpt>
      <trkpt lat="39.467983" lon="-106.228127">
        <ele>3471.0</ele>
      </trkpt>
      <trkpt lat="39.467125" lon="-106.228714">
        <ele>3479.0</ele>
      </trkpt>
      <trkpt lat="39.466034" lon="-106.228767">
        <ele>3480.0</ele>
      </trkpt>
      <trkpt lat="39.465824" lon="-106.228882">
        <ele>3484.0</ele>
      </trkpt>
      <trkpt lat="39.466057" lon="-106.229073">
        <ele>3492.0</ele>
      </trkpt>
      <trkpt lat="39.466904" lon="-106.229355">
        <ele>3498.0</ele>
      </trkpt>
      <trkpt lat="39.467987" lon="-106.229485">
        <ele>3508.0</ele>
      </trkpt>
      <trkpt lat="39.468761" lon="-106.229225">
        <ele>3506.0</ele>
      </trkpt>
      <trkpt lat="39.469494" lon="-106.228546">
        <ele>3507.0</ele>
      </trkpt>
      <trkpt lat="39.469189" lon="-106.229378">
        <ele>3519.0</ele>
      </trkpt>
      <trkpt lat="39.469055" lon="-106.2295">
        <ele>3518.0</ele>
      </trkpt>
      <trkpt lat="39.469086" lon="-106.229713">
        <ele>3522.0</ele>
      </trkpt>
      <trkpt lat="39.468937" lon="-106.230301">
        <ele>3535.0</ele>
      </trkpt>
      <trkpt lat="39.468662" lon="-106.230682">
        <ele>3541.0</ele>
      </trkpt>
      <trkpt lat="39.467991" lon="-106.231148">
        <ele>3548.0</ele>
      </trkpt>
      <trkpt lat="39.467838" lon="-106.23143">
        <ele>3552.0</ele>
      </trkpt>
      <trkpt lat="39.467808" lon="-106.231735">
        <ele>3555.0</ele>
      </trkpt>
      <trkpt lat="39.467022" lon="-106.232239">
        <ele>3565.0</ele>
      </trkpt>
      <trkpt lat="39.466644" lon="-106.232079">
        <ele>3569.0</ele>
      </trkpt>
      <trkpt lat="39.466469" lon="-106.23188">
        <ele>3569.0</ele>
      </trkpt>
      <trkpt lat="39.464851" lon="-106.231194">
        <ele>3577.0</ele>
      </trkpt>
      <trkpt lat="39.464359" lon="-106.231346">
        <ele>3580.0</ele>
      </trkpt>
      <trkpt lat="39.464142" lon="-106.23127">
        <ele>3577.0</ele>
      </trkpt>
      <trkpt lat="39.46254" lon="-106.231567">
        <ele>3580.0</ele>
      </trkpt>
      <trkpt lat="39.462292" lon="-106.231728">
        <ele>3587.0</ele>
      </trkpt>
      <trkpt lat="39.462315" lon="-106.231445">
        <ele>3584.0</ele>
      </trkpt>
      <trkpt lat="39.461956" lon="-106.230721">
        <ele>3590.0</ele>
      </trkpt>
      <trkpt lat="39.461819" lon="-106.230682">
        <ele>3595.0</ele>
      </trkpt>
      <trkpt lat="39.461933" lon="-106.22998">
        <ele>3586.0</ele>
      </trkpt>
      <trkpt lat="39.462177" lon="-106.229416">
        <ele>3592.0</ele>
      </trkpt>
      <trkpt lat="39.462059" lon="-106.229004">
        <ele>3595.0</ele>
      </trkpt>
      <trkpt lat="39.461502" lon="-106.229271">
        <ele>3605.0</ele>
      </trkpt>
      <trkpt lat="39.4613" lon="-106.229156">
        <ele>3608.0</ele>
      </trkpt>
      <trkpt lat="39.461014" lon="-106.22921">
        <ele>3615.0</ele>
      </trkpt>
      <trkpt lat="39.461105" lon="-106.229813">
        <ele>3619.0</ele>
      </trkpt>
      <trkpt lat="39.460979" lon="-106.230385">
        <ele>3622.0</ele>
      </trkpt>
      <trkpt lat="39.460976" lon="-106.231758">
        <ele>3628.0</ele>
      </trkpt>
      <trkpt lat="39.460728" lon="-106.231148">
        <ele>3632.0</ele>
      </trkpt>
      <trkpt lat="39.460407" lon="-106.230782">
        <ele>3640.0</ele>
      </trkpt>
      <trkpt lat="39.460129" lon="-106.230118">
        <ele>3643.0</ele>
      </trkpt>
      <trkpt lat="39.460083" lon="-106.229645">
        <ele>3641.0</ele>
      </trkpt>
      <trkpt lat="39.459728" lon="-106.229103">
        <ele>3646.0</ele>
      </trkpt>
      <trkpt lat="39.459721" lon="-106.228889">
        <ele>3644.0</ele>
      </trkpt>
      <trkpt lat="39.459499" lon="-106.228447">
        <ele>3649.0</ele>
      </trkpt>
      <trkpt lat="39.458294" lon="-106.228302">
        <ele>3670.0</ele>
      </trkpt>
      <trkpt lat="39.457859" lon="-106.228027">
        <ele>3667.0</ele>
      </trkpt>
      <trkpt lat="39.457466" lon="-106.22821">
        <ele>3668.0</ele>
      </trkpt>
      <trkpt lat="39.456635" lon="-106.229469">
        <ele>3671.0</ele>
      </trkpt>
      <trkpt lat="39.456051" lon="-106.22995">
        <ele>3673.0</ele>
      </trkpt>
      <trkpt lat="39.45575" lon="-106.230042">
        <ele>3675.0</ele>
      </trkpt>
      <trkpt lat="39.455017" lon="-106.229828">
        <ele>3675.0</ele>
      </trkpt>
      <trkpt lat="39.454426" lon="-106.230011">
        <ele>3678.0</ele>
      </trkpt>
      <trkpt lat="39.453915" lon="-106.229851">
        <ele>3674.0</ele>
      </trkpt>
      <trkpt lat="39.4533" lon="-106.229828">
        <ele>3670.0</ele>
      </trkpt>
      <trkpt lat="39.452862" lon="-106.229622">
        <ele>3670.0</ele>
      </trkpt>
      <trkpt lat="39.452" lon="-106.229469">
        <ele>3667.0</ele>
      </trkpt>
      <trkpt lat="39.451069" lon="-106.230133">
        <ele>3677.0</ele>
      </trkpt>
      <trkpt lat="39.449692" lon="-106.230896">
        <ele>3686.0</ele>
      </trkpt>
      <trkpt lat="39.448944" lon="-106.230919">
        <ele>3691.0</ele>
      </trkpt>
      <trkpt lat="39.44865" lon="-106.230667">
        <ele>3692.0</ele>
      </trkpt>
      <trkpt lat="39.448299" lon="-106.22998">
        <ele>3688.0</ele>
      </trkpt>
      <trkpt lat="39.447002" lon="-106.22876">
        <ele>3680.0</ele>
      </trkpt>
      <trkpt lat="39.446114" lon="-106.228165">
        <ele>3671.0</ele>
      </trkpt>
      <trkpt lat="39.445469" lon="-106.227364">
        <ele>3673.0</ele>
      </trkpt>
      <trkpt lat="39.445095" lon="-106.226341">
        <ele>3660.0</ele>
      </trkpt>
      <trkpt lat="39.444851" lon="-106.226379">
        <ele>3661.0</ele>
      </trkpt>
      <trkpt lat="39.444584" lon="-106.226761">
        <ele>3665.0</ele>
      </trkpt>
      <trkpt lat="39.444309" lon="-106.226555">
        <ele>3659.0</ele>
      </trkpt>
      <trkpt lat="39.444168" lon="-106.226166">
        <ele>3655.0</ele>
      </trkpt>
      <trkpt lat="39.443981" lon="-106.226128">
        <ele>3655.0</ele>
      </trkpt>
      <trkpt lat="39.443806" lon="-106.225563">
        <ele>3654.0</ele>
      </trkpt>
      <trkpt lat="39.443741" lon="-106.224548">
        <ele>3648.0</ele>
      </trkpt>
      <trkpt lat="39.443497" lon="-106.224037">
        <ele>3642.0</ele>
      </trkpt>
      <trkpt lat="39.443275" lon="-106.223984">
        <ele>3644.0</ele>
      </trkpt>
      <trkpt lat="39.443283" lon="-106.223518">
        <ele>3637.0</ele>
      </trkpt>
      <trkpt lat="39.44305" lon="-106.223381">
        <ele>3639.0</ele>
      </trkpt>
      <trkpt lat="39.442867" lon="-106.223412">
        <ele>3642.0</ele>
      </trkpt>
      <trkpt lat="39.442947" lon="-106.223198">
        <ele>3637.0</ele>
      </trkpt>
      <trkpt lat="39.442867" lon="-106.223045">
        <ele>3634.0</ele>
      </trkpt>
      <trkpt lat="39.442532" lon="-106.223038">
        <ele>3641.0</ele>
      </trkpt>
      <trkpt lat="39.442238" lon="-106.222519">
        <ele>3648.0</ele>
      </trkpt>
      <trkpt lat="39.442284" lon="-106.221855">
        <ele>3652.0</ele>
      </trkpt>
      <trkpt lat="39.442127" lon="-106.221085">
        <ele>3658.0</ele>
      </trkpt>
      <trkpt lat="39.441948" lon="-106.220673">
        <ele>3658.0</ele>
      </trkpt>
      <trkpt lat="39.441639" lon="-106.220825">
        <ele>3661.0</ele>
      </trkpt>
      <trkpt lat="39.441254" lon="-106.221741">
        <ele>3668.0</ele>
      </trkpt>
      <trkpt lat="39.44096" lon="-106.221771">
        <ele>3670.0</ele>
      </trkpt>
      <trkpt lat="39.440655" lon="-106.221588">
        <ele>3669.0</ele>
      </trkpt>
      <trkpt lat="39.440422" lon="-106.221764">
        <ele>3672.0</ele>
      </trkpt>
      <trkpt lat="39.440216" lon="-106.221489">
        <ele>3669.0</ele>
      </trkpt>
      <trkpt lat="39.439987" lon="-106.221611">
        <ele>3673.0</ele>
      </trkpt>
      <trkpt lat="39.438942" lon="-106.2211">
        <ele>3668.0</ele>
      </trkpt>
      <trkpt lat="39.438782" lon="-106.220848">
        <ele>3663.0</ele>
      </trkpt>
      <trkpt lat="39.438164" lon="-106.22036">
        <ele>3655.0</ele>
      </trkpt>
      <trkpt lat="39.437729" lon="-106.219559">
        <ele>3649.0</ele>
      </trkpt>
      <trkpt lat="39.436562" lon="-106.219589">
        <ele>3658.0</ele>
      </trkpt>
      <trkpt lat="39.436306" lon="-106.219933">
        <ele>3664.0</ele>
      </trkpt>
      <trkpt lat="39.436192" lon="-106.220436">
        <ele>3671.0</ele>
      </trkpt>
      <trkpt lat="39.435978" lon="-106.220726">
        <ele>3676.0</ele>
      </trkpt>
      <trkpt lat="39.435856" lon="-106.220581">
        <ele>3675.0</ele>
      </trkpt>
      <trkpt lat="39.435619" lon="-106.220543">
        <ele>3679.0</ele>
      </trkpt>
      <trkpt lat="39.434273" lon="-106.219116">
        <ele>3692.0</ele>
      </trkpt>
      <trkpt lat="39.434032" lon="-106.21907">
        <ele>3697.0</ele>
      </trkpt>
      <trkpt lat="39.433685" lon="-106.21933">
        <ele>3704.0</ele>
      </trkpt>
      <trkpt lat="39.433487" lon="-106.218292">
        <ele>3703.0</ele>
      </trkpt>
      <trkpt lat="39.432674" lon="-106.216866">
        <ele>3709.0</ele>
      </trkpt>
      <trkpt lat="39.432812" lon="-106.217682">
        <ele>3720.0</ele>
      </trkpt>
      <trkpt lat="39.432926" lon="-106.217865">
        <ele>3719.0</ele>
      </trkpt>
      <trkpt lat="39.432865" lon="-106.218254">
        <ele>3727.0</ele>
      </trkpt>
      <trkpt lat="39.432919" lon="-106.21875">
        <ele>3729.0</ele>
      </trkpt>
      <trkpt lat="39.432411" lon="-106.217735">
        <ele>3730.0</ele>
      </trkpt>
      <trkpt lat="39.432365" lon="-106.2183">
        <ele>3740.0</ele>
      </trkpt>
      <trkpt lat="39.432186" lon="-106.218513">
        <ele>3743.0</ele>
      </trkpt>
      <trkpt lat="39.43195" lon="-106.219276">
        <ele>3743.0</ele>
      </trkpt>
      <trkpt lat="39.431629" lon="-106.219772">
        <ele>3736.0</ele>
      </trkpt>
      <trkpt lat="39.431324" lon="-106.220604">
        <ele>3733.0</ele>
      </trkpt>
      <trkpt lat="39.430828" lon="-106.222527">
        <ele>3718.0</ele>
      </trkpt>
      <trkpt lat="39.429707" lon="-106.224388">
        <ele>3692.0</ele>
      </trkpt>
      <trkpt lat="39.429207" lon="-106.225731">
        <ele>3676.0</ele>
      </trkpt>
      <trkpt lat="39.428993" lon="-106.226654">
        <ele>3669.0</ele>
      </trkpt>
      <trkpt lat="39.428768" lon="-106.226944">
        <ele>3665.0</ele>
      </trkpt>
      <trkpt lat="39.429081" lon="-106.227333">
        <ele>3660.0</ele>
      </trkpt>
      <trkpt lat="39.429756" lon="-106.227455">
        <ele>3649.0</ele>
      </trkpt>
      <trkpt lat="39.431362" lon="-106.228333">
        <ele>3622.0</ele>
      </trkpt>
      <trkpt lat="39.431534" lon="-106.22863">
        <ele>3617.0</ele>
      </trkpt>
      <trkpt lat="39.431725" lon="-106.22937">
        <ele>3609.0</ele>
      </trkpt>
      <trkpt lat="39.432034" lon="-106.229729">
        <ele>3605.0</ele>
      </trkpt>
      <trkpt lat="39.432514" lon="-106.229752">
        <ele>3608.0</ele>
      </trkpt>
      <trkpt lat="39.432556" lon="-106.230225">
        <ele>3601.0</ele>
      </trkpt>
      <trkpt lat="39.432808" lon="-106.230614">
        <ele>3597.0</ele>
      </trkpt>
      <trkpt lat="39.433334" lon="-106.23111">
        <ele>3589.0</ele>
      </trkpt>
      <trkpt lat="39.43417" lon="-106.231438">
        <ele>3582.0</ele>
      </trkpt>
      <trkpt lat="39.434486" lon="-106.232071">
        <ele>3575.0</ele>
      </trkpt>
      <trkpt lat="39.434727" lon="-106.233109">
        <ele>3562.0</ele>
      </trkpt>
      <trkpt lat="39.435059" lon="-106.232979">
        <ele>3562.0</ele>
      </trkpt>
      <trkpt lat="39.435516" lon="-106.233818">
        <ele>3559.0</ele>
      </trkpt>
      <trkpt lat="39.435726" lon="-106.234764">
        <ele>3562.0</ele>
      </trkpt>
      <trkpt lat="39.435776" lon="-106.235504">
        <ele>3559.0</ele>
      </trkpt>
      <trkpt lat="39.435608" lon="-106.237358">
        <ele>3539.0</ele>
      </trkpt>
      <trkpt lat="39.435345" lon="-106.238121">
        <ele>3530.0</ele>
      </trkpt>
      <trkpt lat="39.435184" lon="-106.237465">
        <ele>3522.0</ele>
      </trkpt>
      <trkpt lat="39.434734" lon="-106.236557">
        <ele>3510.0</ele>
      </trkpt>
      <trkpt lat="39.434753" lon="-106.236725">
        <ele>3510.0</ele>
      </trkpt>
      <trkpt lat="39.434525" lon="-106.237267">
        <ele>3503.0</ele>
      </trkpt>
      <trkpt lat="39.434525" lon="-106.238213">
        <ele>3501.0</ele>
      </trkpt>
      <trkpt lat="39.434341" lon="-106.238571">
        <ele>3495.0</ele>
      </trkpt>
      <trkpt lat="39.43428" lon="-106.239304">
        <ele>3493.0</ele>
      </trkpt>
      <trkpt lat="39.43417" lon="-106.23938">
        <ele>3488.0</ele>
      </trkpt>
      <trkpt lat="39.433819" lon="-106.238411">
        <ele>3477.0</ele>
      </trkpt>
      <trkpt lat="39.433456" lon="-106.238861">
        <ele>3466.0</ele>
      </trkpt>
      <trkpt lat="39.43343" lon="-106.239616">
        <ele>3463.0</ele>
      </trkpt>
      <trkpt lat="39.432869" lon="-106.241768">
        <ele>3430.0</ele>
      </trkpt>
      <trkpt lat="39.432846" lon="-106.242264">
        <ele>3423.0</ele>
      </trkpt>
      <trkpt lat="39.432751" lon="-106.242409">
        <ele>3417.0</ele>
      </trkpt>
      <trkpt lat="39.432819" lon="-106.242882">
        <ele>3412.0</ele>
      </trkpt>
      <trkpt lat="39.432693" lon="-106.243355">
        <ele>3400.0</ele>
      </trkpt>
      <trkpt lat="39.432709" lon="-106.243736">
        <ele>3395.0</ele>
      </trkpt>
      <trkpt lat="39.432468" lon="-106.244934">
        <ele>3376.0</ele>
      </trkpt>
      <trkpt lat="39.43264" lon="-106.245811">
        <ele>3368.0</ele>
      </trkpt>
      <trkpt lat="39.432579" lon="-106.246384">
        <ele>3360.0</ele>
      </trkpt>
      <trkpt lat="39.432777" lon="-106.247482">
        <ele>3356.0</ele>
      </trkpt>
      <trkpt lat="39.432671" lon="-106.247726">
        <ele>3351.0</ele>
      </trkpt>
      <trkpt lat="39.432705" lon="-106.248093">
        <ele>3349.0</ele>
      </trkpt>
      <trkpt lat="39.432999" lon="-106.248444">
        <ele>3354.0</ele>
      </trkpt>
      <trkpt lat="39.432823" lon="-106.248711">
        <ele>3348.0</ele>
      </trkpt>
      <trkpt lat="39.432537" lon="-106.248863">
        <ele>3342.0</ele>
      </trkpt>
      <trkpt lat="39.432388" lon="-106.249367">
        <ele>3335.0</ele>
      </trkpt>
      <trkpt lat="39.432358" lon="-106.250008">
        <ele>3328.0</ele>
      </trkpt>
      <trkpt lat="39.432529" lon="-106.250984">
        <ele>3328.0</ele>
      </trkpt>
      <trkpt lat="39.432281" lon="-106.251968">
        <ele>3321.0</ele>
      </trkpt>
      <trkpt lat="39.432381" lon="-106.253403">
        <ele>3316.0</ele>
      </trkpt>
      <trkpt lat="39.432339" lon="-106.25528">
        <ele>3305.0</ele>
      </trkpt>
      <trkpt lat="39.432026" lon="-106.256905">
        <ele>3285.0</ele>
      </trkpt>
      <trkpt lat="39.432079" lon="-106.257599">
        <ele>3287.0</ele>
      </trkpt>
      <trkpt lat="39.431835" lon="-106.258492">
        <ele>3283.0</ele>
      </trkpt>
      <trkpt lat="39.43166" lon="-106.258705">
        <ele>3279.0</ele>
      </trkpt>
      <trkpt lat="39.43132" lon="-106.258774">
        <ele>3271.0</ele>
      </trkpt>
      <trkpt lat="39.431267" lon="-106.259468">
        <ele>3271.0</ele>
      </trkpt>
      <trkpt lat="39.431141" lon="-106.25972">
        <ele>3267.0</ele>
      </trkpt>
      <trkpt lat="39.431099" lon="-106.260254">
        <ele>3268.0</ele>
      </trkpt>
      <trkpt lat="39.430996" lon="-106.260391">
        <ele>3265.0</ele>
      </trkpt>
      <trkpt lat="39.430984" lon="-106.260658">
        <ele>3263.0</ele>
      </trkpt>
      <trkpt lat="39.430664" lon="-106.260834">
        <ele>3251.0</ele>
      </trkpt>
      <trkpt lat="39.430862" lon="-106.261223">
        <ele>3256.0</ele>
      </trkpt>
      <trkpt lat="39.430767" lon="-106.26194">
        <ele>3254.0</ele>
      </trkpt>
      <trkpt lat="39.430832" lon="-106.262489">
        <ele>3256.0</ele>
      </trkpt>
      <trkpt lat="39.430752" lon="-106.263397">
        <ele>3253.0</ele>
      </trkpt>
      <trkpt lat="39.430462" lon="-106.263817">
        <ele>3241.0</ele>
      </trkpt>
      <trkpt lat="39.430222" lon="-106.263954">
        <ele>3232.0</ele>
      </trkpt>
      <trkpt lat="39.430706" lon="-106.265884">
        <ele>3225.0</ele>
      </trkpt>
      <trkpt lat="39.431" lon="-106.26651">
        <ele>3226.0</ele>
      </trkpt>
      <trkpt lat="39.430992" lon="-106.266693">
        <ele>3223.0</ele>
      </trkpt>
      <trkpt lat="39.430157" lon="-106.267899">
        <ele>3219.0</ele>
      </trkpt>
      <trkpt lat="39.429859" lon="-106.267906">
        <ele>3207.0</ele>
      </trkpt>
      <trkpt lat="39.429684" lon="-106.26815">
        <ele>3206.0</ele>
      </trkpt>
      <trkpt lat="39.429417" lon="-106.268295">
        <ele>3197.0</ele>
      </trkpt>
      <trkpt lat="39.429535" lon="-106.269974">
        <ele>3189.0</ele>
      </trkpt>
      <trkpt lat="39.429314" lon="-106.270096">
        <ele>3188.0</ele>
      </trkpt>
      <trkpt lat="39.428772" lon="-106.270882">
        <ele>3188.0</ele>
      </trkpt>
      <trkpt lat="39.427258" lon="-106.271317">
        <ele>3169.0</ele>
      </trkpt>
      <trkpt lat="39.426506" lon="-106.271149">
        <ele>3150.0</ele>
      </trkpt>
      <trkpt lat="39.426407" lon="-106.271416">
        <ele>3151.0</ele>
      </trkpt>
      <trkpt lat="39.425743" lon="-106.271431">
        <ele>3133.0</ele>
      </trkpt>
      <trkpt lat="39.425686" lon="-106.271721">
        <ele>3128.0</ele>
      </trkpt>
      <trkpt lat="39.425541" lon="-106.271843">
        <ele>3121.0</ele>
      </trkpt>
      <trkpt lat="39.42556" lon="-106.271278">
        <ele>3127.0</ele>
      </trkpt>
      <trkpt lat="39.425377" lon="-106.271957">
        <ele>3115.0</ele>
      </trkpt>
      <trkpt lat="39.425316" lon="-106.271919">
        <ele>3114.0</ele>
      </trkpt>
      <trkpt lat="39.425396" lon="-106.271164">
        <ele>3118.0</ele>
      </trkpt>
      <trkpt lat="39.426373" lon="-106.269966">
        <ele>3098.0</ele>
      </trkpt>
      <trkpt lat="39.426216" lon="-106.26989">
        <ele>3092.0</ele>
      </trkpt>
      <trkpt lat="39.426113" lon="-106.269646">
        <ele>3086.0</ele>
      </trkpt>
      <trkpt lat="39.424446" lon="-106.269577">
        <ele>3067.0</ele>
      </trkpt>
      <trkpt lat="39.42411" lon="-106.269371">
        <ele>3068.0</ele>
      </trkpt>
      <trkpt lat="39.423775" lon="-106.268959">
        <ele>3067.0</ele>
      </trkpt>
      <trkpt lat="39.422756" lon="-106.268845">
        <ele>3061.0</ele>
      </trkpt>
      <trkpt lat="39.422302" lon="-106.268463">
        <ele>3053.0</ele>
      </trkpt>
      <trkpt lat="39.421837" lon="-106.268372">
        <ele>3037.0</ele>
      </trkpt>
      <trkpt lat="39.421391" lon="-106.268135">
        <ele>3029.0</ele>
      </trkpt>
      <trkpt lat="39.420223" lon="-106.268951">
        <ele>3000.0</ele>
      </trkpt>
      <trkpt lat="39.42028" lon="-106.269196">
        <ele>2993.0</ele>
      </trkpt>
      <trkpt lat="39.421158" lon="-106.269829">
        <ele>2985.0</ele>
      </trkpt>
      <trkpt lat="39.421917" lon="-106.271172">
        <ele>2956.0</ele>
      </trkpt>
      <trkpt lat="39.422001" lon="-106.271515">
        <ele>2950.0</ele>
      </trkpt>
      <trkpt lat="39.421947" lon="-106.271599">
        <ele>2947.0</ele>
      </trkpt>
      <trkpt lat="39.422199" lon="-106.271446">
        <ele>2958.0</ele>
      </trkpt>
      <trkpt lat="39.422543" lon="-106.27179">
        <ele>2955.0</ele>
      </trkpt>
      <trkpt lat="39.422733" lon="-106.271759">
        <ele>2965.0</ele>
      </trkpt>
      <trkpt lat="39.422626" lon="-106.272331">
        <ele>2954.0</ele>
      </trkpt>
      <trkpt lat="39.422585" lon="-106.273659">
        <ele>2941.0</ele>
      </trkpt>
      <trkpt lat="39.422657" lon="-106.273949">
        <ele>2940.0</ele>
      </trkpt>
      <trkpt lat="39.422592" lon="-106.275391">
        <ele>2916.0</ele>
      </trkpt>
      <trkpt lat="39.422718" lon="-106.275963">
        <ele>2913.0</ele>
      </trkpt>
      <trkpt lat="39.422894" lon="-106.279091">
        <ele>2901.0</ele>
      </trkpt>
      <trkpt lat="39.422779" lon="-106.279945">
        <ele>2899.0</ele>
      </trkpt>
      <trkpt lat="39.422924" lon="-106.280579">
        <ele>2896.0</ele>
      </trkpt>
      <trkpt lat="39.422806" lon="-106.281212">
        <ele>2893.0</ele>
      </trkpt>
      <trkpt lat="39.422184" lon="-106.282097">
        <ele>2894.0</ele>
      </trkpt>
      <trkpt lat="39.42173" lon="-106.283287">
        <ele>2889.0</ele>
      </trkpt>
      <trkpt lat="39.421368" lon="-106.284607">
        <ele>2880.0</ele>
      </trkpt>
      <trkpt lat="39.421494" lon="-106.285202">
        <ele>2885.0</ele>
      </trkpt>
      <trkpt lat="39.421474" lon="-106.285789">
        <ele>2881.0</ele>
      </trkpt>
      <trkpt lat="39.421993" lon="-106.288208">
        <ele>2871.0</ele>
      </trkpt>
      <trkpt lat="39.422081" lon="-106.288223">
        <ele>2874.0</ele>
      </trkpt>
      <trkpt lat="39.422745" lon="-106.289436">
        <ele>2867.0</ele>
      </trkpt>
      <trkpt lat="39.423195" lon="-106.290688">
        <ele>2866.0</ele>
      </trkpt>
      <trkpt lat="39.423462" lon="-106.291939">
        <ele>2871.0</ele>
      </trkpt>
      <trkpt lat="39.423481" lon="-106.294106">
        <ele>2866.0</ele>
      </trkpt>
      <trkpt lat="39.423615" lon="-106.295502">
        <ele>2858.0</ele>
      </trkpt>
      <trkpt lat="39.423832" lon="-106.29631">
        <ele>2859.0</ele>
      </trkpt>
      <trkpt lat="39.424202" lon="-106.2967">
        <ele>2865.0</ele>
      </trkpt>
      <trkpt lat="39.424446" lon="-106.297218">
        <ele>2858.0</ele>
      </trkpt>
      <trkpt lat="39.424442" lon="-106.297592">
        <ele>2856.0</ele>
      </trkpt>
      <trkpt lat="39.424648" lon="-106.298439">
        <ele>2858.0</ele>
      </trkpt>
      <trkpt lat="39.423996" lon="-106.298775">
        <ele>2852.0</ele>
      </trkpt>
      <trkpt lat="39.424385" lon="-106.301132">
        <ele>2849.0</ele>
      </trkpt>
      <trkpt lat="39.42004" lon="-106.302231">
        <ele>2843.0</ele>
      </trkpt>
      <trkpt lat="39.419712" lon="-106.302498">
        <ele>2842.4</ele>
      </trkpt>
      <trkpt lat="39.419769" lon="-106.302376">
        <ele>2842.3</ele>
      </trkpt>
      <trkpt lat="39.419533" lon="-106.302437">
        <ele>2842.0</ele>
      </trkpt>
      <trkpt lat="39.419117" lon="-106.302826">
        <ele>2842.0</ele>
      </trkpt>
      <trkpt lat="39.41885" lon="-106.303452">
        <ele>2843.0</ele>
      </trkpt>
      <trkpt lat="39.41853" lon="-106.302803">
        <ele>2850.0</ele>
      </trkpt>
      <trkpt lat="39.418636" lon="-106.303886">
        <ele>2852.0</ele>
      </trkpt>
      <trkpt lat="39.418499" lon="-106.304497">
        <ele>2859.0</ele>
      </trkpt>
      <trkpt lat="39.418354" lon="-106.304695">
        <ele>2863.0</ele>
      </trkpt>
      <trkpt lat="39.418301" lon="-106.305107">
        <ele>2863.0</ele>
      </trkpt>
      <trkpt lat="39.418114" lon="-106.305458">
        <ele>2865.0</ele>
      </trkpt>
      <trkpt lat="39.418091" lon="-106.305748">
        <ele>2864.0</ele>
      </trkpt>
      <trkpt lat="39.417625" lon="-106.307076">
        <ele>2879.0</ele>
      </trkpt>
      <trkpt lat="39.417568" lon="-106.308197">
        <ele>2888.0</ele>
      </trkpt>
      <trkpt lat="39.417282" lon="-106.309013">
        <ele>2897.0</ele>
      </trkpt>
      <trkpt lat="39.416622" lon="-106.309982">
        <ele>2902.0</ele>
      </trkpt>
      <trkpt lat="39.416325" lon="-106.310608">
        <ele>2906.0</ele>
      </trkpt>
      <trkpt lat="39.416245" lon="-106.31102">
        <ele>2903.0</ele>
      </trkpt>
      <trkpt lat="39.415466" lon="-106.312332">
        <ele>2920.0</ele>
      </trkpt>
      <trkpt lat="39.415344" lon="-106.312706">
        <ele>2919.0</ele>
      </trkpt>
      <trkpt lat="39.415085" lon="-106.313026">
        <ele>2920.0</ele>
      </trkpt>
      <trkpt lat="39.414261" lon="-106.313599">
        <ele>2932.0</ele>
      </trkpt>
      <trkpt lat="39.413872" lon="-106.314255">
        <ele>2936.0</ele>
      </trkpt>
      <trkpt lat="39.413277" lon="-106.314415">
        <ele>2943.0</ele>
      </trkpt>
      <trkpt lat="39.413109" lon="-106.314331">
        <ele>2945.0</ele>
      </trkpt>
      <trkpt lat="39.4132" lon="-106.314034">
        <ele>2948.0</ele>
      </trkpt>
      <trkpt lat="39.412952" lon="-106.314079">
        <ele>2950.0</ele>
      </trkpt>
      <trkpt lat="39.412159" lon="-106.313728">
        <ele>2959.0</ele>
      </trkpt>
      <trkpt lat="39.411194" lon="-106.313599">
        <ele>2963.0</ele>
      </trkpt>
      <trkpt lat="39.410957" lon="-106.31369">
        <ele>2964.0</ele>
      </trkpt>
      <trkpt lat="39.410698" lon="-106.313606">
        <ele>2972.0</ele>
      </trkpt>
      <trkpt lat="39.410568" lon="-106.31385">
        <ele>2970.0</ele>
      </trkpt>
      <trkpt lat="39.409985" lon="-106.314163">
        <ele>2979.0</ele>
      </trkpt>
      <trkpt lat="39.409355" lon="-106.314789">
        <ele>2978.0</ele>
      </trkpt>
      <trkpt lat="39.409325" lon="-106.314987">
        <ele>2974.0</ele>
      </trkpt>
      <trkpt lat="39.408806" lon="-106.315063">
        <ele>2978.0</ele>
      </trkpt>
      <trkpt lat="39.407803" lon="-106.315712">
        <ele>2983.0</ele>
      </trkpt>
      <trkpt lat="39.405952" lon="-106.315948">
        <ele>2988.0</ele>
      </trkpt>
      <trkpt lat="39.405502" lon="-106.316139">
        <ele>2982.0</ele>
      </trkpt>
      <trkpt lat="39.40424" lon="-106.316269">
        <ele>2986.0</ele>
      </trkpt>
      <trkpt lat="39.403984" lon="-106.3162">
        <ele>2988.0</ele>
      </trkpt>
      <trkpt lat="39.403446" lon="-106.316292">
        <ele>2991.0</ele>
      </trkpt>
      <trkpt lat="39.403492" lon="-106.316177">
        <ele>2993.0</ele>
      </trkpt>
      <trkpt lat="39.403206" lon="-106.31604">
        <ele>3000.0</ele>
      </trkpt>
      <trkpt lat="39.403313" lon="-106.315636">
        <ele>3006.0</ele>
      </trkpt>
      <trkpt lat="39.403183" lon="-106.315277">
        <ele>3015.0</ele>
      </trkpt>
      <trkpt lat="39.403049" lon="-106.315193">
        <ele>3018.0</ele>
      </trkpt>
      <trkpt lat="39.402676" lon="-106.315636">
        <ele>3013.0</ele>
      </trkpt>
      <trkpt lat="39.402401" lon="-106.315781">
        <ele>3011.0</ele>
      </trkpt>
      <trkpt lat="39.401527" lon="-106.315765">
        <ele>3006.0</ele>
      </trkpt>
      <trkpt lat="39.401516" lon="-106.315353">
        <ele>3010.0</ele>
      </trkpt>
      <trkpt lat="39.401031" lon="-106.315384">
        <ele>3009.0</ele>
      </trkpt>
      <trkpt lat="39.400814" lon="-106.316177">
        <ele>3002.0</ele>
      </trkpt>
      <trkpt lat="39.40033" lon="-106.316391">
        <ele>3006.0</ele>
      </trkpt>
      <trkpt lat="39.400066" lon="-106.316788">
        <ele>3003.0</ele>
      </trkpt>
      <trkpt lat="39.399635" lon="-106.316933">
        <ele>3005.0</ele>
      </trkpt>
      <trkpt lat="39.399277" lon="-106.316803">
        <ele>3009.0</ele>
      </trkpt>
      <trkpt lat="39.398102" lon="-106.316841">
        <ele>3014.0</ele>
      </trkpt>
      <trkpt lat="39.397087" lon="-106.316711">
        <ele>3019.0</ele>
      </trkpt>
      <trkpt lat="39.395584" lon="-106.316826">
        <ele>3031.0</ele>
      </trkpt>
      <trkpt lat="39.395374" lon="-106.316452">
        <ele>3035.0</ele>
      </trkpt>
      <trkpt lat="39.395241" lon="-106.315323">
        <ele>3039.0</ele>
      </trkpt>
      <trkpt lat="39.395103" lon="-106.314987">
        <ele>3039.0</ele>
      </trkpt>
      <trkpt lat="39.395004" lon="-106.315056">
        <ele>3035.0</ele>
      </trkpt>
      <trkpt lat="39.394848" lon="-106.314964">
        <ele>3034.0</ele>
      </trkpt>
      <trkpt lat="39.394577" lon="-106.315163">
        <ele>3032.0</ele>
      </trkpt>
      <trkpt lat="39.393822" lon="-106.315109">
        <ele>3038.0</ele>
      </trkpt>
      <trkpt lat="39.393414" lon="-106.315201">
        <ele>3041.0</ele>
      </trkpt>
      <trkpt lat="39.392971" lon="-106.315636">
        <ele>3045.0</ele>
      </trkpt>
      <trkpt lat="39.392857" lon="-106.316025">
        <ele>3045.0</ele>
      </trkpt>
      <trkpt lat="39.392128" lon="-106.31665">
        <ele>3060.0</ele>
      </trkpt>
      <trkpt lat="39.391254" lon="-106.316994">
        <ele>3067.0</ele>
      </trkpt>
      <trkpt lat="39.390137" lon="-106.316711">
        <ele>3056.0</ele>
      </trkpt>
      <trkpt lat="39.389366" lon="-106.316772">
        <ele>3047.0</ele>
      </trkpt>
      <trkpt lat="39.388969" lon="-106.316994">
        <ele>3042.0</ele>
      </trkpt>
      <trkpt lat="39.389053" lon="-106.317078">
        <ele>3040.0</ele>
      </trkpt>
      <trkpt lat="39.388981" lon="-106.317398">
        <ele>3038.0</ele>
      </trkpt>
      <trkpt lat="39.388657" lon="-106.317459">
        <ele>3034.0</ele>
      </trkpt>
      <trkpt lat="39.388287" lon="-106.317307">
        <ele>3033.0</ele>
      </trkpt>
      <trkpt lat="39.388107" lon="-106.317459">
        <ele>3029.0</ele>
      </trkpt>
      <trkpt lat="39.387871" lon="-106.319511">
        <ele>3029.0</ele>
      </trkpt>
      <trkpt lat="39.388008" lon="-106.319633">
        <ele>3029.0</ele>
      </trkpt>
      <trkpt lat="39.387959" lon="-106.319687">
        <ele>3031.0</ele>
      </trkpt>
      <trkpt lat="39.388412" lon="-106.320198">
        <ele>3031.0</ele>
      </trkpt>
      <trkpt lat="39.388908" lon="-106.320358">
        <ele>3027.0</ele>
      </trkpt>
      <trkpt lat="39.388981" lon="-106.320488">
        <ele>3027.0</ele>
      </trkpt>
      <trkpt lat="39.38842" lon="-106.321281">
        <ele>3023.0</ele>
      </trkpt>
      <trkpt lat="39.387871" lon="-106.32151">
        <ele>3023.0</ele>
      </trkpt>
      <trkpt lat="39.386166" lon="-106.321884">
        <ele>3027.0</ele>
      </trkpt>
      <trkpt lat="39.385651" lon="-106.322365">
        <ele>3029.0</ele>
      </trkpt>
      <trkpt lat="39.385365" lon="-106.323006">
        <ele>3028.0</ele>
      </trkpt>
      <trkpt lat="39.384789" lon="-106.323586">
        <ele>3030.0</ele>
      </trkpt>
      <trkpt lat="39.38435" lon="-106.324303">
        <ele>3031.0</ele>
      </trkpt>
      <trkpt lat="39.384068" lon="-106.324432">
        <ele>3033.0</ele>
      </trkpt>
      <trkpt lat="39.383911" lon="-106.324722">
        <ele>3032.0</ele>
      </trkpt>
      <trkpt lat="39.383209" lon="-106.325111">
        <ele>3036.0</ele>
      </trkpt>
      <trkpt lat="39.382896" lon="-106.325096">
        <ele>3038.0</ele>
      </trkpt>
      <trkpt lat="39.38279" lon="-106.325546">
        <ele>3037.0</ele>
      </trkpt>
      <trkpt lat="39.382668" lon="-106.32563">
        <ele>3038.0</ele>
      </trkpt>
      <trkpt lat="39.38242" lon="-106.32692">
        <ele>3034.0</ele>
      </trkpt>
      <trkpt lat="39.381947" lon="-106.327827">
        <ele>3036.0</ele>
      </trkpt>
      <trkpt lat="39.381569" lon="-106.329002">
        <ele>3037.0</ele>
      </trkpt>
      <trkpt lat="39.381577" lon="-106.329613">
        <ele>3036.0</ele>
      </trkpt>
      <trkpt lat="39.381153" lon="-106.330643">
        <ele>3041.0</ele>
      </trkpt>
      <trkpt lat="39.38047" lon="-106.331001">
        <ele>3048.0</ele>
      </trkpt>
      <trkpt lat="39.38018" lon="-106.331436">
        <ele>3050.0</ele>
      </trkpt>
      <trkpt lat="39.379734" lon="-106.331657">
        <ele>3055.0</ele>
      </trkpt>
      <trkpt lat="39.379055" lon="-106.331703">
        <ele>3064.0</ele>
      </trkpt>
      <trkpt lat="39.379364" lon="-106.331093">
        <ele>3066.0</ele>
      </trkpt>
      <trkpt lat="39.379353" lon="-106.330421">
        <ele>3074.0</ele>
      </trkpt>
      <trkpt lat="39.379261" lon="-106.330147">
        <ele>3078.0</ele>
      </trkpt>
      <trkpt lat="39.379211" lon="-106.329086">
        <ele>3088.0</ele>
      </trkpt>
      <trkpt lat="39.379349" lon="-106.328072">
        <ele>3095.0</ele>
      </trkpt>
      <trkpt lat="39.379269" lon="-106.328041">
        <ele>3098.0</ele>
      </trkpt>
      <trkpt lat="39.379761" lon="-106.326591">
        <ele>3099.0</ele>
      </trkpt>
      <trkpt lat="39.379902" lon="-106.325462">
        <ele>3106.0</ele>
      </trkpt>
      <trkpt lat="39.379555" lon="-106.324745">
        <ele>3108.0</ele>
      </trkpt>
      <trkpt lat="39.378681" lon="-106.324097">
        <ele>3109.0</ele>
      </trkpt>
      <trkpt lat="39.377705" lon="-106.322662">
        <ele>3113.0</ele>
      </trkpt>
      <trkpt lat="39.375584" lon="-106.321678">
        <ele>3121.0</ele>
      </trkpt>
      <trkpt lat="39.373787" lon="-106.321358">
        <ele>3126.0</ele>
      </trkpt>
      <trkpt lat="39.373219" lon="-106.321503">
        <ele>3130.0</ele>
      </trkpt>
      <trkpt lat="39.371235" lon="-106.321381">
        <ele>3134.0</ele>
      </trkpt>
      <trkpt lat="39.370377" lon="-106.321617">
        <ele>3136.0</ele>
      </trkpt>
      <trkpt lat="39.370159" lon="-106.321793">
        <ele>3138.0</ele>
      </trkpt>
      <trkpt lat="39.370022" lon="-106.322105">
        <ele>3140.0</ele>
      </trkpt>
      <trkpt lat="39.369846" lon="-106.322113">
        <ele>3139.0</ele>
      </trkpt>
      <trkpt lat="39.367878" lon="-106.323799">
        <ele>3146.0</ele>
      </trkpt>
      <trkpt lat="39.367451" lon="-106.323906">
        <ele>3147.0</ele>
      </trkpt>
      <trkpt lat="39.366764" lon="-106.323723">
        <ele>3149.0</ele>
      </trkpt>
      <trkpt lat="39.366146" lon="-106.323082">
        <ele>3152.0</ele>
      </trkpt>
      <trkpt lat="39.365925" lon="-106.322578">
        <ele>3153.0</ele>
      </trkpt>
      <trkpt lat="39.365845" lon="-106.322128">
        <ele>3154.0</ele>
      </trkpt>
      <trkpt lat="39.365883" lon="-106.321365">
        <ele>3154.0</ele>
      </trkpt>
      <trkpt lat="39.366142" lon="-106.320175">
        <ele>3158.0</ele>
      </trkpt>
      <trkpt lat="39.366104" lon="-106.31987">
        <ele>3161.0</ele>
      </trkpt>
      <trkpt lat="39.36586" lon="-106.319603">
        <ele>3163.0</ele>
      </trkpt>
      <trkpt lat="39.3657" lon="-106.319054">
        <ele>3162.0</ele>
      </trkpt>
      <trkpt lat="39.364838" lon="-106.31813">
        <ele>3164.0</ele>
      </trkpt>
      <trkpt lat="39.364494" lon="-106.317154">
        <ele>3167.0</ele>
      </trkpt>
      <trkpt lat="39.364231" lon="-106.315086">
        <ele>3172.0</ele>
      </trkpt>
      <trkpt lat="39.363544" lon="-106.312294">
        <ele>3177.0</ele>
      </trkpt>
      <trkpt lat="39.362881" lon="-106.311432">
        <ele>3178.0</ele>
      </trkpt>
      <trkpt lat="39.362221" lon="-106.311066">
        <ele>3178.0</ele>
      </trkpt>
      <trkpt lat="39.362011" lon="-106.30883">
        <ele>3193.0</ele>
      </trkpt>
      <trkpt lat="39.361168" lon="-106.304901">
        <ele>3212.0</ele>
      </trkpt>
      <trkpt lat="39.361092" lon="-106.303627">
        <ele>3218.0</ele>
      </trkpt>
      <trkpt lat="39.360847" lon="-106.303001">
        <ele>3216.0</ele>
      </trkpt>
      <trkpt lat="39.360573" lon="-106.302605">
        <ele>3216.0</ele>
      </trkpt>
      <trkpt lat="39.359901" lon="-106.302338">
        <ele>3218.0</ele>
      </trkpt>
      <trkpt lat="39.359005" lon="-106.302368">
        <ele>3220.0</ele>
      </trkpt>
      <trkpt lat="39.358398" lon="-106.302727">
        <ele>3218.0</ele>
      </trkpt>
      <trkpt lat="39.358112" lon="-106.302742">
        <ele>3218.0</ele>
      </trkpt>
      <trkpt lat="39.357891" lon="-106.303253">
        <ele>3213.0</ele>
      </trkpt>
      <trkpt lat="39.357025" lon="-106.304199">
        <ele>3207.0</ele>
      </trkpt>
      <trkpt lat="39.356747" lon="-106.304306">
        <ele>3208.0</ele>
      </trkpt>
      <trkpt lat="39.354393" lon="-106.303909">
        <ele>3227.0</ele>
      </trkpt>
      <trkpt lat="39.352451" lon="-106.303078">
        <ele>3240.0</ele>
      </trkpt>
      <trkpt lat="39.351898" lon="-106.302521">
        <ele>3249.0</ele>
      </trkpt>
      <trkpt lat="39.35154" lon="-106.302437">
        <ele>3250.0</ele>
      </trkpt>
      <trkpt lat="39.349983" lon="-106.30024">
        <ele>3270.0</ele>
      </trkpt>
      <trkpt lat="39.349731" lon="-106.300034">
        <ele>3272.0</ele>
      </trkpt>
      <trkpt lat="39.346947" lon="-106.298904">
        <ele>3285.0</ele>
      </trkpt>
      <trkpt lat="39.346634" lon="-106.298599">
        <ele>3289.0</ele>
      </trkpt>
      <trkpt lat="39.346195" lon="-106.298424">
        <ele>3291.0</ele>
      </trkpt>
      <trkpt lat="39.345276" lon="-106.297722">
        <ele>3295.0</ele>
      </trkpt>
      <trkpt lat="39.344311" lon="-106.297348">
        <ele>3294.0</ele>
      </trkpt>
      <trkpt lat="39.343578" lon="-106.296715">
        <ele>3294.0</ele>
      </trkpt>
      <trkpt lat="39.341949" lon="-106.293503">
        <ele>3298.0</ele>
      </trkpt>
      <trkpt lat="39.341095" lon="-106.291306">
        <ele>3296.0</ele>
      </trkpt>
      <trkpt lat="39.340633" lon="-106.290543">
        <ele>3295.0</ele>
      </trkpt>
      <trkpt lat="39.34053" lon="-106.288536">
        <ele>3293.0</ele>
      </trkpt>
      <trkpt lat="39.340652" lon="-106.286842">
        <ele>3296.0</ele>
      </trkpt>
      <trkpt lat="39.340519" lon="-106.28643">
        <ele>3293.0</ele>
      </trkpt>
      <trkpt lat="39.340332" lon="-106.28389">
        <ele>3296.0</ele>
      </trkpt>
      <trkpt lat="39.339985" lon="-106.283188">
        <ele>3290.0</ele>
      </trkpt>
      <trkpt lat="39.339725" lon="-106.282211">
        <ele>3287.0</ele>
      </trkpt>
      <trkpt lat="39.339542" lon="-106.2808">
        <ele>3286.0</ele>
      </trkpt>
      <trkpt lat="39.339626" lon="-106.280342">
        <ele>3283.0</ele>
      </trkpt>
      <trkpt lat="39.33987" lon="-106.2798">
        <ele>3282.0</ele>
      </trkpt>
      <trkpt lat="39.339809" lon="-106.27964">
        <ele>3283.0</ele>
      </trkpt>
      <trkpt lat="39.338623" lon="-106.279404">
        <ele>3287.0</ele>
      </trkpt>
      <trkpt lat="39.337967" lon="-106.279152">
        <ele>3292.0</ele>
      </trkpt>
      <trkpt lat="39.337811" lon="-106.279236">
        <ele>3292.0</ele>
      </trkpt>
      <trkpt lat="39.338268" lon="-106.280251">
        <ele>3284.0</ele>
      </trkpt>
      <trkpt lat="39.338001" lon="-106.280525">
        <ele>3291.0</ele>
      </trkpt>
      <trkpt lat="39.337769" lon="-106.281418">
        <ele>3294.0</ele>
      </trkpt>
      <trkpt lat="39.337723" lon="-106.282005">
        <ele>3295.0</ele>
      </trkpt>
      <trkpt lat="39.337818" lon="-106.283028">
        <ele>3290.0</ele>
      </trkpt>
      <trkpt lat="39.338348" lon="-106.285385">
        <ele>3266.0</ele>
      </trkpt>
      <trkpt lat="39.338955" lon="-106.291283">
        <ele>3227.0</ele>
      </trkpt>
      <trkpt lat="39.339252" lon="-106.292526">
        <ele>3218.0</ele>
      </trkpt>
      <trkpt lat="39.339333" lon="-106.293907">
        <ele>3212.0</ele>
      </trkpt>
      <trkpt lat="39.338936" lon="-106.295753">
        <ele>3210.0</ele>
      </trkpt>
      <trkpt lat="39.338909" lon="-106.296326">
        <ele>3205.0</ele>
      </trkpt>
      <trkpt lat="39.339012" lon="-106.297005">
        <ele>3197.0</ele>
      </trkpt>
      <trkpt lat="39.338951" lon="-106.297951">
        <ele>3191.0</ele>
      </trkpt>
      <trkpt lat="39.338654" lon="-106.298714">
        <ele>3187.0</ele>
      </trkpt>
      <trkpt lat="39.338299" lon="-106.299156">
        <ele>3186.0</ele>
      </trkpt>
      <trkpt lat="39.337715" lon="-106.300323">
        <ele>3180.0</ele>
      </trkpt>
      <trkpt lat="39.33654" lon="-106.301956">
        <ele>3176.0</ele>
      </trkpt>
      <trkpt lat="39.33588" lon="-106.303642">
        <ele>3162.0</ele>
      </trkpt>
      <trkpt lat="39.33469" lon="-106.304802">
        <ele>3154.0</ele>
      </trkpt>
      <trkpt lat="39.333538" lon="-106.305557">
        <ele>3152.0</ele>
      </trkpt>
      <trkpt lat="39.332237" lon="-106.30777">
        <ele>3143.0</ele>
      </trkpt>
      <trkpt lat="39.331039" lon="-106.308586">
        <ele>3145.0</ele>
      </trkpt>
      <trkpt lat="39.328754" lon="-106.309715">
        <ele>3133.0</ele>
      </trkpt>
      <trkpt lat="39.327126" lon="-106.309921">
        <ele>3127.0</ele>
      </trkpt>
      <trkpt lat="39.326035" lon="-106.310455">
        <ele>3122.0</ele>
      </trkpt>
      <trkpt lat="39.32584" lon="-106.310974">
        <ele>3118.0</ele>
      </trkpt>
      <trkpt lat="39.325382" lon="-106.31163">
        <ele>3114.0</ele>
      </trkpt>
      <trkpt lat="39.324959" lon="-106.312035">
        <ele>3109.0</ele>
      </trkpt>
      <trkpt lat="39.324596" lon="-106.312813">
        <ele>3103.0</ele>
      </trkpt>
      <trkpt lat="39.324299" lon="-106.312927">
        <ele>3102.0</ele>
      </trkpt>
      <trkpt lat="39.324284" lon="-106.313339">
        <ele>3101.0</ele>
      </trkpt>
      <trkpt lat="39.324074" lon="-106.313919">
        <ele>3095.0</ele>
      </trkpt>
      <trkpt lat="39.323837" lon="-106.31424">
        <ele>3095.0</ele>
      </trkpt>
      <trkpt lat="39.323631" lon="-106.314339">
        <ele>3094.0</ele>
      </trkpt>
      <trkpt lat="39.323162" lon="-106.314873">
        <ele>3092.0</ele>
      </trkpt>
      <trkpt lat="39.323158" lon="-106.315216">
        <ele>3093.0</ele>
      </trkpt>
      <trkpt lat="39.322861" lon="-106.315506">
        <ele>3093.0</ele>
      </trkpt>
      <trkpt lat="39.322506" lon="-106.316177">
        <ele>3092.0</ele>
      </trkpt>
      <trkpt lat="39.322224" lon="-106.316406">
        <ele>3087.0</ele>
      </trkpt>
      <trkpt lat="39.322159" lon="-106.31662">
        <ele>3088.0</ele>
      </trkpt>
      <trkpt lat="39.321648" lon="-106.31707">
        <ele>3086.0</ele>
      </trkpt>
      <trkpt lat="39.321533" lon="-106.317383">
        <ele>3086.0</ele>
      </trkpt>
      <trkpt lat="39.320984" lon="-106.318001">
        <ele>3084.0</ele>
      </trkpt>
      <trkpt lat="39.320698" lon="-106.318764">
        <ele>3082.0</ele>
      </trkpt>
      <trkpt lat="39.320244" lon="-106.31929">
        <ele>3081.0</ele>
      </trkpt>
      <trkpt lat="39.31953" lon="-106.319763">
        <ele>3076.0</ele>
      </trkpt>
      <trkpt lat="39.318386" lon="-106.322144">
        <ele>3072.0</ele>
      </trkpt>
      <trkpt lat="39.317722" lon="-106.323227">
        <ele>3065.0</ele>
      </trkpt>
      <trkpt lat="39.317577" lon="-106.324257">
        <ele>3064.0</ele>
      </trkpt>
      <trkpt lat="39.317619" lon="-106.324974">
        <ele>3064.0</ele>
      </trkpt>
      <trkpt lat="39.317287" lon="-106.326248">
        <ele>3063.0</ele>
      </trkpt>
      <trkpt lat="39.316929" lon="-106.326958">
        <ele>3058.0</ele>
      </trkpt>
      <trkpt lat="39.316929" lon="-106.32769">
        <ele>3053.0</ele>
      </trkpt>
      <trkpt lat="39.316582" lon="-106.327843">
        <ele>3050.0</ele>
      </trkpt>
      <trkpt lat="39.316002" lon="-106.327576">
        <ele>3051.0</ele>
      </trkpt>
      <trkpt lat="39.315567" lon="-106.327583">
        <ele>3051.0</ele>
      </trkpt>
      <trkpt lat="39.315311" lon="-106.327347">
        <ele>3051.0</ele>
      </trkpt>
      <trkpt lat="39.31102" lon="-106.324814">
        <ele>3048.0</ele>
      </trkpt>
      <trkpt lat="39.310211" lon="-106.324554">
        <ele>3047.0</ele>
      </trkpt>
      <trkpt lat="39.309505" lon="-106.32457">
        <ele>3048.0</ele>
      </trkpt>
      <trkpt lat="39.293026" lon="-106.326622">
        <ele>3021.0</ele>
      </trkpt>
      <trkpt lat="39.286449" lon="-106.32431">
        <ele>3015.0</ele>
      </trkpt>
      <trkpt lat="39.284622" lon="-106.324142">
        <ele>3019.0</ele>
      </trkpt>
      <trkpt lat="39.276665" lon="-106.322441">
        <ele>3035.0</ele>
      </trkpt>
      <trkpt lat="39.276409" lon="-106.322243">
        <ele>3036.0</ele>
      </trkpt>
      <trkpt lat="39.275532" lon="-106.321121">
        <ele>3039.0</ele>
      </trkpt>
      <trkpt lat="39.274952" lon="-106.319962">
        <ele>3039.0</ele>
      </trkpt>
      <trkpt lat="39.274303" lon="-106.317352">
        <ele>3039.0</ele>
      </trkpt>
      <trkpt lat="39.274136" lon="-106.316994">
        <ele>3039.0</ele>
      </trkpt>
      <trkpt lat="39.272785" lon="-106.317627">
        <ele>3032.0</ele>
      </trkpt>
      <trkpt lat="39.272621" lon="-106.317879">
        <ele>3031.0</ele>
      </trkpt>
      <trkpt lat="39.26976" lon="-106.32708">
        <ele>3013.0</ele>
      </trkpt>
      <trkpt lat="39.269745" lon="-106.327904">
        <ele>3011.0</ele>
      </trkpt>
      <trkpt lat="39.270527" lon="-106.334724">
        <ele>3004.0</ele>
      </trkpt>
      <trkpt lat="39.270473" lon="-106.33548">
        <ele>3005.0</ele>
      </trkpt>
      <trkpt lat="39.270332" lon="-106.336052">
        <ele>3005.0</ele>
      </trkpt>
      <trkpt lat="39.269924" lon="-106.336983">
        <ele>3002.0</ele>
      </trkpt>
      <trkpt lat="39.269562" lon="-106.337486">
        <ele>2998.0</ele>
      </trkpt>
      <trkpt lat="39.269016" lon="-106.337952">
        <ele>2995.0</ele>
      </trkpt>
      <trkpt lat="39.262707" lon="-106.340355">
        <ele>2974.0</ele>
      </trkpt>
      <trkpt lat="39.261204" lon="-106.340553">
        <ele>2971.0</ele>
      </trkpt>
      <trkpt lat="39.260323" lon="-106.341049">
        <ele>2970.0</ele>
      </trkpt>
      <trkpt lat="39.259911" lon="-106.340889">
        <ele>2970.0</ele>
      </trkpt>
      <trkpt lat="39.259129" lon="-106.340187">
        <ele>2971.0</ele>
      </trkpt>
      <trkpt lat="39.258499" lon="-106.339935">
        <ele>2975.0</ele>
      </trkpt>
      <trkpt lat="39.257877" lon="-106.340469">
        <ele>2972.0</ele>
      </trkpt>
      <trkpt lat="39.25705" lon="-106.341751">
        <ele>2968.0</ele>
      </trkpt>
      <trkpt lat="39.256317" lon="-106.342491">
        <ele>2965.0</ele>
      </trkpt>
      <trkpt lat="39.252682" lon="-106.343864">
        <ele>2958.0</ele>
      </trkpt>
      <trkpt lat="39.251003" lon="-106.344299">
        <ele>2955.0</ele>
      </trkpt>
      <trkpt lat="39.24947" lon="-106.34491">
        <ele>2953.0</ele>
      </trkpt>
      <trkpt lat="39.248596" lon="-106.345055">
        <ele>2954.0</ele>
      </trkpt>
      <trkpt lat="39.248878" lon="-106.346535">
        <ele>2950.0</ele>
      </trkpt>
      <trkpt lat="39.248882" lon="-106.348404">
        <ele>2950.0</ele>
      </trkpt>
      <trkpt lat="39.248589" lon="-106.351822">
        <ele>2950.0</ele>
      </trkpt>
      <trkpt lat="39.247963" lon="-106.353378">
        <ele>2949.0</ele>
      </trkpt>
      <trkpt lat="39.247284" lon="-106.354309">
        <ele>2947.0</ele>
      </trkpt>
      <trkpt lat="39.246227" lon="-106.355103">
        <ele>2945.0</ele>
      </trkpt>
      <trkpt lat="39.232334" lon="-106.35833">
        <ele>2924.0</ele>
      </trkpt>
      <trkpt lat="39.22747" lon="-106.359283">
        <ele>2918.0</ele>
      </trkpt>
      <trkpt lat="39.226398" lon="-106.359215">
        <ele>2916.0</ele>
      </trkpt>
      <trkpt lat="39.224422" lon="-106.358643">
        <ele>2913.0</ele>
      </trkpt>
      <trkpt lat="39.22448" lon="-106.358475">
        <ele>2912.0</ele>
      </trkpt>
      <trkpt lat="39.222626" lon="-106.357353">
        <ele>2909.0</ele>
      </trkpt>
      <trkpt lat="39.222618" lon="-106.357245">
        <ele>2909.0</ele>
      </trkpt>
      <trkpt lat="39.222618" lon="-106.357245">
        <ele>2909.0</ele>
      </trkpt>
      <trkpt lat="39.222624" lon="-106.357356">
        <ele>2909.0</ele>
      </trkpt>
      <trkpt lat="39.222697" lon="-106.359661">
        <ele>2911.0</ele>
      </trkpt>
      <trkpt lat="39.222694" lon="-106.360948">
        <ele>2911.0</ele>
      </trkpt>
      <trkpt lat="39.222665" lon="-106.36294">
        <ele>2910.0</ele>
      </trkpt>
      <trkpt lat="39.222665" lon="-106.36294">
        <ele>2910.0</ele>
      </trkpt>
      <trkpt lat="39.222655" lon="-106.36362">
        <ele>2910.0</ele>
      </trkpt>
      <trkpt lat="39.216566" lon="-106.363765">
        <ele>2902.0</ele>
      </trkpt>
      <trkpt lat="39.214322" lon="-106.363845">
        <ele>2898.0</ele>
      </trkpt>
      <trkpt lat="39.213834" lon="-106.363831">
        <ele>2898.0</ele>
      </trkpt>
      <trkpt lat="39.213357" lon="-106.363759">
        <ele>2897.0</ele>
      </trkpt>
      <trkpt lat="39.213049" lon="-106.363664">
        <ele>2896.0</ele>
      </trkpt>
      <trkpt lat="39.212604" lon="-106.363453">
        <ele>2896.0</ele>
      </trkpt>
      <trkpt lat="39.212281" lon="-106.363234">
        <ele>2895.0</ele>
      </trkpt>
      <trkpt lat="39.212195" lon="-106.363148">
        <ele>2895.0</ele>
      </trkpt>
      <trkpt lat="39.21166" lon="-106.362716">
        <ele>2894.0</ele>
      </trkpt>
      <trkpt lat="39.211138" lon="-106.362378">
        <ele>2893.0</ele>
      </trkpt>
      <trkpt lat="39.21006" lon="-106.361714">
        <ele>2892.0</ele>
      </trkpt>
      <trkpt lat="39.209615" lon="-106.361499">
        <ele>2891.0</ele>
      </trkpt>
      <trkpt lat="39.208926" lon="-106.361116">
        <ele>2889.0</ele>
      </trkpt>
      <trkpt lat="39.208694" lon="-106.361072">
        <ele>2888.0</ele>
      </trkpt>
      <trkpt lat="39.208475" lon="-106.361122">
        <ele>2888.0</ele>
      </trkpt>
      <trkpt lat="39.208186" lon="-106.361312">
        <ele>2888.0</ele>
      </trkpt>
      <trkpt lat="39.20797" lon="-106.361482">
        <ele>2888.0</ele>
      </trkpt>
      <trkpt lat="39.20785" lon="-106.361576">
        <ele>2888.0</ele>
      </trkpt>
      <trkpt lat="39.207568" lon="-106.361798">
        <ele>2888.0</ele>
      </trkpt>
      <trkpt lat="39.207269" lon="-106.361962">
        <ele>2888.0</ele>
      </trkpt>
      <trkpt lat="39.207051" lon="-106.362008">
        <ele>2888.0</ele>
      </trkpt>
      <trkpt lat="39.204885" lon="-106.362144">
        <ele>2890.0</ele>
      </trkpt>
      <trkpt lat="39.204885" lon="-106.362144">
        <ele>2890.0</ele>
      </trkpt>
      <trkpt lat="39.204656" lon="-106.362158">
        <ele>2890.0</ele>
      </trkpt>
      <trkpt lat="39.20307" lon="-106.362203">
        <ele>2890.0</ele>
      </trkpt>
      <trkpt lat="39.202626" lon="-106.362206">
        <ele>2891.0</ele>
      </trkpt>
      <trkpt lat="39.202527" lon="-106.362174">
        <ele>2892.0</ele>
      </trkpt>
      <trkpt lat="39.202261" lon="-106.361991">
        <ele>2892.0</ele>
      </trkpt>
      <trkpt lat="39.202007" lon="-106.36177">
        <ele>2892.0</ele>
      </trkpt>
      <trkpt lat="39.201811" lon="-106.361671">
        <ele>2892.0</ele>
      </trkpt>
      <trkpt lat="39.201596" lon="-106.36163">
        <ele>2892.0</ele>
      </trkpt>
      <trkpt lat="39.201013" lon="-106.361645">
        <ele>2892.0</ele>
      </trkpt>
      <trkpt lat="39.19962" lon="-106.361634">
        <ele>2896.0</ele>
      </trkpt>
      <trkpt lat="39.19356" lon="-106.36148">
        <ele>2905.0</ele>
      </trkpt>
      <trkpt lat="39.193341" lon="-106.36154">
        <ele>2906.0</ele>
      </trkpt>
      <trkpt lat="39.193292" lon="-106.361574">
        <ele>2906.0</ele>
      </trkpt>
      <trkpt lat="39.193292" lon="-106.361574">
        <ele>2906.0</ele>
      </trkpt>
      <trkpt lat="39.193226" lon="-106.361621">
        <ele>2906.0</ele>
      </trkpt>
      <trkpt lat="39.193198" lon="-106.361677">
        <ele>2906.0</ele>
      </trkpt>
      <trkpt lat="39.193142" lon="-106.361881">
        <ele>2907.0</ele>
      </trkpt>
      <trkpt lat="39.192532" lon="-106.364511">
        <ele>2912.0</ele>
      </trkpt>
      <trkpt lat="39.192502" lon="-106.364732">
        <ele>2913.0</ele>
      </trkpt>
      <trkpt lat="39.192405" lon="-106.365226">
        <ele>2914.0</ele>
      </trkpt>
      <trkpt lat="39.192291" lon="-106.365591">
        <ele>2915.0</ele>
      </trkpt>
      <trkpt lat="39.191831" lon="-106.366619">
        <ele>2917.0</ele>
      </trkpt>
      <trkpt lat="39.191234" lon="-106.367954">
        <ele>2920.0</ele>
      </trkpt>
      <trkpt lat="39.191113" lon="-106.368131">
        <ele>2921.0</ele>
      </trkpt>
      <trkpt lat="39.191038" lon="-106.368184">
        <ele>2921.0</ele>
      </trkpt>
      <trkpt lat="39.190678" lon="-106.368246">
        <ele>2921.0</ele>
      </trkpt>
      <trkpt lat="39.190348" lon="-106.368209">
        <ele>2922.0</ele>
      </trkpt>
      <trkpt lat="39.190266" lon="-106.368255">
        <ele>2922.0</ele>
      </trkpt>
      <trkpt lat="39.190204" lon="-106.36836">
        <ele>2922.0</ele>
      </trkpt>
      <trkpt lat="39.190208" lon="-106.368772">
        <ele>2923.0</ele>
      </trkpt>
      <trkpt lat="39.190208" lon="-106.368772">
        <ele>2923.0</ele>
      </trkpt>
      <trkpt lat="39.19026" lon="-106.369533">
        <ele>2924.0</ele>
      </trkpt>
      <trkpt lat="39.190242" lon="-106.369797">
        <ele>2925.0</ele>
      </trkpt>
      <trkpt lat="39.190141" lon="-106.370236">
        <ele>2926.0</ele>
      </trkpt>
      <trkpt lat="39.190106" lon="-106.370577">
        <ele>2927.0</ele>
      </trkpt>
      <trkpt lat="39.189984" lon="-106.371023">
        <ele>2929.0</ele>
      </trkpt>
      <trkpt lat="39.189899" lon="-106.371348">
        <ele>2930.0</ele>
      </trkpt>
      <trkpt lat="39.189895" lon="-106.371602">
        <ele>2930.0</ele>
      </trkpt>
      <trkpt lat="39.189993" lon="-106.372177">
        <ele>2931.0</ele>
      </trkpt>
      <trkpt lat="39.190072" lon="-106.372952">
        <ele>2933.0</ele>
      </trkpt>
      <trkpt lat="39.190224" lon="-106.373787">
        <ele>2935.0</ele>
      </trkpt>
      <trkpt lat="39.19022" lon="-106.374107">
        <ele>2936.0</ele>
      </trkpt>
      <trkpt lat="39.190179" lon="-106.374343">
        <ele>2937.0</ele>
      </trkpt>
      <trkpt lat="39.189979" lon="-106.374834">
        <ele>2939.0</ele>
      </trkpt>
      <trkpt lat="39.189848" lon="-106.374998">
        <ele>2940.0</ele>
      </trkpt>
      <trkpt lat="39.189719" lon="-106.375074">
        <ele>2940.0</ele>
      </trkpt>
      <trkpt lat="39.189538" lon="-106.375062">
        <ele>2941.0</ele>
      </trkpt>
      <trkpt lat="39.189117" lon="-106.37468">
        <ele>2940.0</ele>
      </trkpt>
      <trkpt lat="39.188704" lon="-106.374371">
        <ele>2940.0</ele>
      </trkpt>
      <trkpt lat="39.187122" lon="-106.37297">
        <ele>2938.0</ele>
      </trkpt>
      <trkpt lat="39.187122" lon="-106.37297">
        <ele>2938.0</ele>
      </trkpt>
      <trkpt lat="39.184201" lon="-106.37038">
        <ele>2939.0</ele>
      </trkpt>
      <trkpt lat="39.183615" lon="-106.369801">
        <ele>2941.0</ele>
      </trkpt>
      <trkpt lat="39.183181" lon="-106.369446">
        <ele>2942.0</ele>
      </trkpt>
      <trkpt lat="39.182482" lon="-106.368813">
        <ele>2942.0</ele>
      </trkpt>
      <trkpt lat="39.182329" lon="-106.368637">
        <ele>2941.0</ele>
      </trkpt>
      <trkpt lat="39.181895" lon="-106.368276">
        <ele>2939.0</ele>
      </trkpt>
      <trkpt lat="39.181321" lon="-106.367732">
        <ele>2941.0</ele>
      </trkpt>
      <trkpt lat="39.180634" lon="-106.367254">
        <ele>2941.0</ele>
      </trkpt>
      <trkpt lat="39.180634" lon="-106.367255">
        <ele>2941.0</ele>
      </trkpt>
      <trkpt lat="39.180094" lon="-106.366852">
        <ele>2941.0</ele>
      </trkpt>
      <trkpt lat="39.179753" lon="-106.366523">
        <ele>2940.0</ele>
      </trkpt>
      <trkpt lat="39.179505" lon="-106.366235">
        <ele>2940.0</ele>
      </trkpt>
      <trkpt lat="39.17896" lon="-106.365771">
        <ele>2940.0</ele>
      </trkpt>
      <trkpt lat="39.178489" lon="-106.365486">
        <ele>2939.0</ele>
      </trkpt>
      <trkpt lat="39.178331" lon="-106.365485">
        <ele>2940.0</ele>
      </trkpt>
      <trkpt lat="39.178021" lon="-106.365354">
        <ele>2940.0</ele>
      </trkpt>
      <trkpt lat="39.17639" lon="-106.364237">
        <ele>2936.0</ele>
      </trkpt>
      <trkpt lat="39.175225" lon="-106.36347">
        <ele>2932.0</ele>
      </trkpt>
      <trkpt lat="39.174624" lon="-106.362939">
        <ele>2932.0</ele>
      </trkpt>
      <trkpt lat="39.174412" lon="-106.362795">
        <ele>2932.0</ele>
      </trkpt>
      <trkpt lat="39.174412" lon="-106.362795">
        <ele>2932.0</ele>
      </trkpt>
      <trkpt lat="39.17427" lon="-106.362699">
        <ele>2932.0</ele>
      </trkpt>
      <trkpt lat="39.17408" lon="-106.362608">
        <ele>2932.0</ele>
      </trkpt>
      <trkpt lat="39.173807" lon="-106.362404">
        <ele>2932.0</ele>
      </trkpt>
      <trkpt lat="39.172341" lon="-106.361406">
        <ele>2933.0</ele>
      </trkpt>
      <trkpt lat="39.171293" lon="-106.360642">
        <ele>2934.0</ele>
      </trkpt>
      <trkpt lat="39.169921" lon="-106.359784">
        <ele>2949.0</ele>
      </trkpt>
      <trkpt lat="39.169835" lon="-106.359803">
        <ele>2950.0</ele>
      </trkpt>
      <trkpt lat="39.169769" lon="-106.359882">
        <ele>2951.0</ele>
      </trkpt>
      <trkpt lat="39.169677" lon="-106.359945">
        <ele>2952.0</ele>
      </trkpt>
      <trkpt lat="39.169492" lon="-106.359952">
        <ele>2953.0</ele>
      </trkpt>
      <trkpt lat="39.169413" lon="-106.36001">
        <ele>2954.0</ele>
      </trkpt>
      <trkpt lat="39.169275" lon="-106.360192">
        <ele>2955.0</ele>
      </trkpt>
      <trkpt lat="39.169173" lon="-106.360272">
        <ele>2955.0</ele>
      </trkpt>
      <trkpt lat="39.169079" lon="-106.360261">
        <ele>2955.0</ele>
      </trkpt>
      <trkpt lat="39.168907" lon="-106.360079">
        <ele>2955.0</ele>
      </trkpt>
      <trkpt lat="39.168801" lon="-106.359824">
        <ele>2955.0</ele>
      </trkpt>
      <trkpt lat="39.168644" lon="-106.359355">
        <ele>2956.0</ele>
      </trkpt>
      <trkpt lat="39.16862" lon="-106.359142">
        <ele>2956.0</ele>
      </trkpt>
      <trkpt lat="39.16862" lon="-106.359142">
        <ele>2956.0</ele>
      </trkpt>
      <trkpt lat="39.168596" lon="-106.358931">
        <ele>2955.0</ele>
      </trkpt>
      <trkpt lat="39.168541" lon="-106.358818">
        <ele>2955.0</ele>
      </trkpt>
      <trkpt lat="39.168372" lon="-106.358646">
        <ele>2956.0</ele>
      </trkpt>
      <trkpt lat="39.167402" lon="-106.357938">
        <ele>2957.0</ele>
      </trkpt>
      <trkpt lat="39.166488" lon="-106.357363">
        <ele>2957.0</ele>
      </trkpt>
      <trkpt lat="39.166142" lon="-106.357252">
        <ele>2957.0</ele>
      </trkpt>
      <trkpt lat="39.164338" lon="-106.356844">
        <ele>2958.0</ele>
      </trkpt>
      <trkpt lat="39.163654" lon="-106.356626">
        <ele>2958.0</ele>
      </trkpt>
      <trkpt lat="39.162826" lon="-106.356473">
        <ele>2958.0</ele>
      </trkpt>
      <trkpt lat="39.16254" lon="-106.356394">
        <ele>2958.0</ele>
      </trkpt>
      <trkpt lat="39.16254" lon="-106.356394">
        <ele>2958.0</ele>
      </trkpt>
      <trkpt lat="39.162098" lon="-106.356272">
        <ele>2958.0</ele>
      </trkpt>
      <trkpt lat="39.159675" lon="-106.355711">
        <ele>2956.0</ele>
      </trkpt>
      <trkpt lat="39.159068" lon="-106.355548">
        <ele>2956.0</ele>
      </trkpt>
      <trkpt lat="39.158444" lon="-106.355298">
        <ele>2954.0</ele>
      </trkpt>
      <trkpt lat="39.157856" lon="-106.355019">
        <ele>2953.0</ele>
      </trkpt>
      <trkpt lat="39.157998" lon="-106.354003">
        <ele>2951.0</ele>
      </trkpt>
      <trkpt lat="39.158056" lon="-106.353438">
        <ele>2950.0</ele>
      </trkpt>
      <trkpt lat="39.158058" lon="-106.353091">
        <ele>2950.0</ele>
      </trkpt>
      <trkpt lat="39.158109" lon="-106.352225">
        <ele>2948.0</ele>
      </trkpt>
      <trkpt lat="39.158118" lon="-106.351348">
        <ele>2946.0</ele>
      </trkpt>
      <trkpt lat="39.158118" lon="-106.351348">
        <ele>2946.0</ele>
      </trkpt>
      <trkpt lat="39.158248" lon="-106.350107">
        <ele>2942.0</ele>
      </trkpt>
      <trkpt lat="39.158263" lon="-106.349833">
        <ele>2942.0</ele>
      </trkpt>
      <trkpt lat="39.158249" lon="-106.349722">
        <ele>2941.0</ele>
      </trkpt>
      <trkpt lat="39.157949" lon="-106.348716">
        <ele>2939.0</ele>
      </trkpt>
      <trkpt lat="39.157897" lon="-106.348466">
        <ele>2938.0</ele>
      </trkpt>
      <trkpt lat="39.157889" lon="-106.348303">
        <ele>2938.0</ele>
      </trkpt>
      <trkpt lat="39.157981" lon="-106.347778">
        <ele>2936.0</ele>
      </trkpt>
      <trkpt lat="39.158063" lon="-106.347116">
        <ele>2935.0</ele>
      </trkpt>
      <trkpt lat="39.158327" lon="-106.346667">
        <ele>2931.0</ele>
      </trkpt>
      <trkpt lat="39.158515" lon="-106.346181">
        <ele>2931.0</ele>
      </trkpt>
      <trkpt lat="39.158646" lon="-106.345517">
        <ele>2929.0</ele>
      </trkpt>
      <trkpt lat="39.158729" lon="-106.344674">
        <ele>2927.0</ele>
      </trkpt>
      <trkpt lat="39.158769" lon="-106.343778">
        <ele>2925.0</ele>
      </trkpt>
      <trkpt lat="39.158848" lon="-106.342619">
        <ele>2923.0</ele>
      </trkpt>
      <trkpt lat="39.158844" lon="-106.34192">
        <ele>2921.0</ele>
      </trkpt>
      <trkpt lat="39.158746" lon="-106.340832">
        <ele>2918.0</ele>
      </trkpt>
      <trkpt lat="39.158667" lon="-106.339671">
        <ele>2917.0</ele>
      </trkpt>
      <trkpt lat="39.158668" lon="-106.338755">
        <ele>2915.0</ele>
      </trkpt>
      <trkpt lat="39.158601" lon="-106.338387">
        <ele>2913.0</ele>
      </trkpt>
      <trkpt lat="39.158311" lon="-106.337671">
        <ele>2909.0</ele>
      </trkpt>
      <trkpt lat="39.158175" lon="-106.337427">
        <ele>2907.0</ele>
      </trkpt>
      <trkpt lat="39.157988" lon="-106.337169">
        <ele>2902.0</ele>
      </trkpt>
      <trkpt lat="39.157861" lon="-106.336876">
        <ele>2899.0</ele>
      </trkpt>
      <trkpt lat="39.157802" lon="-106.336612">
        <ele>2897.0</ele>
      </trkpt>
      <trkpt lat="39.157779" lon="-106.336329">
        <ele>2896.0</ele>
      </trkpt>
      <trkpt lat="39.157759" lon="-106.335643">
        <ele>2892.0</ele>
      </trkpt>
      <trkpt lat="39.157658" lon="-106.334589">
        <ele>2886.0</ele>
      </trkpt>
      <trkpt lat="39.157663" lon="-106.334321">
        <ele>2885.0</ele>
      </trkpt>
      <trkpt lat="39.157713" lon="-106.334052">
        <ele>2884.0</ele>
      </trkpt>
      <trkpt lat="39.157713" lon="-106.333866">
        <ele>2883.0</ele>
      </trkpt>
      <trkpt lat="39.157595" lon="-106.333293">
        <ele>2881.0</ele>
      </trkpt>
      <trkpt lat="39.15758" lon="-106.333093">
        <ele>2880.0</ele>
      </trkpt>
      <trkpt lat="39.157866" lon="-106.331874">
        <ele>2875.0</ele>
      </trkpt>
      <trkpt lat="39.157891" lon="-106.331505">
        <ele>2872.0</ele>
      </trkpt>
      <trkpt lat="39.157925" lon="-106.331254">
        <ele>2870.0</ele>
      </trkpt>
      <trkpt lat="39.157954" lon="-106.331158">
        <ele>2869.0</ele>
      </trkpt>
      <trkpt lat="39.158083" lon="-106.330915">
        <ele>2869.0</ele>
      </trkpt>
      <trkpt lat="39.158821" lon="-106.330044">
        <ele>2865.0</ele>
      </trkpt>
      <trkpt lat="39.159406" lon="-106.329314">
        <ele>2859.0</ele>
      </trkpt>
      <trkpt lat="39.159576" lon="-106.329157">
        <ele>2858.0</ele>
      </trkpt>
      <trkpt lat="39.15968" lon="-106.329095">
        <ele>2857.0</ele>
      </trkpt>
      <trkpt lat="39.160088" lon="-106.329105">
        <ele>2856.0</ele>
      </trkpt>
      <trkpt lat="39.160157" lon="-106.329075">
        <ele>2856.0</ele>
      </trkpt>
      <trkpt lat="39.160225" lon="-106.329009">
        <ele>2856.0</ele>
      </trkpt>
      <trkpt lat="39.16028" lon="-106.328913">
        <ele>2855.0</ele>
      </trkpt>
      <trkpt lat="39.160565" lon="-106.328062">
        <ele>2849.0</ele>
      </trkpt>
      <trkpt lat="39.160573" lon="-106.327938">
        <ele>2848.0</ele>
      </trkpt>
      <trkpt lat="39.160551" lon="-106.327572">
        <ele>2846.0</ele>
      </trkpt>
      <trkpt lat="39.160551" lon="-106.327572">
        <ele>2846.0</ele>
      </trkpt>
      <trkpt lat="39.159603" lon="-106.327125">
        <ele>2841.0</ele>
      </trkpt>
      <trkpt lat="39.153755" lon="-106.326019">
        <ele>2836.0</ele>
      </trkpt>
      <trkpt lat="39.150822" lon="-106.325768">
        <ele>2831.0</ele>
      </trkpt>
      <trkpt lat="39.147713" lon="-106.32576">
        <ele>2831.0</ele>
      </trkpt>
      <trkpt lat="39.143051" lon="-106.327141">
        <ele>2824.0</ele>
      </trkpt>
      <trkpt lat="39.139717" lon="-106.327858">
        <ele>2819.0</ele>
      </trkpt>
      <trkpt lat="39.13578" lon="-106.328873">
        <ele>2822.0</ele>
      </trkpt>
      <trkpt lat="39.128246" lon="-106.328911">
        <ele>2812.0</ele>
      </trkpt>
      <trkpt lat="39.127777" lon="-106.329079">
        <ele>2814.0</ele>
      </trkpt>
      <trkpt lat="39.127083" lon="-106.329819">
        <ele>2821.0</ele>
      </trkpt>
      <trkpt lat="39.126827" lon="-106.329826">
        <ele>2823.0</ele>
      </trkpt>
      <trkpt lat="39.126102" lon="-106.329483">
        <ele>2827.0</ele>
      </trkpt>
      <trkpt lat="39.124908" lon="-106.329803">
        <ele>2829.0</ele>
      </trkpt>
      <trkpt lat="39.124306" lon="-106.329765">
        <ele>2830.0</ele>
      </trkpt>
      <trkpt lat="39.122543" lon="-106.328773">
        <ele>2832.0</ele>
      </trkpt>
      <trkpt lat="39.120735" lon="-106.327019">
        <ele>2832.0</ele>
      </trkpt>
      <trkpt lat="39.119774" lon="-106.326797">
        <ele>2833.0</ele>
      </trkpt>
      <trkpt lat="39.118977" lon="-106.326042">
        <ele>2834.0</ele>
      </trkpt>
      <trkpt lat="39.118607" lon="-106.325867">
        <ele>2833.0</ele>
      </trkpt>
      <trkpt lat="39.117809" lon="-106.325813">
        <ele>2835.0</ele>
      </trkpt>
      <trkpt lat="39.117622" lon="-106.325912">
        <ele>2835.0</ele>
      </trkpt>
      <trkpt lat="39.117302" lon="-106.326385">
        <ele>2835.0</ele>
      </trkpt>
      <trkpt lat="39.11657" lon="-106.326988">
        <ele>2839.0</ele>
      </trkpt>
      <trkpt lat="39.116222" lon="-106.327011">
        <ele>2841.0</ele>
      </trkpt>
      <trkpt lat="39.114491" lon="-106.326103">
        <ele>2841.0</ele>
      </trkpt>
      <trkpt lat="39.114246" lon="-106.326096">
        <ele>2842.0</ele>
      </trkpt>
      <trkpt lat="39.114086" lon="-106.325417">
        <ele>2840.0</ele>
      </trkpt>
      <trkpt lat="39.114361" lon="-106.324394">
        <ele>2843.0</ele>
      </trkpt>
      <trkpt lat="39.113945" lon="-106.323868">
        <ele>2841.0</ele>
      </trkpt>
      <trkpt lat="39.113464" lon="-106.32296">
        <ele>2839.0</ele>
      </trkpt>
      <trkpt lat="39.112743" lon="-106.32193">
        <ele>2833.0</ele>
      </trkpt>
      <trkpt lat="39.110851" lon="-106.319725">
        <ele>2834.0</ele>
      </trkpt>
      <trkpt lat="39.110184" lon="-106.318321">
        <ele>2844.0</ele>
      </trkpt>
      <trkpt lat="39.109589" lon="-106.31768">
        <ele>2848.0</ele>
      </trkpt>
      <trkpt lat="39.109135" lon="-106.31694">
        <ele>2851.0</ele>
      </trkpt>
      <trkpt lat="39.108593" lon="-106.316719">
        <ele>2857.0</ele>
      </trkpt>
      <trkpt lat="39.107346" lon="-106.317825">
        <ele>2867.0</ele>
      </trkpt>
      <trkpt lat="39.106537" lon="-106.318359">
        <ele>2872.0</ele>
      </trkpt>
      <trkpt lat="39.105991" lon="-106.319016">
        <ele>2879.0</ele>
      </trkpt>
      <trkpt lat="39.105904" lon="-106.318932">
        <ele>2878.0</ele>
      </trkpt>
      <trkpt lat="39.105965" lon="-106.317818">
        <ele>2878.0</ele>
      </trkpt>
      <trkpt lat="39.105816" lon="-106.317162">
        <ele>2881.0</ele>
      </trkpt>
      <trkpt lat="39.105522" lon="-106.316887">
        <ele>2883.0</ele>
      </trkpt>
      <trkpt lat="39.104729" lon="-106.316711">
        <ele>2890.0</ele>
      </trkpt>
      <trkpt lat="39.10437" lon="-106.317169">
        <ele>2894.0</ele>
      </trkpt>
      <trkpt lat="39.104141" lon="-106.317223">
        <ele>2894.0</ele>
      </trkpt>
      <trkpt lat="39.103638" lon="-106.316757">
        <ele>2897.0</ele>
      </trkpt>
      <trkpt lat="39.102959" lon="-106.314903">
        <ele>2905.0</ele>
      </trkpt>
      <trkpt lat="39.101234" lon="-106.31179">
        <ele>2904.0</ele>
      </trkpt>
      <trkpt lat="39.099709" lon="-106.309822">
        <ele>2899.0</ele>
      </trkpt>
      <trkpt lat="39.099216" lon="-106.309456">
        <ele>2897.0</ele>
      </trkpt>
      <trkpt lat="39.098862" lon="-106.309387">
        <ele>2896.0</ele>
      </trkpt>
      <trkpt lat="39.098186" lon="-106.309578">
        <ele>2895.0</ele>
      </trkpt>
      <trkpt lat="39.097843" lon="-106.310143">
        <ele>2898.0</ele>
      </trkpt>
      <trkpt lat="39.097458" lon="-106.311455">
        <ele>2897.0</ele>
      </trkpt>
      <trkpt lat="39.097363" lon="-106.311447">
        <ele>2897.0</ele>
      </trkpt>
      <trkpt lat="39.095833" lon="-106.313873">
        <ele>2890.0</ele>
      </trkpt>
      <trkpt lat="39.095764" lon="-106.314293">
        <ele>2890.0</ele>
      </trkpt>
      <trkpt lat="39.095932" lon="-106.315315">
        <ele>2887.0</ele>
      </trkpt>
      <trkpt lat="39.095856" lon="-106.315811">
        <ele>2884.0</ele>
      </trkpt>
      <trkpt lat="39.095615" lon="-106.315964">
        <ele>2883.0</ele>
      </trkpt>
      <trkpt lat="39.095211" lon="-106.315979">
        <ele>2881.0</ele>
      </trkpt>
      <trkpt lat="39.094337" lon="-106.315742">
        <ele>2878.0</ele>
      </trkpt>
      <trkpt lat="39.093781" lon="-106.315353">
        <ele>2874.0</ele>
      </trkpt>
      <trkpt lat="39.093105" lon="-106.315132">
        <ele>2871.0</ele>
      </trkpt>
      <trkpt lat="39.091991" lon="-106.314407">
        <ele>2863.0</ele>
      </trkpt>
      <trkpt lat="39.090752" lon="-106.31282">
        <ele>2854.0</ele>
      </trkpt>
      <trkpt lat="39.089928" lon="-106.312241">
        <ele>2847.0</ele>
      </trkpt>
      <trkpt lat="39.089108" lon="-106.311386">
        <ele>2839.0</ele>
      </trkpt>
      <trkpt lat="39.087204" lon="-106.309998">
        <ele>2826.0</ele>
      </trkpt>
      <trkpt lat="39.087234" lon="-106.309891">
        <ele>2827.0</ele>
      </trkpt>
      <trkpt lat="39.08577" lon="-106.309547">
        <ele>2816.0</ele>
      </trkpt>
      <trkpt lat="39.083302" lon="-106.305664">
        <ele>2810.0</ele>
      </trkpt>
      <trkpt lat="39.083321" lon="-106.305397">
        <ele>2809.0</ele>
      </trkpt>
      <trkpt lat="39.082932" lon="-106.304642">
        <ele>2808.0</ele>
      </trkpt>
      <trkpt lat="39.08255" lon="-106.304176">
        <ele>2807.0</ele>
      </trkpt>
      <trkpt lat="39.082298" lon="-106.303596">
        <ele>2809.0</ele>
      </trkpt>
      <trkpt lat="39.07584" lon="-106.303551">
        <ele>2808.0</ele>
      </trkpt>
      <trkpt lat="39.073608" lon="-106.305099">
        <ele>2810.0</ele>
      </trkpt>
      <trkpt lat="39.072529" lon="-106.30526">
        <ele>2817.0</ele>
      </trkpt>
      <trkpt lat="39.072117" lon="-106.305801">
        <ele>2820.0</ele>
      </trkpt>
      <trkpt lat="39.072227" lon="-106.306404">
        <ele>2819.0</ele>
      </trkpt>
      <trkpt lat="39.072193" lon="-106.307579">
        <ele>2820.0</ele>
      </trkpt>
      <trkpt lat="39.072269" lon="-106.308327">
        <ele>2821.0</ele>
      </trkpt>
      <trkpt lat="39.072666" lon="-106.309578">
        <ele>2818.0</ele>
      </trkpt>
      <trkpt lat="39.072609" lon="-106.312225">
        <ele>2827.0</ele>
      </trkpt>
      <trkpt lat="39.072731" lon="-106.31266">
        <ele>2823.0</ele>
      </trkpt>
      <trkpt lat="39.073177" lon="-106.313019">
        <ele>2817.0</ele>
      </trkpt>
      <trkpt lat="39.073235" lon="-106.313553">
        <ele>2815.0</ele>
      </trkpt>
      <trkpt lat="39.073429" lon="-106.313774">
        <ele>2814.0</ele>
      </trkpt>
      <trkpt lat="39.07354" lon="-106.314133">
        <ele>2814.0</ele>
      </trkpt>
      <trkpt lat="39.073792" lon="-106.314186">
        <ele>2811.0</ele>
      </trkpt>
      <trkpt lat="39.073792" lon="-106.314529">
        <ele>2810.0</ele>
      </trkpt>
      <trkpt lat="39.07357" lon="-106.315407">
        <ele>2810.0</ele>
      </trkpt>
      <trkpt lat="39.073521" lon="-106.316002">
        <ele>2808.0</ele>
      </trkpt>
      <trkpt lat="39.073372" lon="-106.316277">
        <ele>2811.0</ele>
      </trkpt>
      <trkpt lat="39.073261" lon="-106.318253">
        <ele>2810.0</ele>
      </trkpt>
      <trkpt lat="39.07299" lon="-106.319298">
        <ele>2810.0</ele>
      </trkpt>
      <trkpt lat="39.073009" lon="-106.320702">
        <ele>2811.0</ele>
      </trkpt>
      <trkpt lat="39.07291" lon="-106.321091">
        <ele>2812.0</ele>
      </trkpt>
      <trkpt lat="39.073078" lon="-106.32267">
        <ele>2813.0</ele>
      </trkpt>
      <trkpt lat="39.07333" lon="-106.323738">
        <ele>2811.0</ele>
      </trkpt>
      <trkpt lat="39.073849" lon="-106.325127">
        <ele>2808.0</ele>
      </trkpt>
      <trkpt lat="39.0742" lon="-106.327652">
        <ele>2813.0</ele>
      </trkpt>
      <trkpt lat="39.074409" lon="-106.328239">
        <ele>2811.0</ele>
      </trkpt>
      <trkpt lat="39.075089" lon="-106.331291">
        <ele>2814.0</ele>
      </trkpt>
      <trkpt lat="39.075218" lon="-106.332298">
        <ele>2818.0</ele>
      </trkpt>
      <trkpt lat="39.074951" lon="-106.331573">
        <ele>2824.0</ele>
      </trkpt>
      <trkpt lat="39.0741" lon="-106.329948">
        <ele>2851.0</ele>
      </trkpt>
      <trkpt lat="39.073448" lon="-106.328392">
        <ele>2872.0</ele>
      </trkpt>
      <trkpt lat="39.07254" lon="-106.326897">
        <ele>2892.0</ele>
      </trkpt>
      <trkpt lat="39.072071" lon="-106.326576">
        <ele>2901.0</ele>
      </trkpt>
      <trkpt lat="39.071678" lon="-106.326019">
        <ele>2910.0</ele>
      </trkpt>
      <trkpt lat="39.07135" lon="-106.325233">
        <ele>2915.0</ele>
      </trkpt>
      <trkpt lat="39.070499" lon="-106.324379">
        <ele>2927.0</ele>
      </trkpt>
      <trkpt lat="39.070179" lon="-106.324539">
        <ele>2932.0</ele>
      </trkpt>
      <trkpt lat="39.069729" lon="-106.324341">
        <ele>2939.0</ele>
      </trkpt>
      <trkpt lat="39.069721" lon="-106.32412">
        <ele>2939.0</ele>
      </trkpt>
      <trkpt lat="39.068878" lon="-106.323547">
        <ele>2955.0</ele>
      </trkpt>
      <trkpt lat="39.06855" lon="-106.323753">
        <ele>2957.0</ele>
      </trkpt>
      <trkpt lat="39.06855" lon="-106.324059">
        <ele>2956.0</ele>
      </trkpt>
      <trkpt lat="39.06871" lon="-106.324448">
        <ele>2956.0</ele>
      </trkpt>
      <trkpt lat="39.068619" lon="-106.324654">
        <ele>2952.0</ele>
      </trkpt>
      <trkpt lat="39.068588" lon="-106.325211">
        <ele>2950.0</ele>
      </trkpt>
      <trkpt lat="39.06842" lon="-106.32579">
        <ele>2944.0</ele>
      </trkpt>
      <trkpt lat="39.0686" lon="-106.326874">
        <ele>2947.0</ele>
      </trkpt>
      <trkpt lat="39.069172" lon="-106.328003">
        <ele>2955.0</ele>
      </trkpt>
      <trkpt lat="39.069389" lon="-106.328918">
        <ele>2966.0</ele>
      </trkpt>
      <trkpt lat="39.069389" lon="-106.329521">
        <ele>2968.0</ele>
      </trkpt>
      <trkpt lat="39.068871" lon="-106.331963">
        <ele>2982.0</ele>
      </trkpt>
      <trkpt lat="39.068489" lon="-106.332787">
        <ele>2987.0</ele>
      </trkpt>
      <trkpt lat="39.067951" lon="-106.333252">
        <ele>2986.0</ele>
      </trkpt>
      <trkpt lat="39.06776" lon="-106.333199">
        <ele>2987.0</ele>
      </trkpt>
      <trkpt lat="39.067741" lon="-106.33239">
        <ele>2995.0</ele>
      </trkpt>
      <trkpt lat="39.06802" lon="-106.331879">
        <ele>3002.0</ele>
      </trkpt>
      <trkpt lat="39.066929" lon="-106.3312">
        <ele>3012.0</ele>
      </trkpt>
      <trkpt lat="39.06604" lon="-106.331657">
        <ele>3019.0</ele>
      </trkpt>
      <trkpt lat="39.065731" lon="-106.331673">
        <ele>3018.0</ele>
      </trkpt>
      <trkpt lat="39.06551" lon="-106.331497">
        <ele>3019.0</ele>
      </trkpt>
      <trkpt lat="39.065651" lon="-106.330688">
        <ele>3020.0</ele>
      </trkpt>
      <trkpt lat="39.065449" lon="-106.330017">
        <ele>3025.0</ele>
      </trkpt>
      <trkpt lat="39.064732" lon="-106.328659">
        <ele>3026.0</ele>
      </trkpt>
      <trkpt lat="39.06345" lon="-106.32695">
        <ele>3015.0</ele>
      </trkpt>
      <trkpt lat="39.062271" lon="-106.32505">
        <ele>3001.0</ele>
      </trkpt>
      <trkpt lat="39.06142" lon="-106.324669">
        <ele>3000.0</ele>
      </trkpt>
      <trkpt lat="39.06094" lon="-106.324997">
        <ele>2995.0</ele>
      </trkpt>
      <trkpt lat="39.06036" lon="-106.325653">
        <ele>2996.0</ele>
      </trkpt>
      <trkpt lat="39.059799" lon="-106.325447">
        <ele>2997.0</ele>
      </trkpt>
      <trkpt lat="39.059711" lon="-106.324677">
        <ele>2993.0</ele>
      </trkpt>
      <trkpt lat="39.059219" lon="-106.323837">
        <ele>3000.0</ele>
      </trkpt>
      <trkpt lat="39.059132" lon="-106.323311">
        <ele>2999.0</ele>
      </trkpt>
      <trkpt lat="39.058922" lon="-106.3228">
        <ele>2999.0</ele>
      </trkpt>
      <trkpt lat="39.058521" lon="-106.322487">
        <ele>3001.0</ele>
      </trkpt>
      <trkpt lat="39.058311" lon="-106.322113">
        <ele>2997.0</ele>
      </trkpt>
      <trkpt lat="39.05743" lon="-106.32135">
        <ele>2999.0</ele>
      </trkpt>
      <trkpt lat="39.057049" lon="-106.32135">
        <ele>3000.0</ele>
      </trkpt>
      <trkpt lat="39.056919" lon="-106.32151">
        <ele>3003.0</ele>
      </trkpt>
      <trkpt lat="39.056541" lon="-106.321617">
        <ele>3001.0</ele>
      </trkpt>
      <trkpt lat="39.054779" lon="-106.320763">
        <ele>2994.0</ele>
      </trkpt>
      <trkpt lat="39.054562" lon="-106.320541">
        <ele>2990.0</ele>
      </trkpt>
      <trkpt lat="39.05389" lon="-106.32045">
        <ele>2995.0</ele>
      </trkpt>
      <trkpt lat="39.053162" lon="-106.320923">
        <ele>3010.0</ele>
      </trkpt>
      <trkpt lat="39.051521" lon="-106.32132">
        <ele>3016.0</ele>
      </trkpt>
      <trkpt lat="39.0513" lon="-106.321548">
        <ele>3016.0</ele>
      </trkpt>
      <trkpt lat="39.051029" lon="-106.321632">
        <ele>3014.0</ele>
      </trkpt>
      <trkpt lat="39.050831" lon="-106.321404">
        <ele>3014.0</ele>
      </trkpt>
      <trkpt lat="39.050709" lon="-106.320427">
        <ele>3019.0</ele>
      </trkpt>
      <trkpt lat="39.050468" lon="-106.319839">
        <ele>3022.0</ele>
      </trkpt>
      <trkpt lat="39.049969" lon="-106.319321">
        <ele>3018.0</ele>
      </trkpt>
      <trkpt lat="39.048851" lon="-106.319191">
        <ele>3012.0</ele>
      </trkpt>
      <trkpt lat="39.048512" lon="-106.318222">
        <ele>3011.0</ele>
      </trkpt>
      <trkpt lat="39.04847" lon="-106.31781">
        <ele>3009.0</ele>
      </trkpt>
      <trkpt lat="39.047859" lon="-106.316872">
        <ele>3003.0</ele>
      </trkpt>
      <trkpt lat="39.046921" lon="-106.316353">
        <ele>3006.0</ele>
      </trkpt>
      <trkpt lat="39.046268" lon="-106.316437">
        <ele>3002.0</ele>
      </trkpt>
      <trkpt lat="39.04546" lon="-106.31588">
        <ele>2988.0</ele>
      </trkpt>
      <trkpt lat="39.04422" lon="-106.316589">
        <ele>2986.0</ele>
      </trkpt>
      <trkpt lat="39.043659" lon="-106.31662">
        <ele>2988.0</ele>
      </trkpt>
      <trkpt lat="39.042728" lon="-106.314796">
        <ele>2975.0</ele>
      </trkpt>
      <trkpt lat="39.042782" lon="-106.314636">
        <ele>2974.0</ele>
      </trkpt>
      <trkpt lat="39.04269" lon="-106.314178">
        <ele>2976.0</ele>
      </trkpt>
      <trkpt lat="39.042721" lon="-106.313011">
        <ele>2971.0</ele>
      </trkpt>
      <trkpt lat="39.04319" lon="-106.312729">
        <ele>2966.0</ele>
      </trkpt>
      <trkpt lat="39.043282" lon="-106.312561">
        <ele>2966.0</ele>
      </trkpt>
      <trkpt lat="39.043228" lon="-106.311592">
        <ele>2953.0</ele>
      </trkpt>
      <trkpt lat="39.042931" lon="-106.311546">
        <ele>2949.0</ele>
      </trkpt>
      <trkpt lat="39.042591" lon="-106.311302">
        <ele>2940.0</ele>
      </trkpt>
      <trkpt lat="39.041271" lon="-106.311729">
        <ele>2942.0</ele>
      </trkpt>
      <trkpt lat="39.040691" lon="-106.310928">
        <ele>2927.0</ele>
      </trkpt>
      <trkpt lat="39.040379" lon="-106.310791">
        <ele>2919.0</ele>
      </trkpt>
      <trkpt lat="39.040138" lon="-106.310303">
        <ele>2914.0</ele>
      </trkpt>
      <trkpt lat="39.039631" lon="-106.3097">
        <ele>2901.0</ele>
      </trkpt>
      <trkpt lat="39.03957" lon="-106.309357">
        <ele>2899.0</ele>
      </trkpt>
      <trkpt lat="39.03944" lon="-106.309341">
        <ele>2896.0</ele>
      </trkpt>
      <trkpt lat="39.039139" lon="-106.308311">
        <ele>2888.0</ele>
      </trkpt>
      <trkpt lat="39.039162" lon="-106.308006">
        <ele>2884.0</ele>
      </trkpt>
      <trkpt lat="39.03952" lon="-106.306908">
        <ele>2877.0</ele>
      </trkpt>
      <trkpt lat="39.039589" lon="-106.30632">
        <ele>2872.0</ele>
      </trkpt>
      <trkpt lat="39.039371" lon="-106.306198">
        <ele>2871.0</ele>
      </trkpt>
      <trkpt lat="39.03899" lon="-106.305679">
        <ele>2868.0</ele>
      </trkpt>
      <trkpt lat="39.038681" lon="-106.305573">
        <ele>2868.0</ele>
      </trkpt>
      <trkpt lat="39.037418" lon="-106.30629">
        <ele>2873.0</ele>
      </trkpt>
      <trkpt lat="39.036152" lon="-106.306091">
        <ele>2872.0</ele>
      </trkpt>
      <trkpt lat="39.035568" lon="-106.305161">
        <ele>2869.0</ele>
      </trkpt>
      <trkpt lat="39.035591" lon="-106.304909">
        <ele>2867.0</ele>
      </trkpt>
      <trkpt lat="39.035339" lon="-106.304543">
        <ele>2865.0</ele>
      </trkpt>
      <trkpt lat="39.03484" lon="-106.304459">
        <ele>2866.0</ele>
      </trkpt>
      <trkpt lat="39.034821" lon="-106.3041">
        <ele>2863.0</ele>
      </trkpt>
      <trkpt lat="39.034611" lon="-106.303688">
        <ele>2860.0</ele>
      </trkpt>
      <trkpt lat="39.034302" lon="-106.303513">
        <ele>2857.0</ele>
      </trkpt>
      <trkpt lat="39.034069" lon="-106.302811">
        <ele>2853.0</ele>
      </trkpt>
      <trkpt lat="39.03223" lon="-106.303169">
        <ele>2857.0</ele>
      </trkpt>
      <trkpt lat="39.031532" lon="-106.303413">
        <ele>2861.0</ele>
      </trkpt>
      <trkpt lat="39.0308" lon="-106.303978">
        <ele>2866.0</ele>
      </trkpt>
      <trkpt lat="39.029358" lon="-106.303604">
        <ele>2872.0</ele>
      </trkpt>
      <trkpt lat="39.028637" lon="-106.303772">
        <ele>2881.0</ele>
      </trkpt>
      <trkpt lat="39.027225" lon="-106.30378">
        <ele>2898.0</ele>
      </trkpt>
      <trkpt lat="39.026798" lon="-106.303596">
        <ele>2903.0</ele>
      </trkpt>
      <trkpt lat="39.026615" lon="-106.303108">
        <ele>2904.0</ele>
      </trkpt>
      <trkpt lat="39.026188" lon="-106.30307">
        <ele>2908.0</ele>
      </trkpt>
      <trkpt lat="39.026085" lon="-106.302834">
        <ele>2911.0</ele>
      </trkpt>
      <trkpt lat="39.025955" lon="-106.302788">
        <ele>2913.0</ele>
      </trkpt>
      <trkpt lat="39.025558" lon="-106.302971">
        <ele>2918.0</ele>
      </trkpt>
      <trkpt lat="39.025517" lon="-106.303375">
        <ele>2918.0</ele>
      </trkpt>
      <trkpt lat="39.025272" lon="-106.303886">
        <ele>2923.0</ele>
      </trkpt>
      <trkpt lat="39.024506" lon="-106.30407">
        <ele>2935.0</ele>
      </trkpt>
      <trkpt lat="39.02422" lon="-106.304436">
        <ele>2939.0</ele>
      </trkpt>
      <trkpt lat="39.022747" lon="-106.305138">
        <ele>2957.0</ele>
      </trkpt>
      <trkpt lat="39.021912" lon="-106.304466">
        <ele>2973.0</ele>
      </trkpt>
      <trkpt lat="39.021847" lon="-106.304184">
        <ele>2977.0</ele>
      </trkpt>
      <trkpt lat="39.021545" lon="-106.304176">
        <ele>2982.0</ele>
      </trkpt>
      <trkpt lat="39.021229" lon="-106.303978">
        <ele>2979.0</ele>
      </trkpt>
      <trkpt lat="39.021244" lon="-106.303238">
        <ele>2969.0</ele>
      </trkpt>
      <trkpt lat="39.021088" lon="-106.303253">
        <ele>2964.0</ele>
      </trkpt>
      <trkpt lat="39.020908" lon="-106.303528">
        <ele>2961.0</ele>
      </trkpt>
      <trkpt lat="39.020943" lon="-106.302521">
        <ele>2948.0</ele>
      </trkpt>
      <trkpt lat="39.020584" lon="-106.302879">
        <ele>2938.0</ele>
      </trkpt>
      <trkpt lat="39.020615" lon="-106.30201">
        <ele>2925.0</ele>
      </trkpt>
      <trkpt lat="39.021206" lon="-106.30072">
        <ele>2913.0</ele>
      </trkpt>
      <trkpt lat="39.021019" lon="-106.300697">
        <ele>2907.0</ele>
      </trkpt>
      <trkpt lat="39.021061" lon="-106.299911">
        <ele>2897.0</ele>
      </trkpt>
      <trkpt lat="39.02079" lon="-106.299995">
        <ele>2891.0</ele>
      </trkpt>
      <trkpt lat="39.020859" lon="-106.299271">
        <ele>2886.0</ele>
      </trkpt>
      <trkpt lat="39.021065" lon="-106.298721">
        <ele>2883.0</ele>
      </trkpt>
      <trkpt lat="39.021107" lon="-106.298264">
        <ele>2880.0</ele>
      </trkpt>
      <trkpt lat="39.021446" lon="-106.2976">
        <ele>2879.0</ele>
      </trkpt>
      <trkpt lat="39.021706" lon="-106.296234">
        <ele>2872.0</ele>
      </trkpt>
      <trkpt lat="39.02187" lon="-106.295914">
        <ele>2871.0</ele>
      </trkpt>
      <trkpt lat="39.021938" lon="-106.295074">
        <ele>2863.0</ele>
      </trkpt>
      <trkpt lat="39.022144" lon="-106.294113">
        <ele>2860.0</ele>
      </trkpt>
      <trkpt lat="39.022079" lon="-106.293808">
        <ele>2855.0</ele>
      </trkpt>
      <trkpt lat="39.022205" lon="-106.293304">
        <ele>2852.0</ele>
      </trkpt>
      <trkpt lat="39.022175" lon="-106.292824">
        <ele>2847.0</ele>
      </trkpt>
      <trkpt lat="39.022259" lon="-106.292488">
        <ele>2846.0</ele>
      </trkpt>
      <trkpt lat="39.022194" lon="-106.292213">
        <ele>2842.0</ele>
      </trkpt>
      <trkpt lat="39.022274" lon="-106.291962">
        <ele>2842.0</ele>
      </trkpt>
      <trkpt lat="39.022049" lon="-106.292114">
        <ele>2836.0</ele>
      </trkpt>
      <trkpt lat="39.021759" lon="-106.292763">
        <ele>2834.0</ele>
      </trkpt>
      <trkpt lat="39.02145" lon="-106.292976">
        <ele>2827.0</ele>
      </trkpt>
      <trkpt lat="39.021679" lon="-106.292557">
        <ele>2827.0</ele>
      </trkpt>
      <trkpt lat="39.021687" lon="-106.292061">
        <ele>2821.0</ele>
      </trkpt>
      <trkpt lat="39.021957" lon="-106.29142">
        <ele>2816.0</ele>
      </trkpt>
      <trkpt lat="39.022633" lon="-106.289078">
        <ele>2793.0</ele>
      </trkpt>
      <trkpt lat="39.022991" lon="-106.285934">
        <ele>2758.0</ele>
      </trkpt>
      <trkpt lat="39.023296" lon="-106.284637">
        <ele>2748.0</ele>
      </trkpt>
      <trkpt lat="39.023445" lon="-106.283188">
        <ele>2738.0</ele>
      </trkpt>
      <trkpt lat="39.023315" lon="-106.282974">
        <ele>2735.0</ele>
      </trkpt>
      <trkpt lat="39.023144" lon="-106.283043">
        <ele>2732.0</ele>
      </trkpt>
      <trkpt lat="39.022968" lon="-106.282837">
        <ele>2731.0</ele>
      </trkpt>
      <trkpt lat="39.022778" lon="-106.28286">
        <ele>2729.0</ele>
      </trkpt>
      <trkpt lat="39.022556" lon="-106.282677">
        <ele>2727.0</ele>
      </trkpt>
      <trkpt lat="39.022221" lon="-106.282928">
        <ele>2722.0</ele>
      </trkpt>
      <trkpt lat="39.021778" lon="-106.282845">
        <ele>2720.0</ele>
      </trkpt>
      <trkpt lat="39.021812" lon="-106.280144">
        <ele>2723.0</ele>
      </trkpt>
      <trkpt lat="39.022717" lon="-106.273346">
        <ele>2720.0</ele>
      </trkpt>
      <trkpt lat="39.02272" lon="-106.27034">
        <ele>2717.0</ele>
      </trkpt>
      <trkpt lat="39.023266" lon="-106.2668">
        <ele>2709.0</ele>
      </trkpt>
      <trkpt lat="39.023232" lon="-106.264801">
        <ele>2711.0</ele>
      </trkpt>
      <trkpt lat="39.02298" lon="-106.263756">
        <ele>2712.0</ele>
      </trkpt>
      <trkpt lat="39.022709" lon="-106.263206">
        <ele>2711.0</ele>
      </trkpt>
      <trkpt lat="39.022083" lon="-106.26236">
        <ele>2711.0</ele>
      </trkpt>
      <trkpt lat="39.021862" lon="-106.261902">
        <ele>2711.0</ele>
      </trkpt>
      <trkpt lat="39.021732" lon="-106.260979">
        <ele>2712.0</ele>
      </trkpt>
      <trkpt lat="39.021507" lon="-106.26017">
        <ele>2711.0</ele>
      </trkpt>
      <trkpt lat="39.021435" lon="-106.259346">
        <ele>2711.0</ele>
      </trkpt>
      <trkpt lat="39.021564" lon="-106.25795">
        <ele>2711.0</ele>
      </trkpt>
      <trkpt lat="39.022217" lon="-106.255051">
        <ele>2714.0</ele>
      </trkpt>
      <trkpt lat="39.022453" lon="-106.254433">
        <ele>2713.0</ele>
      </trkpt>
      <trkpt lat="39.02309" lon="-106.253532">
        <ele>2714.0</ele>
      </trkpt>
      <trkpt lat="39.023968" lon="-106.252533">
        <ele>2718.0</ele>
      </trkpt>
      <trkpt lat="39.02496" lon="-106.250504">
        <ele>2725.0</ele>
      </trkpt>
      <trkpt lat="39.025517" lon="-106.248634">
        <ele>2724.0</ele>
      </trkpt>
      <trkpt lat="39.025631" lon="-106.247925">
        <ele>2721.0</ele>
      </trkpt>
      <trkpt lat="39.026161" lon="-106.246788">
        <ele>2718.0</ele>
      </trkpt>
      <trkpt lat="39.02636" lon="-106.245972">
        <ele>2712.0</ele>
      </trkpt>
      <trkpt lat="39.026279" lon="-106.245644">
        <ele>2710.0</ele>
      </trkpt>
      <trkpt lat="39.02401" lon="-106.244789">
        <ele>2699.0</ele>
      </trkpt>
      <trkpt lat="39.022629" lon="-106.243896">
        <ele>2694.0</ele>
      </trkpt>
      <trkpt lat="39.021358" lon="-106.242676">
        <ele>2693.0</ele>
      </trkpt>
      <trkpt lat="39.019222" lon="-106.239952">
        <ele>2700.0</ele>
      </trkpt>
      <trkpt lat="39.018665" lon="-106.239388">
        <ele>2699.0</ele>
      </trkpt>
      <trkpt lat="39.018246" lon="-106.23912">
        <ele>2698.0</ele>
      </trkpt>
      <trkpt lat="39.017414" lon="-106.238853">
        <ele>2699.0</ele>
      </trkpt>
      <trkpt lat="39.01701" lon="-106.238853">
        <ele>2700.0</ele>
      </trkpt>
      <trkpt lat="39.016144" lon="-106.239098">
        <ele>2703.0</ele>
      </trkpt>
      <trkpt lat="39.015793" lon="-106.239311">
        <ele>2705.0</ele>
      </trkpt>
      <trkpt lat="39.013096" lon="-106.241791">
        <ele>2697.0</ele>
      </trkpt>
      <trkpt lat="39.011787" lon="-106.242737">
        <ele>2689.0</ele>
      </trkpt>
      <trkpt lat="39.010956" lon="-106.24305">
        <ele>2686.0</ele>
      </trkpt>
      <trkpt lat="39.009819" lon="-106.243172">
        <ele>2685.0</ele>
      </trkpt>
      <trkpt lat="39.00898" lon="-106.243073">
        <ele>2680.0</ele>
      </trkpt>
      <trkpt lat="39.007786" lon="-106.24263">
        <ele>2676.0</ele>
      </trkpt>
      <trkpt lat="39.007038" lon="-106.242119">
        <ele>2675.0</ele>
      </trkpt>
      <trkpt lat="39.00444" lon="-106.239403">
        <ele>2667.0</ele>
      </trkpt>
      <trkpt lat="39.003799" lon="-106.238548">
        <ele>2666.0</ele>
      </trkpt>
      <trkpt lat="39.003101" lon="-106.237259">
        <ele>2666.0</ele>
      </trkpt>
      <trkpt lat="39.002712" lon="-106.236168">
        <ele>2667.0</ele>
      </trkpt>
      <trkpt lat="39.002384" lon="-106.234848">
        <ele>2669.0</ele>
      </trkpt>
      <trkpt lat="39.001602" lon="-106.227531">
        <ele>2667.0</ele>
      </trkpt>
      <trkpt lat="39.001423" lon="-106.226761">
        <ele>2663.0</ele>
      </trkpt>
      <trkpt lat="39.000904" lon="-106.225761">
        <ele>2656.0</ele>
      </trkpt>
      <trkpt lat="38.998013" lon="-106.222458">
        <ele>2646.0</ele>
      </trkpt>
      <trkpt lat="38.99744" lon="-106.222008">
        <ele>2648.0</ele>
      </trkpt>
      <trkpt lat="38.991581" lon="-106.22007">
        <ele>2642.0</ele>
      </trkpt>
      <trkpt lat="38.990215" lon="-106.219803">
        <ele>2642.0</ele>
      </trkpt>
      <trkpt lat="38.986713" lon="-106.219376">
        <ele>2640.0</ele>
      </trkpt>
      <trkpt lat="38.985458" lon="-106.218956">
        <ele>2641.0</ele>
      </trkpt>
      <trkpt lat="38.984615" lon="-106.218468">
        <ele>2639.0</ele>
      </trkpt>
      <trkpt lat="38.982597" lon="-106.21701">
        <ele>2634.0</ele>
      </trkpt>
      <trkpt lat="38.981304" lon="-106.216385">
        <ele>2627.0</ele>
      </trkpt>
      <trkpt lat="38.9776" lon="-106.21534">
        <ele>2615.0</ele>
      </trkpt>
      <trkpt lat="38.976345" lon="-106.214622">
        <ele>2614.0</ele>
      </trkpt>
      <trkpt lat="38.972557" lon="-106.211227">
        <ele>2613.0</ele>
      </trkpt>
      <trkpt lat="38.97044" lon="-106.208656">
        <ele>2609.0</ele>
      </trkpt>
      <trkpt lat="38.969704" lon="-106.207924">
        <ele>2606.0</ele>
      </trkpt>
      <trkpt lat="38.968807" lon="-106.207253">
        <ele>2605.0</ele>
      </trkpt>
      <trkpt lat="38.963276" lon="-106.204674">
        <ele>2591.0</ele>
      </trkpt>
      <trkpt lat="38.959332" lon="-106.202026">
        <ele>2580.0</ele>
      </trkpt>
      <trkpt lat="38.959278" lon="-106.201698">
        <ele>2579.0</ele>
      </trkpt>
      <trkpt lat="38.960888" lon="-106.198761">
        <ele>2578.0</ele>
      </trkpt>
      <trkpt lat="38.95919" lon="-106.198082">
        <ele>2574.0</ele>
      </trkpt>
      <trkpt lat="38.956196" lon="-106.194534">
        <ele>2569.0</ele>
      </trkpt>
      <trkpt lat="38.955162" lon="-106.193947">
        <ele>2565.0</ele>
      </trkpt>
      <trkpt lat="38.954441" lon="-106.193214">
        <ele>2565.0</ele>
      </trkpt>
      <trkpt lat="38.953491" lon="-106.192657">
        <ele>2565.0</ele>
      </trkpt>
      <trkpt lat="38.952873" lon="-106.192589">
        <ele>2562.0</ele>
      </trkpt>
      <trkpt lat="38.948185" lon="-106.190315">
        <ele>2554.0</ele>
      </trkpt>
      <trkpt lat="38.947453" lon="-106.189781">
        <ele>2554.0</ele>
      </trkpt>
      <trkpt lat="38.943661" lon="-106.186188">
        <ele>2549.0</ele>
      </trkpt>
      <trkpt lat="38.943081" lon="-106.185448">
        <ele>2550.0</ele>
      </trkpt>
      <trkpt lat="38.942661" lon="-106.184662">
        <ele>2548.0</ele>
      </trkpt>
      <trkpt lat="38.942257" lon="-106.183281">
        <ele>2548.0</ele>
      </trkpt>
      <trkpt lat="38.942009" lon="-106.182747">
        <ele>2548.0</ele>
      </trkpt>
      <trkpt lat="38.941292" lon="-106.181999">
        <ele>2549.0</ele>
      </trkpt>
      <trkpt lat="38.940975" lon="-106.181503">
        <ele>2550.0</ele>
      </trkpt>
      <trkpt lat="38.940533" lon="-106.180382">
        <ele>2545.0</ele>
      </trkpt>
      <trkpt lat="38.939674" lon="-106.179817">
        <ele>2544.0</ele>
      </trkpt>
      <trkpt lat="38.937" lon="-106.177399">
        <ele>2545.0</ele>
      </trkpt>
      <trkpt lat="38.934559" lon="-106.17598">
        <ele>2532.0</ele>
      </trkpt>
      <trkpt lat="38.933395" lon="-106.174873">
        <ele>2531.0</ele>
      </trkpt>
      <trkpt lat="38.932831" lon="-106.174019">
        <ele>2531.0</ele>
      </trkpt>
      <trkpt lat="38.929062" lon="-106.170471">
        <ele>2526.0</ele>
      </trkpt>
      <trkpt lat="38.92849" lon="-106.170135">
        <ele>2526.0</ele>
      </trkpt>
      <trkpt lat="38.925484" lon="-106.1689">
        <ele>2522.0</ele>
      </trkpt>
      <trkpt lat="38.924702" lon="-106.168915">
        <ele>2523.0</ele>
      </trkpt>
      <trkpt lat="38.922215" lon="-106.169693">
        <ele>2520.0</ele>
      </trkpt>
      <trkpt lat="38.921192" lon="-106.169579">
        <ele>2519.0</ele>
      </trkpt>
      <trkpt lat="38.920673" lon="-106.169273">
        <ele>2519.0</ele>
      </trkpt>
      <trkpt lat="38.908764" lon="-106.160004">
        <ele>2509.0</ele>
      </trkpt>
      <trkpt lat="38.90715" lon="-106.159218">
        <ele>2508.0</ele>
      </trkpt>
      <trkpt lat="38.895485" lon="-106.155724">
        <ele>2490.0</ele>
      </trkpt>
      <trkpt lat="38.893272" lon="-106.155174">
        <ele>2486.0</ele>
      </trkpt>
      <trkpt lat="38.89151" lon="-106.154915">
        <ele>2485.0</ele>
      </trkpt>
      <trkpt lat="38.889774" lon="-106.154442">
        <ele>2482.0</ele>
      </trkpt>
      <trkpt lat="38.887112" lon="-106.153404">
        <ele>2475.0</ele>
      </trkpt>
      <trkpt lat="38.886642" lon="-106.15313">
        <ele>2474.0</ele>
      </trkpt>
      <trkpt lat="38.881203" lon="-106.148811">
        <ele>2469.0</ele>
      </trkpt>
      <trkpt lat="38.877487" lon="-106.146576">
        <ele>2463.0</ele>
      </trkpt>
      <trkpt lat="38.876877" lon="-106.146088">
        <ele>2462.6</ele>
      </trkpt>
      <trkpt lat="38.874996" lon="-106.145081">
        <ele>2461.5</ele>
      </trkpt>
      <trkpt lat="38.872272" lon="-106.143326">
        <ele>2460.0</ele>
      </trkpt>
      <trkpt lat="38.87149" lon="-106.142471">
        <ele>2460.0</ele>
      </trkpt>
      <trkpt lat="38.869267" lon="-106.139137">
        <ele>2460.0</ele>
      </trkpt>
      <trkpt lat="38.868946" lon="-106.138832">
        <ele>2458.0</ele>
      </trkpt>
      <trkpt lat="38.868687" lon="-106.138817">
        <ele>2458.0</ele>
      </trkpt>
      <trkpt lat="38.868015" lon="-106.139099">
        <ele>2451.0</ele>
      </trkpt>
      <trkpt lat="38.866852" lon="-106.138397">
        <ele>2450.0</ele>
      </trkpt>
      <trkpt lat="38.866341" lon="-106.138351">
        <ele>2447.0</ele>
      </trkpt>
      <trkpt lat="38.866184" lon="-106.138451">
        <ele>2445.0</ele>
      </trkpt>
      <trkpt lat="38.865814" lon="-106.139069">
        <ele>2446.0</ele>
      </trkpt>
      <trkpt lat="38.865452" lon="-106.13932">
        <ele>2449.0</ele>
      </trkpt>
      <trkpt lat="38.863987" lon="-106.139153">
        <ele>2447.0</ele>
      </trkpt>
      <trkpt lat="38.863071" lon="-106.138916">
        <ele>2446.0</ele>
      </trkpt>
      <trkpt lat="38.861801" lon="-106.13958">
        <ele>2442.0</ele>
      </trkpt>
      <trkpt lat="38.861336" lon="-106.139664">
        <ele>2440.0</ele>
      </trkpt>
      <trkpt lat="38.859394" lon="-106.139252">
        <ele>2444.0</ele>
      </trkpt>
      <trkpt lat="38.855915" lon="-106.13755">
        <ele>2443.0</ele>
      </trkpt>
      <trkpt lat="38.855358" lon="-106.136971">
        <ele>2442.0</ele>
      </trkpt>
      <trkpt lat="38.854401" lon="-106.135239">
        <ele>2440.0</ele>
      </trkpt>
      <trkpt lat="38.853203" lon="-106.134384">
        <ele>2437.0</ele>
      </trkpt>
      <trkpt lat="38.8428" lon="-106.129356">
        <ele>2425.0</ele>
      </trkpt>
      <trkpt lat="38.837341" lon="-106.147781">
        <ele>2445.0</ele>
      </trkpt>
      <trkpt lat="38.835617" lon="-106.153885">
        <ele>2456.0</ele>
      </trkpt>
      <trkpt lat="38.832935" lon="-106.166504">
        <ele>2475.0</ele>
      </trkpt>
      <trkpt lat="38.83252" lon="-106.167648">
        <ele>2477.0</ele>
      </trkpt>
      <trkpt lat="38.826607" lon="-106.179863">
        <ele>2501.0</ele>
      </trkpt>
      <trkpt lat="38.825867" lon="-106.181213">
        <ele>2505.0</ele>
      </trkpt>
      <trkpt lat="38.820873" lon="-106.188744">
        <ele>2523.0</ele>
      </trkpt>
      <trkpt lat="38.817158" lon="-106.196106">
        <ele>2542.0</ele>
      </trkpt>
      <trkpt lat="38.816593" lon="-106.197472">
        <ele>2546.0</ele>
      </trkpt>
      <trkpt lat="38.81237" lon="-106.209824">
        <ele>2585.0</ele>
      </trkpt>
      <trkpt lat="38.812077" lon="-106.212021">
        <ele>2590.0</ele>
      </trkpt>
      <trkpt lat="38.812172" lon="-106.21479">
        <ele>2600.0</ele>
      </trkpt>
      <trkpt lat="38.810795" lon="-106.217178">
        <ele>2613.0</ele>
      </trkpt>
      <trkpt lat="38.810787" lon="-106.217941">
        <ele>2617.0</ele>
      </trkpt>
      <trkpt lat="38.811047" lon="-106.219383">
        <ele>2622.0</ele>
      </trkpt>
      <trkpt lat="38.810852" lon="-106.221649">
        <ele>2629.0</ele>
      </trkpt>
      <trkpt lat="38.810612" lon="-106.222328">
        <ele>2632.0</ele>
      </trkpt>
      <trkpt lat="38.811043" lon="-106.223854">
        <ele>2643.0</ele>
      </trkpt>
      <trkpt lat="38.811077" lon="-106.224533">
        <ele>2646.0</ele>
      </trkpt>
      <trkpt lat="38.811508" lon="-106.225449">
        <ele>2650.0</ele>
      </trkpt>
      <trkpt lat="38.811794" lon="-106.226501">
        <ele>2655.0</ele>
      </trkpt>
      <trkpt lat="38.81179" lon="-106.227272">
        <ele>2661.0</ele>
      </trkpt>
      <trkpt lat="38.811344" lon="-106.227997">
        <ele>2668.0</ele>
      </trkpt>
      <trkpt lat="38.810513" lon="-106.228806">
        <ele>2682.0</ele>
      </trkpt>
      <trkpt lat="38.810375" lon="-106.22953">
        <ele>2692.0</ele>
      </trkpt>
      <trkpt lat="38.809608" lon="-106.230202">
        <ele>2703.0</ele>
      </trkpt>
      <trkpt lat="38.809547" lon="-106.230385">
        <ele>2705.0</ele>
      </trkpt>
      <trkpt lat="38.809696" lon="-106.23056">
        <ele>2705.0</ele>
      </trkpt>
      <trkpt lat="38.809704" lon="-106.230713">
        <ele>2704.0</ele>
      </trkpt>
      <trkpt lat="38.808475" lon="-106.232849">
        <ele>2707.0</ele>
      </trkpt>
      <trkpt lat="38.808445" lon="-106.233269">
        <ele>2707.0</ele>
      </trkpt>
      <trkpt lat="38.807137" lon="-106.234756">
        <ele>2702.0</ele>
      </trkpt>
      <trkpt lat="38.806747" lon="-106.235443">
        <ele>2698.0</ele>
      </trkpt>
      <trkpt lat="38.805798" lon="-106.236176">
        <ele>2703.0</ele>
      </trkpt>
      <trkpt lat="38.805077" lon="-106.237282">
        <ele>2700.0</ele>
      </trkpt>
      <trkpt lat="38.804268" lon="-106.237885">
        <ele>2706.0</ele>
      </trkpt>
      <trkpt lat="38.804455" lon="-106.237282">
        <ele>2710.0</ele>
      </trkpt>
      <trkpt lat="38.805256" lon="-106.236534">
        <ele>2709.0</ele>
      </trkpt>
      <trkpt lat="38.805302" lon="-106.23632">
        <ele>2712.0</ele>
      </trkpt>
      <trkpt lat="38.804901" lon="-106.236557">
        <ele>2716.0</ele>
      </trkpt>
      <trkpt lat="38.804462" lon="-106.236488">
        <ele>2726.0</ele>
      </trkpt>
      <trkpt lat="38.804142" lon="-106.236565">
        <ele>2731.0</ele>
      </trkpt>
      <trkpt lat="38.804295" lon="-106.236305">
        <ele>2734.0</ele>
      </trkpt>
      <trkpt lat="38.804176" lon="-106.236244">
        <ele>2738.0</ele>
      </trkpt>
      <trkpt lat="38.803783" lon="-106.236404">
        <ele>2744.0</ele>
      </trkpt>
      <trkpt lat="38.802837" lon="-106.23764">
        <ele>2750.0</ele>
      </trkpt>
      <trkpt lat="38.802711" lon="-106.237633">
        <ele>2753.0</ele>
      </trkpt>
      <trkpt lat="38.802135" lon="-106.238327">
        <ele>2760.0</ele>
      </trkpt>
      <trkpt lat="38.801785" lon="-106.23838">
        <ele>2765.0</ele>
      </trkpt>
      <trkpt lat="38.80188" lon="-106.237724">
        <ele>2777.0</ele>
      </trkpt>
      <trkpt lat="38.801998" lon="-106.237587">
        <ele>2779.0</ele>
      </trkpt>
      <trkpt lat="38.802223" lon="-106.236687">
        <ele>2796.0</ele>
      </trkpt>
      <trkpt lat="38.802559" lon="-106.236053">
        <ele>2799.0</ele>
      </trkpt>
      <trkpt lat="38.802509" lon="-106.235817">
        <ele>2805.0</ele>
      </trkpt>
      <trkpt lat="38.802738" lon="-106.235054">
        <ele>2806.0</ele>
      </trkpt>
      <trkpt lat="38.802601" lon="-106.234879">
        <ele>2808.0</ele>
      </trkpt>
      <trkpt lat="38.802273" lon="-106.23494">
        <ele>2812.0</ele>
      </trkpt>
      <trkpt lat="38.802189" lon="-106.234543">
        <ele>2815.0</ele>
      </trkpt>
      <trkpt lat="38.801666" lon="-106.234261">
        <ele>2819.0</ele>
      </trkpt>
      <trkpt lat="38.801449" lon="-106.23394">
        <ele>2821.0</ele>
      </trkpt>
      <trkpt lat="38.801285" lon="-106.233917">
        <ele>2822.0</ele>
      </trkpt>
      <trkpt lat="38.800838" lon="-106.234329">
        <ele>2827.0</ele>
      </trkpt>
      <trkpt lat="38.800766" lon="-106.234512">
        <ele>2829.0</ele>
      </trkpt>
      <trkpt lat="38.799953" lon="-106.23526">
        <ele>2836.0</ele>
      </trkpt>
      <trkpt lat="38.799316" lon="-106.235527">
        <ele>2845.0</ele>
      </trkpt>
      <trkpt lat="38.799179" lon="-106.235725">
        <ele>2849.0</ele>
      </trkpt>
      <trkpt lat="38.79903" lon="-106.235596">
        <ele>2852.0</ele>
      </trkpt>
      <trkpt lat="38.798576" lon="-106.23584">
        <ele>2860.0</ele>
      </trkpt>
      <trkpt lat="38.798294" lon="-106.236359">
        <ele>2866.0</ele>
      </trkpt>
      <trkpt lat="38.798027" lon="-106.236557">
        <ele>2870.0</ele>
      </trkpt>
      <trkpt lat="38.79747" lon="-106.237518">
        <ele>2882.0</ele>
      </trkpt>
      <trkpt lat="38.796734" lon="-106.237198">
        <ele>2890.0</ele>
      </trkpt>
      <trkpt lat="38.796364" lon="-106.236633">
        <ele>2891.0</ele>
      </trkpt>
      <trkpt lat="38.795647" lon="-106.236298">
        <ele>2901.0</ele>
      </trkpt>
      <trkpt lat="38.795792" lon="-106.236122">
        <ele>2899.0</ele>
      </trkpt>
      <trkpt lat="38.795727" lon="-106.235992">
        <ele>2902.0</ele>
      </trkpt>
      <trkpt lat="38.79538" lon="-106.235985">
        <ele>2908.0</ele>
      </trkpt>
      <trkpt lat="38.794868" lon="-106.23571">
        <ele>2917.0</ele>
      </trkpt>
      <trkpt lat="38.794933" lon="-106.234825">
        <ele>2930.0</ele>
      </trkpt>
      <trkpt lat="38.795109" lon="-106.234444">
        <ele>2935.0</ele>
      </trkpt>
      <trkpt lat="38.795761" lon="-106.234146">
        <ele>2942.0</ele>
      </trkpt>
      <trkpt lat="38.795471" lon="-106.233849">
        <ele>2950.0</ele>
      </trkpt>
      <trkpt lat="38.795708" lon="-106.233154">
        <ele>2959.0</ele>
      </trkpt>
      <trkpt lat="38.795914" lon="-106.232956">
        <ele>2958.0</ele>
      </trkpt>
      <trkpt lat="38.796009" lon="-106.232681">
        <ele>2959.0</ele>
      </trkpt>
      <trkpt lat="38.795929" lon="-106.231544">
        <ele>2965.0</ele>
      </trkpt>
      <trkpt lat="38.796021" lon="-106.230942">
        <ele>2966.0</ele>
      </trkpt>
      <trkpt lat="38.795723" lon="-106.230049">
        <ele>2964.0</ele>
      </trkpt>
      <trkpt lat="38.795948" lon="-106.229462">
        <ele>2969.0</ele>
      </trkpt>
      <trkpt lat="38.795372" lon="-106.229546">
        <ele>2981.0</ele>
      </trkpt>
      <trkpt lat="38.795052" lon="-106.229317">
        <ele>2989.0</ele>
      </trkpt>
      <trkpt lat="38.794556" lon="-106.228279">
        <ele>3004.0</ele>
      </trkpt>
      <trkpt lat="38.794537" lon="-106.228065">
        <ele>3006.0</ele>
      </trkpt>
      <trkpt lat="38.793941" lon="-106.227165">
        <ele>3011.0</ele>
      </trkpt>
      <trkpt lat="38.793682" lon="-106.226143">
        <ele>3006.0</ele>
      </trkpt>
      <trkpt lat="38.793087" lon="-106.225731">
        <ele>3009.0</ele>
      </trkpt>
      <trkpt lat="38.792824" lon="-106.225258">
        <ele>3005.0</ele>
      </trkpt>
      <trkpt lat="38.792149" lon="-106.224846">
        <ele>3000.0</ele>
      </trkpt>
      <trkpt lat="38.791836" lon="-106.224831">
        <ele>3000.0</ele>
      </trkpt>
      <trkpt lat="38.791348" lon="-106.224449">
        <ele>2996.0</ele>
      </trkpt>
      <trkpt lat="38.791187" lon="-106.224525">
        <ele>2999.0</ele>
      </trkpt>
      <trkpt lat="38.790909" lon="-106.22438">
        <ele>2997.0</ele>
      </trkpt>
      <trkpt lat="38.788105" lon="-106.224098">
        <ele>3006.0</ele>
      </trkpt>
      <trkpt lat="38.788101" lon="-106.223595">
        <ele>3011.0</ele>
      </trkpt>
      <trkpt lat="38.78828" lon="-106.223274">
        <ele>3008.0</ele>
      </trkpt>
      <trkpt lat="38.788498" lon="-106.222374">
        <ele>3016.0</ele>
      </trkpt>
      <trkpt lat="38.788918" lon="-106.22171">
        <ele>3017.0</ele>
      </trkpt>
      <trkpt lat="38.789047" lon="-106.221237">
        <ele>3014.0</ele>
      </trkpt>
      <trkpt lat="38.788998" lon="-106.220695">
        <ele>3012.0</ele>
      </trkpt>
      <trkpt lat="38.788807" lon="-106.220337">
        <ele>3011.0</ele>
      </trkpt>
      <trkpt lat="38.788219" lon="-106.220093">
        <ele>3009.0</ele>
      </trkpt>
      <trkpt lat="38.787865" lon="-106.220428">
        <ele>3015.0</ele>
      </trkpt>
      <trkpt lat="38.787144" lon="-106.220627">
        <ele>3016.0</ele>
      </trkpt>
      <trkpt lat="38.786701" lon="-106.220901">
        <ele>3017.0</ele>
      </trkpt>
      <trkpt lat="38.786152" lon="-106.221695">
        <ele>3017.0</ele>
      </trkpt>
      <trkpt lat="38.785931" lon="-106.221848">
        <ele>3017.0</ele>
      </trkpt>
      <trkpt lat="38.784477" lon="-106.221901">
        <ele>3015.0</ele>
      </trkpt>
      <trkpt lat="38.783592" lon="-106.222603">
        <ele>3017.0</ele>
      </trkpt>
      <trkpt lat="38.783199" lon="-106.222717">
        <ele>3020.0</ele>
      </trkpt>
      <trkpt lat="38.783188" lon="-106.222549">
        <ele>3016.0</ele>
      </trkpt>
      <trkpt lat="38.783096" lon="-106.222511">
        <ele>3017.0</ele>
      </trkpt>
      <trkpt lat="38.782185" lon="-106.220726">
        <ele>3016.0</ele>
      </trkpt>
      <trkpt lat="38.781563" lon="-106.2202">
        <ele>3017.0</ele>
      </trkpt>
      <trkpt lat="38.781269" lon="-106.220177">
        <ele>3018.0</ele>
      </trkpt>
      <trkpt lat="38.780113" lon="-106.220749">
        <ele>3026.0</ele>
      </trkpt>
      <trkpt lat="38.779324" lon="-106.220406">
        <ele>3026.0</ele>
      </trkpt>
      <trkpt lat="38.778408" lon="-106.220505">
        <ele>3026.0</ele>
      </trkpt>
      <trkpt lat="38.778049" lon="-106.220245">
        <ele>3028.0</ele>
      </trkpt>
      <trkpt lat="38.777889" lon="-106.219887">
        <ele>3029.0</ele>
      </trkpt>
      <trkpt lat="38.777672" lon="-106.219711">
        <ele>3028.0</ele>
      </trkpt>
      <trkpt lat="38.777397" lon="-106.219704">
        <ele>3024.0</ele>
      </trkpt>
      <trkpt lat="38.777164" lon="-106.220207">
        <ele>3028.0</ele>
      </trkpt>
      <trkpt lat="38.776974" lon="-106.220383">
        <ele>3028.0</ele>
      </trkpt>
      <trkpt lat="38.776634" lon="-106.219742">
        <ele>3030.0</ele>
      </trkpt>
      <trkpt lat="38.776119" lon="-106.218239">
        <ele>3043.0</ele>
      </trkpt>
      <trkpt lat="38.776249" lon="-106.217453">
        <ele>3044.0</ele>
      </trkpt>
      <trkpt lat="38.776199" lon="-106.216171">
        <ele>3049.0</ele>
      </trkpt>
      <trkpt lat="38.776009" lon="-106.215767">
        <ele>3051.0</ele>
      </trkpt>
      <trkpt lat="38.775276" lon="-106.215042">
        <ele>3058.0</ele>
      </trkpt>
      <trkpt lat="38.774956" lon="-106.214935">
        <ele>3056.0</ele>
      </trkpt>
      <trkpt lat="38.774693" lon="-106.215019">
        <ele>3055.0</ele>
      </trkpt>
      <trkpt lat="38.774242" lon="-106.215401">
        <ele>3056.0</ele>
      </trkpt>
      <trkpt lat="38.773651" lon="-106.215546">
        <ele>3051.0</ele>
      </trkpt>
      <trkpt lat="38.773014" lon="-106.215057">
        <ele>3048.0</ele>
      </trkpt>
      <trkpt lat="38.7729" lon="-106.214615">
        <ele>3044.0</ele>
      </trkpt>
      <trkpt lat="38.772713" lon="-106.214699">
        <ele>3048.0</ele>
      </trkpt>
      <trkpt lat="38.772682" lon="-106.214546">
        <ele>3048.0</ele>
      </trkpt>
      <trkpt lat="38.772007" lon="-106.213852">
        <ele>3048.0</ele>
      </trkpt>
      <trkpt lat="38.772064" lon="-106.213463">
        <ele>3048.0</ele>
      </trkpt>
      <trkpt lat="38.772362" lon="-106.213226">
        <ele>3041.0</ele>
      </trkpt>
      <trkpt lat="38.772602" lon="-106.21273">
        <ele>3034.0</ele>
      </trkpt>
      <trkpt lat="38.77261" lon="-106.212158">
        <ele>3037.0</ele>
      </trkpt>
      <trkpt lat="38.772499" lon="-106.211723">
        <ele>3040.0</ele>
      </trkpt>
      <trkpt lat="38.772129" lon="-106.21122">
        <ele>3037.0</ele>
      </trkpt>
      <trkpt lat="38.771408" lon="-106.210602">
        <ele>3035.0</ele>
      </trkpt>
      <trkpt lat="38.770885" lon="-106.210434">
        <ele>3032.0</ele>
      </trkpt>
      <trkpt lat="38.770279" lon="-106.210625">
        <ele>3029.0</ele>
      </trkpt>
      <trkpt lat="38.769554" lon="-106.210533">
        <ele>3026.0</ele>
      </trkpt>
      <trkpt lat="38.769245" lon="-106.209641">
        <ele>3019.0</ele>
      </trkpt>
      <trkpt lat="38.768871" lon="-106.209145">
        <ele>3021.0</ele>
      </trkpt>
      <trkpt lat="38.768452" lon="-106.208183">
        <ele>3011.0</ele>
      </trkpt>
      <trkpt lat="38.768131" lon="-106.207832">
        <ele>3011.0</ele>
      </trkpt>
      <trkpt lat="38.76778" lon="-106.207176">
        <ele>3002.0</ele>
      </trkpt>
      <trkpt lat="38.766918" lon="-106.206207">
        <ele>2988.0</ele>
      </trkpt>
      <trkpt lat="38.766201" lon="-106.205948">
        <ele>2980.0</ele>
      </trkpt>
      <trkpt lat="38.765968" lon="-106.206017">
        <ele>2982.0</ele>
      </trkpt>
      <trkpt lat="38.765644" lon="-106.205612">
        <ele>2979.0</ele>
      </trkpt>
      <trkpt lat="38.765358" lon="-106.204765">
        <ele>2967.0</ele>
      </trkpt>
      <trkpt lat="38.764942" lon="-106.204147">
        <ele>2961.0</ele>
      </trkpt>
      <trkpt lat="38.764126" lon="-106.203789">
        <ele>2959.0</ele>
      </trkpt>
      <trkpt lat="38.763706" lon="-106.204063">
        <ele>2960.0</ele>
      </trkpt>
      <trkpt lat="38.763428" lon="-106.203232">
        <ele>2947.0</ele>
      </trkpt>
      <trkpt lat="38.763039" lon="-106.202499">
        <ele>2938.0</ele>
      </trkpt>
      <trkpt lat="38.762798" lon="-106.20224">
        <ele>2937.0</ele>
      </trkpt>
      <trkpt lat="38.761868" lon="-106.201843">
        <ele>2926.0</ele>
      </trkpt>
      <trkpt lat="38.76128" lon="-106.201843">
        <ele>2919.0</ele>
      </trkpt>
      <trkpt lat="38.761108" lon="-106.201714">
        <ele>2916.0</ele>
      </trkpt>
      <trkpt lat="38.761112" lon="-106.201088">
        <ele>2914.0</ele>
      </trkpt>
      <trkpt lat="38.761215" lon="-106.200668">
        <ele>2910.0</ele>
      </trkpt>
      <trkpt lat="38.760925" lon="-106.199577">
        <ele>2916.0</ele>
      </trkpt>
      <trkpt lat="38.760937" lon="-106.199265">
        <ele>2914.0</ele>
      </trkpt>
      <trkpt lat="38.760555" lon="-106.198578">
        <ele>2912.0</ele>
      </trkpt>
      <trkpt lat="38.760281" lon="-106.198494">
        <ele>2912.0</ele>
      </trkpt>
      <trkpt lat="38.759869" lon="-106.198639">
        <ele>2913.0</ele>
      </trkpt>
      <trkpt lat="38.759335" lon="-106.198524">
        <ele>2914.0</ele>
      </trkpt>
      <trkpt lat="38.758671" lon="-106.198868">
        <ele>2909.0</ele>
      </trkpt>
      <trkpt lat="38.758373" lon="-106.19915">
        <ele>2903.0</ele>
      </trkpt>
      <trkpt lat="38.758106" lon="-106.199226">
        <ele>2906.0</ele>
      </trkpt>
      <trkpt lat="38.758179" lon="-106.199158">
        <ele>2904.0</ele>
      </trkpt>
      <trkpt lat="38.758114" lon="-106.198746">
        <ele>2904.0</ele>
      </trkpt>
      <trkpt lat="38.757847" lon="-106.198715">
        <ele>2910.0</ele>
      </trkpt>
      <trkpt lat="38.75774" lon="-106.198837">
        <ele>2913.0</ele>
      </trkpt>
      <trkpt lat="38.757767" lon="-106.198967">
        <ele>2915.0</ele>
      </trkpt>
      <trkpt lat="38.75771" lon="-106.198837">
        <ele>2913.0</ele>
      </trkpt>
      <trkpt lat="38.757065" lon="-106.199158">
        <ele>2914.0</ele>
      </trkpt>
      <trkpt lat="38.756489" lon="-106.198982">
        <ele>2919.0</ele>
      </trkpt>
      <trkpt lat="38.756596" lon="-106.198738">
        <ele>2917.0</ele>
      </trkpt>
      <trkpt lat="38.756237" lon="-106.198517">
        <ele>2928.0</ele>
      </trkpt>
      <trkpt lat="38.755993" lon="-106.19812">
        <ele>2930.0</ele>
      </trkpt>
      <trkpt lat="38.755852" lon="-106.197632">
        <ele>2933.0</ele>
      </trkpt>
      <trkpt lat="38.754913" lon="-106.197418">
        <ele>2935.0</ele>
      </trkpt>
      <trkpt lat="38.754681" lon="-106.197594">
        <ele>2938.0</ele>
      </trkpt>
      <trkpt lat="38.754635" lon="-106.198257">
        <ele>2944.0</ele>
      </trkpt>
      <trkpt lat="38.754498" lon="-106.198624">
        <ele>2943.0</ele>
      </trkpt>
      <trkpt lat="38.753757" lon="-106.198112">
        <ele>2945.0</ele>
      </trkpt>
      <trkpt lat="38.753735" lon="-106.197968">
        <ele>2943.0</ele>
      </trkpt>
      <trkpt lat="38.753498" lon="-106.197777">
        <ele>2946.0</ele>
      </trkpt>
      <trkpt lat="38.753361" lon="-106.196541">
        <ele>2943.0</ele>
      </trkpt>
      <trkpt lat="38.75293" lon="-106.195938">
        <ele>2942.0</ele>
      </trkpt>
      <trkpt lat="38.752773" lon="-106.195885">
        <ele>2944.0</ele>
      </trkpt>
      <trkpt lat="38.752663" lon="-106.194366">
        <ele>2938.0</ele>
      </trkpt>
      <trkpt lat="38.751999" lon="-106.192467">
        <ele>2934.0</ele>
      </trkpt>
      <trkpt lat="38.751675" lon="-106.191803">
        <ele>2935.0</ele>
      </trkpt>
      <trkpt lat="38.750809" lon="-106.190567">
        <ele>2933.0</ele>
      </trkpt>
      <trkpt lat="38.750637" lon="-106.190102">
        <ele>2923.0</ele>
      </trkpt>
      <trkpt lat="38.749889" lon="-106.189636">
        <ele>2918.0</ele>
      </trkpt>
      <trkpt lat="38.748894" lon="-106.18956">
        <ele>2906.0</ele>
      </trkpt>
      <trkpt lat="38.748573" lon="-106.189438">
        <ele>2900.0</ele>
      </trkpt>
      <trkpt lat="38.7486" lon="-106.189293">
        <ele>2898.0</ele>
      </trkpt>
      <trkpt lat="38.747967" lon="-106.187729">
        <ele>2895.0</ele>
      </trkpt>
      <trkpt lat="38.747398" lon="-106.187202">
        <ele>2888.0</ele>
      </trkpt>
      <trkpt lat="38.746769" lon="-106.187141">
        <ele>2885.0</ele>
      </trkpt>
      <trkpt lat="38.746666" lon="-106.187027">
        <ele>2881.0</ele>
      </trkpt>
      <trkpt lat="38.746597" lon="-106.186661">
        <ele>2877.0</ele>
      </trkpt>
      <trkpt lat="38.746037" lon="-106.185905">
        <ele>2868.0</ele>
      </trkpt>
      <trkpt lat="38.745354" lon="-106.185265">
        <ele>2859.0</ele>
      </trkpt>
      <trkpt lat="38.744747" lon="-106.185051">
        <ele>2854.0</ele>
      </trkpt>
      <trkpt lat="38.744499" lon="-106.185074">
        <ele>2854.0</ele>
      </trkpt>
      <trkpt lat="38.744213" lon="-106.184875">
        <ele>2849.0</ele>
      </trkpt>
      <trkpt lat="38.744133" lon="-106.184532">
        <ele>2842.0</ele>
      </trkpt>
      <trkpt lat="38.743618" lon="-106.183548">
        <ele>2832.0</ele>
      </trkpt>
      <trkpt lat="38.743137" lon="-106.183311">
        <ele>2830.0</ele>
      </trkpt>
      <trkpt lat="38.742832" lon="-106.182968">
        <ele>2825.0</ele>
      </trkpt>
      <trkpt lat="38.742088" lon="-106.182777">
        <ele>2819.0</ele>
      </trkpt>
      <trkpt lat="38.741043" lon="-106.18161">
        <ele>2801.0</ele>
      </trkpt>
      <trkpt lat="38.741062" lon="-106.181488">
        <ele>2798.0</ele>
      </trkpt>
      <trkpt lat="38.741386" lon="-106.181519">
        <ele>2793.0</ele>
      </trkpt>
      <trkpt lat="38.741776" lon="-106.181732">
        <ele>2792.0</ele>
      </trkpt>
      <trkpt lat="38.741898" lon="-106.181564">
        <ele>2788.0</ele>
      </trkpt>
      <trkpt lat="38.741814" lon="-106.181297">
        <ele>2783.0</ele>
      </trkpt>
      <trkpt lat="38.740993" lon="-106.180183">
        <ele>2766.0</ele>
      </trkpt>
      <trkpt lat="38.740372" lon="-106.179092">
        <ele>2752.0</ele>
      </trkpt>
      <trkpt lat="38.740063" lon="-106.177673">
        <ele>2742.0</ele>
      </trkpt>
      <trkpt lat="38.740074" lon="-106.177315">
        <ele>2739.0</ele>
      </trkpt>
      <trkpt lat="38.739971" lon="-106.176979">
        <ele>2736.0</ele>
      </trkpt>
      <trkpt lat="38.739986" lon="-106.175621">
        <ele>2725.0</ele>
      </trkpt>
      <trkpt lat="38.739067" lon="-106.165558">
        <ele>2649.0</ele>
      </trkpt>
      <trkpt lat="38.739113" lon="-106.165024">
        <ele>2646.0</ele>
      </trkpt>
      <trkpt lat="38.73946" lon="-106.164497">
        <ele>2642.0</ele>
      </trkpt>
      <trkpt lat="38.740467" lon="-106.164032">
        <ele>2637.0</ele>
      </trkpt>
      <trkpt lat="38.742516" lon="-106.162682">
        <ele>2628.0</ele>
      </trkpt>
      <trkpt lat="38.74263" lon="-106.162453">
        <ele>2626.0</ele>
      </trkpt>
      <trkpt lat="38.742538" lon="-106.162048">
        <ele>2624.0</ele>
      </trkpt>
      <trkpt lat="38.742287" lon="-106.161781">
        <ele>2624.0</ele>
      </trkpt>
      <trkpt lat="38.739952" lon="-106.161209">
        <ele>2618.0</ele>
      </trkpt>
      <trkpt lat="38.739616" lon="-106.161041">
        <ele>2617.0</ele>
      </trkpt>
      <trkpt lat="38.739273" lon="-106.160698">
        <ele>2616.0</ele>
      </trkpt>
      <trkpt lat="38.73909" lon="-106.160248">
        <ele>2614.0</ele>
      </trkpt>
      <trkpt lat="38.738293" lon="-106.155762">
        <ele>2592.0</ele>
      </trkpt>
      <trkpt lat="38.738125" lon="-106.155548">
        <ele>2590.0</ele>
      </trkpt>
      <trkpt lat="38.737888" lon="-106.155502">
        <ele>2589.0</ele>
      </trkpt>
      <trkpt lat="38.737602" lon="-106.155708">
        <ele>2588.0</ele>
      </trkpt>
      <trkpt lat="38.736496" lon="-106.157043">
        <ele>2575.0</ele>
      </trkpt>
      <trkpt lat="38.736366" lon="-106.157318">
        <ele>2572.0</ele>
      </trkpt>
      <trkpt lat="38.736359" lon="-106.158325">
        <ele>2566.0</ele>
      </trkpt>
      <trkpt lat="38.735973" lon="-106.159859">
        <ele>2558.0</ele>
      </trkpt>
      <trkpt lat="38.735458" lon="-106.162903">
        <ele>2539.0</ele>
      </trkpt>
      <trkpt lat="38.735489" lon="-106.16375">
        <ele>2531.0</ele>
      </trkpt>
      <trkpt lat="38.735405" lon="-106.164047">
        <ele>2528.0</ele>
      </trkpt>
      <trkpt lat="38.735222" lon="-106.164261">
        <ele>2525.0</ele>
      </trkpt>
      <trkpt lat="38.734978" lon="-106.164337">
        <ele>2521.0</ele>
      </trkpt>
      <trkpt lat="38.733631" lon="-106.164017">
        <ele>2506.0</ele>
      </trkpt>
      <trkpt lat="38.733101" lon="-106.16452">
        <ele>2501.0</ele>
      </trkpt>
      <trkpt lat="38.732861" lon="-106.16449">
        <ele>2500.0</ele>
      </trkpt>
      <trkpt lat="38.73246" lon="-106.16909">
        <ele>2504.0</ele>
      </trkpt>
      <trkpt lat="38.732414" lon="-106.170647">
        <ele>2501.0</ele>
      </trkpt>
      <trkpt lat="38.731606" lon="-106.173195">
        <ele>2510.0</ele>
      </trkpt>
      <trkpt lat="38.731171" lon="-106.173706">
        <ele>2517.0</ele>
      </trkpt>
      <trkpt lat="38.730171" lon="-106.174301">
        <ele>2526.0</ele>
      </trkpt>
      <trkpt lat="38.727383" lon="-106.174873">
        <ele>2534.0</ele>
      </trkpt>
      <trkpt lat="38.726215" lon="-106.175285">
        <ele>2533.0</ele>
      </trkpt>
      <trkpt lat="38.725761" lon="-106.175583">
        <ele>2533.0</ele>
      </trkpt>
      <trkpt lat="38.724617" lon="-106.176895">
        <ele>2535.0</ele>
      </trkpt>
      <trkpt lat="38.723728" lon="-106.178192">
        <ele>2535.0</ele>
      </trkpt>
      <trkpt lat="38.720905" lon="-106.183159">
        <ele>2527.0</ele>
      </trkpt>
      <trkpt lat="38.720634" lon="-106.183968">
        <ele>2527.0</ele>
      </trkpt>
      <trkpt lat="38.720097" lon="-106.186394">
        <ele>2531.0</ele>
      </trkpt>
      <trkpt lat="38.719303" lon="-106.190895">
        <ele>2538.0</ele>
      </trkpt>
      <trkpt lat="38.718239" lon="-106.193962">
        <ele>2542.0</ele>
      </trkpt>
      <trkpt lat="38.717751" lon="-106.196274">
        <ele>2547.0</ele>
      </trkpt>
      <trkpt lat="38.717342" lon="-106.197441">
        <ele>2549.0</ele>
      </trkpt>
      <trkpt lat="38.716816" lon="-106.199898">
        <ele>2555.0</ele>
      </trkpt>
      <trkpt lat="38.716404" lon="-106.200287">
        <ele>2555.4</ele>
      </trkpt>
      <trkpt lat="38.716496" lon="-106.200218">
        <ele>2555.5</ele>
      </trkpt>
      <trkpt lat="38.716396" lon="-106.200272">
        <ele>2555.6</ele>
      </trkpt>
      <trkpt lat="38.716442" lon="-106.200417">
        <ele>2555.8</ele>
      </trkpt>
      <trkpt lat="38.716339" lon="-106.200638">
        <ele>2556.0</ele>
      </trkpt>
      <trkpt lat="38.716187" lon="-106.20063">
        <ele>2559.0</ele>
      </trkpt>
      <trkpt lat="38.716061" lon="-106.200218">
        <ele>2563.0</ele>
      </trkpt>
      <trkpt lat="38.715855" lon="-106.200043">
        <ele>2566.0</ele>
      </trkpt>
      <trkpt lat="38.715603" lon="-106.199371">
        <ele>2570.0</ele>
      </trkpt>
      <trkpt lat="38.715008" lon="-106.198837">
        <ele>2574.0</ele>
      </trkpt>
      <trkpt lat="38.714973" lon="-106.198448">
        <ele>2575.0</ele>
      </trkpt>
      <trkpt lat="38.714584" lon="-106.197937">
        <ele>2579.0</ele>
      </trkpt>
      <trkpt lat="38.714424" lon="-106.197975">
        <ele>2581.0</ele>
      </trkpt>
      <trkpt lat="38.713703" lon="-106.197281">
        <ele>2584.0</ele>
      </trkpt>
      <trkpt lat="38.712845" lon="-106.196877">
        <ele>2592.0</ele>
      </trkpt>
      <trkpt lat="38.712666" lon="-106.197678">
        <ele>2600.0</ele>
      </trkpt>
      <trkpt lat="38.712437" lon="-106.198105">
        <ele>2606.0</ele>
      </trkpt>
      <trkpt lat="38.712372" lon="-106.198708">
        <ele>2610.0</ele>
      </trkpt>
      <trkpt lat="38.711884" lon="-106.199753">
        <ele>2621.0</ele>
      </trkpt>
      <trkpt lat="38.711479" lon="-106.200058">
        <ele>2628.0</ele>
      </trkpt>
      <trkpt lat="38.710758" lon="-106.199944">
        <ele>2638.0</ele>
      </trkpt>
      <trkpt lat="38.709991" lon="-106.198608">
        <ele>2664.0</ele>
      </trkpt>
      <trkpt lat="38.709011" lon="-106.198174">
        <ele>2675.0</ele>
      </trkpt>
      <trkpt lat="38.708832" lon="-106.197937">
        <ele>2681.0</ele>
      </trkpt>
      <trkpt lat="38.708553" lon="-106.197861">
        <ele>2684.0</ele>
      </trkpt>
      <trkpt lat="38.708405" lon="-106.197617">
        <ele>2688.0</ele>
      </trkpt>
      <trkpt lat="38.708218" lon="-106.19677">
        <ele>2701.0</ele>
      </trkpt>
      <trkpt lat="38.70834" lon="-106.196365">
        <ele>2707.0</ele>
      </trkpt>
      <trkpt lat="38.70821" lon="-106.19619">
        <ele>2711.0</ele>
      </trkpt>
      <trkpt lat="38.707912" lon="-106.196098">
        <ele>2715.0</ele>
      </trkpt>
      <trkpt lat="38.707989" lon="-106.195663">
        <ele>2721.0</ele>
      </trkpt>
      <trkpt lat="38.707928" lon="-106.195496">
        <ele>2725.0</ele>
      </trkpt>
      <trkpt lat="38.708172" lon="-106.19532">
        <ele>2732.0</ele>
      </trkpt>
      <trkpt lat="38.708126" lon="-106.195107">
        <ele>2736.0</ele>
      </trkpt>
      <trkpt lat="38.707798" lon="-106.195152">
        <ele>2737.0</ele>
      </trkpt>
      <trkpt lat="38.70805" lon="-106.19474">
        <ele>2748.0</ele>
      </trkpt>
      <trkpt lat="38.707176" lon="-106.194809">
        <ele>2769.0</ele>
      </trkpt>
      <trkpt lat="38.707169" lon="-106.194717">
        <ele>2773.0</ele>
      </trkpt>
      <trkpt lat="38.706875" lon="-106.194862">
        <ele>2781.0</ele>
      </trkpt>
      <trkpt lat="38.707283" lon="-106.194397">
        <ele>2785.0</ele>
      </trkpt>
      <trkpt lat="38.70676" lon="-106.194382">
        <ele>2801.0</ele>
      </trkpt>
      <trkpt lat="38.706726" lon="-106.194221">
        <ele>2805.0</ele>
      </trkpt>
      <trkpt lat="38.706875" lon="-106.193886">
        <ele>2808.0</ele>
      </trkpt>
      <trkpt lat="38.707512" lon="-106.193604">
        <ele>2822.0</ele>
      </trkpt>
      <trkpt lat="38.708035" lon="-106.192947">
        <ele>2833.0</ele>
      </trkpt>
      <trkpt lat="38.708252" lon="-106.192871">
        <ele>2836.0</ele>
      </trkpt>
      <trkpt lat="38.708538" lon="-106.19252">
        <ele>2835.0</ele>
      </trkpt>
      <trkpt lat="38.70863" lon="-106.192848">
        <ele>2831.0</ele>
      </trkpt>
      <trkpt lat="38.708885" lon="-106.192322">
        <ele>2826.0</ele>
      </trkpt>
      <trkpt lat="38.709213" lon="-106.190384">
        <ele>2820.0</ele>
      </trkpt>
      <trkpt lat="38.710056" lon="-106.188423">
        <ele>2811.0</ele>
      </trkpt>
      <trkpt lat="38.710232" lon="-106.187729">
        <ele>2807.0</ele>
      </trkpt>
      <trkpt lat="38.710457" lon="-106.187325">
        <ele>2804.0</ele>
      </trkpt>
      <trkpt lat="38.710693" lon="-106.186348">
        <ele>2796.0</ele>
      </trkpt>
      <trkpt lat="38.710789" lon="-106.185104">
        <ele>2786.0</ele>
      </trkpt>
      <trkpt lat="38.71096" lon="-106.184235">
        <ele>2775.0</ele>
      </trkpt>
      <trkpt lat="38.710876" lon="-106.184029">
        <ele>2774.0</ele>
      </trkpt>
      <trkpt lat="38.710514" lon="-106.183769">
        <ele>2772.0</ele>
      </trkpt>
      <trkpt lat="38.710266" lon="-106.183121">
        <ele>2762.0</ele>
      </trkpt>
      <trkpt lat="38.710388" lon="-106.182297">
        <ele>2756.0</ele>
      </trkpt>
      <trkpt lat="38.710228" lon="-106.181641">
        <ele>2753.0</ele>
      </trkpt>
      <trkpt lat="38.7099" lon="-106.181465">
        <ele>2746.0</ele>
      </trkpt>
      <trkpt lat="38.709145" lon="-106.182922">
        <ele>2724.0</ele>
      </trkpt>
      <trkpt lat="38.709053" lon="-106.182915">
        <ele>2723.0</ele>
      </trkpt>
      <trkpt lat="38.708931" lon="-106.182594">
        <ele>2719.0</ele>
      </trkpt>
      <trkpt lat="38.708454" lon="-106.182404">
        <ele>2718.0</ele>
      </trkpt>
      <trkpt lat="38.707859" lon="-106.18261">
        <ele>2719.0</ele>
      </trkpt>
      <trkpt lat="38.706753" lon="-106.182426">
        <ele>2716.0</ele>
      </trkpt>
      <trkpt lat="38.706375" lon="-106.182251">
        <ele>2715.0</ele>
      </trkpt>
      <trkpt lat="38.706226" lon="-106.182304">
        <ele>2717.0</ele>
      </trkpt>
      <trkpt lat="38.705338" lon="-106.181694">
        <ele>2721.0</ele>
      </trkpt>
      <trkpt lat="38.704605" lon="-106.181572">
        <ele>2724.0</ele>
      </trkpt>
      <trkpt lat="38.704487" lon="-106.181412">
        <ele>2723.0</ele>
      </trkpt>
      <trkpt lat="38.703175" lon="-106.180794">
        <ele>2724.0</ele>
      </trkpt>
      <trkpt lat="38.702408" lon="-106.180725">
        <ele>2725.0</ele>
      </trkpt>
      <trkpt lat="38.701996" lon="-106.180931">
        <ele>2729.0</ele>
      </trkpt>
      <trkpt lat="38.701534" lon="-106.180687">
        <ele>2731.0</ele>
      </trkpt>
      <trkpt lat="38.701485" lon="-106.180496">
        <ele>2730.0</ele>
      </trkpt>
      <trkpt lat="38.700481" lon="-106.179626">
        <ele>2735.0</ele>
      </trkpt>
      <trkpt lat="38.699604" lon="-106.178627">
        <ele>2733.0</ele>
      </trkpt>
      <trkpt lat="38.699493" lon="-106.17823">
        <ele>2731.0</ele>
      </trkpt>
      <trkpt lat="38.698574" lon="-106.176956">
        <ele>2732.0</ele>
      </trkpt>
      <trkpt lat="38.697083" lon="-106.17598">
        <ele>2734.0</ele>
      </trkpt>
      <trkpt lat="38.696636" lon="-106.175079">
        <ele>2735.0</ele>
      </trkpt>
      <trkpt lat="38.69643" lon="-106.174896">
        <ele>2736.0</ele>
      </trkpt>
      <trkpt lat="38.695877" lon="-106.173698">
        <ele>2730.0</ele>
      </trkpt>
      <trkpt lat="38.694878" lon="-106.172844">
        <ele>2728.0</ele>
      </trkpt>
      <trkpt lat="38.694202" lon="-106.172791">
        <ele>2730.0</ele>
      </trkpt>
      <trkpt lat="38.693554" lon="-106.17247">
        <ele>2728.0</ele>
      </trkpt>
      <trkpt lat="38.693443" lon="-106.172577">
        <ele>2729.0</ele>
      </trkpt>
      <trkpt lat="38.692871" lon="-106.171349">
        <ele>2727.0</ele>
      </trkpt>
      <trkpt lat="38.692535" lon="-106.171143">
        <ele>2727.0</ele>
      </trkpt>
      <trkpt lat="38.692245" lon="-106.171402">
        <ele>2729.0</ele>
      </trkpt>
      <trkpt lat="38.691875" lon="-106.171509">
        <ele>2731.0</ele>
      </trkpt>
      <trkpt lat="38.691463" lon="-106.171326">
        <ele>2733.0</ele>
      </trkpt>
      <trkpt lat="38.691139" lon="-106.170929">
        <ele>2735.0</ele>
      </trkpt>
      <trkpt lat="38.690392" lon="-106.171196">
        <ele>2733.0</ele>
      </trkpt>
      <trkpt lat="38.689968" lon="-106.171646">
        <ele>2728.0</ele>
      </trkpt>
      <trkpt lat="38.689659" lon="-106.171722">
        <ele>2723.0</ele>
      </trkpt>
      <trkpt lat="38.689358" lon="-106.170837">
        <ele>2714.0</ele>
      </trkpt>
      <trkpt lat="38.689228" lon="-106.169411">
        <ele>2710.0</ele>
      </trkpt>
      <trkpt lat="38.68911" lon="-106.169304">
        <ele>2710.0</ele>
      </trkpt>
      <trkpt lat="38.689159" lon="-106.169121">
        <ele>2708.0</ele>
      </trkpt>
      <trkpt lat="38.688232" lon="-106.168419">
        <ele>2710.0</ele>
      </trkpt>
      <trkpt lat="38.687508" lon="-106.168182">
        <ele>2714.0</ele>
      </trkpt>
      <trkpt lat="38.687489" lon="-106.168091">
        <ele>2714.0</ele>
      </trkpt>
      <trkpt lat="38.686977" lon="-106.167984">
        <ele>2717.0</ele>
      </trkpt>
      <trkpt lat="38.686676" lon="-106.167732">
        <ele>2718.0</ele>
      </trkpt>
      <trkpt lat="38.686436" lon="-106.167847">
        <ele>2719.0</ele>
      </trkpt>
      <trkpt lat="38.685062" lon="-106.167473">
        <ele>2724.0</ele>
      </trkpt>
      <trkpt lat="38.683094" lon="-106.167488">
        <ele>2732.0</ele>
      </trkpt>
      <trkpt lat="38.682888" lon="-106.167587">
        <ele>2733.0</ele>
      </trkpt>
      <trkpt lat="38.681034" lon="-106.169418">
        <ele>2749.0</ele>
      </trkpt>
      <trkpt lat="38.680771" lon="-106.169792">
        <ele>2748.0</ele>
      </trkpt>
      <trkpt lat="38.680485" lon="-106.169708">
        <ele>2744.0</ele>
      </trkpt>
      <trkpt lat="38.680115" lon="-106.1698">
        <ele>2745.0</ele>
      </trkpt>
      <trkpt lat="38.680035" lon="-106.170067">
        <ele>2747.0</ele>
      </trkpt>
      <trkpt lat="38.679874" lon="-106.170128">
        <ele>2750.0</ele>
      </trkpt>
      <trkpt lat="38.679726" lon="-106.169388">
        <ele>2752.0</ele>
      </trkpt>
      <trkpt lat="38.679188" lon="-106.170135">
        <ele>2760.0</ele>
      </trkpt>
      <trkpt lat="38.677883" lon="-106.170364">
        <ele>2764.0</ele>
      </trkpt>
      <trkpt lat="38.677105" lon="-106.170235">
        <ele>2770.0</ele>
      </trkpt>
      <trkpt lat="38.676636" lon="-106.170288">
        <ele>2777.0</ele>
      </trkpt>
      <trkpt lat="38.6768" lon="-106.170677">
        <ele>2785.0</ele>
      </trkpt>
      <trkpt lat="38.677052" lon="-106.170876">
        <ele>2789.0</ele>
      </trkpt>
      <trkpt lat="38.676632" lon="-106.171089">
        <ele>2800.0</ele>
      </trkpt>
      <trkpt lat="38.677071" lon="-106.171432">
        <ele>2809.0</ele>
      </trkpt>
      <trkpt lat="38.677116" lon="-106.171638">
        <ele>2814.0</ele>
      </trkpt>
      <trkpt lat="38.677013" lon="-106.172127">
        <ele>2819.0</ele>
      </trkpt>
      <trkpt lat="38.676975" lon="-106.173531">
        <ele>2831.0</ele>
      </trkpt>
      <trkpt lat="38.676357" lon="-106.17527">
        <ele>2843.0</ele>
      </trkpt>
      <trkpt lat="38.675995" lon="-106.176018">
        <ele>2848.0</ele>
      </trkpt>
      <trkpt lat="38.67556" lon="-106.176483">
        <ele>2849.0</ele>
      </trkpt>
      <trkpt lat="38.674477" lon="-106.17646">
        <ele>2862.0</ele>
      </trkpt>
      <trkpt lat="38.67421" lon="-106.176254">
        <ele>2866.0</ele>
      </trkpt>
      <trkpt lat="38.673912" lon="-106.1763">
        <ele>2868.0</ele>
      </trkpt>
      <trkpt lat="38.67379" lon="-106.175941">
        <ele>2871.0</ele>
      </trkpt>
      <trkpt lat="38.673496" lon="-106.175888">
        <ele>2873.0</ele>
      </trkpt>
      <trkpt lat="38.673344" lon="-106.17598">
        <ele>2873.0</ele>
      </trkpt>
      <trkpt lat="38.673141" lon="-106.17659">
        <ele>2876.0</ele>
      </trkpt>
      <trkpt lat="38.672955" lon="-106.176743">
        <ele>2881.0</ele>
      </trkpt>
      <trkpt lat="38.673058" lon="-106.17704">
        <ele>2883.0</ele>
      </trkpt>
      <trkpt lat="38.672867" lon="-106.17778">
        <ele>2889.0</ele>
      </trkpt>
      <trkpt lat="38.672588" lon="-106.178024">
        <ele>2896.0</ele>
      </trkpt>
      <trkpt lat="38.671841" lon="-106.179573">
        <ele>2911.0</ele>
      </trkpt>
      <trkpt lat="38.671413" lon="-106.180016">
        <ele>2917.0</ele>
      </trkpt>
      <trkpt lat="38.671268" lon="-106.180489">
        <ele>2922.0</ele>
      </trkpt>
      <trkpt lat="38.670742" lon="-106.181023">
        <ele>2932.0</ele>
      </trkpt>
      <trkpt lat="38.669945" lon="-106.181526">
        <ele>2952.0</ele>
      </trkpt>
      <trkpt lat="38.669765" lon="-106.181282">
        <ele>2951.0</ele>
      </trkpt>
      <trkpt lat="38.669102" lon="-106.181015">
        <ele>2940.0</ele>
      </trkpt>
      <trkpt lat="38.668133" lon="-106.18087">
        <ele>2931.0</ele>
      </trkpt>
      <trkpt lat="38.667664" lon="-106.181023">
        <ele>2931.0</ele>
      </trkpt>
      <trkpt lat="38.667442" lon="-106.180878">
        <ele>2927.0</ele>
      </trkpt>
      <trkpt lat="38.667336" lon="-106.180527">
        <ele>2922.0</ele>
      </trkpt>
      <trkpt lat="38.666668" lon="-106.180557">
        <ele>2909.0</ele>
      </trkpt>
      <trkpt lat="38.665459" lon="-106.181602">
        <ele>2921.0</ele>
      </trkpt>
      <trkpt lat="38.664913" lon="-106.181847">
        <ele>2922.0</ele>
      </trkpt>
      <trkpt lat="38.664463" lon="-106.18251">
        <ele>2932.0</ele>
      </trkpt>
      <trkpt lat="38.664192" lon="-106.182671">
        <ele>2933.0</ele>
      </trkpt>
      <trkpt lat="38.663811" lon="-106.182457">
        <ele>2931.0</ele>
      </trkpt>
      <trkpt lat="38.66391" lon="-106.182167">
        <ele>2927.0</ele>
      </trkpt>
      <trkpt lat="38.663864" lon="-106.181831">
        <ele>2926.0</ele>
      </trkpt>
      <trkpt lat="38.663448" lon="-106.181389">
        <ele>2926.0</ele>
      </trkpt>
      <trkpt lat="38.663452" lon="-106.181465">
        <ele>2927.0</ele>
      </trkpt>
      <trkpt lat="38.663406" lon="-106.181366">
        <ele>2927.0</ele>
      </trkpt>
      <trkpt lat="38.663452" lon="-106.181435">
        <ele>2927.0</ele>
      </trkpt>
      <trkpt lat="38.663113" lon="-106.181129">
        <ele>2927.0</ele>
      </trkpt>
      <trkpt lat="38.6628" lon="-106.181213">
        <ele>2930.0</ele>
      </trkpt>
      <trkpt lat="38.662533" lon="-106.181061">
        <ele>2934.0</ele>
      </trkpt>
      <trkpt lat="38.662117" lon="-106.18116">
        <ele>2934.0</ele>
      </trkpt>
      <trkpt lat="38.662239" lon="-106.180878">
        <ele>2931.0</ele>
      </trkpt>
      <trkpt lat="38.662132" lon="-106.180786">
        <ele>2931.0</ele>
      </trkpt>
      <trkpt lat="38.662201" lon="-106.180511">
        <ele>2929.0</ele>
      </trkpt>
      <trkpt lat="38.66214" lon="-106.180244">
        <ele>2931.0</ele>
      </trkpt>
      <trkpt lat="38.662312" lon="-106.18">
        <ele>2929.0</ele>
      </trkpt>
      <trkpt lat="38.662281" lon="-106.179817">
        <ele>2931.0</ele>
      </trkpt>
      <trkpt lat="38.661911" lon="-106.179779">
        <ele>2937.0</ele>
      </trkpt>
      <trkpt lat="38.66193" lon="-106.179512">
        <ele>2938.0</ele>
      </trkpt>
      <trkpt lat="38.661812" lon="-106.179398">
        <ele>2940.0</ele>
      </trkpt>
      <trkpt lat="38.661083" lon="-106.179283">
        <ele>2941.0</ele>
      </trkpt>
      <trkpt lat="38.661083" lon="-106.179039">
        <ele>2940.0</ele>
      </trkpt>
      <trkpt lat="38.660889" lon="-106.178589">
        <ele>2941.0</ele>
      </trkpt>
      <trkpt lat="38.660965" lon="-106.178261">
        <ele>2941.0</ele>
      </trkpt>
      <trkpt lat="38.660908" lon="-106.177773">
        <ele>2942.0</ele>
      </trkpt>
      <trkpt lat="38.660664" lon="-106.177177">
        <ele>2945.0</ele>
      </trkpt>
      <trkpt lat="38.6604" lon="-106.176964">
        <ele>2945.0</ele>
      </trkpt>
      <trkpt lat="38.660015" lon="-106.177094">
        <ele>2945.0</ele>
      </trkpt>
      <trkpt lat="38.65987" lon="-106.17675">
        <ele>2948.0</ele>
      </trkpt>
      <trkpt lat="38.65963" lon="-106.176834">
        <ele>2951.0</ele>
      </trkpt>
      <trkpt lat="38.659306" lon="-106.177292">
        <ele>2957.0</ele>
      </trkpt>
      <trkpt lat="38.658966" lon="-106.177467">
        <ele>2962.0</ele>
      </trkpt>
      <trkpt lat="38.658844" lon="-106.177078">
        <ele>2963.0</ele>
      </trkpt>
      <trkpt lat="38.658939" lon="-106.176407">
        <ele>2965.0</ele>
      </trkpt>
      <trkpt lat="38.6586" lon="-106.176437">
        <ele>2971.0</ele>
      </trkpt>
      <trkpt lat="38.658463" lon="-106.177094">
        <ele>2977.0</ele>
      </trkpt>
      <trkpt lat="38.65826" lon="-106.177238">
        <ele>2984.0</ele>
      </trkpt>
      <trkpt lat="38.658165" lon="-106.176308">
        <ele>2984.0</ele>
      </trkpt>
      <trkpt lat="38.657799" lon="-106.175774">
        <ele>2990.0</ele>
      </trkpt>
      <trkpt lat="38.657581" lon="-106.17569">
        <ele>2991.0</ele>
      </trkpt>
      <trkpt lat="38.657192" lon="-106.175858">
        <ele>2996.0</ele>
      </trkpt>
      <trkpt lat="38.656849" lon="-106.17643">
        <ele>3001.0</ele>
      </trkpt>
      <trkpt lat="38.656555" lon="-106.175842">
        <ele>3002.0</ele>
      </trkpt>
      <trkpt lat="38.656414" lon="-106.175865">
        <ele>3005.0</ele>
      </trkpt>
      <trkpt lat="38.656021" lon="-106.175591">
        <ele>3004.0</ele>
      </trkpt>
      <trkpt lat="38.655174" lon="-106.175415">
        <ele>3004.0</ele>
      </trkpt>
      <trkpt lat="38.654236" lon="-106.175591">
        <ele>3002.0</ele>
      </trkpt>
      <trkpt lat="38.653461" lon="-106.175964">
        <ele>2999.0</ele>
      </trkpt>
      <trkpt lat="38.652988" lon="-106.176422">
        <ele>2998.0</ele>
      </trkpt>
      <trkpt lat="38.652287" lon="-106.176262">
        <ele>2995.0</ele>
      </trkpt>
      <trkpt lat="38.652081" lon="-106.176392">
        <ele>2999.0</ele>
      </trkpt>
      <trkpt lat="38.651123" lon="-106.176498">
        <ele>2997.0</ele>
      </trkpt>
      <trkpt lat="38.650524" lon="-106.17672">
        <ele>2999.0</ele>
      </trkpt>
      <trkpt lat="38.648769" lon="-106.176765">
        <ele>2995.0</ele>
      </trkpt>
      <trkpt lat="38.64814" lon="-106.177063">
        <ele>2995.0</ele>
      </trkpt>
      <trkpt lat="38.647217" lon="-106.177795">
        <ele>2998.0</ele>
      </trkpt>
      <trkpt lat="38.646633" lon="-106.178772">
        <ele>3001.0</ele>
      </trkpt>
      <trkpt lat="38.646629" lon="-106.179176">
        <ele>3002.0</ele>
      </trkpt>
      <trkpt lat="38.646954" lon="-106.179527">
        <ele>3002.0</ele>
      </trkpt>
      <trkpt lat="38.646008" lon="-106.180183">
        <ele>2991.0</ele>
      </trkpt>
      <trkpt lat="38.645329" lon="-106.180283">
        <ele>2985.0</ele>
      </trkpt>
      <trkpt lat="38.644657" lon="-106.180229">
        <ele>2980.0</ele>
      </trkpt>
      <trkpt lat="38.644032" lon="-106.181">
        <ele>2981.0</ele>
      </trkpt>
      <trkpt lat="38.643803" lon="-106.181877">
        <ele>2981.0</ele>
      </trkpt>
      <trkpt lat="38.64344" lon="-106.182396">
        <ele>2978.0</ele>
      </trkpt>
      <trkpt lat="38.643337" lon="-106.183121">
        <ele>2974.0</ele>
      </trkpt>
      <trkpt lat="38.643204" lon="-106.182762">
        <ele>2971.0</ele>
      </trkpt>
      <trkpt lat="38.642689" lon="-106.182938">
        <ele>2974.0</ele>
      </trkpt>
      <trkpt lat="38.642246" lon="-106.182739">
        <ele>2972.0</ele>
      </trkpt>
      <trkpt lat="38.641445" lon="-106.182785">
        <ele>2975.0</ele>
      </trkpt>
      <trkpt lat="38.641087" lon="-106.182564">
        <ele>2973.0</ele>
      </trkpt>
      <trkpt lat="38.64032" lon="-106.181412">
        <ele>2962.0</ele>
      </trkpt>
      <trkpt lat="38.639954" lon="-106.181213">
        <ele>2962.0</ele>
      </trkpt>
      <trkpt lat="38.639702" lon="-106.181221">
        <ele>2961.0</ele>
      </trkpt>
      <trkpt lat="38.638729" lon="-106.180672">
        <ele>2953.0</ele>
      </trkpt>
      <trkpt lat="38.638382" lon="-106.180244">
        <ele>2947.0</ele>
      </trkpt>
      <trkpt lat="38.63829" lon="-106.179886">
        <ele>2942.0</ele>
      </trkpt>
      <trkpt lat="38.637676" lon="-106.178772">
        <ele>2934.0</ele>
      </trkpt>
      <trkpt lat="38.637138" lon="-106.178261">
        <ele>2932.0</ele>
      </trkpt>
      <trkpt lat="38.63689" lon="-106.17775">
        <ele>2929.0</ele>
      </trkpt>
      <trkpt lat="38.635979" lon="-106.177071">
        <ele>2924.0</ele>
      </trkpt>
      <trkpt lat="38.635464" lon="-106.177284">
        <ele>2925.0</ele>
      </trkpt>
      <trkpt lat="38.634598" lon="-106.178017">
        <ele>2929.0</ele>
      </trkpt>
      <trkpt lat="38.634602" lon="-106.178169">
        <ele>2932.0</ele>
      </trkpt>
      <trkpt lat="38.634281" lon="-106.178093">
        <ele>2930.0</ele>
      </trkpt>
      <trkpt lat="38.633156" lon="-106.178886">
        <ele>2940.0</ele>
      </trkpt>
      <trkpt lat="38.632637" lon="-106.179527">
        <ele>2953.0</ele>
      </trkpt>
      <trkpt lat="38.632648" lon="-106.178833">
        <ele>2943.0</ele>
      </trkpt>
      <trkpt lat="38.632557" lon="-106.178558">
        <ele>2943.0</ele>
      </trkpt>
      <trkpt lat="38.632198" lon="-106.178398">
        <ele>2942.0</ele>
      </trkpt>
      <trkpt lat="38.631367" lon="-106.178764">
        <ele>2938.0</ele>
      </trkpt>
      <trkpt lat="38.631134" lon="-106.178978">
        <ele>2938.0</ele>
      </trkpt>
      <trkpt lat="38.630997" lon="-106.178925">
        <ele>2935.0</ele>
      </trkpt>
      <trkpt lat="38.630451" lon="-106.179199">
        <ele>2931.0</ele>
      </trkpt>
      <trkpt lat="38.629745" lon="-106.179855">
        <ele>2929.0</ele>
      </trkpt>
      <trkpt lat="38.629333" lon="-106.180084">
        <ele>2927.0</ele>
      </trkpt>
      <trkpt lat="38.629044" lon="-106.179993">
        <ele>2927.0</ele>
      </trkpt>
      <trkpt lat="38.628742" lon="-106.180191">
        <ele>2937.0</ele>
      </trkpt>
      <trkpt lat="38.62862" lon="-106.179962">
        <ele>2936.0</ele>
      </trkpt>
      <trkpt lat="38.628368" lon="-106.180054">
        <ele>2940.0</ele>
      </trkpt>
      <trkpt lat="38.627003" lon="-106.181442">
        <ele>2944.0</ele>
      </trkpt>
      <trkpt lat="38.625481" lon="-106.183197">
        <ele>2953.0</ele>
      </trkpt>
      <trkpt lat="38.624985" lon="-106.183411">
        <ele>2962.0</ele>
      </trkpt>
      <trkpt lat="38.624439" lon="-106.184235">
        <ele>2976.0</ele>
      </trkpt>
      <trkpt lat="38.623947" lon="-106.186821">
        <ele>3016.0</ele>
      </trkpt>
      <trkpt lat="38.623119" lon="-106.187401">
        <ele>3025.0</ele>
      </trkpt>
      <trkpt lat="38.622787" lon="-106.188354">
        <ele>3031.0</ele>
      </trkpt>
      <trkpt lat="38.622845" lon="-106.188889">
        <ele>3042.0</ele>
      </trkpt>
      <trkpt lat="38.622486" lon="-106.188881">
        <ele>3044.0</ele>
      </trkpt>
      <trkpt lat="38.622211" lon="-106.189148">
        <ele>3050.0</ele>
      </trkpt>
      <trkpt lat="38.622059" lon="-106.189796">
        <ele>3063.0</ele>
      </trkpt>
      <trkpt lat="38.62183" lon="-106.189957">
        <ele>3063.0</ele>
      </trkpt>
      <trkpt lat="38.621696" lon="-106.190643">
        <ele>3074.0</ele>
      </trkpt>
      <trkpt lat="38.621159" lon="-106.191132">
        <ele>3079.0</ele>
      </trkpt>
      <trkpt lat="38.620319" lon="-106.19239">
        <ele>3091.0</ele>
      </trkpt>
      <trkpt lat="38.620171" lon="-106.192429">
        <ele>3093.0</ele>
      </trkpt>
      <trkpt lat="38.619972" lon="-106.192291">
        <ele>3096.0</ele>
      </trkpt>
      <trkpt lat="38.61908" lon="-106.192375">
        <ele>3099.0</ele>
      </trkpt>
      <trkpt lat="38.618706" lon="-106.192528">
        <ele>3097.0</ele>
      </trkpt>
      <trkpt lat="38.618111" lon="-106.193062">
        <ele>3089.0</ele>
      </trkpt>
      <trkpt lat="38.617722" lon="-106.193008">
        <ele>3085.0</ele>
      </trkpt>
      <trkpt lat="38.617046" lon="-106.193253">
        <ele>3085.0</ele>
      </trkpt>
      <trkpt lat="38.615952" lon="-106.193398">
        <ele>3081.0</ele>
      </trkpt>
      <trkpt lat="38.615494" lon="-106.193214">
        <ele>3076.0</ele>
      </trkpt>
      <trkpt lat="38.615288" lon="-106.193871">
        <ele>3068.0</ele>
      </trkpt>
      <trkpt lat="38.614895" lon="-106.193329">
        <ele>3058.0</ele>
      </trkpt>
      <trkpt lat="38.614132" lon="-106.192764">
        <ele>3045.0</ele>
      </trkpt>
      <trkpt lat="38.613976" lon="-106.192825">
        <ele>3045.0</ele>
      </trkpt>
      <trkpt lat="38.612476" lon="-106.191452">
        <ele>3075.0</ele>
      </trkpt>
      <trkpt lat="38.612171" lon="-106.191437">
        <ele>3081.0</ele>
      </trkpt>
      <trkpt lat="38.610939" lon="-106.192558">
        <ele>3084.0</ele>
      </trkpt>
      <trkpt lat="38.610729" lon="-106.192558">
        <ele>3081.0</ele>
      </trkpt>
      <trkpt lat="38.61021" lon="-106.192291">
        <ele>3074.0</ele>
      </trkpt>
      <trkpt lat="38.609898" lon="-106.191864">
        <ele>3069.0</ele>
      </trkpt>
      <trkpt lat="38.609665" lon="-106.191261">
        <ele>3061.0</ele>
      </trkpt>
      <trkpt lat="38.608803" lon="-106.190742">
        <ele>3045.0</ele>
      </trkpt>
      <trkpt lat="38.608635" lon="-106.190285">
        <ele>3033.0</ele>
      </trkpt>
      <trkpt lat="38.608555" lon="-106.190308">
        <ele>3029.0</ele>
      </trkpt>
      <trkpt lat="38.608406" lon="-106.189651">
        <ele>3015.0</ele>
      </trkpt>
      <trkpt lat="38.608253" lon="-106.189789">
        <ele>3010.0</ele>
      </trkpt>
      <trkpt lat="38.608002" lon="-106.19104">
        <ele>2994.0</ele>
      </trkpt>
      <trkpt lat="38.608109" lon="-106.191673">
        <ele>2986.0</ele>
      </trkpt>
      <trkpt lat="38.607647" lon="-106.191826">
        <ele>2992.0</ele>
      </trkpt>
      <trkpt lat="38.607414" lon="-106.192116">
        <ele>2997.0</ele>
      </trkpt>
      <trkpt lat="38.607216" lon="-106.192062">
        <ele>2997.0</ele>
      </trkpt>
      <trkpt lat="38.607002" lon="-106.192192">
        <ele>3001.0</ele>
      </trkpt>
      <trkpt lat="38.606548" lon="-106.193314">
        <ele>3009.0</ele>
      </trkpt>
      <trkpt lat="38.606236" lon="-106.193596">
        <ele>3008.0</ele>
      </trkpt>
      <trkpt lat="38.606056" lon="-106.193581">
        <ele>3008.0</ele>
      </trkpt>
      <trkpt lat="38.605804" lon="-106.19384">
        <ele>3012.0</ele>
      </trkpt>
      <trkpt lat="38.605019" lon="-106.194153">
        <ele>3015.0</ele>
      </trkpt>
      <trkpt lat="38.604584" lon="-106.194832">
        <ele>3020.0</ele>
      </trkpt>
      <trkpt lat="38.604015" lon="-106.195374">
        <ele>3022.0</ele>
      </trkpt>
      <trkpt lat="38.602985" lon="-106.195839">
        <ele>3020.0</ele>
      </trkpt>
      <trkpt lat="38.601917" lon="-106.195831">
        <ele>3010.0</ele>
      </trkpt>
      <trkpt lat="38.601246" lon="-106.196274">
        <ele>3004.0</ele>
      </trkpt>
      <trkpt lat="38.601059" lon="-106.196274">
        <ele>3003.0</ele>
      </trkpt>
      <trkpt lat="38.600502" lon="-106.196579">
        <ele>3000.0</ele>
      </trkpt>
      <trkpt lat="38.599998" lon="-106.197098">
        <ele>2994.0</ele>
      </trkpt>
      <trkpt lat="38.598976" lon="-106.197762">
        <ele>2991.0</ele>
      </trkpt>
      <trkpt lat="38.598171" lon="-106.198586">
        <ele>2993.0</ele>
      </trkpt>
      <trkpt lat="38.597809" lon="-106.198593">
        <ele>2996.0</ele>
      </trkpt>
      <trkpt lat="38.596539" lon="-106.199303">
        <ele>3000.0</ele>
      </trkpt>
      <trkpt lat="38.596066" lon="-106.199715">
        <ele>2998.0</ele>
      </trkpt>
      <trkpt lat="38.595917" lon="-106.200104">
        <ele>2995.0</ele>
      </trkpt>
      <trkpt lat="38.595989" lon="-106.200424">
        <ele>2995.0</ele>
      </trkpt>
      <trkpt lat="38.595936" lon="-106.200546">
        <ele>2994.0</ele>
      </trkpt>
      <trkpt lat="38.595081" lon="-106.200592">
        <ele>2995.0</ele>
      </trkpt>
      <trkpt lat="38.594955" lon="-106.200851">
        <ele>2995.0</ele>
      </trkpt>
      <trkpt lat="38.59499" lon="-106.20105">
        <ele>2994.0</ele>
      </trkpt>
      <trkpt lat="38.595394" lon="-106.201324">
        <ele>2991.0</ele>
      </trkpt>
      <trkpt lat="38.595608" lon="-106.201653">
        <ele>2989.0</ele>
      </trkpt>
      <trkpt lat="38.595573" lon="-106.201775">
        <ele>2989.0</ele>
      </trkpt>
      <trkpt lat="38.594429" lon="-106.202606">
        <ele>2996.0</ele>
      </trkpt>
      <trkpt lat="38.593315" lon="-106.203247">
        <ele>2985.0</ele>
      </trkpt>
      <trkpt lat="38.592953" lon="-106.203995">
        <ele>2986.0</ele>
      </trkpt>
      <trkpt lat="38.591625" lon="-106.204391">
        <ele>2981.0</ele>
      </trkpt>
      <trkpt lat="38.590572" lon="-106.205315">
        <ele>2983.0</ele>
      </trkpt>
      <trkpt lat="38.58963" lon="-106.207031">
        <ele>2978.0</ele>
      </trkpt>
      <trkpt lat="38.586704" lon="-106.209">
        <ele>2940.0</ele>
      </trkpt>
      <trkpt lat="38.5867" lon="-106.209106">
        <ele>2939.0</ele>
      </trkpt>
      <trkpt lat="38.586464" lon="-106.209213">
        <ele>2936.0</ele>
      </trkpt>
      <trkpt lat="38.585747" lon="-106.209892">
        <ele>2938.0</ele>
      </trkpt>
      <trkpt lat="38.58572" lon="-106.210793">
        <ele>2947.0</ele>
      </trkpt>
      <trkpt lat="38.586414" lon="-106.213303">
        <ele>2925.0</ele>
      </trkpt>
      <trkpt lat="38.586731" lon="-106.213844">
        <ele>2917.0</ele>
      </trkpt>
      <trkpt lat="38.58744" lon="-106.215553">
        <ele>2890.0</ele>
      </trkpt>
      <trkpt lat="38.587666" lon="-106.216377">
        <ele>2879.0</ele>
      </trkpt>
      <trkpt lat="38.58741" lon="-106.216591">
        <ele>2868.0</ele>
      </trkpt>
      <trkpt lat="38.58717" lon="-106.216278">
        <ele>2864.0</ele>
      </trkpt>
      <trkpt lat="38.586849" lon="-106.216568">
        <ele>2851.0</ele>
      </trkpt>
      <trkpt lat="38.586121" lon="-106.21653">
        <ele>2837.0</ele>
      </trkpt>
      <trkpt lat="38.585587" lon="-106.216965">
        <ele>2825.0</ele>
      </trkpt>
      <trkpt lat="38.585407" lon="-106.216927">
        <ele>2822.0</ele>
      </trkpt>
      <trkpt lat="38.585243" lon="-106.217033">
        <ele>2818.0</ele>
      </trkpt>
      <trkpt lat="38.585091" lon="-106.217674">
        <ele>2810.0</ele>
      </trkpt>
      <trkpt lat="38.58519" lon="-106.218124">
        <ele>2809.0</ele>
      </trkpt>
      <trkpt lat="38.585171" lon="-106.219528">
        <ele>2802.0</ele>
      </trkpt>
      <trkpt lat="38.585037" lon="-106.219955">
        <ele>2801.0</ele>
      </trkpt>
      <trkpt lat="38.585052" lon="-106.220528">
        <ele>2800.0</ele>
      </trkpt>
      <trkpt lat="38.584953" lon="-106.220741">
        <ele>2799.0</ele>
      </trkpt>
      <trkpt lat="38.583763" lon="-106.221069">
        <ele>2793.0</ele>
      </trkpt>
      <trkpt lat="38.583038" lon="-106.221603">
        <ele>2791.0</ele>
      </trkpt>
      <trkpt lat="38.582512" lon="-106.221375">
        <ele>2787.0</ele>
      </trkpt>
      <trkpt lat="38.582394" lon="-106.22155">
        <ele>2787.0</ele>
      </trkpt>
      <trkpt lat="38.582214" lon="-106.222534">
        <ele>2787.0</ele>
      </trkpt>
      <trkpt lat="38.58202" lon="-106.222069">
        <ele>2792.0</ele>
      </trkpt>
      <trkpt lat="38.581722" lon="-106.221809">
        <ele>2796.0</ele>
      </trkpt>
      <trkpt lat="38.581528" lon="-106.221771">
        <ele>2798.0</ele>
      </trkpt>
      <trkpt lat="38.581078" lon="-106.22123">
        <ele>2801.0</ele>
      </trkpt>
      <trkpt lat="38.580441" lon="-106.221039">
        <ele>2807.0</ele>
      </trkpt>
      <trkpt lat="38.580204" lon="-106.220848">
        <ele>2810.0</ele>
      </trkpt>
      <trkpt lat="38.580086" lon="-106.220581">
        <ele>2813.0</ele>
      </trkpt>
      <trkpt lat="38.579811" lon="-106.220551">
        <ele>2821.0</ele>
      </trkpt>
      <trkpt lat="38.579842" lon="-106.22113">
        <ele>2828.0</ele>
      </trkpt>
      <trkpt lat="38.580299" lon="-106.221832">
        <ele>2835.0</ele>
      </trkpt>
      <trkpt lat="38.580482" lon="-106.222404">
        <ele>2843.0</ele>
      </trkpt>
      <trkpt lat="38.580391" lon="-106.222679">
        <ele>2850.0</ele>
      </trkpt>
      <trkpt lat="38.57975" lon="-106.221962">
        <ele>2857.0</ele>
      </trkpt>
      <trkpt lat="38.579636" lon="-106.221947">
        <ele>2862.0</ele>
      </trkpt>
      <trkpt lat="38.579399" lon="-106.221474">
        <ele>2861.0</ele>
      </trkpt>
      <trkpt lat="38.579193" lon="-106.221336">
        <ele>2865.0</ele>
      </trkpt>
      <trkpt lat="38.578938" lon="-106.220482">
        <ele>2872.0</ele>
      </trkpt>
      <trkpt lat="38.578789" lon="-106.220261">
        <ele>2875.0</ele>
      </trkpt>
      <trkpt lat="38.578514" lon="-106.220108">
        <ele>2879.0</ele>
      </trkpt>
      <trkpt lat="38.577736" lon="-106.218941">
        <ele>2889.0</ele>
      </trkpt>
      <trkpt lat="38.577572" lon="-106.218323">
        <ele>2892.0</ele>
      </trkpt>
      <trkpt lat="38.577095" lon="-106.217422">
        <ele>2898.0</ele>
      </trkpt>
      <trkpt lat="38.576633" lon="-106.216965">
        <ele>2904.0</ele>
      </trkpt>
      <trkpt lat="38.577068" lon="-106.217781">
        <ele>2911.0</ele>
      </trkpt>
      <trkpt lat="38.577049" lon="-106.218338">
        <ele>2919.0</ele>
      </trkpt>
      <trkpt lat="38.577187" lon="-106.218681">
        <ele>2918.0</ele>
      </trkpt>
      <trkpt lat="38.577236" lon="-106.219429">
        <ele>2926.0</ele>
      </trkpt>
      <trkpt lat="38.577454" lon="-106.219749">
        <ele>2926.0</ele>
      </trkpt>
      <trkpt lat="38.577686" lon="-106.220604">
        <ele>2935.0</ele>
      </trkpt>
      <trkpt lat="38.577995" lon="-106.221275">
        <ele>2939.0</ele>
      </trkpt>
      <trkpt lat="38.577953" lon="-106.222145">
        <ele>2947.0</ele>
      </trkpt>
      <trkpt lat="38.578266" lon="-106.222862">
        <ele>2949.0</ele>
      </trkpt>
      <trkpt lat="38.578274" lon="-106.223473">
        <ele>2952.0</ele>
      </trkpt>
      <trkpt lat="38.57793" lon="-106.22419">
        <ele>2960.0</ele>
      </trkpt>
      <trkpt lat="38.577797" lon="-106.224091">
        <ele>2962.0</ele>
      </trkpt>
      <trkpt lat="38.577591" lon="-106.223595">
        <ele>2967.0</ele>
      </trkpt>
      <trkpt lat="38.577286" lon="-106.221588">
        <ele>2974.0</ele>
      </trkpt>
      <trkpt lat="38.57663" lon="-106.220901">
        <ele>2969.0</ele>
      </trkpt>
      <trkpt lat="38.576218" lon="-106.220673">
        <ele>2965.0</ele>
      </trkpt>
      <trkpt lat="38.575745" lon="-106.220207">
        <ele>2958.0</ele>
      </trkpt>
      <trkpt lat="38.57547" lon="-106.220085">
        <ele>2952.0</ele>
      </trkpt>
      <trkpt lat="38.57394" lon="-106.218681">
        <ele>2922.0</ele>
      </trkpt>
      <trkpt lat="38.573612" lon="-106.218491">
        <ele>2917.0</ele>
      </trkpt>
      <trkpt lat="38.572392" lon="-106.218369">
        <ele>2911.0</ele>
      </trkpt>
      <trkpt lat="38.572227" lon="-106.218544">
        <ele>2912.0</ele>
      </trkpt>
      <trkpt lat="38.571869" lon="-106.218521">
        <ele>2914.0</ele>
      </trkpt>
      <trkpt lat="38.571583" lon="-106.218636">
        <ele>2917.0</ele>
      </trkpt>
      <trkpt lat="38.570843" lon="-106.218437">
        <ele>2916.0</ele>
      </trkpt>
      <trkpt lat="38.570011" lon="-106.219238">
        <ele>2913.0</ele>
      </trkpt>
      <trkpt lat="38.569611" lon="-106.219376">
        <ele>2913.0</ele>
      </trkpt>
      <trkpt lat="38.569309" lon="-106.219727">
        <ele>2914.0</ele>
      </trkpt>
      <trkpt lat="38.568958" lon="-106.220421">
        <ele>2914.0</ele>
      </trkpt>
      <trkpt lat="38.568825" lon="-106.220978">
        <ele>2915.0</ele>
      </trkpt>
      <trkpt lat="38.56847" lon="-106.221779">
        <ele>2917.0</ele>
      </trkpt>
      <trkpt lat="38.568295" lon="-106.221916">
        <ele>2917.0</ele>
      </trkpt>
      <trkpt lat="38.568104" lon="-106.222878">
        <ele>2919.0</ele>
      </trkpt>
      <trkpt lat="38.5681" lon="-106.224045">
        <ele>2919.0</ele>
      </trkpt>
      <trkpt lat="38.567093" lon="-106.225922">
        <ele>2917.0</ele>
      </trkpt>
      <trkpt lat="38.566448" lon="-106.226318">
        <ele>2915.0</ele>
      </trkpt>
      <trkpt lat="38.565426" lon="-106.226501">
        <ele>2912.0</ele>
      </trkpt>
      <trkpt lat="38.56522" lon="-106.226883">
        <ele>2913.0</ele>
      </trkpt>
      <trkpt lat="38.565254" lon="-106.227089">
        <ele>2913.0</ele>
      </trkpt>
      <trkpt lat="38.565144" lon="-106.227402">
        <ele>2908.0</ele>
      </trkpt>
      <trkpt lat="38.56551" lon="-106.228317">
        <ele>2898.0</ele>
      </trkpt>
      <trkpt lat="38.565617" lon="-106.228989">
        <ele>2891.0</ele>
      </trkpt>
      <trkpt lat="38.565472" lon="-106.229347">
        <ele>2886.0</ele>
      </trkpt>
      <trkpt lat="38.565239" lon="-106.229446">
        <ele>2883.0</ele>
      </trkpt>
      <trkpt lat="38.56509" lon="-106.229919">
        <ele>2888.0</ele>
      </trkpt>
      <trkpt lat="38.564602" lon="-106.230377">
        <ele>2895.0</ele>
      </trkpt>
      <trkpt lat="38.564209" lon="-106.230431">
        <ele>2897.0</ele>
      </trkpt>
      <trkpt lat="38.563992" lon="-106.230324">
        <ele>2894.0</ele>
      </trkpt>
      <trkpt lat="38.562336" lon="-106.230659">
        <ele>2893.0</ele>
      </trkpt>
      <trkpt lat="38.561634" lon="-106.230476">
        <ele>2890.0</ele>
      </trkpt>
      <trkpt lat="38.560783" lon="-106.230568">
        <ele>2888.0</ele>
      </trkpt>
      <trkpt lat="38.560555" lon="-106.230408">
        <ele>2882.0</ele>
      </trkpt>
      <trkpt lat="38.560272" lon="-106.230713">
        <ele>2878.0</ele>
      </trkpt>
      <trkpt lat="38.559589" lon="-106.230713">
        <ele>2875.0</ele>
      </trkpt>
      <trkpt lat="38.558319" lon="-106.231377">
        <ele>2864.0</ele>
      </trkpt>
      <trkpt lat="38.557831" lon="-106.231804">
        <ele>2865.0</ele>
      </trkpt>
      <trkpt lat="38.557327" lon="-106.231911">
        <ele>2862.0</ele>
      </trkpt>
      <trkpt lat="38.556725" lon="-106.232262">
        <ele>2861.0</ele>
      </trkpt>
      <trkpt lat="38.555698" lon="-106.232643">
        <ele>2859.0</ele>
      </trkpt>
      <trkpt lat="38.55463" lon="-106.233627">
        <ele>2853.0</ele>
      </trkpt>
      <trkpt lat="38.554531" lon="-106.23391">
        <ele>2851.0</ele>
      </trkpt>
      <trkpt lat="38.554504" lon="-106.23481">
        <ele>2852.0</ele>
      </trkpt>
      <trkpt lat="38.554626" lon="-106.23555">
        <ele>2854.0</ele>
      </trkpt>
      <trkpt lat="38.554504" lon="-106.236015">
        <ele>2852.0</ele>
      </trkpt>
      <trkpt lat="38.554607" lon="-106.236511">
        <ele>2852.0</ele>
      </trkpt>
      <trkpt lat="38.555008" lon="-106.237312">
        <ele>2853.0</ele>
      </trkpt>
      <trkpt lat="38.555073" lon="-106.237625">
        <ele>2853.0</ele>
      </trkpt>
      <trkpt lat="38.55497" lon="-106.237793">
        <ele>2853.0</ele>
      </trkpt>
      <trkpt lat="38.554371" lon="-106.238068">
        <ele>2854.0</ele>
      </trkpt>
      <trkpt lat="38.553272" lon="-106.238098">
        <ele>2845.0</ele>
      </trkpt>
      <trkpt lat="38.552971" lon="-106.238594">
        <ele>2842.0</ele>
      </trkpt>
      <trkpt lat="38.55257" lon="-106.238846">
        <ele>2839.0</ele>
      </trkpt>
      <trkpt lat="38.552368" lon="-106.239151">
        <ele>2838.0</ele>
      </trkpt>
      <trkpt lat="38.552349" lon="-106.239502">
        <ele>2838.0</ele>
      </trkpt>
      <trkpt lat="38.552158" lon="-106.239853">
        <ele>2835.0</ele>
      </trkpt>
      <trkpt lat="38.552055" lon="-106.240326">
        <ele>2831.0</ele>
      </trkpt>
      <trkpt lat="38.55228" lon="-106.241615">
        <ele>2815.0</ele>
      </trkpt>
      <trkpt lat="38.552124" lon="-106.241852">
        <ele>2812.0</ele>
      </trkpt>
      <trkpt lat="38.551979" lon="-106.241867">
        <ele>2810.0</ele>
      </trkpt>
      <trkpt lat="38.551811" lon="-106.24221">
        <ele>2811.0</ele>
      </trkpt>
      <trkpt lat="38.551601" lon="-106.242264">
        <ele>2812.0</ele>
      </trkpt>
      <trkpt lat="38.550114" lon="-106.242035">
        <ele>2822.0</ele>
      </trkpt>
      <trkpt lat="38.550034" lon="-106.241852">
        <ele>2822.0</ele>
      </trkpt>
      <trkpt lat="38.549374" lon="-106.241333">
        <ele>2834.0</ele>
      </trkpt>
      <trkpt lat="38.548943" lon="-106.241302">
        <ele>2840.0</ele>
      </trkpt>
      <trkpt lat="38.548641" lon="-106.241135">
        <ele>2840.0</ele>
      </trkpt>
      <trkpt lat="38.548168" lon="-106.241135">
        <ele>2842.0</ele>
      </trkpt>
      <trkpt lat="38.547867" lon="-106.240944">
        <ele>2841.0</ele>
      </trkpt>
      <trkpt lat="38.54768" lon="-106.240677">
        <ele>2840.0</ele>
      </trkpt>
      <trkpt lat="38.547203" lon="-106.240402">
        <ele>2837.0</ele>
      </trkpt>
      <trkpt lat="38.546898" lon="-106.239723">
        <ele>2838.0</ele>
      </trkpt>
      <trkpt lat="38.5467" lon="-106.239586">
        <ele>2836.0</ele>
      </trkpt>
      <trkpt lat="38.546551" lon="-106.239731">
        <ele>2831.0</ele>
      </trkpt>
      <trkpt lat="38.547344" lon="-106.241615">
        <ele>2818.0</ele>
      </trkpt>
      <trkpt lat="38.548012" lon="-106.242615">
        <ele>2809.0</ele>
      </trkpt>
      <trkpt lat="38.548203" lon="-106.243126">
        <ele>2805.0</ele>
      </trkpt>
      <trkpt lat="38.546158" lon="-106.242439">
        <ele>2767.0</ele>
      </trkpt>
      <trkpt lat="38.545589" lon="-106.241966">
        <ele>2756.0</ele>
      </trkpt>
      <trkpt lat="38.545097" lon="-106.241371">
        <ele>2750.0</ele>
      </trkpt>
      <trkpt lat="38.544678" lon="-106.241127">
        <ele>2742.0</ele>
      </trkpt>
      <trkpt lat="38.545086" lon="-106.242828">
        <ele>2728.0</ele>
      </trkpt>
      <trkpt lat="38.543869" lon="-106.242828">
        <ele>2705.0</ele>
      </trkpt>
      <trkpt lat="38.543804" lon="-106.24295">
        <ele>2704.0</ele>
      </trkpt>
      <trkpt lat="38.543617" lon="-106.242897">
        <ele>2701.0</ele>
      </trkpt>
      <trkpt lat="38.543365" lon="-106.242569">
        <ele>2700.0</ele>
      </trkpt>
      <trkpt lat="38.543228" lon="-106.242676">
        <ele>2698.0</ele>
      </trkpt>
      <trkpt lat="38.543266" lon="-106.24292">
        <ele>2696.0</ele>
      </trkpt>
      <trkpt lat="38.543797" lon="-106.24382">
        <ele>2691.0</ele>
      </trkpt>
      <trkpt lat="38.543785" lon="-106.24398">
        <ele>2689.0</ele>
      </trkpt>
      <trkpt lat="38.543392" lon="-106.244301">
        <ele>2689.0</ele>
      </trkpt>
      <trkpt lat="38.542976" lon="-106.2444">
        <ele>2688.0</ele>
      </trkpt>
      <trkpt lat="38.540821" lon="-106.243553">
        <ele>2687.0</ele>
      </trkpt>
      <trkpt lat="38.540722" lon="-106.243027">
        <ele>2690.0</ele>
      </trkpt>
      <trkpt lat="38.539757" lon="-106.242546">
        <ele>2693.0</ele>
      </trkpt>
      <trkpt lat="38.539459" lon="-106.242645">
        <ele>2694.0</ele>
      </trkpt>
      <trkpt lat="38.539406" lon="-106.242821">
        <ele>2695.0</ele>
      </trkpt>
      <trkpt lat="38.539524" lon="-106.243393">
        <ele>2702.0</ele>
      </trkpt>
      <trkpt lat="38.539482" lon="-106.244019">
        <ele>2707.0</ele>
      </trkpt>
      <trkpt lat="38.539574" lon="-106.244453">
        <ele>2710.0</ele>
      </trkpt>
      <trkpt lat="38.539925" lon="-106.244957">
        <ele>2712.0</ele>
      </trkpt>
      <trkpt lat="38.540394" lon="-106.245323">
        <ele>2708.0</ele>
      </trkpt>
      <trkpt lat="38.540451" lon="-106.246498">
        <ele>2712.0</ele>
      </trkpt>
      <trkpt lat="38.540115" lon="-106.246864">
        <ele>2719.0</ele>
      </trkpt>
      <trkpt lat="38.539909" lon="-106.247643">
        <ele>2730.0</ele>
      </trkpt>
      <trkpt lat="38.539963" lon="-106.248802">
        <ele>2726.0</ele>
      </trkpt>
      <trkpt lat="38.539791" lon="-106.249229">
        <ele>2728.0</ele>
      </trkpt>
      <trkpt lat="38.539589" lon="-106.250519">
        <ele>2739.0</ele>
      </trkpt>
      <trkpt lat="38.539421" lon="-106.251045">
        <ele>2746.0</ele>
      </trkpt>
      <trkpt lat="38.539433" lon="-106.251968">
        <ele>2749.0</ele>
      </trkpt>
      <trkpt lat="38.538853" lon="-106.253464">
        <ele>2756.0</ele>
      </trkpt>
      <trkpt lat="38.538685" lon="-106.2537">
        <ele>2758.0</ele>
      </trkpt>
      <trkpt lat="38.538578" lon="-106.254501">
        <ele>2763.0</ele>
      </trkpt>
      <trkpt lat="38.537861" lon="-106.255821">
        <ele>2773.0</ele>
      </trkpt>
      <trkpt lat="38.537369" lon="-106.256065">
        <ele>2772.0</ele>
      </trkpt>
      <trkpt lat="38.536915" lon="-106.256927">
        <ele>2779.0</ele>
      </trkpt>
      <trkpt lat="38.536938" lon="-106.257408">
        <ele>2782.0</ele>
      </trkpt>
      <trkpt lat="38.536545" lon="-106.257904">
        <ele>2786.0</ele>
      </trkpt>
      <trkpt lat="38.536404" lon="-106.258316">
        <ele>2791.0</ele>
      </trkpt>
      <trkpt lat="38.535954" lon="-106.258995">
        <ele>2797.0</ele>
      </trkpt>
      <trkpt lat="38.535652" lon="-106.260002">
        <ele>2808.0</ele>
      </trkpt>
      <trkpt lat="38.534931" lon="-106.261086">
        <ele>2817.0</ele>
      </trkpt>
      <trkpt lat="38.534229" lon="-106.263153">
        <ele>2839.0</ele>
      </trkpt>
      <trkpt lat="38.53363" lon="-106.26387">
        <ele>2846.0</ele>
      </trkpt>
      <trkpt lat="38.533447" lon="-106.26442">
        <ele>2851.0</ele>
      </trkpt>
      <trkpt lat="38.533421" lon="-106.264816">
        <ele>2855.0</ele>
      </trkpt>
      <trkpt lat="38.533077" lon="-106.26545">
        <ele>2862.0</ele>
      </trkpt>
      <trkpt lat="38.532898" lon="-106.265572">
        <ele>2864.0</ele>
      </trkpt>
      <trkpt lat="38.532986" lon="-106.26561">
        <ele>2865.0</ele>
      </trkpt>
      <trkpt lat="38.532585" lon="-106.265953">
        <ele>2868.0</ele>
      </trkpt>
      <trkpt lat="38.531082" lon="-106.266365">
        <ele>2879.0</ele>
      </trkpt>
      <trkpt lat="38.530556" lon="-106.266251">
        <ele>2881.0</ele>
      </trkpt>
      <trkpt lat="38.530293" lon="-106.266853">
        <ele>2886.0</ele>
      </trkpt>
      <trkpt lat="38.529755" lon="-106.26757">
        <ele>2892.0</ele>
      </trkpt>
      <trkpt lat="38.529217" lon="-106.268074">
        <ele>2893.0</ele>
      </trkpt>
      <trkpt lat="38.528282" lon="-106.268188">
        <ele>2896.0</ele>
      </trkpt>
      <trkpt lat="38.527973" lon="-106.268394">
        <ele>2898.0</ele>
      </trkpt>
      <trkpt lat="38.527523" lon="-106.269287">
        <ele>2900.0</ele>
      </trkpt>
      <trkpt lat="38.527504" lon="-106.269821">
        <ele>2903.0</ele>
      </trkpt>
      <trkpt lat="38.52697" lon="-106.271454">
        <ele>2906.0</ele>
      </trkpt>
      <trkpt lat="38.52412" lon="-106.2761">
        <ele>2919.0</ele>
      </trkpt>
      <trkpt lat="38.523739" lon="-106.276176">
        <ele>2919.0</ele>
      </trkpt>
      <trkpt lat="38.523491" lon="-106.27636">
        <ele>2920.0</ele>
      </trkpt>
      <trkpt lat="38.523136" lon="-106.27626">
        <ele>2920.0</ele>
      </trkpt>
      <trkpt lat="38.522823" lon="-106.275917">
        <ele>2918.0</ele>
      </trkpt>
      <trkpt lat="38.522659" lon="-106.276146">
        <ele>2919.0</ele>
      </trkpt>
      <trkpt lat="38.522205" lon="-106.276039">
        <ele>2919.0</ele>
      </trkpt>
      <trkpt lat="38.521648" lon="-106.275261">
        <ele>2921.0</ele>
      </trkpt>
      <trkpt lat="38.521545" lon="-106.274971">
        <ele>2921.0</ele>
      </trkpt>
      <trkpt lat="38.521198" lon="-106.274551">
        <ele>2922.0</ele>
      </trkpt>
      <trkpt lat="38.521038" lon="-106.274155">
        <ele>2922.0</ele>
      </trkpt>
      <trkpt lat="38.520718" lon="-106.27388">
        <ele>2924.0</ele>
      </trkpt>
      <trkpt lat="38.520294" lon="-106.273735">
        <ele>2927.0</ele>
      </trkpt>
      <trkpt lat="38.519932" lon="-106.273376">
        <ele>2931.0</ele>
      </trkpt>
      <trkpt lat="38.519512" lon="-106.273361">
        <ele>2935.0</ele>
      </trkpt>
      <trkpt lat="38.519302" lon="-106.273048">
        <ele>2937.0</ele>
      </trkpt>
      <trkpt lat="38.518982" lon="-106.272057">
        <ele>2937.0</ele>
      </trkpt>
      <trkpt lat="38.518818" lon="-106.271149">
        <ele>2944.0</ele>
      </trkpt>
      <trkpt lat="38.518276" lon="-106.270706">
        <ele>2953.0</ele>
      </trkpt>
      <trkpt lat="38.517738" lon="-106.270554">
        <ele>2959.0</ele>
      </trkpt>
      <trkpt lat="38.517307" lon="-106.270721">
        <ele>2961.0</ele>
      </trkpt>
      <trkpt lat="38.516354" lon="-106.270363">
        <ele>2970.0</ele>
      </trkpt>
      <trkpt lat="38.515957" lon="-106.269951">
        <ele>2974.0</ele>
      </trkpt>
      <trkpt lat="38.515644" lon="-106.269806">
        <ele>2975.0</ele>
      </trkpt>
      <trkpt lat="38.51506" lon="-106.269272">
        <ele>2981.0</ele>
      </trkpt>
      <trkpt lat="38.514328" lon="-106.269051">
        <ele>2986.0</ele>
      </trkpt>
      <trkpt lat="38.513561" lon="-106.269112">
        <ele>2987.0</ele>
      </trkpt>
      <trkpt lat="38.512302" lon="-106.268471">
        <ele>2988.0</ele>
      </trkpt>
      <trkpt lat="38.511803" lon="-106.268654">
        <ele>2988.0</ele>
      </trkpt>
      <trkpt lat="38.511578" lon="-106.268616">
        <ele>2989.0</ele>
      </trkpt>
      <trkpt lat="38.510307" lon="-106.269051">
        <ele>2992.0</ele>
      </trkpt>
      <trkpt lat="38.50983" lon="-106.268806">
        <ele>2998.0</ele>
      </trkpt>
      <trkpt lat="38.508564" lon="-106.269318">
        <ele>3003.0</ele>
      </trkpt>
      <trkpt lat="38.507557" lon="-106.269165">
        <ele>3008.0</ele>
      </trkpt>
      <trkpt lat="38.507118" lon="-106.269478">
        <ele>3006.0</ele>
      </trkpt>
      <trkpt lat="38.506863" lon="-106.269341">
        <ele>3008.0</ele>
      </trkpt>
      <trkpt lat="38.506657" lon="-106.269432">
        <ele>3008.0</ele>
      </trkpt>
      <trkpt lat="38.506584" lon="-106.269676">
        <ele>3009.0</ele>
      </trkpt>
      <trkpt lat="38.505638" lon="-106.2696">
        <ele>3016.0</ele>
      </trkpt>
      <trkpt lat="38.504971" lon="-106.269699">
        <ele>3024.0</ele>
      </trkpt>
      <trkpt lat="38.50481" lon="-106.269539">
        <ele>3023.0</ele>
      </trkpt>
      <trkpt lat="38.504303" lon="-106.269508">
        <ele>3028.0</ele>
      </trkpt>
      <trkpt lat="38.503799" lon="-106.269234">
        <ele>3031.0</ele>
      </trkpt>
      <trkpt lat="38.502811" lon="-106.269226">
        <ele>3041.0</ele>
      </trkpt>
      <trkpt lat="38.502369" lon="-106.269371">
        <ele>3045.0</ele>
      </trkpt>
      <trkpt lat="38.501564" lon="-106.269356">
        <ele>3048.0</ele>
      </trkpt>
      <trkpt lat="38.501221" lon="-106.269196">
        <ele>3049.0</ele>
      </trkpt>
      <trkpt lat="38.500332" lon="-106.269371">
        <ele>3059.0</ele>
      </trkpt>
      <trkpt lat="38.499954" lon="-106.269279">
        <ele>3061.0</ele>
      </trkpt>
      <trkpt lat="38.4986" lon="-106.269585">
        <ele>3079.0</ele>
      </trkpt>
      <trkpt lat="38.497868" lon="-106.270248">
        <ele>3091.0</ele>
      </trkpt>
      <trkpt lat="38.497433" lon="-106.270386">
        <ele>3094.0</ele>
      </trkpt>
      <trkpt lat="38.496605" lon="-106.271133">
        <ele>3097.0</ele>
      </trkpt>
      <trkpt lat="38.496521" lon="-106.271347">
        <ele>3098.0</ele>
      </trkpt>
      <trkpt lat="38.495758" lon="-106.271568">
        <ele>3108.0</ele>
      </trkpt>
      <trkpt lat="38.495605" lon="-106.271896">
        <ele>3112.0</ele>
      </trkpt>
      <trkpt lat="38.494877" lon="-106.272736">
        <ele>3124.0</ele>
      </trkpt>
      <trkpt lat="38.494747" lon="-106.273132">
        <ele>3123.0</ele>
      </trkpt>
      <trkpt lat="38.493057" lon="-106.273964">
        <ele>3139.0</ele>
      </trkpt>
      <trkpt lat="38.49247" lon="-106.274086">
        <ele>3142.0</ele>
      </trkpt>
      <trkpt lat="38.492001" lon="-106.274483">
        <ele>3140.0</ele>
      </trkpt>
      <trkpt lat="38.490196" lon="-106.275452">
        <ele>3150.0</ele>
      </trkpt>
      <trkpt lat="38.489525" lon="-106.275673">
        <ele>3154.0</ele>
      </trkpt>
      <trkpt lat="38.489014" lon="-106.276176">
        <ele>3155.0</ele>
      </trkpt>
      <trkpt lat="38.488232" lon="-106.276642">
        <ele>3159.0</ele>
      </trkpt>
      <trkpt lat="38.487762" lon="-106.276695">
        <ele>3163.0</ele>
      </trkpt>
      <trkpt lat="38.486893" lon="-106.277023">
        <ele>3170.0</ele>
      </trkpt>
      <trkpt lat="38.486732" lon="-106.277275">
        <ele>3169.0</ele>
      </trkpt>
      <trkpt lat="38.486073" lon="-106.277702">
        <ele>3172.0</ele>
      </trkpt>
      <trkpt lat="38.485394" lon="-106.277763">
        <ele>3181.0</ele>
      </trkpt>
      <trkpt lat="38.484379" lon="-106.277611">
        <ele>3199.0</ele>
      </trkpt>
      <trkpt lat="38.484032" lon="-106.27774">
        <ele>3199.0</ele>
      </trkpt>
      <trkpt lat="38.483284" lon="-106.277763">
        <ele>3205.0</ele>
      </trkpt>
      <trkpt lat="38.482864" lon="-106.277626">
        <ele>3209.0</ele>
      </trkpt>
      <trkpt lat="38.48238" lon="-106.277252">
        <ele>3217.0</ele>
      </trkpt>
      <trkpt lat="38.482174" lon="-106.277229">
        <ele>3218.0</ele>
      </trkpt>
      <trkpt lat="38.481647" lon="-106.276741">
        <ele>3225.0</ele>
      </trkpt>
      <trkpt lat="38.481544" lon="-106.276772">
        <ele>3224.0</ele>
      </trkpt>
      <trkpt lat="38.481262" lon="-106.27639">
        <ele>3228.0</ele>
      </trkpt>
      <trkpt lat="38.481495" lon="-106.276276">
        <ele>3234.0</ele>
      </trkpt>
      <trkpt lat="38.481812" lon="-106.276321">
        <ele>3236.0</ele>
      </trkpt>
      <trkpt lat="38.481236" lon="-106.275848">
        <ele>3247.0</ele>
      </trkpt>
      <trkpt lat="38.479866" lon="-106.275475">
        <ele>3244.0</ele>
      </trkpt>
      <trkpt lat="38.479641" lon="-106.275604">
        <ele>3239.0</ele>
      </trkpt>
      <trkpt lat="38.479355" lon="-106.275391">
        <ele>3243.0</ele>
      </trkpt>
      <trkpt lat="38.478191" lon="-106.275528">
        <ele>3241.0</ele>
      </trkpt>
      <trkpt lat="38.478001" lon="-106.27523">
        <ele>3245.0</ele>
      </trkpt>
      <trkpt lat="38.478298" lon="-106.2752">
        <ele>3245.0</ele>
      </trkpt>
      <trkpt lat="38.478573" lon="-106.275009">
        <ele>3249.0</ele>
      </trkpt>
      <trkpt lat="38.478302" lon="-106.274597">
        <ele>3256.0</ele>
      </trkpt>
      <trkpt lat="38.477715" lon="-106.274223">
        <ele>3269.0</ele>
      </trkpt>
      <trkpt lat="38.476315" lon="-106.273903">
        <ele>3275.0</ele>
      </trkpt>
      <trkpt lat="38.476421" lon="-106.273895">
        <ele>3275.0</ele>
      </trkpt>
      <trkpt lat="38.476067" lon="-106.27388">
        <ele>3278.0</ele>
      </trkpt>
      <trkpt lat="38.475235" lon="-106.274315">
        <ele>3278.0</ele>
      </trkpt>
      <trkpt lat="38.474861" lon="-106.274246">
        <ele>3284.0</ele>
      </trkpt>
      <trkpt lat="38.474731" lon="-106.274414">
        <ele>3281.0</ele>
      </trkpt>
      <trkpt lat="38.47411" lon="-106.274483">
        <ele>3288.0</ele>
      </trkpt>
      <trkpt lat="38.47382" lon="-106.274628">
        <ele>3288.0</ele>
      </trkpt>
      <trkpt lat="38.473412" lon="-106.274559">
        <ele>3296.0</ele>
      </trkpt>
      <trkpt lat="38.472744" lon="-106.274887">
        <ele>3302.0</ele>
      </trkpt>
      <trkpt lat="38.472553" lon="-106.27478">
        <ele>3308.0</ele>
      </trkpt>
      <trkpt lat="38.471966" lon="-106.274933">
        <ele>3311.0</ele>
      </trkpt>
      <trkpt lat="38.471054" lon="-106.274849">
        <ele>3323.0</ele>
      </trkpt>
      <trkpt lat="38.47084" lon="-106.27494">
        <ele>3322.0</ele>
      </trkpt>
      <trkpt lat="38.470798" lon="-106.274834">
        <ele>3325.0</ele>
      </trkpt>
      <trkpt lat="38.471153" lon="-106.274719">
        <ele>3325.0</ele>
      </trkpt>
      <trkpt lat="38.471466" lon="-106.274445">
        <ele>3328.0</ele>
      </trkpt>
      <trkpt lat="38.471729" lon="-106.274406">
        <ele>3326.0</ele>
      </trkpt>
      <trkpt lat="38.471848" lon="-106.27417">
        <ele>3331.0</ele>
      </trkpt>
      <trkpt lat="38.472698" lon="-106.273407">
        <ele>3342.0</ele>
      </trkpt>
      <trkpt lat="38.473289" lon="-106.273117">
        <ele>3343.0</ele>
      </trkpt>
      <trkpt lat="38.473598" lon="-106.272713">
        <ele>3351.0</ele>
      </trkpt>
      <trkpt lat="38.472721" lon="-106.272827">
        <ele>3360.0</ele>
      </trkpt>
      <trkpt lat="38.471588" lon="-106.272758">
        <ele>3373.0</ele>
      </trkpt>
      <trkpt lat="38.471481" lon="-106.272858">
        <ele>3371.0</ele>
      </trkpt>
      <trkpt lat="38.470772" lon="-106.272758">
        <ele>3379.0</ele>
      </trkpt>
      <trkpt lat="38.470619" lon="-106.272972">
        <ele>3375.0</ele>
      </trkpt>
      <trkpt lat="38.470211" lon="-106.272888">
        <ele>3379.0</ele>
      </trkpt>
      <trkpt lat="38.470501" lon="-106.272774">
        <ele>3380.0</ele>
      </trkpt>
      <trkpt lat="38.470661" lon="-106.272461">
        <ele>3387.0</ele>
      </trkpt>
      <trkpt lat="38.470852" lon="-106.272362">
        <ele>3388.0</ele>
      </trkpt>
      <trkpt lat="38.471119" lon="-106.272408">
        <ele>3385.0</ele>
      </trkpt>
      <trkpt lat="38.471722" lon="-106.272087">
        <ele>3390.0</ele>
      </trkpt>
      <trkpt lat="38.471741" lon="-106.271912">
        <ele>3395.0</ele>
      </trkpt>
      <trkpt lat="38.471611" lon="-106.27179">
        <ele>3399.0</ele>
      </trkpt>
      <trkpt lat="38.471512" lon="-106.271957">
        <ele>3395.0</ele>
      </trkpt>
      <trkpt lat="38.47139" lon="-106.271973">
        <ele>3395.0</ele>
      </trkpt>
      <trkpt lat="38.471329" lon="-106.271828">
        <ele>3400.0</ele>
      </trkpt>
      <trkpt lat="38.4711" lon="-106.271942">
        <ele>3397.0</ele>
      </trkpt>
      <trkpt lat="38.470249" lon="-106.271751">
        <ele>3405.0</ele>
      </trkpt>
      <trkpt lat="38.470322" lon="-106.271553">
        <ele>3410.0</ele>
      </trkpt>
      <trkpt lat="38.471581" lon="-106.271263">
        <ele>3416.0</ele>
      </trkpt>
      <trkpt lat="38.471821" lon="-106.271011">
        <ele>3421.0</ele>
      </trkpt>
      <trkpt lat="38.471241" lon="-106.27092">
        <ele>3425.0</ele>
      </trkpt>
      <trkpt lat="38.470821" lon="-106.271088">
        <ele>3422.0</ele>
      </trkpt>
      <trkpt lat="38.470451" lon="-106.270866">
        <ele>3427.0</ele>
      </trkpt>
      <trkpt lat="38.470749" lon="-106.270653">
        <ele>3432.0</ele>
      </trkpt>
      <trkpt lat="38.471889" lon="-106.270493">
        <ele>3434.0</ele>
      </trkpt>
      <trkpt lat="38.47187" lon="-106.27037">
        <ele>3438.0</ele>
      </trkpt>
      <trkpt lat="38.471458" lon="-106.270248">
        <ele>3442.0</ele>
      </trkpt>
      <trkpt lat="38.470139" lon="-106.270218">
        <ele>3443.0</ele>
      </trkpt>
      <trkpt lat="38.471401" lon="-106.269791">
        <ele>3463.0</ele>
      </trkpt>
      <trkpt lat="38.472069" lon="-106.269814">
        <ele>3464.0</ele>
      </trkpt>
      <trkpt lat="38.47168" lon="-106.269623">
        <ele>3474.0</ele>
      </trkpt>
      <trkpt lat="38.46954" lon="-106.269341">
        <ele>3493.0</ele>
      </trkpt>
      <trkpt lat="38.46925" lon="-106.269463">
        <ele>3492.0</ele>
      </trkpt>
      <trkpt lat="38.4688" lon="-106.269379">
        <ele>3505.0</ele>
      </trkpt>
      <trkpt lat="38.468559" lon="-106.26963">
        <ele>3496.0</ele>
      </trkpt>
      <trkpt lat="38.467651" lon="-106.269974">
        <ele>3501.0</ele>
      </trkpt>
      <trkpt lat="38.4674" lon="-106.269928">
        <ele>3510.0</ele>
      </trkpt>
      <trkpt lat="38.46619" lon="-106.270493">
        <ele>3510.0</ele>
      </trkpt>
      <trkpt lat="38.463188" lon="-106.270592">
        <ele>3534.0</ele>
      </trkpt>
      <trkpt lat="38.46228" lon="-106.271317">
        <ele>3537.0</ele>
      </trkpt>
      <trkpt lat="38.461601" lon="-106.272408">
        <ele>3545.0</ele>
      </trkpt>
      <trkpt lat="38.46059" lon="-106.273247">
        <ele>3558.0</ele>
      </trkpt>
      <trkpt lat="38.46096" lon="-106.272591">
        <ele>3562.0</ele>
      </trkpt>
      <trkpt lat="38.461102" lon="-106.271683">
        <ele>3570.0</ele>
      </trkpt>
      <trkpt lat="38.460991" lon="-106.271461">
        <ele>3570.0</ele>
      </trkpt>
      <trkpt lat="38.46093" lon="-106.271812">
        <ele>3576.0</ele>
      </trkpt>
      <trkpt lat="38.460579" lon="-106.272469">
        <ele>3575.0</ele>
      </trkpt>
      <trkpt lat="38.460361" lon="-106.272652">
        <ele>3576.0</ele>
      </trkpt>
      <trkpt lat="38.460491" lon="-106.271957">
        <ele>3588.0</ele>
      </trkpt>
      <trkpt lat="38.460361" lon="-106.272209">
        <ele>3585.0</ele>
      </trkpt>
      <trkpt lat="38.45919" lon="-106.273239">
        <ele>3604.0</ele>
      </trkpt>
      <trkpt lat="38.456791" lon="-106.274193">
        <ele>3625.0</ele>
      </trkpt>
      <trkpt lat="38.45628" lon="-106.274521">
        <ele>3625.0</ele>
      </trkpt>
      <trkpt lat="38.455761" lon="-106.274651">
        <ele>3633.0</ele>
      </trkpt>
      <trkpt lat="38.45549" lon="-106.275101">
        <ele>3629.0</ele>
      </trkpt>
      <trkpt lat="38.45528" lon="-106.276009">
        <ele>3622.0</ele>
      </trkpt>
      <trkpt lat="38.45467" lon="-106.277069">
        <ele>3627.0</ele>
      </trkpt>
      <trkpt lat="38.454479" lon="-106.277046">
        <ele>3633.0</ele>
      </trkpt>
      <trkpt lat="38.454269" lon="-106.276482">
        <ele>3633.0</ele>
      </trkpt>
      <trkpt lat="38.454208" lon="-106.275192">
        <ele>3634.0</ele>
      </trkpt>
      <trkpt lat="38.453739" lon="-106.274178">
        <ele>3634.0</ele>
      </trkpt>
      <trkpt lat="38.452621" lon="-106.273079">
        <ele>3630.0</ele>
      </trkpt>
      <trkpt lat="38.452099" lon="-106.27282">
        <ele>3630.0</ele>
      </trkpt>
      <trkpt lat="38.4515" lon="-106.272888">
        <ele>3626.0</ele>
      </trkpt>
      <trkpt lat="38.450809" lon="-106.272774">
        <ele>3623.0</ele>
      </trkpt>
      <trkpt lat="38.449928" lon="-106.272293">
        <ele>3624.0</ele>
      </trkpt>
      <trkpt lat="38.449478" lon="-106.27256">
        <ele>3622.0</ele>
      </trkpt>
      <trkpt lat="38.449249" lon="-106.27256">
        <ele>3622.0</ele>
      </trkpt>
      <trkpt lat="38.448761" lon="-106.272087">
        <ele>3625.0</ele>
      </trkpt>
      <trkpt lat="38.448711" lon="-106.271919">
        <ele>3625.0</ele>
      </trkpt>
      <trkpt lat="38.448349" lon="-106.271858">
        <ele>3626.0</ele>
      </trkpt>
      <trkpt lat="38.447552" lon="-106.272362">
        <ele>3635.0</ele>
      </trkpt>
      <trkpt lat="38.447128" lon="-106.272827">
        <ele>3638.0</ele>
      </trkpt>
      <trkpt lat="38.446522" lon="-106.272911">
        <ele>3636.0</ele>
      </trkpt>
      <trkpt lat="38.445461" lon="-106.272827">
        <ele>3624.0</ele>
      </trkpt>
      <trkpt lat="38.445881" lon="-106.27037">
        <ele>3587.0</ele>
      </trkpt>
      <trkpt lat="38.445461" lon="-106.270279">
        <ele>3581.0</ele>
      </trkpt>
      <trkpt lat="38.445229" lon="-106.270012">
        <ele>3576.0</ele>
      </trkpt>
      <trkpt lat="38.444889" lon="-106.269028">
        <ele>3558.0</ele>
      </trkpt>
      <trkpt lat="38.444691" lon="-106.26873">
        <ele>3554.0</ele>
      </trkpt>
      <trkpt lat="38.443832" lon="-106.268227">
        <ele>3551.0</ele>
      </trkpt>
      <trkpt lat="38.443832" lon="-106.268021">
        <ele>3549.0</ele>
      </trkpt>
      <trkpt lat="38.443241" lon="-106.267128">
        <ele>3549.0</ele>
      </trkpt>
      <trkpt lat="38.443317" lon="-106.264435">
        <ele>3549.0</ele>
      </trkpt>
      <trkpt lat="38.44368" lon="-106.263878">
        <ele>3536.0</ele>
      </trkpt>
      <trkpt lat="38.443901" lon="-106.262985">
        <ele>3529.0</ele>
      </trkpt>
      <trkpt lat="38.443703" lon="-106.262383">
        <ele>3523.0</ele>
      </trkpt>
      <trkpt lat="38.443302" lon="-106.261787">
        <ele>3518.0</ele>
      </trkpt>
      <trkpt lat="38.442913" lon="-106.261436">
        <ele>3519.0</ele>
      </trkpt>
      <trkpt lat="38.442604" lon="-106.260933">
        <ele>3513.0</ele>
      </trkpt>
      <trkpt lat="38.442322" lon="-106.260178">
        <ele>3508.0</ele>
      </trkpt>
      <trkpt lat="38.442226" lon="-106.259644">
        <ele>3504.0</ele>
      </trkpt>
      <trkpt lat="38.442287" lon="-106.25927">
        <ele>3503.0</ele>
      </trkpt>
      <trkpt lat="38.442173" lon="-106.25856">
        <ele>3506.0</ele>
      </trkpt>
      <trkpt lat="38.440796" lon="-106.258209">
        <ele>3506.0</ele>
      </trkpt>
      <trkpt lat="38.440018" lon="-106.257095">
        <ele>3516.0</ele>
      </trkpt>
      <trkpt lat="38.43964" lon="-106.256821">
        <ele>3520.0</ele>
      </trkpt>
      <trkpt lat="38.438553" lon="-106.256699">
        <ele>3521.0</ele>
      </trkpt>
      <trkpt lat="38.437771" lon="-106.256294">
        <ele>3525.0</ele>
      </trkpt>
      <trkpt lat="38.437454" lon="-106.255753">
        <ele>3535.0</ele>
      </trkpt>
      <trkpt lat="38.43679" lon="-106.256035">
        <ele>3534.0</ele>
      </trkpt>
      <trkpt lat="38.436352" lon="-106.25592">
        <ele>3538.0</ele>
      </trkpt>
      <trkpt lat="38.435631" lon="-106.255943">
        <ele>3545.0</ele>
      </trkpt>
      <trkpt lat="38.434433" lon="-106.256348">
        <ele>3550.0</ele>
      </trkpt>
      <trkpt lat="38.434166" lon="-106.256302">
        <ele>3551.0</ele>
      </trkpt>
      <trkpt lat="38.433586" lon="-106.255875">
        <ele>3558.0</ele>
      </trkpt>
      <trkpt lat="38.432819" lon="-106.255653">
        <ele>3577.0</ele>
      </trkpt>
      <trkpt lat="38.431446" lon="-106.256424">
        <ele>3577.0</ele>
      </trkpt>
      <trkpt lat="38.431046" lon="-106.256882">
        <ele>3574.0</ele>
      </trkpt>
      <trkpt lat="38.430408" lon="-106.256943">
        <ele>3586.0</ele>
      </trkpt>
      <trkpt lat="38.430161" lon="-106.256691">
        <ele>3593.0</ele>
      </trkpt>
      <trkpt lat="38.429604" lon="-106.256416">
        <ele>3592.0</ele>
      </trkpt>
      <trkpt lat="38.428661" lon="-106.255669">
        <ele>3591.0</ele>
      </trkpt>
      <trkpt lat="38.428616" lon="-106.255524">
        <ele>3593.0</ele>
      </trkpt>
      <trkpt lat="38.427902" lon="-106.254936">
        <ele>3597.0</ele>
      </trkpt>
      <trkpt lat="38.426243" lon="-106.254196">
        <ele>3600.0</ele>
      </trkpt>
      <trkpt lat="38.425217" lon="-106.253944">
        <ele>3593.0</ele>
      </trkpt>
      <trkpt lat="38.424126" lon="-106.25383">
        <ele>3578.0</ele>
      </trkpt>
      <trkpt lat="38.423645" lon="-106.253418">
        <ele>3580.0</ele>
      </trkpt>
      <trkpt lat="38.423405" lon="-106.253456">
        <ele>3573.0</ele>
      </trkpt>
      <trkpt lat="38.422813" lon="-106.25309">
        <ele>3576.0</ele>
      </trkpt>
      <trkpt lat="38.422482" lon="-106.253197">
        <ele>3568.0</ele>
      </trkpt>
      <trkpt lat="38.421909" lon="-106.253098">
        <ele>3563.0</ele>
      </trkpt>
      <trkpt lat="38.421574" lon="-106.252884">
        <ele>3563.0</ele>
      </trkpt>
      <trkpt lat="38.420151" lon="-106.25238">
        <ele>3549.0</ele>
      </trkpt>
      <trkpt lat="38.418987" lon="-106.252495">
        <ele>3547.0</ele>
      </trkpt>
      <trkpt lat="38.418018" lon="-106.253403">
        <ele>3527.0</ele>
      </trkpt>
      <trkpt lat="38.416565" lon="-106.254463">
        <ele>3518.0</ele>
      </trkpt>
      <trkpt lat="38.41597" lon="-106.254768">
        <ele>3513.0</ele>
      </trkpt>
      <trkpt lat="38.415825" lon="-106.254967">
        <ele>3508.0</ele>
      </trkpt>
      <trkpt lat="38.415108" lon="-106.25544">
        <ele>3494.0</ele>
      </trkpt>
      <trkpt lat="38.413391" lon="-106.255959">
        <ele>3479.0</ele>
      </trkpt>
      <trkpt lat="38.412556" lon="-106.256073">
        <ele>3477.0</ele>
      </trkpt>
      <trkpt lat="38.412102" lon="-106.256447">
        <ele>3470.0</ele>
      </trkpt>
      <trkpt lat="38.412067" lon="-106.256638">
        <ele>3467.0</ele>
      </trkpt>
      <trkpt lat="38.410877" lon="-106.256775">
        <ele>3462.0</ele>
      </trkpt>
      <trkpt lat="38.40958" lon="-106.2565">
        <ele>3462.0</ele>
      </trkpt>
      <trkpt lat="38.409164" lon="-106.256683">
        <ele>3457.0</ele>
      </trkpt>
      <trkpt lat="38.408333" lon="-106.256432">
        <ele>3447.0</ele>
      </trkpt>
      <trkpt lat="38.407612" lon="-106.25563">
        <ele>3441.0</ele>
      </trkpt>
      <trkpt lat="38.407097" lon="-106.255463">
        <ele>3432.0</ele>
      </trkpt>
      <trkpt lat="38.406574" lon="-106.255005">
        <ele>3427.0</ele>
      </trkpt>
      <trkpt lat="38.404732" lon="-106.253944">
        <ele>3410.0</ele>
      </trkpt>
      <trkpt lat="38.404522" lon="-106.253952">
        <ele>3407.0</ele>
      </trkpt>
      <trkpt lat="38.404243" lon="-106.253754">
        <ele>3406.0</ele>
      </trkpt>
      <trkpt lat="38.403271" lon="-106.25351">
        <ele>3396.0</ele>
      </trkpt>
      <trkpt lat="38.402046" lon="-106.253021">
        <ele>3387.0</ele>
      </trkpt>
      <trkpt lat="38.401505" lon="-106.253654">
        <ele>3379.0</ele>
      </trkpt>
      <trkpt lat="38.40044" lon="-106.253883">
        <ele>3370.0</ele>
      </trkpt>
      <trkpt lat="38.399532" lon="-106.253273">
        <ele>3364.0</ele>
      </trkpt>
      <trkpt lat="38.399353" lon="-106.253036">
        <ele>3364.0</ele>
      </trkpt>
      <trkpt lat="38.398598" lon="-106.252647">
        <ele>3349.0</ele>
      </trkpt>
      <trkpt lat="38.398373" lon="-106.252296">
        <ele>3346.0</ele>
      </trkpt>
      <trkpt lat="38.39814" lon="-106.252205">
        <ele>3345.0</ele>
      </trkpt>
      <trkpt lat="38.397572" lon="-106.251617">
        <ele>3347.0</ele>
      </trkpt>
      <trkpt lat="38.396591" lon="-106.249992">
        <ele>3335.0</ele>
      </trkpt>
      <trkpt lat="38.396427" lon="-106.249863">
        <ele>3336.0</ele>
      </trkpt>
      <trkpt lat="38.396137" lon="-106.249146">
        <ele>3329.0</ele>
      </trkpt>
      <trkpt lat="38.395435" lon="-106.248306">
        <ele>3316.0</ele>
      </trkpt>
      <trkpt lat="38.395443" lon="-106.248192">
        <ele>3314.0</ele>
      </trkpt>
      <trkpt lat="38.395824" lon="-106.248016">
        <ele>3311.0</ele>
      </trkpt>
      <trkpt lat="38.396408" lon="-106.24823">
        <ele>3310.0</ele>
      </trkpt>
      <trkpt lat="38.396412" lon="-106.2481">
        <ele>3309.0</ele>
      </trkpt>
      <trkpt lat="38.395714" lon="-106.247444">
        <ele>3303.0</ele>
      </trkpt>
      <trkpt lat="38.394978" lon="-106.247467">
        <ele>3302.0</ele>
      </trkpt>
      <trkpt lat="38.394794" lon="-106.247849">
        <ele>3304.0</ele>
      </trkpt>
      <trkpt lat="38.394524" lon="-106.247978">
        <ele>3304.0</ele>
      </trkpt>
      <trkpt lat="38.393768" lon="-106.247826">
        <ele>3309.0</ele>
      </trkpt>
      <trkpt lat="38.392521" lon="-106.247078">
        <ele>3311.0</ele>
      </trkpt>
      <trkpt lat="38.392422" lon="-106.24688">
        <ele>3308.0</ele>
      </trkpt>
      <trkpt lat="38.39196" lon="-106.246613">
        <ele>3311.0</ele>
      </trkpt>
      <trkpt lat="38.391731" lon="-106.246681">
        <ele>3315.0</ele>
      </trkpt>
      <trkpt lat="38.391289" lon="-106.24707">
        <ele>3319.0</ele>
      </trkpt>
      <trkpt lat="38.391109" lon="-106.246857">
        <ele>3321.0</ele>
      </trkpt>
      <trkpt lat="38.390865" lon="-106.246857">
        <ele>3322.0</ele>
      </trkpt>
      <trkpt lat="38.390522" lon="-106.246674">
        <ele>3325.0</ele>
      </trkpt>
      <trkpt lat="38.389847" lon="-106.245651">
        <ele>3336.0</ele>
      </trkpt>
      <trkpt lat="38.389172" lon="-106.244896">
        <ele>3349.0</ele>
      </trkpt>
      <trkpt lat="38.388397" lon="-106.244553">
        <ele>3352.0</ele>
      </trkpt>
      <trkpt lat="38.387962" lon="-106.244537">
        <ele>3350.0</ele>
      </trkpt>
      <trkpt lat="38.38689" lon="-106.244156">
        <ele>3353.0</ele>
      </trkpt>
      <trkpt lat="38.386242" lon="-106.243683">
        <ele>3358.0</ele>
      </trkpt>
      <trkpt lat="38.385345" lon="-106.242592">
        <ele>3364.0</ele>
      </trkpt>
      <trkpt lat="38.384747" lon="-106.241264">
        <ele>3368.0</ele>
      </trkpt>
      <trkpt lat="38.384148" lon="-106.240532">
        <ele>3364.0</ele>
      </trkpt>
      <trkpt lat="38.383286" lon="-106.240364">
        <ele>3372.0</ele>
      </trkpt>
      <trkpt lat="38.382595" lon="-106.239609">
        <ele>3379.0</ele>
      </trkpt>
      <trkpt lat="38.382462" lon="-106.239311">
        <ele>3381.0</ele>
      </trkpt>
      <trkpt lat="38.382305" lon="-106.238274">
        <ele>3394.0</ele>
      </trkpt>
      <trkpt lat="38.382526" lon="-106.237373">
        <ele>3397.0</ele>
      </trkpt>
      <trkpt lat="38.382538" lon="-106.235672">
        <ele>3407.0</ele>
      </trkpt>
      <trkpt lat="38.382168" lon="-106.234779">
        <ele>3409.0</ele>
      </trkpt>
      <trkpt lat="38.381805" lon="-106.234383">
        <ele>3415.0</ele>
      </trkpt>
      <trkpt lat="38.381538" lon="-106.233643">
        <ele>3420.0</ele>
      </trkpt>
      <trkpt lat="38.38168" lon="-106.234741">
        <ele>3426.0</ele>
      </trkpt>
      <trkpt lat="38.381809" lon="-106.235039">
        <ele>3426.0</ele>
      </trkpt>
      <trkpt lat="38.381748" lon="-106.236259">
        <ele>3430.0</ele>
      </trkpt>
      <trkpt lat="38.381397" lon="-106.236992">
        <ele>3432.0</ele>
      </trkpt>
      <trkpt lat="38.380905" lon="-106.237297">
        <ele>3440.0</ele>
      </trkpt>
      <trkpt lat="38.380371" lon="-106.238182">
        <ele>3439.0</ele>
      </trkpt>
      <trkpt lat="38.380058" lon="-106.238205">
        <ele>3441.0</ele>
      </trkpt>
      <trkpt lat="38.379562" lon="-106.237999">
        <ele>3444.0</ele>
      </trkpt>
      <trkpt lat="38.377792" lon="-106.237823">
        <ele>3438.0</ele>
      </trkpt>
      <trkpt lat="38.376759" lon="-106.238449">
        <ele>3426.0</ele>
      </trkpt>
      <trkpt lat="38.375675" lon="-106.239304">
        <ele>3411.0</ele>
      </trkpt>
      <trkpt lat="38.37505" lon="-106.239662">
        <ele>3410.0</ele>
      </trkpt>
      <trkpt lat="38.374596" lon="-106.239639">
        <ele>3407.0</ele>
      </trkpt>
      <trkpt lat="38.374401" lon="-106.23941">
        <ele>3404.0</ele>
      </trkpt>
      <trkpt lat="38.374142" lon="-106.23941">
        <ele>3404.0</ele>
      </trkpt>
      <trkpt lat="38.373272" lon="-106.238625">
        <ele>3406.0</ele>
      </trkpt>
      <trkpt lat="38.37289" lon="-106.238548">
        <ele>3401.0</ele>
      </trkpt>
      <trkpt lat="38.372326" lon="-106.238228">
        <ele>3393.0</ele>
      </trkpt>
      <trkpt lat="38.371742" lon="-106.237511">
        <ele>3383.0</ele>
      </trkpt>
      <trkpt lat="38.37101" lon="-106.236969">
        <ele>3380.0</ele>
      </trkpt>
      <trkpt lat="38.370304" lon="-106.236168">
        <ele>3378.0</ele>
      </trkpt>
      <trkpt lat="38.369831" lon="-106.236">
        <ele>3382.0</ele>
      </trkpt>
      <trkpt lat="38.369633" lon="-106.236336">
        <ele>3387.0</ele>
      </trkpt>
      <trkpt lat="38.369324" lon="-106.236588">
        <ele>3391.0</ele>
      </trkpt>
      <trkpt lat="38.369221" lon="-106.236877">
        <ele>3393.0</ele>
      </trkpt>
      <trkpt lat="38.368515" lon="-106.237434">
        <ele>3393.0</ele>
      </trkpt>
      <trkpt lat="38.368324" lon="-106.237709">
        <ele>3392.0</ele>
      </trkpt>
      <trkpt lat="38.367409" lon="-106.23748">
        <ele>3396.0</ele>
      </trkpt>
      <trkpt lat="38.366367" lon="-106.237579">
        <ele>3408.0</ele>
      </trkpt>
      <trkpt lat="38.365456" lon="-106.238037">
        <ele>3425.0</ele>
      </trkpt>
      <trkpt lat="38.365166" lon="-106.237907">
        <ele>3426.0</ele>
      </trkpt>
      <trkpt lat="38.364838" lon="-106.237991">
        <ele>3431.0</ele>
      </trkpt>
      <trkpt lat="38.363544" lon="-106.237907">
        <ele>3438.0</ele>
      </trkpt>
      <trkpt lat="38.362846" lon="-106.238037">
        <ele>3437.0</ele>
      </trkpt>
      <trkpt lat="38.362644" lon="-106.238235">
        <ele>3436.0</ele>
      </trkpt>
      <trkpt lat="38.362408" lon="-106.238762">
        <ele>3439.0</ele>
      </trkpt>
      <trkpt lat="38.361958" lon="-106.239044">
        <ele>3434.0</ele>
      </trkpt>
      <trkpt lat="38.361492" lon="-106.239563">
        <ele>3431.0</ele>
      </trkpt>
      <trkpt lat="38.361252" lon="-106.240746">
        <ele>3432.0</ele>
      </trkpt>
      <trkpt lat="38.360985" lon="-106.241051">
        <ele>3434.0</ele>
      </trkpt>
      <trkpt lat="38.360558" lon="-106.241043">
        <ele>3435.0</ele>
      </trkpt>
      <trkpt lat="38.360012" lon="-106.241234">
        <ele>3440.0</ele>
      </trkpt>
      <trkpt lat="38.359688" lon="-106.24147">
        <ele>3444.0</ele>
      </trkpt>
      <trkpt lat="38.359463" lon="-106.241806">
        <ele>3446.0</ele>
      </trkpt>
      <trkpt lat="38.358505" lon="-106.24218">
        <ele>3440.0</ele>
      </trkpt>
      <trkpt lat="38.35812" lon="-106.242104">
        <ele>3437.0</ele>
      </trkpt>
      <trkpt lat="38.357033" lon="-106.241447">
        <ele>3423.0</ele>
      </trkpt>
      <trkpt lat="38.356022" lon="-106.241409">
        <ele>3422.0</ele>
      </trkpt>
      <trkpt lat="38.354809" lon="-106.241638">
        <ele>3425.0</ele>
      </trkpt>
      <trkpt lat="38.353752" lon="-106.241508">
        <ele>3425.0</ele>
      </trkpt>
      <trkpt lat="38.353374" lon="-106.241737">
        <ele>3428.0</ele>
      </trkpt>
      <trkpt lat="38.35318" lon="-106.241699">
        <ele>3428.0</ele>
      </trkpt>
      <trkpt lat="38.351845" lon="-106.242271">
        <ele>3439.0</ele>
      </trkpt>
      <trkpt lat="38.35154" lon="-106.242706">
        <ele>3448.0</ele>
      </trkpt>
      <trkpt lat="38.351105" lon="-106.242966">
        <ele>3448.0</ele>
      </trkpt>
      <trkpt lat="38.350601" lon="-106.243622">
        <ele>3458.0</ele>
      </trkpt>
      <trkpt lat="38.35033" lon="-106.244209">
        <ele>3458.0</ele>
      </trkpt>
      <trkpt lat="38.350506" lon="-106.245644">
        <ele>3466.0</ele>
      </trkpt>
      <trkpt lat="38.351177" lon="-106.246834">
        <ele>3482.0</ele>
      </trkpt>
      <trkpt lat="38.351044" lon="-106.247253">
        <ele>3483.0</ele>
      </trkpt>
      <trkpt lat="38.350803" lon="-106.247444">
        <ele>3486.0</ele>
      </trkpt>
      <trkpt lat="38.350292" lon="-106.249222">
        <ele>3501.0</ele>
      </trkpt>
      <trkpt lat="38.350407" lon="-106.249466">
        <ele>3502.0</ele>
      </trkpt>
      <trkpt lat="38.350426" lon="-106.250221">
        <ele>3510.0</ele>
      </trkpt>
      <trkpt lat="38.350601" lon="-106.25074">
        <ele>3510.0</ele>
      </trkpt>
      <trkpt lat="38.350578" lon="-106.25116">
        <ele>3512.0</ele>
      </trkpt>
      <trkpt lat="38.349907" lon="-106.252876">
        <ele>3527.0</ele>
      </trkpt>
      <trkpt lat="38.349834" lon="-106.253479">
        <ele>3530.0</ele>
      </trkpt>
      <trkpt lat="38.35004" lon="-106.254044">
        <ele>3523.0</ele>
      </trkpt>
      <trkpt lat="38.349827" lon="-106.255051">
        <ele>3534.0</ele>
      </trkpt>
      <trkpt lat="38.349842" lon="-106.256218">
        <ele>3529.0</ele>
      </trkpt>
      <trkpt lat="38.34964" lon="-106.256737">
        <ele>3534.0</ele>
      </trkpt>
      <trkpt lat="38.349705" lon="-106.257439">
        <ele>3528.0</ele>
      </trkpt>
      <trkpt lat="38.349651" lon="-106.257698">
        <ele>3525.0</ele>
      </trkpt>
      <trkpt lat="38.349342" lon="-106.25798">
        <ele>3520.0</ele>
      </trkpt>
      <trkpt lat="38.349644" lon="-106.258812">
        <ele>3508.0</ele>
      </trkpt>
      <trkpt lat="38.349728" lon="-106.259544">
        <ele>3499.0</ele>
      </trkpt>
      <trkpt lat="38.349579" lon="-106.259964">
        <ele>3495.0</ele>
      </trkpt>
      <trkpt lat="38.349705" lon="-106.261147">
        <ele>3504.0</ele>
      </trkpt>
      <trkpt lat="38.349491" lon="-106.261688">
        <ele>3506.0</ele>
      </trkpt>
      <trkpt lat="38.349213" lon="-106.263397">
        <ele>3515.0</ele>
      </trkpt>
      <trkpt lat="38.349239" lon="-106.264046">
        <ele>3521.0</ele>
      </trkpt>
      <trkpt lat="38.34914" lon="-106.26461">
        <ele>3525.0</ele>
      </trkpt>
      <trkpt lat="38.348457" lon="-106.266327">
        <ele>3533.0</ele>
      </trkpt>
      <trkpt lat="38.348545" lon="-106.266525">
        <ele>3536.0</ele>
      </trkpt>
      <trkpt lat="38.348854" lon="-106.266701">
        <ele>3541.0</ele>
      </trkpt>
      <trkpt lat="38.348759" lon="-106.266312">
        <ele>3542.0</ele>
      </trkpt>
      <trkpt lat="38.348904" lon="-106.266075">
        <ele>3546.0</ele>
      </trkpt>
      <trkpt lat="38.349216" lon="-106.266472">
        <ele>3552.0</ele>
      </trkpt>
      <trkpt lat="38.349712" lon="-106.266617">
        <ele>3558.0</ele>
      </trkpt>
      <trkpt lat="38.350174" lon="-106.266541">
        <ele>3565.0</ele>
      </trkpt>
      <trkpt lat="38.350845" lon="-106.267014">
        <ele>3566.0</ele>
      </trkpt>
      <trkpt lat="38.352261" lon="-106.269524">
        <ele>3543.0</ele>
      </trkpt>
      <trkpt lat="38.352676" lon="-106.269798">
        <ele>3541.0</ele>
      </trkpt>
      <trkpt lat="38.352745" lon="-106.270424">
        <ele>3531.0</ele>
      </trkpt>
      <trkpt lat="38.352543" lon="-106.270905">
        <ele>3526.0</ele>
      </trkpt>
      <trkpt lat="38.352577" lon="-106.2714">
        <ele>3523.0</ele>
      </trkpt>
      <trkpt lat="38.35247" lon="-106.271935">
        <ele>3518.0</ele>
      </trkpt>
      <trkpt lat="38.352276" lon="-106.272125">
        <ele>3514.0</ele>
      </trkpt>
      <trkpt lat="38.351894" lon="-106.272926">
        <ele>3504.0</ele>
      </trkpt>
      <trkpt lat="38.35202" lon="-106.273499">
        <ele>3503.0</ele>
      </trkpt>
      <trkpt lat="38.352177" lon="-106.273758">
        <ele>3500.0</ele>
      </trkpt>
      <trkpt lat="38.352226" lon="-106.274307">
        <ele>3490.0</ele>
      </trkpt>
      <trkpt lat="38.352474" lon="-106.27507">
        <ele>3473.0</ele>
      </trkpt>
      <trkpt lat="38.35244" lon="-106.275597">
        <ele>3464.0</ele>
      </trkpt>
      <trkpt lat="38.352036" lon="-106.275948">
        <ele>3460.0</ele>
      </trkpt>
      <trkpt lat="38.351547" lon="-106.276787">
        <ele>3449.0</ele>
      </trkpt>
      <trkpt lat="38.3512" lon="-106.277031">
        <ele>3445.0</ele>
      </trkpt>
      <trkpt lat="38.351006" lon="-106.277382">
        <ele>3440.0</ele>
      </trkpt>
      <trkpt lat="38.350498" lon="-106.277802">
        <ele>3430.0</ele>
      </trkpt>
      <trkpt lat="38.350471" lon="-106.278351">
        <ele>3429.0</ele>
      </trkpt>
      <trkpt lat="38.350353" lon="-106.278625">
        <ele>3427.0</ele>
      </trkpt>
      <trkpt lat="38.350105" lon="-106.278854">
        <ele>3424.0</ele>
      </trkpt>
      <trkpt lat="38.350029" lon="-106.279678">
        <ele>3415.0</ele>
      </trkpt>
      <trkpt lat="38.349812" lon="-106.280434">
        <ele>3407.0</ele>
      </trkpt>
      <trkpt lat="38.349049" lon="-106.280838">
        <ele>3401.0</ele>
      </trkpt>
      <trkpt lat="38.348953" lon="-106.280991">
        <ele>3396.0</ele>
      </trkpt>
      <trkpt lat="38.349079" lon="-106.281143">
        <ele>3393.0</ele>
      </trkpt>
      <trkpt lat="38.349041" lon="-106.281372">
        <ele>3387.0</ele>
      </trkpt>
      <trkpt lat="38.348812" lon="-106.281418">
        <ele>3386.0</ele>
      </trkpt>
      <trkpt lat="38.348564" lon="-106.282005">
        <ele>3368.0</ele>
      </trkpt>
      <trkpt lat="38.347767" lon="-106.282875">
        <ele>3339.0</ele>
      </trkpt>
      <trkpt lat="38.347744" lon="-106.283112">
        <ele>3336.0</ele>
      </trkpt>
      <trkpt lat="38.347855" lon="-106.283424">
        <ele>3332.0</ele>
      </trkpt>
      <trkpt lat="38.348053" lon="-106.283638">
        <ele>3331.0</ele>
      </trkpt>
      <trkpt lat="38.348259" lon="-106.284248">
        <ele>3322.0</ele>
      </trkpt>
      <trkpt lat="38.34824" lon="-106.285248">
        <ele>3306.0</ele>
      </trkpt>
      <trkpt lat="38.347969" lon="-106.285751">
        <ele>3298.0</ele>
      </trkpt>
      <trkpt lat="38.347366" lon="-106.286324">
        <ele>3286.0</ele>
      </trkpt>
      <trkpt lat="38.347221" lon="-106.286354">
        <ele>3285.0</ele>
      </trkpt>
      <trkpt lat="38.347012" lon="-106.286636">
        <ele>3282.0</ele>
      </trkpt>
      <trkpt lat="38.347034" lon="-106.286842">
        <ele>3280.0</ele>
      </trkpt>
      <trkpt lat="38.346779" lon="-106.287392">
        <ele>3275.0</ele>
      </trkpt>
      <trkpt lat="38.346352" lon="-106.287605">
        <ele>3274.0</ele>
      </trkpt>
      <trkpt lat="38.345879" lon="-106.287643">
        <ele>3273.0</ele>
      </trkpt>
      <trkpt lat="38.345631" lon="-106.288147">
        <ele>3272.0</ele>
      </trkpt>
      <trkpt lat="38.345558" lon="-106.288521">
        <ele>3271.0</ele>
      </trkpt>
      <trkpt lat="38.345806" lon="-106.289688">
        <ele>3264.0</ele>
      </trkpt>
      <trkpt lat="38.345688" lon="-106.290894">
        <ele>3256.0</ele>
      </trkpt>
      <trkpt lat="38.345058" lon="-106.291199">
        <ele>3253.0</ele>
      </trkpt>
      <trkpt lat="38.344391" lon="-106.292061">
        <ele>3241.0</ele>
      </trkpt>
      <trkpt lat="38.344296" lon="-106.292664">
        <ele>3235.0</ele>
      </trkpt>
      <trkpt lat="38.34433" lon="-106.293388">
        <ele>3228.0</ele>
      </trkpt>
      <trkpt lat="38.344112" lon="-106.294365">
        <ele>3217.0</ele>
      </trkpt>
      <trkpt lat="38.343861" lon="-106.294891">
        <ele>3216.0</ele>
      </trkpt>
      <trkpt lat="38.343922" lon="-106.295372">
        <ele>3220.0</ele>
      </trkpt>
      <trkpt lat="38.343822" lon="-106.295525">
        <ele>3221.0</ele>
      </trkpt>
      <trkpt lat="38.343792" lon="-106.296227">
        <ele>3235.0</ele>
      </trkpt>
      <trkpt lat="38.343864" lon="-106.296539">
        <ele>3240.0</ele>
      </trkpt>
      <trkpt lat="38.344395" lon="-106.297279">
        <ele>3249.0</ele>
      </trkpt>
      <trkpt lat="38.344521" lon="-106.298355">
        <ele>3246.0</ele>
      </trkpt>
      <trkpt lat="38.344509" lon="-106.299492">
        <ele>3242.0</ele>
      </trkpt>
      <trkpt lat="38.34441" lon="-106.299759">
        <ele>3243.0</ele>
      </trkpt>
      <trkpt lat="38.344398" lon="-106.300217">
        <ele>3247.0</ele>
      </trkpt>
      <trkpt lat="38.344261" lon="-106.300621">
        <ele>3250.0</ele>
      </trkpt>
      <trkpt lat="38.344109" lon="-106.300774">
        <ele>3252.0</ele>
      </trkpt>
      <trkpt lat="38.344009" lon="-106.301437">
        <ele>3251.0</ele>
      </trkpt>
      <trkpt lat="38.344311" lon="-106.302696">
        <ele>3238.0</ele>
      </trkpt>
      <trkpt lat="38.344479" lon="-106.304352">
        <ele>3233.0</ele>
      </trkpt>
      <trkpt lat="38.344387" lon="-106.30542">
        <ele>3235.0</ele>
      </trkpt>
      <trkpt lat="38.344223" lon="-106.305695">
        <ele>3237.0</ele>
      </trkpt>
      <trkpt lat="38.344181" lon="-106.306213">
        <ele>3239.0</ele>
      </trkpt>
      <trkpt lat="38.343987" lon="-106.306786">
        <ele>3244.0</ele>
      </trkpt>
      <trkpt lat="38.343548" lon="-106.307503">
        <ele>3253.0</ele>
      </trkpt>
      <trkpt lat="38.343327" lon="-106.30851">
        <ele>3267.0</ele>
      </trkpt>
      <trkpt lat="38.343239" lon="-106.308601">
        <ele>3266.0</ele>
      </trkpt>
      <trkpt lat="38.343464" lon="-106.309906">
        <ele>3260.0</ele>
      </trkpt>
      <trkpt lat="38.343414" lon="-106.310478">
        <ele>3255.0</ele>
      </trkpt>
      <trkpt lat="38.343578" lon="-106.311096">
        <ele>3251.0</ele>
      </trkpt>
      <trkpt lat="38.343609" lon="-106.311882">
        <ele>3241.0</ele>
      </trkpt>
      <trkpt lat="38.343311" lon="-106.31221">
        <ele>3242.0</ele>
      </trkpt>
      <trkpt lat="38.342953" lon="-106.312347">
        <ele>3235.0</ele>
      </trkpt>
      <trkpt lat="38.342972" lon="-106.312637">
        <ele>3237.0</ele>
      </trkpt>
      <trkpt lat="38.342705" lon="-106.312935">
        <ele>3233.0</ele>
      </trkpt>
      <trkpt lat="38.342628" lon="-106.313461">
        <ele>3235.0</ele>
      </trkpt>
      <trkpt lat="38.342827" lon="-106.314171">
        <ele>3236.0</ele>
      </trkpt>
      <trkpt lat="38.342575" lon="-106.31517">
        <ele>3229.0</ele>
      </trkpt>
      <trkpt lat="38.342152" lon="-106.316299">
        <ele>3246.0</ele>
      </trkpt>
      <trkpt lat="38.341675" lon="-106.316711">
        <ele>3251.0</ele>
      </trkpt>
      <trkpt lat="38.341381" lon="-106.316795">
        <ele>3250.0</ele>
      </trkpt>
      <trkpt lat="38.340889" lon="-106.31749">
        <ele>3248.0</ele>
      </trkpt>
      <trkpt lat="38.340389" lon="-106.317749">
        <ele>3246.0</ele>
      </trkpt>
      <trkpt lat="38.340275" lon="-106.317963">
        <ele>3245.0</ele>
      </trkpt>
      <trkpt lat="38.340084" lon="-106.318069">
        <ele>3243.0</ele>
      </trkpt>
      <trkpt lat="38.338882" lon="-106.318199">
        <ele>3234.0</ele>
      </trkpt>
      <trkpt lat="38.338284" lon="-106.318436">
        <ele>3223.0</ele>
      </trkpt>
      <trkpt lat="38.337925" lon="-106.318275">
        <ele>3215.0</ele>
      </trkpt>
      <trkpt lat="38.33754" lon="-106.317863">
        <ele>3218.0</ele>
      </trkpt>
      <trkpt lat="38.336945" lon="-106.317749">
        <ele>3227.0</ele>
      </trkpt>
      <trkpt lat="38.336647" lon="-106.317955">
        <ele>3233.0</ele>
      </trkpt>
      <trkpt lat="38.33638" lon="-106.317993">
        <ele>3232.0</ele>
      </trkpt>
      <trkpt lat="38.336178" lon="-106.318169">
        <ele>3229.0</ele>
      </trkpt>
      <trkpt lat="38.335983" lon="-106.318176">
        <ele>3228.0</ele>
      </trkpt>
      <trkpt lat="38.335297" lon="-106.317848">
        <ele>3225.0</ele>
      </trkpt>
      <trkpt lat="38.334648" lon="-106.317863">
        <ele>3220.0</ele>
      </trkpt>
      <trkpt lat="38.334286" lon="-106.318077">
        <ele>3216.0</ele>
      </trkpt>
      <trkpt lat="38.333469" lon="-106.318123">
        <ele>3208.0</ele>
      </trkpt>
      <trkpt lat="38.332764" lon="-106.31855">
        <ele>3204.0</ele>
      </trkpt>
      <trkpt lat="38.331604" lon="-106.318932">
        <ele>3205.0</ele>
      </trkpt>
      <trkpt lat="38.33144" lon="-106.319107">
        <ele>3207.0</ele>
      </trkpt>
      <trkpt lat="38.330662" lon="-106.319336">
        <ele>3211.0</ele>
      </trkpt>
      <trkpt lat="38.330368" lon="-106.319595">
        <ele>3216.0</ele>
      </trkpt>
      <trkpt lat="38.329784" lon="-106.319786">
        <ele>3220.0</ele>
      </trkpt>
      <trkpt lat="38.329254" lon="-106.320244">
        <ele>3224.0</ele>
      </trkpt>
      <trkpt lat="38.328773" lon="-106.320869">
        <ele>3228.0</ele>
      </trkpt>
      <trkpt lat="38.328636" lon="-106.32135">
        <ele>3231.0</ele>
      </trkpt>
      <trkpt lat="38.328247" lon="-106.321281">
        <ele>3233.0</ele>
      </trkpt>
      <trkpt lat="38.328049" lon="-106.321365">
        <ele>3236.0</ele>
      </trkpt>
      <trkpt lat="38.327267" lon="-106.321251">
        <ele>3236.0</ele>
      </trkpt>
      <trkpt lat="38.326233" lon="-106.321548">
        <ele>3234.0</ele>
      </trkpt>
      <trkpt lat="38.32547" lon="-106.322105">
        <ele>3236.0</ele>
      </trkpt>
      <trkpt lat="38.324928" lon="-106.323097">
        <ele>3239.0</ele>
      </trkpt>
      <trkpt lat="38.324711" lon="-106.323929">
        <ele>3244.0</ele>
      </trkpt>
      <trkpt lat="38.324017" lon="-106.32489">
        <ele>3242.0</ele>
      </trkpt>
      <trkpt lat="38.323788" lon="-106.324936">
        <ele>3238.0</ele>
      </trkpt>
      <trkpt lat="38.323441" lon="-106.325226">
        <ele>3236.0</ele>
      </trkpt>
      <trkpt lat="38.321899" lon="-106.325256">
        <ele>3230.0</ele>
      </trkpt>
      <trkpt lat="38.321812" lon="-106.325409">
        <ele>3232.0</ele>
      </trkpt>
      <trkpt lat="38.321129" lon="-106.325447">
        <ele>3233.0</ele>
      </trkpt>
      <trkpt lat="38.320354" lon="-106.325729">
        <ele>3238.0</ele>
      </trkpt>
      <trkpt lat="38.319824" lon="-106.325752">
        <ele>3239.0</ele>
      </trkpt>
      <trkpt lat="38.319126" lon="-106.326004">
        <ele>3237.0</ele>
      </trkpt>
      <trkpt lat="38.318104" lon="-106.325935">
        <ele>3226.0</ele>
      </trkpt>
      <trkpt lat="38.317936" lon="-106.326462">
        <ele>3227.0</ele>
      </trkpt>
      <trkpt lat="38.317699" lon="-106.326805">
        <ele>3222.0</ele>
      </trkpt>
      <trkpt lat="38.316887" lon="-106.327362">
        <ele>3214.0</ele>
      </trkpt>
      <trkpt lat="38.316525" lon="-106.327919">
        <ele>3208.0</ele>
      </trkpt>
      <trkpt lat="38.316093" lon="-106.328918">
        <ele>3192.0</ele>
      </trkpt>
      <trkpt lat="38.314648" lon="-106.330803">
        <ele>3173.0</ele>
      </trkpt>
      <trkpt lat="38.314468" lon="-106.331436">
        <ele>3162.0</ele>
      </trkpt>
      <trkpt lat="38.314255" lon="-106.331772">
        <ele>3160.0</ele>
      </trkpt>
      <trkpt lat="38.314091" lon="-106.33239">
        <ele>3154.0</ele>
      </trkpt>
      <trkpt lat="38.313622" lon="-106.332809">
        <ele>3154.0</ele>
      </trkpt>
      <trkpt lat="38.313709" lon="-106.333138">
        <ele>3156.0</ele>
      </trkpt>
      <trkpt lat="38.313251" lon="-106.333496">
        <ele>3158.0</ele>
      </trkpt>
      <trkpt lat="38.312786" lon="-106.333679">
        <ele>3157.0</ele>
      </trkpt>
      <trkpt lat="38.312466" lon="-106.333939">
        <ele>3160.0</ele>
      </trkpt>
      <trkpt lat="38.311588" lon="-106.334183">
        <ele>3162.0</ele>
      </trkpt>
      <trkpt lat="38.311089" lon="-106.333923">
        <ele>3165.0</ele>
      </trkpt>
      <trkpt lat="38.310719" lon="-106.333862">
        <ele>3168.0</ele>
      </trkpt>
      <trkpt lat="38.309883" lon="-106.334244">
        <ele>3181.0</ele>
      </trkpt>
      <trkpt lat="38.309265" lon="-106.334312">
        <ele>3183.0</ele>
      </trkpt>
      <trkpt lat="38.307999" lon="-106.334709">
        <ele>3193.0</ele>
      </trkpt>
      <trkpt lat="38.306126" lon="-106.335953">
        <ele>3218.0</ele>
      </trkpt>
      <trkpt lat="38.30518" lon="-106.337868">
        <ele>3225.0</ele>
      </trkpt>
      <trkpt lat="38.305031" lon="-106.338486">
        <ele>3226.0</ele>
      </trkpt>
      <trkpt lat="38.305107" lon="-106.339333">
        <ele>3236.0</ele>
      </trkpt>
      <trkpt lat="38.305058" lon="-106.341011">
        <ele>3245.0</ele>
      </trkpt>
      <trkpt lat="38.30489" lon="-106.34166">
        <ele>3246.0</ele>
      </trkpt>
      <trkpt lat="38.304939" lon="-106.3423">
        <ele>3251.0</ele>
      </trkpt>
      <trkpt lat="38.305428" lon="-106.344322">
        <ele>3268.0</ele>
      </trkpt>
      <trkpt lat="38.305672" lon="-106.344955">
        <ele>3274.0</ele>
      </trkpt>
      <trkpt lat="38.305641" lon="-106.345497">
        <ele>3275.0</ele>
      </trkpt>
      <trkpt lat="38.306023" lon="-106.346474">
        <ele>3278.0</ele>
      </trkpt>
      <trkpt lat="38.306118" lon="-106.347115">
        <ele>3282.0</ele>
      </trkpt>
      <trkpt lat="38.306084" lon="-106.347931">
        <ele>3287.0</ele>
      </trkpt>
      <trkpt lat="38.305782" lon="-106.348801">
        <ele>3289.0</ele>
      </trkpt>
      <trkpt lat="38.305626" lon="-106.349701">
        <ele>3294.0</ele>
      </trkpt>
      <trkpt lat="38.304447" lon="-106.351135">
        <ele>3302.0</ele>
      </trkpt>
      <trkpt lat="38.303761" lon="-106.35215">
        <ele>3307.0</ele>
      </trkpt>
      <trkpt lat="38.303642" lon="-106.35247">
        <ele>3310.0</ele>
      </trkpt>
      <trkpt lat="38.303623" lon="-106.353355">
        <ele>3320.0</ele>
      </trkpt>
      <trkpt lat="38.303116" lon="-106.354271">
        <ele>3323.0</ele>
      </trkpt>
      <trkpt lat="38.303146" lon="-106.355011">
        <ele>3329.0</ele>
      </trkpt>
      <trkpt lat="38.302822" lon="-106.356354">
        <ele>3338.0</ele>
      </trkpt>
      <trkpt lat="38.3022" lon="-106.356613">
        <ele>3340.0</ele>
      </trkpt>
      <trkpt lat="38.301933" lon="-106.356865">
        <ele>3341.0</ele>
      </trkpt>
      <trkpt lat="38.301369" lon="-106.359879">
        <ele>3362.0</ele>
      </trkpt>
      <trkpt lat="38.301098" lon="-106.360748">
        <ele>3366.0</ele>
      </trkpt>
      <trkpt lat="38.301121" lon="-106.362556">
        <ele>3385.0</ele>
      </trkpt>
      <trkpt lat="38.300758" lon="-106.36422">
        <ele>3395.0</ele>
      </trkpt>
      <trkpt lat="38.300629" lon="-106.364471">
        <ele>3397.0</ele>
      </trkpt>
      <trkpt lat="38.300697" lon="-106.36586">
        <ele>3412.0</ele>
      </trkpt>
      <trkpt lat="38.300823" lon="-106.366348">
        <ele>3416.0</ele>
      </trkpt>
      <trkpt lat="38.301445" lon="-106.366898">
        <ele>3421.0</ele>
      </trkpt>
      <trkpt lat="38.30209" lon="-106.366753">
        <ele>3421.0</ele>
      </trkpt>
      <trkpt lat="38.302349" lon="-106.366821">
        <ele>3421.0</ele>
      </trkpt>
      <trkpt lat="38.302437" lon="-106.366974">
        <ele>3421.0</ele>
      </trkpt>
      <trkpt lat="38.302456" lon="-106.367905">
        <ele>3423.0</ele>
      </trkpt>
      <trkpt lat="38.302193" lon="-106.368576">
        <ele>3425.0</ele>
      </trkpt>
      <trkpt lat="38.300861" lon="-106.370132">
        <ele>3435.0</ele>
      </trkpt>
      <trkpt lat="38.300625" lon="-106.370819">
        <ele>3439.0</ele>
      </trkpt>
      <trkpt lat="38.299568" lon="-106.371635">
        <ele>3448.0</ele>
      </trkpt>
      <trkpt lat="38.298454" lon="-106.372025">
        <ele>3458.0</ele>
      </trkpt>
      <trkpt lat="38.29784" lon="-106.372406">
        <ele>3463.0</ele>
      </trkpt>
      <trkpt lat="38.297157" lon="-106.372543">
        <ele>3470.0</ele>
      </trkpt>
      <trkpt lat="38.296684" lon="-106.373032">
        <ele>3478.0</ele>
      </trkpt>
      <trkpt lat="38.295658" lon="-106.373741">
        <ele>3491.0</ele>
      </trkpt>
      <trkpt lat="38.295116" lon="-106.37397">
        <ele>3496.0</ele>
      </trkpt>
      <trkpt lat="38.294544" lon="-106.374054">
        <ele>3500.0</ele>
      </trkpt>
      <trkpt lat="38.293999" lon="-106.374367">
        <ele>3504.0</ele>
      </trkpt>
      <trkpt lat="38.293732" lon="-106.374733">
        <ele>3508.0</ele>
      </trkpt>
      <trkpt lat="38.293362" lon="-106.375694">
        <ele>3515.0</ele>
      </trkpt>
      <trkpt lat="38.292759" lon="-106.376312">
        <ele>3520.0</ele>
      </trkpt>
      <trkpt lat="38.291862" lon="-106.378006">
        <ele>3537.0</ele>
      </trkpt>
      <trkpt lat="38.291595" lon="-106.378265">
        <ele>3540.0</ele>
      </trkpt>
      <trkpt lat="38.290657" lon="-106.378761">
        <ele>3545.0</ele>
      </trkpt>
      <trkpt lat="38.289513" lon="-106.380318">
        <ele>3561.0</ele>
      </trkpt>
      <trkpt lat="38.289371" lon="-106.380981">
        <ele>3565.0</ele>
      </trkpt>
      <trkpt lat="38.289143" lon="-106.381477">
        <ele>3567.0</ele>
      </trkpt>
      <trkpt lat="38.2883" lon="-106.382256">
        <ele>3572.0</ele>
      </trkpt>
      <trkpt lat="38.287933" lon="-106.382462">
        <ele>3574.0</ele>
      </trkpt>
      <trkpt lat="38.287659" lon="-106.382973">
        <ele>3575.0</ele>
      </trkpt>
      <trkpt lat="38.28664" lon="-106.384331">
        <ele>3570.0</ele>
      </trkpt>
      <trkpt lat="38.28661" lon="-106.384598">
        <ele>3569.0</ele>
      </trkpt>
      <trkpt lat="38.285648" lon="-106.38517">
        <ele>3561.0</ele>
      </trkpt>
      <trkpt lat="38.284752" lon="-106.386223">
        <ele>3553.0</ele>
      </trkpt>
      <trkpt lat="38.283859" lon="-106.38694">
        <ele>3546.0</ele>
      </trkpt>
      <trkpt lat="38.283451" lon="-106.38781">
        <ele>3543.0</ele>
      </trkpt>
      <trkpt lat="38.2831" lon="-106.390602">
        <ele>3541.0</ele>
      </trkpt>
      <trkpt lat="38.283958" lon="-106.393417">
        <ele>3544.0</ele>
      </trkpt>
      <trkpt lat="38.284271" lon="-106.393967">
        <ele>3537.0</ele>
      </trkpt>
      <trkpt lat="38.284458" lon="-106.39666">
        <ele>3518.0</ele>
      </trkpt>
      <trkpt lat="38.284401" lon="-106.39698">
        <ele>3516.0</ele>
      </trkpt>
      <trkpt lat="38.283958" lon="-106.397888">
        <ele>3510.0</ele>
      </trkpt>
      <trkpt lat="38.2836" lon="-106.398247">
        <ele>3508.0</ele>
      </trkpt>
      <trkpt lat="38.283562" lon="-106.398941">
        <ele>3500.0</ele>
      </trkpt>
      <trkpt lat="38.283218" lon="-106.399597">
        <ele>3491.0</ele>
      </trkpt>
      <trkpt lat="38.283421" lon="-106.400261">
        <ele>3481.0</ele>
      </trkpt>
      <trkpt lat="38.283852" lon="-106.400658">
        <ele>3476.0</ele>
      </trkpt>
      <trkpt lat="38.284512" lon="-106.400574">
        <ele>3473.0</ele>
      </trkpt>
      <trkpt lat="38.284779" lon="-106.400772">
        <ele>3469.0</ele>
      </trkpt>
      <trkpt lat="38.28561" lon="-106.402672">
        <ele>3450.0</ele>
      </trkpt>
      <trkpt lat="38.285568" lon="-106.404053">
        <ele>3445.0</ele>
      </trkpt>
      <trkpt lat="38.28508" lon="-106.405342">
        <ele>3440.0</ele>
      </trkpt>
      <trkpt lat="38.284988" lon="-106.406761">
        <ele>3435.0</ele>
      </trkpt>
      <trkpt lat="38.284882" lon="-106.407211">
        <ele>3434.0</ele>
      </trkpt>
      <trkpt lat="38.284672" lon="-106.407448">
        <ele>3432.0</ele>
      </trkpt>
      <trkpt lat="38.28458" lon="-106.407867">
        <ele>3431.0</ele>
      </trkpt>
      <trkpt lat="38.283852" lon="-106.408722">
        <ele>3422.0</ele>
      </trkpt>
      <trkpt lat="38.283772" lon="-106.409279">
        <ele>3422.0</ele>
      </trkpt>
      <trkpt lat="38.283501" lon="-106.409721">
        <ele>3418.0</ele>
      </trkpt>
      <trkpt lat="38.283482" lon="-106.410149">
        <ele>3419.0</ele>
      </trkpt>
      <trkpt lat="38.282471" lon="-106.411018">
        <ele>3410.0</ele>
      </trkpt>
      <trkpt lat="38.28196" lon="-106.411209">
        <ele>3406.0</ele>
      </trkpt>
      <trkpt lat="38.281174" lon="-106.413582">
        <ele>3403.0</ele>
      </trkpt>
      <trkpt lat="38.280952" lon="-106.41507">
        <ele>3416.0</ele>
      </trkpt>
      <trkpt lat="38.280979" lon="-106.415955">
        <ele>3421.0</ele>
      </trkpt>
      <trkpt lat="38.281147" lon="-106.416451">
        <ele>3423.0</ele>
      </trkpt>
      <trkpt lat="38.280952" lon="-106.416801">
        <ele>3426.0</ele>
      </trkpt>
      <trkpt lat="38.280647" lon="-106.418114">
        <ele>3443.0</ele>
      </trkpt>
      <trkpt lat="38.280033" lon="-106.418747">
        <ele>3450.0</ele>
      </trkpt>
      <trkpt lat="38.2799" lon="-106.419441">
        <ele>3458.0</ele>
      </trkpt>
      <trkpt lat="38.279613" lon="-106.420105">
        <ele>3466.0</ele>
      </trkpt>
      <trkpt lat="38.279522" lon="-106.421158">
        <ele>3478.0</ele>
      </trkpt>
      <trkpt lat="38.280224" lon="-106.422447">
        <ele>3483.0</ele>
      </trkpt>
      <trkpt lat="38.280689" lon="-106.423599">
        <ele>3474.0</ele>
      </trkpt>
      <trkpt lat="38.281406" lon="-106.424599">
        <ele>3475.0</ele>
      </trkpt>
      <trkpt lat="38.281898" lon="-106.425522">
        <ele>3474.0</ele>
      </trkpt>
      <trkpt lat="38.281879" lon="-106.425774">
        <ele>3473.0</ele>
      </trkpt>
      <trkpt lat="38.28157" lon="-106.426231">
        <ele>3470.0</ele>
      </trkpt>
      <trkpt lat="38.281471" lon="-106.426773">
        <ele>3469.0</ele>
      </trkpt>
      <trkpt lat="38.280884" lon="-106.42778">
        <ele>3464.0</ele>
      </trkpt>
      <trkpt lat="38.280361" lon="-106.429283">
        <ele>3460.0</ele>
      </trkpt>
      <trkpt lat="38.280102" lon="-106.429703">
        <ele>3458.0</ele>
      </trkpt>
      <trkpt lat="38.279999" lon="-106.430161">
        <ele>3457.0</ele>
      </trkpt>
      <trkpt lat="38.2803" lon="-106.431122">
        <ele>3455.0</ele>
      </trkpt>
      <trkpt lat="38.280273" lon="-106.431442">
        <ele>3455.0</ele>
      </trkpt>
      <trkpt lat="38.280506" lon="-106.432076">
        <ele>3451.0</ele>
      </trkpt>
      <trkpt lat="38.280445" lon="-106.432854">
        <ele>3446.0</ele>
      </trkpt>
      <trkpt lat="38.280621" lon="-106.433929">
        <ele>3445.0</ele>
      </trkpt>
      <trkpt lat="38.280968" lon="-106.435005">
        <ele>3451.0</ele>
      </trkpt>
      <trkpt lat="38.281445" lon="-106.435501">
        <ele>3461.0</ele>
      </trkpt>
      <trkpt lat="38.281811" lon="-106.436111">
        <ele>3468.0</ele>
      </trkpt>
      <trkpt lat="38.281822" lon="-106.436295">
        <ele>3468.0</ele>
      </trkpt>
      <trkpt lat="38.282085" lon="-106.436378">
        <ele>3470.0</ele>
      </trkpt>
      <trkpt lat="38.282589" lon="-106.436798">
        <ele>3475.0</ele>
      </trkpt>
      <trkpt lat="38.283016" lon="-106.437447">
        <ele>3476.0</ele>
      </trkpt>
      <trkpt lat="38.283985" lon="-106.438057">
        <ele>3465.0</ele>
      </trkpt>
      <trkpt lat="38.284206" lon="-106.438316">
        <ele>3462.0</ele>
      </trkpt>
      <trkpt lat="38.284962" lon="-106.438705">
        <ele>3455.0</ele>
      </trkpt>
      <trkpt lat="38.285057" lon="-106.438988">
        <ele>3453.0</ele>
      </trkpt>
      <trkpt lat="38.285694" lon="-106.439636">
        <ele>3447.0</ele>
      </trkpt>
      <trkpt lat="38.287548" lon="-106.440575">
        <ele>3444.0</ele>
      </trkpt>
      <trkpt lat="38.288025" lon="-106.441116">
        <ele>3448.0</ele>
      </trkpt>
      <trkpt lat="38.288322" lon="-106.441704">
        <ele>3452.0</ele>
      </trkpt>
      <trkpt lat="38.288612" lon="-106.441666">
        <ele>3455.0</ele>
      </trkpt>
      <trkpt lat="38.288956" lon="-106.442261">
        <ele>3461.0</ele>
      </trkpt>
      <trkpt lat="38.288918" lon="-106.442978">
        <ele>3457.0</ele>
      </trkpt>
      <trkpt lat="38.289211" lon="-106.443542">
        <ele>3456.0</ele>
      </trkpt>
      <trkpt lat="38.289333" lon="-106.444298">
        <ele>3452.0</ele>
      </trkpt>
      <trkpt lat="38.289429" lon="-106.444412">
        <ele>3452.0</ele>
      </trkpt>
      <trkpt lat="38.289574" lon="-106.445221">
        <ele>3446.0</ele>
      </trkpt>
      <trkpt lat="38.289742" lon="-106.445465">
        <ele>3446.0</ele>
      </trkpt>
      <trkpt lat="38.289757" lon="-106.445686">
        <ele>3444.0</ele>
      </trkpt>
      <trkpt lat="38.289963" lon="-106.44593">
        <ele>3443.0</ele>
      </trkpt>
      <trkpt lat="38.29018" lon="-106.446495">
        <ele>3440.0</ele>
      </trkpt>
      <trkpt lat="38.291008" lon="-106.447151">
        <ele>3434.0</ele>
      </trkpt>
      <trkpt lat="38.291695" lon="-106.44796">
        <ele>3430.0</ele>
      </trkpt>
      <trkpt lat="38.291862" lon="-106.448326">
        <ele>3428.0</ele>
      </trkpt>
      <trkpt lat="38.292255" lon="-106.448639">
        <ele>3426.0</ele>
      </trkpt>
      <trkpt lat="38.293201" lon="-106.449051">
        <ele>3427.0</ele>
      </trkpt>
      <trkpt lat="38.293163" lon="-106.449455">
        <ele>3431.0</ele>
      </trkpt>
      <trkpt lat="38.293255" lon="-106.449432">
        <ele>3432.0</ele>
      </trkpt>
      <trkpt lat="38.293182" lon="-106.449608">
        <ele>3433.0</ele>
      </trkpt>
      <trkpt lat="38.293228" lon="-106.449501">
        <ele>3432.0</ele>
      </trkpt>
      <trkpt lat="38.293312" lon="-106.450272">
        <ele>3440.0</ele>
      </trkpt>
      <trkpt lat="38.293507" lon="-106.450493">
        <ele>3442.0</ele>
      </trkpt>
      <trkpt lat="38.295097" lon="-106.451042">
        <ele>3455.0</ele>
      </trkpt>
      <trkpt lat="38.295193" lon="-106.451172">
        <ele>3454.0</ele>
      </trkpt>
      <trkpt lat="38.295971" lon="-106.451233">
        <ele>3457.0</ele>
      </trkpt>
      <trkpt lat="38.296467" lon="-106.451653">
        <ele>3458.0</ele>
      </trkpt>
      <trkpt lat="38.297333" lon="-106.453415">
        <ele>3451.0</ele>
      </trkpt>
      <trkpt lat="38.297512" lon="-106.453987">
        <ele>3446.0</ele>
      </trkpt>
      <trkpt lat="38.297714" lon="-106.4543">
        <ele>3444.0</ele>
      </trkpt>
      <trkpt lat="38.29829" lon="-106.454712">
        <ele>3439.0</ele>
      </trkpt>
      <trkpt lat="38.298492" lon="-106.455368">
        <ele>3435.0</ele>
      </trkpt>
      <trkpt lat="38.298862" lon="-106.455719">
        <ele>3432.0</ele>
      </trkpt>
      <trkpt lat="38.299351" lon="-106.456635">
        <ele>3426.0</ele>
      </trkpt>
      <trkpt lat="38.299397" lon="-106.456886">
        <ele>3425.0</ele>
      </trkpt>
      <trkpt lat="38.300247" lon="-106.457672">
        <ele>3422.0</ele>
      </trkpt>
      <trkpt lat="38.300396" lon="-106.45816">
        <ele>3422.0</ele>
      </trkpt>
      <trkpt lat="38.300762" lon="-106.458344">
        <ele>3422.0</ele>
      </trkpt>
      <trkpt lat="38.301502" lon="-106.458244">
        <ele>3423.0</ele>
      </trkpt>
      <trkpt lat="38.302395" lon="-106.458504">
        <ele>3422.0</ele>
      </trkpt>
      <trkpt lat="38.303173" lon="-106.459572">
        <ele>3424.0</ele>
      </trkpt>
      <trkpt lat="38.303608" lon="-106.459808">
        <ele>3424.0</ele>
      </trkpt>
      <trkpt lat="38.303867" lon="-106.460182">
        <ele>3426.0</ele>
      </trkpt>
      <trkpt lat="38.304413" lon="-106.460556">
        <ele>3432.0</ele>
      </trkpt>
      <trkpt lat="38.304653" lon="-106.461098">
        <ele>3435.0</ele>
      </trkpt>
      <trkpt lat="38.30476" lon="-106.461014">
        <ele>3436.0</ele>
      </trkpt>
      <trkpt lat="38.304981" lon="-106.461258">
        <ele>3439.0</ele>
      </trkpt>
      <trkpt lat="38.30547" lon="-106.461441">
        <ele>3444.0</ele>
      </trkpt>
      <trkpt lat="38.305744" lon="-106.461716">
        <ele>3447.0</ele>
      </trkpt>
      <trkpt lat="38.306797" lon="-106.461586">
        <ele>3459.0</ele>
      </trkpt>
      <trkpt lat="38.307098" lon="-106.461288">
        <ele>3464.0</ele>
      </trkpt>
      <trkpt lat="38.307259" lon="-106.461349">
        <ele>3465.0</ele>
      </trkpt>
      <trkpt lat="38.307705" lon="-106.461166">
        <ele>3468.0</ele>
      </trkpt>
      <trkpt lat="38.308178" lon="-106.461632">
        <ele>3468.0</ele>
      </trkpt>
      <trkpt lat="38.308327" lon="-106.461967">
        <ele>3467.0</ele>
      </trkpt>
      <trkpt lat="38.308941" lon="-106.462326">
        <ele>3467.0</ele>
      </trkpt>
      <trkpt lat="38.309151" lon="-106.46225">
        <ele>3467.0</ele>
      </trkpt>
      <trkpt lat="38.309986" lon="-106.462494">
        <ele>3470.0</ele>
      </trkpt>
      <trkpt lat="38.310307" lon="-106.462715">
        <ele>3474.0</ele>
      </trkpt>
      <trkpt lat="38.310474" lon="-106.462639">
        <ele>3476.0</ele>
      </trkpt>
      <trkpt lat="38.310886" lon="-106.46273">
        <ele>3481.0</ele>
      </trkpt>
      <trkpt lat="38.311203" lon="-106.462654">
        <ele>3484.0</ele>
      </trkpt>
      <trkpt lat="38.311325" lon="-106.462753">
        <ele>3487.0</ele>
      </trkpt>
      <trkpt lat="38.311989" lon="-106.462822">
        <ele>3491.0</ele>
      </trkpt>
      <trkpt lat="38.312172" lon="-106.462982">
        <ele>3493.0</ele>
      </trkpt>
      <trkpt lat="38.312359" lon="-106.462975">
        <ele>3493.0</ele>
      </trkpt>
      <trkpt lat="38.312531" lon="-106.463257">
        <ele>3495.0</ele>
      </trkpt>
      <trkpt lat="38.312603" lon="-106.463661">
        <ele>3497.0</ele>
      </trkpt>
      <trkpt lat="38.312916" lon="-106.464066">
        <ele>3500.0</ele>
      </trkpt>
      <trkpt lat="38.31316" lon="-106.464714">
        <ele>3504.0</ele>
      </trkpt>
      <trkpt lat="38.313293" lon="-106.464813">
        <ele>3505.0</ele>
      </trkpt>
      <trkpt lat="38.313702" lon="-106.46563">
        <ele>3510.0</ele>
      </trkpt>
      <trkpt lat="38.313576" lon="-106.466209">
        <ele>3516.0</ele>
      </trkpt>
      <trkpt lat="38.313229" lon="-106.466438">
        <ele>3518.0</ele>
      </trkpt>
      <trkpt lat="38.312946" lon="-106.467117">
        <ele>3527.0</ele>
      </trkpt>
      <trkpt lat="38.31303" lon="-106.467072">
        <ele>3528.0</ele>
      </trkpt>
      <trkpt lat="38.312519" lon="-106.468208">
        <ele>3542.0</ele>
      </trkpt>
      <trkpt lat="38.312225" lon="-106.469154">
        <ele>3555.0</ele>
      </trkpt>
      <trkpt lat="38.313148" lon="-106.469109">
        <ele>3568.0</ele>
      </trkpt>
      <trkpt lat="38.313534" lon="-106.469475">
        <ele>3576.0</ele>
      </trkpt>
      <trkpt lat="38.313309" lon="-106.470024">
        <ele>3580.0</ele>
      </trkpt>
      <trkpt lat="38.313343" lon="-106.470367">
        <ele>3584.0</ele>
      </trkpt>
      <trkpt lat="38.313763" lon="-106.471214">
        <ele>3588.0</ele>
      </trkpt>
      <trkpt lat="38.313919" lon="-106.472038">
        <ele>3588.0</ele>
      </trkpt>
      <trkpt lat="38.314346" lon="-106.472855">
        <ele>3585.0</ele>
      </trkpt>
      <trkpt lat="38.314388" lon="-106.473839">
        <ele>3580.0</ele>
      </trkpt>
      <trkpt lat="38.314831" lon="-106.475067">
        <ele>3572.0</ele>
      </trkpt>
      <trkpt lat="38.31501" lon="-106.475266">
        <ele>3571.0</ele>
      </trkpt>
      <trkpt lat="38.315838" lon="-106.477486">
        <ele>3563.0</ele>
      </trkpt>
      <trkpt lat="38.315903" lon="-106.478149">
        <ele>3559.0</ele>
      </trkpt>
      <trkpt lat="38.316223" lon="-106.479515">
        <ele>3553.0</ele>
      </trkpt>
      <trkpt lat="38.31628" lon="-106.480354">
        <ele>3549.0</ele>
      </trkpt>
      <trkpt lat="38.315865" lon="-106.482613">
        <ele>3533.0</ele>
      </trkpt>
      <trkpt lat="38.315895" lon="-106.482544">
        <ele>3534.0</ele>
      </trkpt>
      <trkpt lat="38.315895" lon="-106.483345">
        <ele>3527.0</ele>
      </trkpt>
      <trkpt lat="38.31604" lon="-106.483612">
        <ele>3525.0</ele>
      </trkpt>
      <trkpt lat="38.315918" lon="-106.484108">
        <ele>3520.0</ele>
      </trkpt>
      <trkpt lat="38.316124" lon="-106.485123">
        <ele>3510.0</ele>
      </trkpt>
      <trkpt lat="38.316128" lon="-106.485832">
        <ele>3506.0</ele>
      </trkpt>
      <trkpt lat="38.316311" lon="-106.486389">
        <ele>3502.0</ele>
      </trkpt>
      <trkpt lat="38.316349" lon="-106.487434">
        <ele>3496.0</ele>
      </trkpt>
      <trkpt lat="38.316463" lon="-106.487816">
        <ele>3493.0</ele>
      </trkpt>
      <trkpt lat="38.316761" lon="-106.488144">
        <ele>3491.0</ele>
      </trkpt>
      <trkpt lat="38.316879" lon="-106.48848">
        <ele>3490.0</ele>
      </trkpt>
      <trkpt lat="38.316906" lon="-106.489021">
        <ele>3486.0</ele>
      </trkpt>
      <trkpt lat="38.316818" lon="-106.489601">
        <ele>3484.0</ele>
      </trkpt>
      <trkpt lat="38.316906" lon="-106.489967">
        <ele>3482.0</ele>
      </trkpt>
      <trkpt lat="38.316227" lon="-106.492088">
        <ele>3487.0</ele>
      </trkpt>
      <trkpt lat="38.316219" lon="-106.492622">
        <ele>3490.0</ele>
      </trkpt>
      <trkpt lat="38.315975" lon="-106.49337">
        <ele>3495.0</ele>
      </trkpt>
      <trkpt lat="38.315903" lon="-106.493919">
        <ele>3500.0</ele>
      </trkpt>
      <trkpt lat="38.315971" lon="-106.494324">
        <ele>3502.0</ele>
      </trkpt>
      <trkpt lat="38.315926" lon="-106.494751">
        <ele>3503.0</ele>
      </trkpt>
      <trkpt lat="38.31572" lon="-106.495201">
        <ele>3505.0</ele>
      </trkpt>
      <trkpt lat="38.315609" lon="-106.495903">
        <ele>3506.0</ele>
      </trkpt>
      <trkpt lat="38.315338" lon="-106.496353">
        <ele>3508.0</ele>
      </trkpt>
      <trkpt lat="38.315228" lon="-106.496811">
        <ele>3512.0</ele>
      </trkpt>
      <trkpt lat="38.315044" lon="-106.497032">
        <ele>3514.0</ele>
      </trkpt>
      <trkpt lat="38.314987" lon="-106.497749">
        <ele>3523.0</ele>
      </trkpt>
      <trkpt lat="38.315105" lon="-106.498001">
        <ele>3524.0</ele>
      </trkpt>
      <trkpt lat="38.314873" lon="-106.499557">
        <ele>3540.0</ele>
      </trkpt>
      <trkpt lat="38.314754" lon="-106.499748">
        <ele>3543.0</ele>
      </trkpt>
      <trkpt lat="38.314667" lon="-106.500938">
        <ele>3553.0</ele>
      </trkpt>
      <trkpt lat="38.314823" lon="-106.501488">
        <ele>3553.0</ele>
      </trkpt>
      <trkpt lat="38.315304" lon="-106.502518">
        <ele>3562.0</ele>
      </trkpt>
      <trkpt lat="38.315403" lon="-106.503334">
        <ele>3562.0</ele>
      </trkpt>
      <trkpt lat="38.31451" lon="-106.504333">
        <ele>3559.0</ele>
      </trkpt>
      <trkpt lat="38.314285" lon="-106.504761">
        <ele>3560.0</ele>
      </trkpt>
      <trkpt lat="38.313896" lon="-106.505096">
        <ele>3557.0</ele>
      </trkpt>
      <trkpt lat="38.313839" lon="-106.50605">
        <ele>3552.0</ele>
      </trkpt>
      <trkpt lat="38.314083" lon="-106.507103">
        <ele>3538.0</ele>
      </trkpt>
      <trkpt lat="38.313747" lon="-106.507431">
        <ele>3531.0</ele>
      </trkpt>
      <trkpt lat="38.313957" lon="-106.507744">
        <ele>3526.0</ele>
      </trkpt>
      <trkpt lat="38.314243" lon="-106.507927">
        <ele>3523.0</ele>
      </trkpt>
      <trkpt lat="38.315109" lon="-106.509109">
        <ele>3508.0</ele>
      </trkpt>
      <trkpt lat="38.315571" lon="-106.509514">
        <ele>3503.0</ele>
      </trkpt>
      <trkpt lat="38.316399" lon="-106.509972">
        <ele>3496.0</ele>
      </trkpt>
      <trkpt lat="38.316711" lon="-106.509895">
        <ele>3493.0</ele>
      </trkpt>
      <trkpt lat="38.316818" lon="-106.51046">
        <ele>3486.0</ele>
      </trkpt>
      <trkpt lat="38.316799" lon="-106.511108">
        <ele>3480.0</ele>
      </trkpt>
      <trkpt lat="38.317093" lon="-106.512115">
        <ele>3469.0</ele>
      </trkpt>
      <trkpt lat="38.316429" lon="-106.512909">
        <ele>3464.0</ele>
      </trkpt>
      <trkpt lat="38.315575" lon="-106.513489">
        <ele>3452.0</ele>
      </trkpt>
      <trkpt lat="38.3148" lon="-106.51358">
        <ele>3446.0</ele>
      </trkpt>
      <trkpt lat="38.314121" lon="-106.513985">
        <ele>3437.0</ele>
      </trkpt>
      <trkpt lat="38.313602" lon="-106.514496">
        <ele>3430.0</ele>
      </trkpt>
      <trkpt lat="38.312962" lon="-106.515823">
        <ele>3417.0</ele>
      </trkpt>
      <trkpt lat="38.312691" lon="-106.516693">
        <ele>3412.0</ele>
      </trkpt>
      <trkpt lat="38.312473" lon="-106.516983">
        <ele>3409.0</ele>
      </trkpt>
      <trkpt lat="38.310799" lon="-106.517235">
        <ele>3382.0</ele>
      </trkpt>
      <trkpt lat="38.30941" lon="-106.518654">
        <ele>3358.0</ele>
      </trkpt>
      <trkpt lat="38.309105" lon="-106.518753">
        <ele>3351.0</ele>
      </trkpt>
      <trkpt lat="38.308434" lon="-106.518097">
        <ele>3333.0</ele>
      </trkpt>
      <trkpt lat="38.306484" lon="-106.517975">
        <ele>3312.0</ele>
      </trkpt>
      <trkpt lat="38.305809" lon="-106.5177">
        <ele>3304.0</ele>
      </trkpt>
      <trkpt lat="38.305717" lon="-106.516731">
        <ele>3311.0</ele>
      </trkpt>
      <trkpt lat="38.305431" lon="-106.515495">
        <ele>3323.0</ele>
      </trkpt>
      <trkpt lat="38.304733" lon="-106.51545">
        <ele>3313.0</ele>
      </trkpt>
      <trkpt lat="38.304352" lon="-106.515091">
        <ele>3310.0</ele>
      </trkpt>
      <trkpt lat="38.304104" lon="-106.515076">
        <ele>3308.0</ele>
      </trkpt>
      <trkpt lat="38.302971" lon="-106.514572">
        <ele>3301.0</ele>
      </trkpt>
      <trkpt lat="38.301651" lon="-106.514427">
        <ele>3294.0</ele>
      </trkpt>
      <trkpt lat="38.301388" lon="-106.514198">
        <ele>3294.0</ele>
      </trkpt>
      <trkpt lat="38.299747" lon="-106.51387">
        <ele>3293.0</ele>
      </trkpt>
      <trkpt lat="38.299484" lon="-106.513908">
        <ele>3294.0</ele>
      </trkpt>
      <trkpt lat="38.299038" lon="-106.513733">
        <ele>3295.0</ele>
      </trkpt>
      <trkpt lat="38.298576" lon="-106.513771">
        <ele>3297.0</ele>
      </trkpt>
      <trkpt lat="38.298389" lon="-106.51403">
        <ele>3298.0</ele>
      </trkpt>
      <trkpt lat="38.298096" lon="-106.514145">
        <ele>3299.0</ele>
      </trkpt>
      <trkpt lat="38.297813" lon="-106.515022">
        <ele>3298.0</ele>
      </trkpt>
      <trkpt lat="38.297462" lon="-106.515388">
        <ele>3297.0</ele>
      </trkpt>
      <trkpt lat="38.297489" lon="-106.515617">
        <ele>3297.0</ele>
      </trkpt>
      <trkpt lat="38.296913" lon="-106.516335">
        <ele>3293.0</ele>
      </trkpt>
      <trkpt lat="38.296951" lon="-106.516563">
        <ele>3291.0</ele>
      </trkpt>
      <trkpt lat="38.296398" lon="-106.517662">
        <ele>3291.0</ele>
      </trkpt>
      <trkpt lat="38.295895" lon="-106.517815">
        <ele>3298.0</ele>
      </trkpt>
      <trkpt lat="38.295464" lon="-106.518349">
        <ele>3305.0</ele>
      </trkpt>
      <trkpt lat="38.295158" lon="-106.518425">
        <ele>3308.0</ele>
      </trkpt>
      <trkpt lat="38.294777" lon="-106.518303">
        <ele>3310.0</ele>
      </trkpt>
      <trkpt lat="38.29406" lon="-106.51844">
        <ele>3317.0</ele>
      </trkpt>
      <trkpt lat="38.293835" lon="-106.518585">
        <ele>3318.0</ele>
      </trkpt>
      <trkpt lat="38.293015" lon="-106.518501">
        <ele>3323.0</ele>
      </trkpt>
      <trkpt lat="38.292728" lon="-106.5187">
        <ele>3324.0</ele>
      </trkpt>
      <trkpt lat="38.292137" lon="-106.518829">
        <ele>3325.0</ele>
      </trkpt>
      <trkpt lat="38.291843" lon="-106.519241">
        <ele>3325.0</ele>
      </trkpt>
      <trkpt lat="38.29134" lon="-106.51947">
        <ele>3326.0</ele>
      </trkpt>
      <trkpt lat="38.29097" lon="-106.51992">
        <ele>3327.0</ele>
      </trkpt>
      <trkpt lat="38.290005" lon="-106.519958">
        <ele>3338.0</ele>
      </trkpt>
      <trkpt lat="38.289753" lon="-106.519867">
        <ele>3342.0</ele>
      </trkpt>
      <trkpt lat="38.288296" lon="-106.519836">
        <ele>3357.0</ele>
      </trkpt>
      <trkpt lat="38.287876" lon="-106.519936">
        <ele>3363.0</ele>
      </trkpt>
      <trkpt lat="38.287163" lon="-106.5196">
        <ele>3370.0</ele>
      </trkpt>
      <trkpt lat="38.286861" lon="-106.519676">
        <ele>3374.0</ele>
      </trkpt>
      <trkpt lat="38.286766" lon="-106.51947">
        <ele>3373.0</ele>
      </trkpt>
      <trkpt lat="38.286854" lon="-106.519676">
        <ele>3374.0</ele>
      </trkpt>
      <trkpt lat="38.286732" lon="-106.519936">
        <ele>3376.0</ele>
      </trkpt>
      <trkpt lat="38.28632" lon="-106.519859">
        <ele>3380.0</ele>
      </trkpt>
      <trkpt lat="38.285133" lon="-106.520157">
        <ele>3386.0</ele>
      </trkpt>
      <trkpt lat="38.285034" lon="-106.520332">
        <ele>3388.0</ele>
      </trkpt>
      <trkpt lat="38.284779" lon="-106.521866">
        <ele>3388.0</ele>
      </trkpt>
      <trkpt lat="38.284382" lon="-106.522705">
        <ele>3389.0</ele>
      </trkpt>
      <trkpt lat="38.28418" lon="-106.522873">
        <ele>3392.0</ele>
      </trkpt>
      <trkpt lat="38.283882" lon="-106.523407">
        <ele>3396.0</ele>
      </trkpt>
      <trkpt lat="38.283623" lon="-106.523605">
        <ele>3401.0</ele>
      </trkpt>
      <trkpt lat="38.283195" lon="-106.524231">
        <ele>3413.0</ele>
      </trkpt>
      <trkpt lat="38.282925" lon="-106.524368">
        <ele>3418.0</ele>
      </trkpt>
      <trkpt lat="38.282768" lon="-106.524635">
        <ele>3419.0</ele>
      </trkpt>
      <trkpt lat="38.282578" lon="-106.524719">
        <ele>3419.0</ele>
      </trkpt>
      <trkpt lat="38.281139" lon="-106.524612">
        <ele>3412.0</ele>
      </trkpt>
      <trkpt lat="38.2798" lon="-106.525291">
        <ele>3396.0</ele>
      </trkpt>
      <trkpt lat="38.279545" lon="-106.525581">
        <ele>3391.0</ele>
      </trkpt>
      <trkpt lat="38.279549" lon="-106.52597">
        <ele>3382.0</ele>
      </trkpt>
      <trkpt lat="38.279125" lon="-106.526215">
        <ele>3377.0</ele>
      </trkpt>
      <trkpt lat="38.278896" lon="-106.526711">
        <ele>3368.0</ele>
      </trkpt>
      <trkpt lat="38.278236" lon="-106.527328">
        <ele>3355.0</ele>
      </trkpt>
      <trkpt lat="38.278099" lon="-106.527321">
        <ele>3355.0</ele>
      </trkpt>
      <trkpt lat="38.27784" lon="-106.527977">
        <ele>3349.0</ele>
      </trkpt>
      <trkpt lat="38.277592" lon="-106.528107">
        <ele>3348.0</ele>
      </trkpt>
      <trkpt lat="38.277126" lon="-106.52887">
        <ele>3342.0</ele>
      </trkpt>
      <trkpt lat="38.276871" lon="-106.529022">
        <ele>3339.0</ele>
      </trkpt>
      <trkpt lat="38.275272" lon="-106.529083">
        <ele>3323.0</ele>
      </trkpt>
      <trkpt lat="38.274681" lon="-106.529396">
        <ele>3322.0</ele>
      </trkpt>
      <trkpt lat="38.274494" lon="-106.529366">
        <ele>3323.0</ele>
      </trkpt>
      <trkpt lat="38.274082" lon="-106.529724">
        <ele>3322.0</ele>
      </trkpt>
      <trkpt lat="38.27327" lon="-106.529793">
        <ele>3330.0</ele>
      </trkpt>
      <trkpt lat="38.272396" lon="-106.530357">
        <ele>3330.0</ele>
      </trkpt>
      <trkpt lat="38.271637" lon="-106.531044">
        <ele>3323.0</ele>
      </trkpt>
      <trkpt lat="38.271187" lon="-106.531105">
        <ele>3323.0</ele>
      </trkpt>
      <trkpt lat="38.270924" lon="-106.531273">
        <ele>3321.0</ele>
      </trkpt>
      <trkpt lat="38.27" lon="-106.531334">
        <ele>3313.0</ele>
      </trkpt>
      <trkpt lat="38.268253" lon="-106.532021">
        <ele>3292.0</ele>
      </trkpt>
      <trkpt lat="38.267891" lon="-106.532379">
        <ele>3284.0</ele>
      </trkpt>
      <trkpt lat="38.267612" lon="-106.532494">
        <ele>3281.0</ele>
      </trkpt>
      <trkpt lat="38.267467" lon="-106.532722">
        <ele>3278.0</ele>
      </trkpt>
      <trkpt lat="38.266777" lon="-106.533119">
        <ele>3274.0</ele>
      </trkpt>
      <trkpt lat="38.266483" lon="-106.533501">
        <ele>3272.0</ele>
      </trkpt>
      <trkpt lat="38.266045" lon="-106.533592">
        <ele>3276.0</ele>
      </trkpt>
      <trkpt lat="38.264347" lon="-106.534889">
        <ele>3307.0</ele>
      </trkpt>
      <trkpt lat="38.264027" lon="-106.53492">
        <ele>3315.0</ele>
      </trkpt>
      <trkpt lat="38.263481" lon="-106.535233">
        <ele>3327.0</ele>
      </trkpt>
      <trkpt lat="38.263004" lon="-106.535767">
        <ele>3335.0</ele>
      </trkpt>
      <trkpt lat="38.262749" lon="-106.535912">
        <ele>3342.0</ele>
      </trkpt>
      <trkpt lat="38.26239" lon="-106.536499">
        <ele>3342.0</ele>
      </trkpt>
      <trkpt lat="38.262016" lon="-106.536751">
        <ele>3349.0</ele>
      </trkpt>
      <trkpt lat="38.261887" lon="-106.537018">
        <ele>3345.0</ele>
      </trkpt>
      <trkpt lat="38.26173" lon="-106.537018">
        <ele>3345.0</ele>
      </trkpt>
      <trkpt lat="38.26181" lon="-106.537262">
        <ele>3341.0</ele>
      </trkpt>
      <trkpt lat="38.261757" lon="-106.537346">
        <ele>3339.0</ele>
      </trkpt>
      <trkpt lat="38.262024" lon="-106.538155">
        <ele>3318.0</ele>
      </trkpt>
      <trkpt lat="38.261726" lon="-106.53907">
        <ele>3310.0</ele>
      </trkpt>
      <trkpt lat="38.261444" lon="-106.53933">
        <ele>3310.0</ele>
      </trkpt>
      <trkpt lat="38.261364" lon="-106.539795">
        <ele>3304.0</ele>
      </trkpt>
      <trkpt lat="38.261189" lon="-106.539894">
        <ele>3302.0</ele>
      </trkpt>
      <trkpt lat="38.261185" lon="-106.540604">
        <ele>3286.0</ele>
      </trkpt>
      <trkpt lat="38.260857" lon="-106.541176">
        <ele>3273.0</ele>
      </trkpt>
      <trkpt lat="38.260742" lon="-106.541206">
        <ele>3272.0</ele>
      </trkpt>
      <trkpt lat="38.260616" lon="-106.541565">
        <ele>3264.0</ele>
      </trkpt>
      <trkpt lat="38.259651" lon="-106.541893">
        <ele>3247.0</ele>
      </trkpt>
      <trkpt lat="38.258518" lon="-106.542465">
        <ele>3232.0</ele>
      </trkpt>
      <trkpt lat="38.258228" lon="-106.543167">
        <ele>3228.0</ele>
      </trkpt>
      <trkpt lat="38.258125" lon="-106.543892">
        <ele>3218.0</ele>
      </trkpt>
      <trkpt lat="38.257637" lon="-106.544632">
        <ele>3214.0</ele>
      </trkpt>
      <trkpt lat="38.257259" lon="-106.544724">
        <ele>3216.0</ele>
      </trkpt>
      <trkpt lat="38.257088" lon="-106.544655">
        <ele>3217.0</ele>
      </trkpt>
      <trkpt lat="38.256222" lon="-106.544838">
        <ele>3217.0</ele>
      </trkpt>
      <trkpt lat="38.255932" lon="-106.545677">
        <ele>3218.0</ele>
      </trkpt>
      <trkpt lat="38.255722" lon="-106.545944">
        <ele>3223.0</ele>
      </trkpt>
      <trkpt lat="38.255814" lon="-106.546844">
        <ele>3236.0</ele>
      </trkpt>
      <trkpt lat="38.255623" lon="-106.546722">
        <ele>3238.0</ele>
      </trkpt>
      <trkpt lat="38.25499" lon="-106.546768">
        <ele>3250.0</ele>
      </trkpt>
      <trkpt lat="38.25536" lon="-106.54747">
        <ele>3263.0</ele>
      </trkpt>
      <trkpt lat="38.255024" lon="-106.547287">
        <ele>3265.0</ele>
      </trkpt>
      <trkpt lat="38.254829" lon="-106.547302">
        <ele>3268.0</ele>
      </trkpt>
      <trkpt lat="38.255028" lon="-106.54776">
        <ele>3278.0</ele>
      </trkpt>
      <trkpt lat="38.25478" lon="-106.547638">
        <ele>3279.0</ele>
      </trkpt>
      <trkpt lat="38.254837" lon="-106.548409">
        <ele>3296.0</ele>
      </trkpt>
      <trkpt lat="38.254612" lon="-106.548325">
        <ele>3300.0</ele>
      </trkpt>
      <trkpt lat="38.254383" lon="-106.548721">
        <ele>3313.0</ele>
      </trkpt>
      <trkpt lat="38.254433" lon="-106.548874">
        <ele>3316.0</ele>
      </trkpt>
      <trkpt lat="38.254295" lon="-106.548996">
        <ele>3320.0</ele>
      </trkpt>
      <trkpt lat="38.254246" lon="-106.549385">
        <ele>3327.0</ele>
      </trkpt>
      <trkpt lat="38.253784" lon="-106.550278">
        <ele>3345.0</ele>
      </trkpt>
      <trkpt lat="38.253185" lon="-106.55056">
        <ele>3355.0</ele>
      </trkpt>
      <trkpt lat="38.253258" lon="-106.551834">
        <ele>3360.0</ele>
      </trkpt>
      <trkpt lat="38.253025" lon="-106.552521">
        <ele>3355.0</ele>
      </trkpt>
      <trkpt lat="38.253101" lon="-106.553123">
        <ele>3353.0</ele>
      </trkpt>
      <trkpt lat="38.253563" lon="-106.554642">
        <ele>3353.0</ele>
      </trkpt>
      <trkpt lat="38.253582" lon="-106.555687">
        <ele>3348.0</ele>
      </trkpt>
      <trkpt lat="38.252819" lon="-106.556923">
        <ele>3347.0</ele>
      </trkpt>
      <trkpt lat="38.252136" lon="-106.557396">
        <ele>3349.0</ele>
      </trkpt>
      <trkpt lat="38.252018" lon="-106.557709">
        <ele>3352.0</ele>
      </trkpt>
      <trkpt lat="38.251625" lon="-106.55793">
        <ele>3356.0</ele>
      </trkpt>
      <trkpt lat="38.251713" lon="-106.558258">
        <ele>3364.0</ele>
      </trkpt>
      <trkpt lat="38.251663" lon="-106.558403">
        <ele>3368.0</ele>
      </trkpt>
      <trkpt lat="38.250549" lon="-106.55912">
        <ele>3382.0</ele>
      </trkpt>
      <trkpt lat="38.250458" lon="-106.559509">
        <ele>3381.0</ele>
      </trkpt>
      <trkpt lat="38.250008" lon="-106.559708">
        <ele>3378.0</ele>
      </trkpt>
      <trkpt lat="38.249218" lon="-106.559723">
        <ele>3368.0</ele>
      </trkpt>
      <trkpt lat="38.248425" lon="-106.559349">
        <ele>3356.0</ele>
      </trkpt>
      <trkpt lat="38.248268" lon="-106.559418">
        <ele>3356.0</ele>
      </trkpt>
      <trkpt lat="38.248096" lon="-106.559158">
        <ele>3353.0</ele>
      </trkpt>
      <trkpt lat="38.247688" lon="-106.559158">
        <ele>3346.0</ele>
      </trkpt>
      <trkpt lat="38.246754" lon="-106.557816">
        <ele>3335.0</ele>
      </trkpt>
      <trkpt lat="38.246674" lon="-106.557281">
        <ele>3334.0</ele>
      </trkpt>
      <trkpt lat="38.246086" lon="-106.556503">
        <ele>3328.0</ele>
      </trkpt>
      <trkpt lat="38.246002" lon="-106.556679">
        <ele>3326.0</ele>
      </trkpt>
      <trkpt lat="38.245995" lon="-106.557587">
        <ele>3321.0</ele>
      </trkpt>
      <trkpt lat="38.24456" lon="-106.555855">
        <ele>3299.0</ele>
      </trkpt>
      <trkpt lat="38.244389" lon="-106.555351">
        <ele>3297.0</ele>
      </trkpt>
      <trkpt lat="38.243977" lon="-106.554825">
        <ele>3284.0</ele>
      </trkpt>
      <trkpt lat="38.243862" lon="-106.555283">
        <ele>3282.0</ele>
      </trkpt>
      <trkpt lat="38.244102" lon="-106.557182">
        <ele>3267.0</ele>
      </trkpt>
      <trkpt lat="38.243221" lon="-106.556252">
        <ele>3253.0</ele>
      </trkpt>
      <trkpt lat="38.242599" lon="-106.555038">
        <ele>3238.0</ele>
      </trkpt>
      <trkpt lat="38.242596" lon="-106.55481">
        <ele>3234.0</ele>
      </trkpt>
      <trkpt lat="38.242985" lon="-106.55394">
        <ele>3225.0</ele>
      </trkpt>
      <trkpt lat="38.241863" lon="-106.554703">
        <ele>3204.0</ele>
      </trkpt>
      <trkpt lat="38.241776" lon="-106.554863">
        <ele>3201.0</ele>
      </trkpt>
      <trkpt lat="38.241901" lon="-106.555878">
        <ele>3199.0</ele>
      </trkpt>
      <trkpt lat="38.241821" lon="-106.556892">
        <ele>3191.0</ele>
      </trkpt>
      <trkpt lat="38.241409" lon="-106.556213">
        <ele>3185.0</ele>
      </trkpt>
      <trkpt lat="38.241184" lon="-106.556633">
        <ele>3173.0</ele>
      </trkpt>
      <trkpt lat="38.240814" lon="-106.556725">
        <ele>3161.0</ele>
      </trkpt>
      <trkpt lat="38.240292" lon="-106.557228">
        <ele>3154.0</ele>
      </trkpt>
      <trkpt lat="38.239998" lon="-106.557716">
        <ele>3153.0</ele>
      </trkpt>
      <trkpt lat="38.24004" lon="-106.558571">
        <ele>3154.0</ele>
      </trkpt>
      <trkpt lat="38.239845" lon="-106.559296">
        <ele>3153.0</ele>
      </trkpt>
      <trkpt lat="38.239979" lon="-106.559677">
        <ele>3153.0</ele>
      </trkpt>
      <trkpt lat="38.24107" lon="-106.560463">
        <ele>3151.0</ele>
      </trkpt>
      <trkpt lat="38.241104" lon="-106.560692">
        <ele>3148.0</ele>
      </trkpt>
      <trkpt lat="38.240555" lon="-106.561012">
        <ele>3141.0</ele>
      </trkpt>
      <trkpt lat="38.239872" lon="-106.561859">
        <ele>3131.0</ele>
      </trkpt>
      <trkpt lat="38.239388" lon="-106.562805">
        <ele>3124.0</ele>
      </trkpt>
      <trkpt lat="38.239029" lon="-106.564079">
        <ele>3114.0</ele>
      </trkpt>
      <trkpt lat="38.238861" lon="-106.565132">
        <ele>3105.0</ele>
      </trkpt>
      <trkpt lat="38.238895" lon="-106.565643">
        <ele>3100.0</ele>
      </trkpt>
      <trkpt lat="38.239376" lon="-106.566566">
        <ele>3097.0</ele>
      </trkpt>
      <trkpt lat="38.239346" lon="-106.567482">
        <ele>3093.0</ele>
      </trkpt>
      <trkpt lat="38.239235" lon="-106.567657">
        <ele>3094.0</ele>
      </trkpt>
      <trkpt lat="38.238804" lon="-106.567795">
        <ele>3090.0</ele>
      </trkpt>
      <trkpt lat="38.238144" lon="-106.568871">
        <ele>3091.0</ele>
      </trkpt>
      <trkpt lat="38.237782" lon="-106.569145">
        <ele>3084.0</ele>
      </trkpt>
      <trkpt lat="38.237438" lon="-106.569786">
        <ele>3084.0</ele>
      </trkpt>
      <trkpt lat="38.236729" lon="-106.570518">
        <ele>3074.0</ele>
      </trkpt>
      <trkpt lat="38.236118" lon="-106.570869">
        <ele>3068.0</ele>
      </trkpt>
      <trkpt lat="38.235477" lon="-106.572227">
        <ele>3057.0</ele>
      </trkpt>
      <trkpt lat="38.234581" lon="-106.57357">
        <ele>3039.0</ele>
      </trkpt>
      <trkpt lat="38.234322" lon="-106.574371">
        <ele>3029.0</ele>
      </trkpt>
      <trkpt lat="38.234383" lon="-106.574852">
        <ele>3028.0</ele>
      </trkpt>
      <trkpt lat="38.234291" lon="-106.574989">
        <ele>3026.0</ele>
      </trkpt>
      <trkpt lat="38.233719" lon="-106.574844">
        <ele>3020.0</ele>
      </trkpt>
      <trkpt lat="38.23333" lon="-106.575172">
        <ele>3019.0</ele>
      </trkpt>
      <trkpt lat="38.233032" lon="-106.575233">
        <ele>3012.0</ele>
      </trkpt>
      <trkpt lat="38.232788" lon="-106.575462">
        <ele>3010.0</ele>
      </trkpt>
      <trkpt lat="38.232288" lon="-106.57653">
        <ele>3001.0</ele>
      </trkpt>
      <trkpt lat="38.232155" lon="-106.57785">
        <ele>2998.0</ele>
      </trkpt>
      <trkpt lat="38.231968" lon="-106.578392">
        <ele>2996.0</ele>
      </trkpt>
      <trkpt lat="38.231297" lon="-106.579376">
        <ele>2987.0</ele>
      </trkpt>
      <trkpt lat="38.23103" lon="-106.580246">
        <ele>2984.0</ele>
      </trkpt>
      <trkpt lat="38.231339" lon="-106.580582">
        <ele>2988.0</ele>
      </trkpt>
      <trkpt lat="38.231125" lon="-106.581345">
        <ele>2987.0</ele>
      </trkpt>
      <trkpt lat="38.230949" lon="-106.581329">
        <ele>2988.0</ele>
      </trkpt>
      <trkpt lat="38.230785" lon="-106.581047">
        <ele>2984.0</ele>
      </trkpt>
      <trkpt lat="38.230236" lon="-106.580978">
        <ele>2977.0</ele>
      </trkpt>
      <trkpt lat="38.229195" lon="-106.581406">
        <ele>2967.0</ele>
      </trkpt>
      <trkpt lat="38.228497" lon="-106.581902">
        <ele>2962.0</ele>
      </trkpt>
      <trkpt lat="38.228077" lon="-106.582443">
        <ele>2962.0</ele>
      </trkpt>
      <trkpt lat="38.22752" lon="-106.582794">
        <ele>2959.0</ele>
      </trkpt>
      <trkpt lat="38.226456" lon="-106.584579">
        <ele>2956.0</ele>
      </trkpt>
      <trkpt lat="38.226204" lon="-106.585289">
        <ele>2962.0</ele>
      </trkpt>
      <trkpt lat="38.225559" lon="-106.58593">
        <ele>2966.0</ele>
      </trkpt>
      <trkpt lat="38.225567" lon="-106.586655">
        <ele>2962.0</ele>
      </trkpt>
      <trkpt lat="38.225361" lon="-106.587311">
        <ele>2957.0</ele>
      </trkpt>
      <trkpt lat="38.224167" lon="-106.588593">
        <ele>2944.0</ele>
      </trkpt>
      <trkpt lat="38.223682" lon="-106.589493">
        <ele>2943.0</ele>
      </trkpt>
      <trkpt lat="38.223484" lon="-106.590393">
        <ele>2937.0</ele>
      </trkpt>
      <trkpt lat="38.222935" lon="-106.59153">
        <ele>2926.0</ele>
      </trkpt>
      <trkpt lat="38.221783" lon="-106.592514">
        <ele>2913.0</ele>
      </trkpt>
      <trkpt lat="38.220627" lon="-106.592918">
        <ele>2912.0</ele>
      </trkpt>
      <trkpt lat="38.220024" lon="-106.593903">
        <ele>2909.0</ele>
      </trkpt>
      <trkpt lat="38.219116" lon="-106.595078">
        <ele>2910.0</ele>
      </trkpt>
      <trkpt lat="38.218838" lon="-106.596275">
        <ele>2907.0</ele>
      </trkpt>
      <trkpt lat="38.218784" lon="-106.59726">
        <ele>2906.0</ele>
      </trkpt>
      <trkpt lat="38.218979" lon="-106.598877">
        <ele>2900.0</ele>
      </trkpt>
      <trkpt lat="38.218826" lon="-106.599724">
        <ele>2900.0</ele>
      </trkpt>
      <trkpt lat="38.217979" lon="-106.599648">
        <ele>2901.0</ele>
      </trkpt>
      <trkpt lat="38.217365" lon="-106.599373">
        <ele>2902.0</ele>
      </trkpt>
      <trkpt lat="38.216633" lon="-106.599342">
        <ele>2900.0</ele>
      </trkpt>
      <trkpt lat="38.216007" lon="-106.599174">
        <ele>2901.0</ele>
      </trkpt>
      <trkpt lat="38.214848" lon="-106.598442">
        <ele>2907.0</ele>
      </trkpt>
      <trkpt lat="38.213379" lon="-106.59687">
        <ele>2912.0</ele>
      </trkpt>
      <trkpt lat="38.212212" lon="-106.596054">
        <ele>2917.0</ele>
      </trkpt>
      <trkpt lat="38.211384" lon="-106.596306">
        <ele>2919.0</ele>
      </trkpt>
      <trkpt lat="38.210815" lon="-106.596214">
        <ele>2922.0</ele>
      </trkpt>
      <trkpt lat="38.210056" lon="-106.59639">
        <ele>2924.0</ele>
      </trkpt>
      <trkpt lat="38.209534" lon="-106.596275">
        <ele>2927.0</ele>
      </trkpt>
      <trkpt lat="38.207161" lon="-106.596886">
        <ele>2939.0</ele>
      </trkpt>
      <trkpt lat="38.206886" lon="-106.597061">
        <ele>2940.0</ele>
      </trkpt>
      <trkpt lat="38.206486" lon="-106.597542">
        <ele>2941.0</ele>
      </trkpt>
      <trkpt lat="38.206009" lon="-106.597443">
        <ele>2945.0</ele>
      </trkpt>
      <trkpt lat="38.204433" lon="-106.597748">
        <ele>2949.0</ele>
      </trkpt>
      <trkpt lat="38.204014" lon="-106.598137">
        <ele>2956.0</ele>
      </trkpt>
      <trkpt lat="38.203556" lon="-106.597992">
        <ele>2958.0</ele>
      </trkpt>
      <trkpt lat="38.202824" lon="-106.598038">
        <ele>2961.0</ele>
      </trkpt>
      <trkpt lat="38.202255" lon="-106.598518">
        <ele>2963.0</ele>
      </trkpt>
      <trkpt lat="38.202175" lon="-106.598816">
        <ele>2965.0</ele>
      </trkpt>
      <trkpt lat="38.202324" lon="-106.599075">
        <ele>2968.0</ele>
      </trkpt>
      <trkpt lat="38.202515" lon="-106.59906">
        <ele>2970.0</ele>
      </trkpt>
      <trkpt lat="38.202972" lon="-106.598518">
        <ele>2968.0</ele>
      </trkpt>
      <trkpt lat="38.203823" lon="-106.599075">
        <ele>2980.0</ele>
      </trkpt>
      <trkpt lat="38.204502" lon="-106.599243">
        <ele>2981.0</ele>
      </trkpt>
      <trkpt lat="38.20565" lon="-106.599907">
        <ele>2992.0</ele>
      </trkpt>
      <trkpt lat="38.205948" lon="-106.599892">
        <ele>2991.0</ele>
      </trkpt>
      <trkpt lat="38.206245" lon="-106.599709">
        <ele>2987.0</ele>
      </trkpt>
      <trkpt lat="38.206345" lon="-106.599747">
        <ele>2988.0</ele>
      </trkpt>
      <trkpt lat="38.206642" lon="-106.600586">
        <ele>2996.0</ele>
      </trkpt>
      <trkpt lat="38.206661" lon="-106.601227">
        <ele>3004.0</ele>
      </trkpt>
      <trkpt lat="38.206882" lon="-106.601967">
        <ele>3009.0</ele>
      </trkpt>
      <trkpt lat="38.207253" lon="-106.602699">
        <ele>3012.0</ele>
      </trkpt>
      <trkpt lat="38.208012" lon="-106.603691">
        <ele>3019.0</ele>
      </trkpt>
      <trkpt lat="38.208176" lon="-106.603645">
        <ele>3019.0</ele>
      </trkpt>
      <trkpt lat="38.208664" lon="-106.603104">
        <ele>3021.0</ele>
      </trkpt>
      <trkpt lat="38.20892" lon="-106.603271">
        <ele>3028.0</ele>
      </trkpt>
      <trkpt lat="38.208881" lon="-106.603592">
        <ele>3031.0</ele>
      </trkpt>
      <trkpt lat="38.20871" lon="-106.603844">
        <ele>3030.0</ele>
      </trkpt>
      <trkpt lat="38.208462" lon="-106.604591">
        <ele>3037.0</ele>
      </trkpt>
      <trkpt lat="38.208305" lon="-106.604752">
        <ele>3037.0</ele>
      </trkpt>
      <trkpt lat="38.208084" lon="-106.604744">
        <ele>3040.0</ele>
      </trkpt>
      <trkpt lat="38.207657" lon="-106.604469">
        <ele>3044.0</ele>
      </trkpt>
      <trkpt lat="38.207409" lon="-106.604111">
        <ele>3041.0</ele>
      </trkpt>
      <trkpt lat="38.207039" lon="-106.603828">
        <ele>3042.0</ele>
      </trkpt>
      <trkpt lat="38.205914" lon="-106.603477">
        <ele>3054.0</ele>
      </trkpt>
      <trkpt lat="38.205498" lon="-106.603752">
        <ele>3057.0</ele>
      </trkpt>
      <trkpt lat="38.204891" lon="-106.604988">
        <ele>3063.0</ele>
      </trkpt>
      <trkpt lat="38.204544" lon="-106.605171">
        <ele>3068.0</ele>
      </trkpt>
      <trkpt lat="38.204201" lon="-106.604912">
        <ele>3073.0</ele>
      </trkpt>
      <trkpt lat="38.203636" lon="-106.604752">
        <ele>3078.0</ele>
      </trkpt>
      <trkpt lat="38.203213" lon="-106.604454">
        <ele>3074.0</ele>
      </trkpt>
      <trkpt lat="38.202305" lon="-106.604637">
        <ele>3081.0</ele>
      </trkpt>
      <trkpt lat="38.201351" lon="-106.604118">
        <ele>3076.0</ele>
      </trkpt>
      <trkpt lat="38.200447" lon="-106.604027">
        <ele>3072.0</ele>
      </trkpt>
      <trkpt lat="38.199955" lon="-106.604271">
        <ele>3071.0</ele>
      </trkpt>
      <trkpt lat="38.199547" lon="-106.604713">
        <ele>3064.0</ele>
      </trkpt>
      <trkpt lat="38.198666" lon="-106.605095">
        <ele>3067.0</ele>
      </trkpt>
      <trkpt lat="38.198135" lon="-106.60495">
        <ele>3067.0</ele>
      </trkpt>
      <trkpt lat="38.197575" lon="-106.604469">
        <ele>3063.0</ele>
      </trkpt>
      <trkpt lat="38.195915" lon="-106.603477">
        <ele>3050.0</ele>
      </trkpt>
      <trkpt lat="38.19529" lon="-106.603844">
        <ele>3064.0</ele>
      </trkpt>
      <trkpt lat="38.195042" lon="-106.603813">
        <ele>3066.0</ele>
      </trkpt>
      <trkpt lat="38.194176" lon="-106.604469">
        <ele>3085.0</ele>
      </trkpt>
      <trkpt lat="38.193516" lon="-106.605309">
        <ele>3110.0</ele>
      </trkpt>
      <trkpt lat="38.192406" lon="-106.605293">
        <ele>3127.0</ele>
      </trkpt>
      <trkpt lat="38.192074" lon="-106.605133">
        <ele>3126.0</ele>
      </trkpt>
      <trkpt lat="38.191418" lon="-106.605324">
        <ele>3122.0</ele>
      </trkpt>
      <trkpt lat="38.191162" lon="-106.605598">
        <ele>3120.0</ele>
      </trkpt>
      <trkpt lat="38.190281" lon="-106.605919">
        <ele>3108.0</ele>
      </trkpt>
      <trkpt lat="38.188919" lon="-106.604393">
        <ele>3099.0</ele>
      </trkpt>
      <trkpt lat="38.188618" lon="-106.604294">
        <ele>3096.0</ele>
      </trkpt>
      <trkpt lat="38.187584" lon="-106.604843">
        <ele>3088.0</ele>
      </trkpt>
      <trkpt lat="38.18655" lon="-106.605026">
        <ele>3080.0</ele>
      </trkpt>
      <trkpt lat="38.186249" lon="-106.604828">
        <ele>3080.0</ele>
      </trkpt>
      <trkpt lat="38.185684" lon="-106.604141">
        <ele>3082.0</ele>
      </trkpt>
      <trkpt lat="38.185253" lon="-106.60379">
        <ele>3081.0</ele>
      </trkpt>
      <trkpt lat="38.18417" lon="-106.603416">
        <ele>3076.0</ele>
      </trkpt>
      <trkpt lat="38.183781" lon="-106.603409">
        <ele>3073.0</ele>
      </trkpt>
      <trkpt lat="38.182415" lon="-106.603996">
        <ele>3065.0</ele>
      </trkpt>
      <trkpt lat="38.181648" lon="-106.603966">
        <ele>3066.0</ele>
      </trkpt>
      <trkpt lat="38.179817" lon="-106.604485">
        <ele>3063.0</ele>
      </trkpt>
      <trkpt lat="38.179226" lon="-106.604408">
        <ele>3064.0</ele>
      </trkpt>
      <trkpt lat="38.178978" lon="-106.604202">
        <ele>3065.0</ele>
      </trkpt>
      <trkpt lat="38.17852" lon="-106.603394">
        <ele>3066.0</ele>
      </trkpt>
      <trkpt lat="38.178307" lon="-106.603203">
        <ele>3065.0</ele>
      </trkpt>
      <trkpt lat="38.177471" lon="-106.603134">
        <ele>3062.0</ele>
      </trkpt>
      <trkpt lat="38.177151" lon="-106.603287">
        <ele>3062.0</ele>
      </trkpt>
      <trkpt lat="38.17495" lon="-106.605148">
        <ele>3058.0</ele>
      </trkpt>
      <trkpt lat="38.173985" lon="-106.606575">
        <ele>3055.0</ele>
      </trkpt>
      <trkpt lat="38.172398" lon="-106.607803">
        <ele>3051.0</ele>
      </trkpt>
      <trkpt lat="38.171967" lon="-106.607971">
        <ele>3047.0</ele>
      </trkpt>
      <trkpt lat="38.171272" lon="-106.607689">
        <ele>3044.0</ele>
      </trkpt>
      <trkpt lat="38.16988" lon="-106.60762">
        <ele>3030.0</ele>
      </trkpt>
      <trkpt lat="38.169277" lon="-106.607849">
        <ele>3022.0</ele>
      </trkpt>
      <trkpt lat="38.168697" lon="-106.607895">
        <ele>3019.0</ele>
      </trkpt>
      <trkpt lat="38.168438" lon="-106.608025">
        <ele>3016.0</ele>
      </trkpt>
      <trkpt lat="38.167774" lon="-106.609482">
        <ele>3010.0</ele>
      </trkpt>
      <trkpt lat="38.167358" lon="-106.609756">
        <ele>3009.0</ele>
      </trkpt>
      <trkpt lat="38.166599" lon="-106.609848">
        <ele>3008.0</ele>
      </trkpt>
      <trkpt lat="38.166512" lon="-106.610321">
        <ele>3004.0</ele>
      </trkpt>
      <trkpt lat="38.166027" lon="-106.611115">
        <ele>2999.0</ele>
      </trkpt>
      <trkpt lat="38.165508" lon="-106.611656">
        <ele>2998.0</ele>
      </trkpt>
      <trkpt lat="38.16552" lon="-106.61306">
        <ele>2993.0</ele>
      </trkpt>
      <trkpt lat="38.165028" lon="-106.614334">
        <ele>2989.0</ele>
      </trkpt>
      <trkpt lat="38.164665" lon="-106.61499">
        <ele>2988.0</ele>
      </trkpt>
      <trkpt lat="38.164513" lon="-106.616096">
        <ele>2981.0</ele>
      </trkpt>
      <trkpt lat="38.16428" lon="-106.616997">
        <ele>2982.0</ele>
      </trkpt>
      <trkpt lat="38.164268" lon="-106.617447">
        <ele>2978.0</ele>
      </trkpt>
      <trkpt lat="38.163879" lon="-106.61866">
        <ele>2978.0</ele>
      </trkpt>
      <trkpt lat="38.163734" lon="-106.619514">
        <ele>2970.0</ele>
      </trkpt>
      <trkpt lat="38.163567" lon="-106.619789">
        <ele>2968.0</ele>
      </trkpt>
      <trkpt lat="38.162247" lon="-106.620583">
        <ele>2969.0</ele>
      </trkpt>
      <trkpt lat="38.16185" lon="-106.620667">
        <ele>2968.0</ele>
      </trkpt>
      <trkpt lat="38.161377" lon="-106.620583">
        <ele>2969.0</ele>
      </trkpt>
      <trkpt lat="38.161392" lon="-106.621109">
        <ele>2965.0</ele>
      </trkpt>
      <trkpt lat="38.161263" lon="-106.621269">
        <ele>2962.0</ele>
      </trkpt>
      <trkpt lat="38.161079" lon="-106.621262">
        <ele>2961.0</ele>
      </trkpt>
      <trkpt lat="38.160843" lon="-106.621056">
        <ele>2960.0</ele>
      </trkpt>
      <trkpt lat="38.159973" lon="-106.619347">
        <ele>2955.0</ele>
      </trkpt>
      <trkpt lat="38.15889" lon="-106.617928">
        <ele>2946.0</ele>
      </trkpt>
      <trkpt lat="38.158661" lon="-106.61747">
        <ele>2948.0</ele>
      </trkpt>
      <trkpt lat="38.158432" lon="-106.617363">
        <ele>2946.0</ele>
      </trkpt>
      <trkpt lat="38.158329" lon="-106.617493">
        <ele>2944.0</ele>
      </trkpt>
      <trkpt lat="38.158344" lon="-106.617676">
        <ele>2943.0</ele>
      </trkpt>
      <trkpt lat="38.159092" lon="-106.618896">
        <ele>2939.0</ele>
      </trkpt>
      <trkpt lat="38.159451" lon="-106.620789">
        <ele>2933.0</ele>
      </trkpt>
      <trkpt lat="38.159061" lon="-106.620499">
        <ele>2934.0</ele>
      </trkpt>
      <trkpt lat="38.158405" lon="-106.618927">
        <ele>2938.0</ele>
      </trkpt>
      <trkpt lat="38.158249" lon="-106.618729">
        <ele>2938.0</ele>
      </trkpt>
      <trkpt lat="38.157383" lon="-106.618484">
        <ele>2942.0</ele>
      </trkpt>
      <trkpt lat="38.156071" lon="-106.618652">
        <ele>2947.0</ele>
      </trkpt>
      <trkpt lat="38.154659" lon="-106.619446">
        <ele>2956.0</ele>
      </trkpt>
      <trkpt lat="38.154198" lon="-106.619865">
        <ele>2961.0</ele>
      </trkpt>
      <trkpt lat="38.15387" lon="-106.619698">
        <ele>2960.0</ele>
      </trkpt>
      <trkpt lat="38.152378" lon="-106.619621">
        <ele>2964.0</ele>
      </trkpt>
      <trkpt lat="38.152012" lon="-106.61972">
        <ele>2966.0</ele>
      </trkpt>
      <trkpt lat="38.151722" lon="-106.619957">
        <ele>2968.0</ele>
      </trkpt>
      <trkpt lat="38.151249" lon="-106.620598">
        <ele>2973.0</ele>
      </trkpt>
      <trkpt lat="38.150764" lon="-106.621048">
        <ele>2975.0</ele>
      </trkpt>
      <trkpt lat="38.15065" lon="-106.62133">
        <ele>2977.0</ele>
      </trkpt>
      <trkpt lat="38.150219" lon="-106.62178">
        <ele>2980.0</ele>
      </trkpt>
      <trkpt lat="38.149826" lon="-106.622849">
        <ele>2983.0</ele>
      </trkpt>
      <trkpt lat="38.149681" lon="-106.625824">
        <ele>2975.0</ele>
      </trkpt>
      <trkpt lat="38.1497" lon="-106.628555">
        <ele>2968.0</ele>
      </trkpt>
      <trkpt lat="38.149456" lon="-106.629372">
        <ele>2959.0</ele>
      </trkpt>
      <trkpt lat="38.149841" lon="-106.631035">
        <ele>2954.0</ele>
      </trkpt>
      <trkpt lat="38.149757" lon="-106.632179">
        <ele>2951.0</ele>
      </trkpt>
      <trkpt lat="38.149536" lon="-106.632996">
        <ele>2947.0</ele>
      </trkpt>
      <trkpt lat="38.149529" lon="-106.6343">
        <ele>2945.0</ele>
      </trkpt>
      <trkpt lat="38.149166" lon="-106.635422">
        <ele>2939.0</ele>
      </trkpt>
      <trkpt lat="38.149143" lon="-106.635956">
        <ele>2938.0</ele>
      </trkpt>
      <trkpt lat="38.149506" lon="-106.636749">
        <ele>2941.0</ele>
      </trkpt>
      <trkpt lat="38.149372" lon="-106.638664">
        <ele>2932.0</ele>
      </trkpt>
      <trkpt lat="38.149235" lon="-106.63871">
        <ele>2928.0</ele>
      </trkpt>
      <trkpt lat="38.149101" lon="-106.638603">
        <ele>2928.0</ele>
      </trkpt>
      <trkpt lat="38.148991" lon="-106.638672">
        <ele>2931.0</ele>
      </trkpt>
      <trkpt lat="38.148594" lon="-106.638336">
        <ele>2940.0</ele>
      </trkpt>
      <trkpt lat="38.147766" lon="-106.638168">
        <ele>2949.0</ele>
      </trkpt>
      <trkpt lat="38.147671" lon="-106.63829">
        <ele>2950.0</ele>
      </trkpt>
      <trkpt lat="38.147644" lon="-106.638649">
        <ele>2951.0</ele>
      </trkpt>
      <trkpt lat="38.147839" lon="-106.640137">
        <ele>2947.0</ele>
      </trkpt>
      <trkpt lat="38.14743" lon="-106.641304">
        <ele>2945.0</ele>
      </trkpt>
      <trkpt lat="38.147556" lon="-106.64209">
        <ele>2940.0</ele>
      </trkpt>
      <trkpt lat="38.147804" lon="-106.64257">
        <ele>2937.0</ele>
      </trkpt>
      <trkpt lat="38.1479" lon="-106.643959">
        <ele>2935.0</ele>
      </trkpt>
      <trkpt lat="38.147659" lon="-106.644226">
        <ele>2936.0</ele>
      </trkpt>
      <trkpt lat="38.14769" lon="-106.644463">
        <ele>2934.0</ele>
      </trkpt>
      <trkpt lat="38.148216" lon="-106.645187">
        <ele>2930.0</ele>
      </trkpt>
      <trkpt lat="38.148705" lon="-106.645134">
        <ele>2924.0</ele>
      </trkpt>
      <trkpt lat="38.149132" lon="-106.645302">
        <ele>2920.0</ele>
      </trkpt>
      <trkpt lat="38.14941" lon="-106.64563">
        <ele>2918.0</ele>
      </trkpt>
      <trkpt lat="38.14954" lon="-106.645973">
        <ele>2917.0</ele>
      </trkpt>
      <trkpt lat="38.148956" lon="-106.647278">
        <ele>2924.0</ele>
      </trkpt>
      <trkpt lat="38.148827" lon="-106.648346">
        <ele>2929.0</ele>
      </trkpt>
      <trkpt lat="38.148388" lon="-106.650291">
        <ele>2944.0</ele>
      </trkpt>
      <trkpt lat="38.148613" lon="-106.651932">
        <ele>2951.0</ele>
      </trkpt>
      <trkpt lat="38.148594" lon="-106.652885">
        <ele>2953.0</ele>
      </trkpt>
      <trkpt lat="38.149155" lon="-106.654579">
        <ele>2957.0</ele>
      </trkpt>
      <trkpt lat="38.150063" lon="-106.656242">
        <ele>2946.0</ele>
      </trkpt>
      <trkpt lat="38.150475" lon="-106.657295">
        <ele>2943.0</ele>
      </trkpt>
      <trkpt lat="38.150993" lon="-106.658142">
        <ele>2939.0</ele>
      </trkpt>
      <trkpt lat="38.151283" lon="-106.659294">
        <ele>2930.0</ele>
      </trkpt>
      <trkpt lat="38.151295" lon="-106.659363">
        <ele>2929.0</ele>
      </trkpt>
      <trkpt lat="38.151295" lon="-106.659431">
        <ele>2929.0</ele>
      </trkpt>
      <trkpt lat="38.151257" lon="-106.659508">
        <ele>2928.0</ele>
      </trkpt>
      <trkpt lat="38.151237" lon="-106.660385">
        <ele>2917.0</ele>
      </trkpt>
      <trkpt lat="38.1511" lon="-106.660988">
        <ele>2908.0</ele>
      </trkpt>
      <trkpt lat="38.151165" lon="-106.661919">
        <ele>2899.0</ele>
      </trkpt>
      <trkpt lat="38.150604" lon="-106.670494">
        <ele>2872.0</ele>
      </trkpt>
      <trkpt lat="38.15049" lon="-106.670929">
        <ele>2870.0</ele>
      </trkpt>
      <trkpt lat="38.150543" lon="-106.671364">
        <ele>2870.0</ele>
      </trkpt>
      <trkpt lat="38.150478" lon="-106.672333">
        <ele>2869.0</ele>
      </trkpt>
      <trkpt lat="38.150295" lon="-106.6726">
        <ele>2869.0</ele>
      </trkpt>
      <trkpt lat="38.149765" lon="-106.676369">
        <ele>2862.0</ele>
      </trkpt>
      <trkpt lat="38.14967" lon="-106.67762">
        <ele>2859.0</ele>
      </trkpt>
      <trkpt lat="38.149021" lon="-106.681602">
        <ele>2857.0</ele>
      </trkpt>
      <trkpt lat="38.148731" lon="-106.682617">
        <ele>2860.0</ele>
      </trkpt>
      <trkpt lat="38.148415" lon="-106.685188">
        <ele>2855.0</ele>
      </trkpt>
      <trkpt lat="38.148483" lon="-106.685753">
        <ele>2854.0</ele>
      </trkpt>
      <trkpt lat="38.148811" lon="-106.686714">
        <ele>2853.0</ele>
      </trkpt>
      <trkpt lat="38.149605" lon="-106.687881">
        <ele>2849.0</ele>
      </trkpt>
      <trkpt lat="38.150146" lon="-106.689041">
        <ele>2846.0</ele>
      </trkpt>
      <trkpt lat="38.151344" lon="-106.689079">
        <ele>2843.0</ele>
      </trkpt>
      <trkpt lat="38.153263" lon="-106.689583">
        <ele>2841.0</ele>
      </trkpt>
      <trkpt lat="38.154903" lon="-106.689629">
        <ele>2841.0</ele>
      </trkpt>
      <trkpt lat="38.156837" lon="-106.689987">
        <ele>2839.0</ele>
      </trkpt>
      <trkpt lat="38.157848" lon="-106.690308">
        <ele>2837.0</ele>
      </trkpt>
      <trkpt lat="38.160465" lon="-106.690269">
        <ele>2833.0</ele>
      </trkpt>
      <trkpt lat="38.16151" lon="-106.690018">
        <ele>2832.0</ele>
      </trkpt>
      <trkpt lat="38.163681" lon="-106.689926">
        <ele>2827.0</ele>
      </trkpt>
      <trkpt lat="38.164963" lon="-106.690041">
        <ele>2824.0</ele>
      </trkpt>
      <trkpt lat="38.166077" lon="-106.689857">
        <ele>2824.0</ele>
      </trkpt>
      <trkpt lat="38.167366" lon="-106.689941">
        <ele>2821.0</ele>
      </trkpt>
      <trkpt lat="38.168602" lon="-106.689873">
        <ele>2820.0</ele>
      </trkpt>
      <trkpt lat="38.169415" lon="-106.690041">
        <ele>2820.0</ele>
      </trkpt>
      <trkpt lat="38.171074" lon="-106.69072">
        <ele>2819.0</ele>
      </trkpt>
      <trkpt lat="38.171852" lon="-106.691414">
        <ele>2815.0</ele>
      </trkpt>
      <trkpt lat="38.172611" lon="-106.691574">
        <ele>2810.0</ele>
      </trkpt>
      <trkpt lat="38.173561" lon="-106.691109">
        <ele>2805.0</ele>
      </trkpt>
      <trkpt lat="38.173737" lon="-106.690872">
        <ele>2803.0</ele>
      </trkpt>
      <trkpt lat="38.173874" lon="-106.690071">
        <ele>2802.0</ele>
      </trkpt>
      <trkpt lat="38.174446" lon="-106.689743">
        <ele>2805.0</ele>
      </trkpt>
      <trkpt lat="38.175098" lon="-106.689194">
        <ele>2810.0</ele>
      </trkpt>
      <trkpt lat="38.175587" lon="-106.687851">
        <ele>2817.0</ele>
      </trkpt>
      <trkpt lat="38.176247" lon="-106.686966">
        <ele>2823.0</ele>
      </trkpt>
      <trkpt lat="38.177353" lon="-106.686493">
        <ele>2823.0</ele>
      </trkpt>
      <trkpt lat="38.178268" lon="-106.685562">
        <ele>2820.0</ele>
      </trkpt>
      <trkpt lat="38.179226" lon="-106.685081">
        <ele>2817.0</ele>
      </trkpt>
      <trkpt lat="38.179428" lon="-106.685143">
        <ele>2817.0</ele>
      </trkpt>
      <trkpt lat="38.179798" lon="-106.691246">
        <ele>2808.0</ele>
      </trkpt>
      <trkpt lat="38.180679" lon="-106.695412">
        <ele>2801.0</ele>
      </trkpt>
      <trkpt lat="38.180912" lon="-106.705856">
        <ele>2802.0</ele>
      </trkpt>
      <trkpt lat="38.181122" lon="-106.707138">
        <ele>2804.0</ele>
      </trkpt>
      <trkpt lat="38.181393" lon="-106.708145">
        <ele>2805.0</ele>
      </trkpt>
      <trkpt lat="38.187431" lon="-106.722672">
        <ele>2783.0</ele>
      </trkpt>
      <trkpt lat="38.187901" lon="-106.724182">
        <ele>2784.0</ele>
      </trkpt>
      <trkpt lat="38.188618" lon="-106.727806">
        <ele>2781.0</ele>
      </trkpt>
      <trkpt lat="38.189732" lon="-106.730972">
        <ele>2781.0</ele>
      </trkpt>
      <trkpt lat="38.190208" lon="-106.731781">
        <ele>2781.0</ele>
      </trkpt>
      <trkpt lat="38.190754" lon="-106.732132">
        <ele>2783.0</ele>
      </trkpt>
      <trkpt lat="38.193996" lon="-106.732674">
        <ele>2786.0</ele>
      </trkpt>
      <trkpt lat="38.19659" lon="-106.733353">
        <ele>2786.0</ele>
      </trkpt>
      <trkpt lat="38.1996" lon="-106.733177">
        <ele>2789.0</ele>
      </trkpt>
      <trkpt lat="38.201527" lon="-106.732353">
        <ele>2784.0</ele>
      </trkpt>
      <trkpt lat="38.203472" lon="-106.731964">
        <ele>2781.0</ele>
      </trkpt>
      <trkpt lat="38.204784" lon="-106.732246">
        <ele>2777.0</ele>
      </trkpt>
      <trkpt lat="38.210522" lon="-106.735344">
        <ele>2772.0</ele>
      </trkpt>
      <trkpt lat="38.211277" lon="-106.73613">
        <ele>2772.0</ele>
      </trkpt>
      <trkpt lat="38.211964" lon="-106.736336">
        <ele>2769.0</ele>
      </trkpt>
      <trkpt lat="38.213833" lon="-106.736">
        <ele>2767.0</ele>
      </trkpt>
      <trkpt lat="38.214371" lon="-106.736015">
        <ele>2766.0</ele>
      </trkpt>
      <trkpt lat="38.214767" lon="-106.736191">
        <ele>2766.0</ele>
      </trkpt>
      <trkpt lat="38.215199" lon="-106.736641">
        <ele>2767.0</ele>
      </trkpt>
      <trkpt lat="38.215462" lon="-106.737183">
        <ele>2769.0</ele>
      </trkpt>
      <trkpt lat="38.215626" lon="-106.737892">
        <ele>2766.0</ele>
      </trkpt>
      <trkpt lat="38.215958" lon="-106.738434">
        <ele>2764.0</ele>
      </trkpt>
      <trkpt lat="38.217422" lon="-106.739357">
        <ele>2762.0</ele>
      </trkpt>
      <trkpt lat="38.218418" lon="-106.739761">
        <ele>2762.0</ele>
      </trkpt>
      <trkpt lat="38.221283" lon="-106.740608">
        <ele>2760.0</ele>
      </trkpt>
      <trkpt lat="38.22253" lon="-106.741615">
        <ele>2759.0</ele>
      </trkpt>
      <trkpt lat="38.224171" lon="-106.74234">
        <ele>2752.0</ele>
      </trkpt>
      <trkpt lat="38.224663" lon="-106.743011">
        <ele>2753.0</ele>
      </trkpt>
      <trkpt lat="38.225266" lon="-106.743309">
        <ele>2751.0</ele>
      </trkpt>
      <trkpt lat="38.225952" lon="-106.743469">
        <ele>2750.0</ele>
      </trkpt>
      <trkpt lat="38.226452" lon="-106.743774">
        <ele>2750.0</ele>
      </trkpt>
      <trkpt lat="38.22773" lon="-106.745415">
        <ele>2749.0</ele>
      </trkpt>
      <trkpt lat="38.228416" lon="-106.745804">
        <ele>2747.0</ele>
      </trkpt>
      <trkpt lat="38.23011" lon="-106.746307">
        <ele>2744.0</ele>
      </trkpt>
      <trkpt lat="38.231236" lon="-106.746964">
        <ele>2742.0</ele>
      </trkpt>
      <trkpt lat="38.23317" lon="-106.74752">
        <ele>2741.0</ele>
      </trkpt>
      <trkpt lat="38.233261" lon="-106.747665">
        <ele>2740.0</ele>
      </trkpt>
      <trkpt lat="38.231125" lon="-106.754707">
        <ele>2742.0</ele>
      </trkpt>
      <trkpt lat="38.231148" lon="-106.755226">
        <ele>2742.0</ele>
      </trkpt>
      <trkpt lat="38.232388" lon="-106.757957">
        <ele>2743.0</ele>
      </trkpt>
      <trkpt lat="38.23267" lon="-106.759262">
        <ele>2745.0</ele>
      </trkpt>
      <trkpt lat="38.232658" lon="-106.759621">
        <ele>2745.0</ele>
      </trkpt>
      <trkpt lat="38.232491" lon="-106.760132">
        <ele>2746.0</ele>
      </trkpt>
      <trkpt lat="38.232132" lon="-106.76062">
        <ele>2746.0</ele>
      </trkpt>
      <trkpt lat="38.231663" lon="-106.761024">
        <ele>2746.0</ele>
      </trkpt>
      <trkpt lat="38.230133" lon="-106.761635">
        <ele>2747.0</ele>
      </trkpt>
      <trkpt lat="38.229393" lon="-106.761757">
        <ele>2747.0</ele>
      </trkpt>
      <trkpt lat="38.22879" lon="-106.761703">
        <ele>2747.0</ele>
      </trkpt>
      <trkpt lat="38.227669" lon="-106.761314">
        <ele>2746.0</ele>
      </trkpt>
      <trkpt lat="38.226902" lon="-106.761185">
        <ele>2745.0</ele>
      </trkpt>
      <trkpt lat="38.22628" lon="-106.761238">
        <ele>2746.0</ele>
      </trkpt>
      <trkpt lat="38.225719" lon="-106.761459">
        <ele>2746.0</ele>
      </trkpt>
      <trkpt lat="38.225368" lon="-106.761742">
        <ele>2746.0</ele>
      </trkpt>
      <trkpt lat="38.22303" lon="-106.764534">
        <ele>2745.0</ele>
      </trkpt>
      <trkpt lat="38.222748" lon="-106.765022">
        <ele>2745.0</ele>
      </trkpt>
      <trkpt lat="38.222191" lon="-106.766418">
        <ele>2744.0</ele>
      </trkpt>
      <trkpt lat="38.220356" lon="-106.769714">
        <ele>2742.0</ele>
      </trkpt>
      <trkpt lat="38.218891" lon="-106.772087">
        <ele>2742.0</ele>
      </trkpt>
      <trkpt lat="38.216736" lon="-106.777031">
        <ele>2743.0</ele>
      </trkpt>
      <trkpt lat="38.215511" lon="-106.780167">
        <ele>2744.0</ele>
      </trkpt>
      <trkpt lat="38.213505" lon="-106.785744">
        <ele>2746.0</ele>
      </trkpt>
      <trkpt lat="38.209618" lon="-106.795624">
        <ele>2753.0</ele>
      </trkpt>
      <trkpt lat="38.20937" lon="-106.796059">
        <ele>2754.0</ele>
      </trkpt>
      <trkpt lat="38.208851" lon="-106.796394">
        <ele>2755.0</ele>
      </trkpt>
      <trkpt lat="38.2071" lon="-106.796501">
        <ele>2756.0</ele>
      </trkpt>
      <trkpt lat="38.206451" lon="-106.796692">
        <ele>2753.0</ele>
      </trkpt>
      <trkpt lat="38.205902" lon="-106.79715">
        <ele>2753.0</ele>
      </trkpt>
      <trkpt lat="38.205486" lon="-106.797684">
        <ele>2753.0</ele>
      </trkpt>
      <trkpt lat="38.203678" lon="-106.801407">
        <ele>2753.0</ele>
      </trkpt>
      <trkpt lat="38.203426" lon="-106.802254">
        <ele>2754.0</ele>
      </trkpt>
      <trkpt lat="38.203217" lon="-106.804451">
        <ele>2756.0</ele>
      </trkpt>
      <trkpt lat="38.202545" lon="-106.806923">
        <ele>2757.0</ele>
      </trkpt>
      <trkpt lat="38.201916" lon="-106.810196">
        <ele>2758.0</ele>
      </trkpt>
      <trkpt lat="38.201408" lon="-106.812233">
        <ele>2763.0</ele>
      </trkpt>
      <trkpt lat="38.200211" lon="-106.815926">
        <ele>2766.0</ele>
      </trkpt>
      <trkpt lat="38.197845" lon="-106.822021">
        <ele>2772.0</ele>
      </trkpt>
      <trkpt lat="38.197411" lon="-106.823349">
        <ele>2771.0</ele>
      </trkpt>
      <trkpt lat="38.197208" lon="-106.824547">
        <ele>2770.0</ele>
      </trkpt>
      <trkpt lat="38.197342" lon="-106.827629">
        <ele>2772.0</ele>
      </trkpt>
      <trkpt lat="38.197533" lon="-106.828293">
        <ele>2772.0</ele>
      </trkpt>
      <trkpt lat="38.197903" lon="-106.828804">
        <ele>2772.0</ele>
      </trkpt>
      <trkpt lat="38.198357" lon="-106.829056">
        <ele>2772.0</ele>
      </trkpt>
      <trkpt lat="38.199417" lon="-106.829086">
        <ele>2772.0</ele>
      </trkpt>
      <trkpt lat="38.200081" lon="-106.829674">
        <ele>2772.0</ele>
      </trkpt>
      <trkpt lat="38.200539" lon="-106.83075">
        <ele>2774.0</ele>
      </trkpt>
      <trkpt lat="38.201454" lon="-106.833656">
        <ele>2778.0</ele>
      </trkpt>
      <trkpt lat="38.202843" lon="-106.835693">
        <ele>2786.0</ele>
      </trkpt>
      <trkpt lat="38.202835" lon="-106.83622">
        <ele>2788.0</ele>
      </trkpt>
      <trkpt lat="38.199898" lon="-106.840851">
        <ele>2792.0</ele>
      </trkpt>
      <trkpt lat="38.199623" lon="-106.841675">
        <ele>2791.0</ele>
      </trkpt>
      <trkpt lat="38.198769" lon="-106.845451">
        <ele>2790.0</ele>
      </trkpt>
      <trkpt lat="38.198215" lon="-106.84745">
        <ele>2791.0</ele>
      </trkpt>
      <trkpt lat="38.197872" lon="-106.847855">
        <ele>2790.0</ele>
      </trkpt>
      <trkpt lat="38.197258" lon="-106.848289">
        <ele>2795.0</ele>
      </trkpt>
      <trkpt lat="38.196606" lon="-106.849228">
        <ele>2797.0</ele>
      </trkpt>
      <trkpt lat="38.195969" lon="-106.849899">
        <ele>2799.0</ele>
      </trkpt>
      <trkpt lat="38.193127" lon="-106.851646">
        <ele>2801.0</ele>
      </trkpt>
      <trkpt lat="38.192844" lon="-106.851974">
        <ele>2803.0</ele>
      </trkpt>
      <trkpt lat="38.192047" lon="-106.853539">
        <ele>2805.0</ele>
      </trkpt>
      <trkpt lat="38.191704" lon="-106.853905">
        <ele>2804.0</ele>
      </trkpt>
      <trkpt lat="38.190914" lon="-106.854225">
        <ele>2804.0</ele>
      </trkpt>
      <trkpt lat="38.189934" lon="-106.854889">
        <ele>2804.0</ele>
      </trkpt>
      <trkpt lat="38.189579" lon="-106.855011">
        <ele>2804.0</ele>
      </trkpt>
      <trkpt lat="38.186108" lon="-106.85537">
        <ele>2813.0</ele>
      </trkpt>
      <trkpt lat="38.1824" lon="-106.854286">
        <ele>2819.0</ele>
      </trkpt>
      <trkpt lat="38.180286" lon="-106.854858">
        <ele>2821.0</ele>
      </trkpt>
      <trkpt lat="38.179615" lon="-106.855301">
        <ele>2822.0</ele>
      </trkpt>
      <trkpt lat="38.175934" lon="-106.855202">
        <ele>2833.0</ele>
      </trkpt>
      <trkpt lat="38.170063" lon="-106.853645">
        <ele>2849.0</ele>
      </trkpt>
      <trkpt lat="38.169373" lon="-106.853317">
        <ele>2855.0</ele>
      </trkpt>
      <trkpt lat="38.16898" lon="-106.85334">
        <ele>2857.0</ele>
      </trkpt>
      <trkpt lat="38.168339" lon="-106.853958">
        <ele>2861.0</ele>
      </trkpt>
      <trkpt lat="38.168087" lon="-106.854721">
        <ele>2865.0</ele>
      </trkpt>
      <trkpt lat="38.16766" lon="-106.855186">
        <ele>2867.0</ele>
      </trkpt>
      <trkpt lat="38.167381" lon="-106.855751">
        <ele>2869.0</ele>
      </trkpt>
      <trkpt lat="38.166786" lon="-106.856232">
        <ele>2870.0</ele>
      </trkpt>
      <trkpt lat="38.166481" lon="-106.857361">
        <ele>2875.0</ele>
      </trkpt>
      <trkpt lat="38.166229" lon="-106.857864">
        <ele>2875.0</ele>
      </trkpt>
      <trkpt lat="38.165512" lon="-106.858475">
        <ele>2876.0</ele>
      </trkpt>
      <trkpt lat="38.164276" lon="-106.861137">
        <ele>2870.0</ele>
      </trkpt>
      <trkpt lat="38.163929" lon="-106.861359">
        <ele>2869.0</ele>
      </trkpt>
      <trkpt lat="38.163513" lon="-106.861198">
        <ele>2873.0</ele>
      </trkpt>
      <trkpt lat="38.163166" lon="-106.861351">
        <ele>2874.0</ele>
      </trkpt>
      <trkpt lat="38.162643" lon="-106.861954">
        <ele>2874.0</ele>
      </trkpt>
      <trkpt lat="38.162189" lon="-106.862183">
        <ele>2876.0</ele>
      </trkpt>
      <trkpt lat="38.161804" lon="-106.862175">
        <ele>2877.0</ele>
      </trkpt>
      <trkpt lat="38.161022" lon="-106.862541">
        <ele>2879.0</ele>
      </trkpt>
      <trkpt lat="38.160446" lon="-106.862518">
        <ele>2880.0</ele>
      </trkpt>
      <trkpt lat="38.160053" lon="-106.862694">
        <ele>2882.0</ele>
      </trkpt>
      <trkpt lat="38.15947" lon="-106.863197">
        <ele>2887.0</ele>
      </trkpt>
      <trkpt lat="38.158497" lon="-106.863335">
        <ele>2888.0</ele>
      </trkpt>
      <trkpt lat="38.15818" lon="-106.863548">
        <ele>2888.0</ele>
      </trkpt>
      <trkpt lat="38.157459" lon="-106.864594">
        <ele>2883.0</ele>
      </trkpt>
      <trkpt lat="38.157513" lon="-106.86541">
        <ele>2884.0</ele>
      </trkpt>
      <trkpt lat="38.157391" lon="-106.865997">
        <ele>2884.0</ele>
      </trkpt>
      <trkpt lat="38.156975" lon="-106.866829">
        <ele>2883.0</ele>
      </trkpt>
      <trkpt lat="38.156082" lon="-106.867706">
        <ele>2884.0</ele>
      </trkpt>
      <trkpt lat="38.154575" lon="-106.868515">
        <ele>2888.0</ele>
      </trkpt>
      <trkpt lat="38.153786" lon="-106.870186">
        <ele>2897.0</ele>
      </trkpt>
      <trkpt lat="38.153431" lon="-106.870468">
        <ele>2901.0</ele>
      </trkpt>
      <trkpt lat="38.153431" lon="-106.870743">
        <ele>2902.0</ele>
      </trkpt>
      <trkpt lat="38.153984" lon="-106.87114">
        <ele>2905.0</ele>
      </trkpt>
      <trkpt lat="38.154083" lon="-106.871864">
        <ele>2904.0</ele>
      </trkpt>
      <trkpt lat="38.153484" lon="-106.87262">
        <ele>2908.0</ele>
      </trkpt>
      <trkpt lat="38.153709" lon="-106.87339">
        <ele>2910.0</ele>
      </trkpt>
      <trkpt lat="38.153721" lon="-106.873947">
        <ele>2912.0</ele>
      </trkpt>
      <trkpt lat="38.153641" lon="-106.874184">
        <ele>2912.0</ele>
      </trkpt>
      <trkpt lat="38.152554" lon="-106.874825">
        <ele>2919.0</ele>
      </trkpt>
      <trkpt lat="38.152073" lon="-106.875313">
        <ele>2918.0</ele>
      </trkpt>
      <trkpt lat="38.151764" lon="-106.875992">
        <ele>2922.0</ele>
      </trkpt>
      <trkpt lat="38.149658" lon="-106.878517">
        <ele>2933.0</ele>
      </trkpt>
      <trkpt lat="38.149441" lon="-106.87867">
        <ele>2933.0</ele>
      </trkpt>
      <trkpt lat="38.148926" lon="-106.878693">
        <ele>2933.0</ele>
      </trkpt>
      <trkpt lat="38.147823" lon="-106.879745">
        <ele>2925.0</ele>
      </trkpt>
      <trkpt lat="38.147835" lon="-106.880066">
        <ele>2926.0</ele>
      </trkpt>
      <trkpt lat="38.148693" lon="-106.881165">
        <ele>2935.0</ele>
      </trkpt>
      <trkpt lat="38.148643" lon="-106.881561">
        <ele>2936.0</ele>
      </trkpt>
      <trkpt lat="38.148289" lon="-106.882111">
        <ele>2938.0</ele>
      </trkpt>
      <trkpt lat="38.148182" lon="-106.882561">
        <ele>2939.0</ele>
      </trkpt>
      <trkpt lat="38.148163" lon="-106.883774">
        <ele>2939.0</ele>
      </trkpt>
      <trkpt lat="38.147705" lon="-106.884781">
        <ele>2943.0</ele>
      </trkpt>
      <trkpt lat="38.147141" lon="-106.885574">
        <ele>2943.0</ele>
      </trkpt>
      <trkpt lat="38.146221" lon="-106.886559">
        <ele>2944.0</ele>
      </trkpt>
      <trkpt lat="38.139454" lon="-106.895447">
        <ele>2961.0</ele>
      </trkpt>
      <trkpt lat="38.136478" lon="-106.898567">
        <ele>2971.0</ele>
      </trkpt>
      <trkpt lat="38.135658" lon="-106.898773">
        <ele>2976.0</ele>
      </trkpt>
      <trkpt lat="38.133171" lon="-106.898804">
        <ele>2995.0</ele>
      </trkpt>
      <trkpt lat="38.132317" lon="-106.898613">
        <ele>2983.0</ele>
      </trkpt>
      <trkpt lat="38.132004" lon="-106.898666">
        <ele>2984.0</ele>
      </trkpt>
      <trkpt lat="38.131721" lon="-106.898872">
        <ele>2987.0</ele>
      </trkpt>
      <trkpt lat="38.131519" lon="-106.899269">
        <ele>2992.0</ele>
      </trkpt>
      <trkpt lat="38.131195" lon="-106.901505">
        <ele>3004.0</ele>
      </trkpt>
      <trkpt lat="38.131054" lon="-106.901939">
        <ele>3006.0</ele>
      </trkpt>
      <trkpt lat="38.130814" lon="-106.902222">
        <ele>3008.0</ele>
      </trkpt>
      <trkpt lat="38.130211" lon="-106.902542">
        <ele>3010.0</ele>
      </trkpt>
      <trkpt lat="38.129082" lon="-106.903618">
        <ele>3007.0</ele>
      </trkpt>
      <trkpt lat="38.128124" lon="-106.904877">
        <ele>2999.0</ele>
      </trkpt>
      <trkpt lat="38.127884" lon="-106.905952">
        <ele>2999.0</ele>
      </trkpt>
      <trkpt lat="38.128052" lon="-106.906433">
        <ele>3003.0</ele>
      </trkpt>
      <trkpt lat="38.128502" lon="-106.906853">
        <ele>3007.0</ele>
      </trkpt>
      <trkpt lat="38.129669" lon="-106.907486">
        <ele>3013.0</ele>
      </trkpt>
      <trkpt lat="38.130081" lon="-106.908188">
        <ele>3018.0</ele>
      </trkpt>
      <trkpt lat="38.130428" lon="-106.908417">
        <ele>3020.0</ele>
      </trkpt>
      <trkpt lat="38.13105" lon="-106.908394">
        <ele>3018.0</ele>
      </trkpt>
      <trkpt lat="38.131245" lon="-106.908485">
        <ele>3019.0</ele>
      </trkpt>
      <trkpt lat="38.132133" lon="-106.909569">
        <ele>3022.0</ele>
      </trkpt>
      <trkpt lat="38.132221" lon="-106.909904">
        <ele>3023.0</ele>
      </trkpt>
      <trkpt lat="38.132187" lon="-106.910645">
        <ele>3027.0</ele>
      </trkpt>
      <trkpt lat="38.131573" lon="-106.912659">
        <ele>3034.0</ele>
      </trkpt>
      <trkpt lat="38.131214" lon="-106.913445">
        <ele>3034.0</ele>
      </trkpt>
      <trkpt lat="38.130142" lon="-106.914917">
        <ele>3040.0</ele>
      </trkpt>
      <trkpt lat="38.12944" lon="-106.915588">
        <ele>3042.0</ele>
      </trkpt>
      <trkpt lat="38.129013" lon="-106.916183">
        <ele>3040.0</ele>
      </trkpt>
      <trkpt lat="38.127739" lon="-106.917427">
        <ele>3036.0</ele>
      </trkpt>
      <trkpt lat="38.126762" lon="-106.918671">
        <ele>3034.0</ele>
      </trkpt>
      <trkpt lat="38.125874" lon="-106.919197">
        <ele>3034.0</ele>
      </trkpt>
      <trkpt lat="38.124599" lon="-106.919502">
        <ele>3029.0</ele>
      </trkpt>
      <trkpt lat="38.124378" lon="-106.91967">
        <ele>3030.0</ele>
      </trkpt>
      <trkpt lat="38.1236" lon="-106.921333">
        <ele>3029.0</ele>
      </trkpt>
      <trkpt lat="38.122887" lon="-106.921577">
        <ele>3028.0</ele>
      </trkpt>
      <trkpt lat="38.121586" lon="-106.921516">
        <ele>3030.0</ele>
      </trkpt>
      <trkpt lat="38.118645" lon="-106.922073">
        <ele>3017.0</ele>
      </trkpt>
      <trkpt lat="38.116608" lon="-106.921822">
        <ele>3009.0</ele>
      </trkpt>
      <trkpt lat="38.116333" lon="-106.921944">
        <ele>3007.0</ele>
      </trkpt>
      <trkpt lat="38.115475" lon="-106.922707">
        <ele>3004.0</ele>
      </trkpt>
      <trkpt lat="38.11533" lon="-106.923027">
        <ele>3005.0</ele>
      </trkpt>
      <trkpt lat="38.114426" lon="-106.927818">
        <ele>3004.0</ele>
      </trkpt>
      <trkpt lat="38.11375" lon="-106.929718">
        <ele>3005.0</ele>
      </trkpt>
      <trkpt lat="38.113544" lon="-106.931549">
        <ele>3005.0</ele>
      </trkpt>
      <trkpt lat="38.113365" lon="-106.932098">
        <ele>3009.0</ele>
      </trkpt>
      <trkpt lat="38.113068" lon="-106.932419">
        <ele>3010.0</ele>
      </trkpt>
      <trkpt lat="38.111599" lon="-106.933334">
        <ele>3017.0</ele>
      </trkpt>
      <trkpt lat="38.111053" lon="-106.933517">
        <ele>3018.0</ele>
      </trkpt>
      <trkpt lat="38.110451" lon="-106.934212">
        <ele>3022.0</ele>
      </trkpt>
      <trkpt lat="38.109772" lon="-106.934776">
        <ele>3025.0</ele>
      </trkpt>
      <trkpt lat="38.10836" lon="-106.935165">
        <ele>3028.0</ele>
      </trkpt>
      <trkpt lat="38.108082" lon="-106.935478">
        <ele>3029.0</ele>
      </trkpt>
      <trkpt lat="38.107185" lon="-106.937546">
        <ele>3038.0</ele>
      </trkpt>
      <trkpt lat="38.107151" lon="-106.938339">
        <ele>3034.0</ele>
      </trkpt>
      <trkpt lat="38.107487" lon="-106.939079">
        <ele>3034.0</ele>
      </trkpt>
      <trkpt lat="38.107567" lon="-106.939468">
        <ele>3034.0</ele>
      </trkpt>
      <trkpt lat="38.10725" lon="-106.940849">
        <ele>3035.0</ele>
      </trkpt>
      <trkpt lat="38.107109" lon="-106.942276">
        <ele>3041.0</ele>
      </trkpt>
      <trkpt lat="38.107201" lon="-106.945496">
        <ele>3046.0</ele>
      </trkpt>
      <trkpt lat="38.107391" lon="-106.947044">
        <ele>3051.0</ele>
      </trkpt>
      <trkpt lat="38.107346" lon="-106.947426">
        <ele>3054.0</ele>
      </trkpt>
      <trkpt lat="38.107071" lon="-106.948196">
        <ele>3054.0</ele>
      </trkpt>
      <trkpt lat="38.105579" lon="-106.950768">
        <ele>3060.0</ele>
      </trkpt>
      <trkpt lat="38.104771" lon="-106.951492">
        <ele>3068.0</ele>
      </trkpt>
      <trkpt lat="38.104603" lon="-106.951752">
        <ele>3070.0</ele>
      </trkpt>
      <trkpt lat="38.104301" lon="-106.952675">
        <ele>3075.0</ele>
      </trkpt>
      <trkpt lat="38.103382" lon="-106.954559">
        <ele>3088.0</ele>
      </trkpt>
      <trkpt lat="38.10339" lon="-106.954788">
        <ele>3089.0</ele>
      </trkpt>
      <trkpt lat="38.103539" lon="-106.955078">
        <ele>3091.0</ele>
      </trkpt>
      <trkpt lat="38.106628" lon="-106.95845">
        <ele>3124.0</ele>
      </trkpt>
      <trkpt lat="38.106903" lon="-106.959656">
        <ele>3131.0</ele>
      </trkpt>
      <trkpt lat="38.106884" lon="-106.959984">
        <ele>3133.0</ele>
      </trkpt>
      <trkpt lat="38.10603" lon="-106.962914">
        <ele>3151.0</ele>
      </trkpt>
      <trkpt lat="38.105946" lon="-106.964455">
        <ele>3158.0</ele>
      </trkpt>
      <trkpt lat="38.105789" lon="-106.965363">
        <ele>3165.0</ele>
      </trkpt>
      <trkpt lat="38.105526" lon="-106.965904">
        <ele>3167.0</ele>
      </trkpt>
      <trkpt lat="38.105068" lon="-106.967422">
        <ele>3177.0</ele>
      </trkpt>
      <trkpt lat="38.104969" lon="-106.970207">
        <ele>3191.0</ele>
      </trkpt>
      <trkpt lat="38.104671" lon="-106.970932">
        <ele>3199.0</ele>
      </trkpt>
      <trkpt lat="38.103508" lon="-106.973114">
        <ele>3201.0</ele>
      </trkpt>
      <trkpt lat="38.10305" lon="-106.973724">
        <ele>3198.0</ele>
      </trkpt>
      <trkpt lat="38.102238" lon="-106.975357">
        <ele>3185.0</ele>
      </trkpt>
      <trkpt lat="38.10146" lon="-106.97747">
        <ele>3171.0</ele>
      </trkpt>
      <trkpt lat="38.099705" lon="-106.982979">
        <ele>3139.0</ele>
      </trkpt>
      <trkpt lat="38.099426" lon="-106.983406">
        <ele>3138.0</ele>
      </trkpt>
      <trkpt lat="38.098557" lon="-106.984268">
        <ele>3126.0</ele>
      </trkpt>
      <trkpt lat="38.098312" lon="-106.985039">
        <ele>3125.0</ele>
      </trkpt>
      <trkpt lat="38.098293" lon="-106.988541">
        <ele>3116.0</ele>
      </trkpt>
      <trkpt lat="38.098515" lon="-106.98996">
        <ele>3114.0</ele>
      </trkpt>
      <trkpt lat="38.098862" lon="-106.990295">
        <ele>3114.0</ele>
      </trkpt>
      <trkpt lat="38.100632" lon="-106.990982">
        <ele>3097.0</ele>
      </trkpt>
      <trkpt lat="38.100895" lon="-106.9916">
        <ele>3093.0</ele>
      </trkpt>
      <trkpt lat="38.101021" lon="-106.993752">
        <ele>3079.0</ele>
      </trkpt>
      <trkpt lat="38.10146" lon="-106.995476">
        <ele>3073.0</ele>
      </trkpt>
      <trkpt lat="38.101513" lon="-106.995995">
        <ele>3068.0</ele>
      </trkpt>
      <trkpt lat="38.101452" lon="-106.99662">
        <ele>3065.0</ele>
      </trkpt>
      <trkpt lat="38.101524" lon="-106.997292">
        <ele>3060.0</ele>
      </trkpt>
      <trkpt lat="38.1017" lon="-106.997536">
        <ele>3058.0</ele>
      </trkpt>
      <trkpt lat="38.10265" lon="-106.998215">
        <ele>3056.0</ele>
      </trkpt>
      <trkpt lat="38.102596" lon="-106.998405">
        <ele>3054.0</ele>
      </trkpt>
      <trkpt lat="38.102097" lon="-106.998253">
        <ele>3052.0</ele>
      </trkpt>
      <trkpt lat="38.100632" lon="-106.998352">
        <ele>3041.0</ele>
      </trkpt>
      <trkpt lat="38.099239" lon="-106.99662">
        <ele>3024.0</ele>
      </trkpt>
      <trkpt lat="38.098694" lon="-106.995667">
        <ele>3019.0</ele>
      </trkpt>
      <trkpt lat="38.097832" lon="-106.995064">
        <ele>3011.0</ele>
      </trkpt>
      <trkpt lat="38.097107" lon="-106.99408">
        <ele>3004.0</ele>
      </trkpt>
      <trkpt lat="38.096451" lon="-106.993446">
        <ele>2997.0</ele>
      </trkpt>
      <trkpt lat="38.096157" lon="-106.99292">
        <ele>2995.0</ele>
      </trkpt>
      <trkpt lat="38.095844" lon="-106.992798">
        <ele>2995.0</ele>
      </trkpt>
      <trkpt lat="38.095539" lon="-106.993073">
        <ele>2995.0</ele>
      </trkpt>
      <trkpt lat="38.094952" lon="-106.994057">
        <ele>2987.0</ele>
      </trkpt>
      <trkpt lat="38.094875" lon="-106.995026">
        <ele>2983.0</ele>
      </trkpt>
      <trkpt lat="38.095085" lon="-106.995728">
        <ele>2978.0</ele>
      </trkpt>
      <trkpt lat="38.095047" lon="-106.996658">
        <ele>2971.0</ele>
      </trkpt>
      <trkpt lat="38.094521" lon="-106.997818">
        <ele>2961.0</ele>
      </trkpt>
      <trkpt lat="38.094036" lon="-106.998344">
        <ele>2958.0</ele>
      </trkpt>
      <trkpt lat="38.093819" lon="-106.999199">
        <ele>2950.0</ele>
      </trkpt>
      <trkpt lat="38.093758" lon="-107.000504">
        <ele>2943.0</ele>
      </trkpt>
      <trkpt lat="38.092522" lon="-107.00267">
        <ele>2928.0</ele>
      </trkpt>
      <trkpt lat="38.092094" lon="-107.00309">
        <ele>2923.0</ele>
      </trkpt>
      <trkpt lat="38.091862" lon="-107.003159">
        <ele>2923.0</ele>
      </trkpt>
      <trkpt lat="38.09127" lon="-107.003693">
        <ele>2918.0</ele>
      </trkpt>
      <trkpt lat="38.090965" lon="-107.004112">
        <ele>2915.0</ele>
      </trkpt>
      <trkpt lat="38.089794" lon="-107.00473">
        <ele>2904.0</ele>
      </trkpt>
      <trkpt lat="38.089443" lon="-107.005074">
        <ele>2900.0</ele>
      </trkpt>
      <trkpt lat="38.088833" lon="-107.005379">
        <ele>2896.0</ele>
      </trkpt>
      <trkpt lat="38.088364" lon="-107.00592">
        <ele>2889.0</ele>
      </trkpt>
      <trkpt lat="38.088108" lon="-107.006439">
        <ele>2887.0</ele>
      </trkpt>
      <trkpt lat="38.088055" lon="-107.007034">
        <ele>2885.0</ele>
      </trkpt>
      <trkpt lat="38.088219" lon="-107.007835">
        <ele>2882.0</ele>
      </trkpt>
      <trkpt lat="38.088333" lon="-107.008011">
        <ele>2882.0</ele>
      </trkpt>
      <trkpt lat="38.088997" lon="-107.008324">
        <ele>2877.0</ele>
      </trkpt>
      <trkpt lat="38.089382" lon="-107.008858">
        <ele>2874.0</ele>
      </trkpt>
      <trkpt lat="38.090012" lon="-107.010643">
        <ele>2869.0</ele>
      </trkpt>
      <trkpt lat="38.090141" lon="-107.010811">
        <ele>2869.0</ele>
      </trkpt>
      <trkpt lat="38.090611" lon="-107.010956">
        <ele>2866.0</ele>
      </trkpt>
      <trkpt lat="38.090694" lon="-107.011101">
        <ele>2866.0</ele>
      </trkpt>
      <trkpt lat="38.0905" lon="-107.012329">
        <ele>2869.0</ele>
      </trkpt>
      <trkpt lat="38.09" lon="-107.012939">
        <ele>2870.0</ele>
      </trkpt>
      <trkpt lat="38.088665" lon="-107.013809">
        <ele>2861.0</ele>
      </trkpt>
      <trkpt lat="38.087959" lon="-107.014061">
        <ele>2853.0</ele>
      </trkpt>
      <trkpt lat="38.086842" lon="-107.014732">
        <ele>2841.0</ele>
      </trkpt>
      <trkpt lat="38.0854" lon="-107.013924">
        <ele>2830.0</ele>
      </trkpt>
      <trkpt lat="38.084583" lon="-107.013817">
        <ele>2824.0</ele>
      </trkpt>
      <trkpt lat="38.084274" lon="-107.013664">
        <ele>2822.0</ele>
      </trkpt>
      <trkpt lat="38.084072" lon="-107.01284">
        <ele>2817.0</ele>
      </trkpt>
      <trkpt lat="38.083931" lon="-107.012596">
        <ele>2817.0</ele>
      </trkpt>
      <trkpt lat="38.083794" lon="-107.012566">
        <ele>2817.0</ele>
      </trkpt>
      <trkpt lat="38.083721" lon="-107.012665">
        <ele>2815.0</ele>
      </trkpt>
      <trkpt lat="38.083851" lon="-107.01313">
        <ele>2812.0</ele>
      </trkpt>
      <trkpt lat="38.083729" lon="-107.013695">
        <ele>2809.0</ele>
      </trkpt>
      <trkpt lat="38.083782" lon="-107.01432">
        <ele>2805.0</ele>
      </trkpt>
      <trkpt lat="38.084167" lon="-107.015099">
        <ele>2801.0</ele>
      </trkpt>
      <trkpt lat="38.084099" lon="-107.015221">
        <ele>2802.0</ele>
      </trkpt>
      <trkpt lat="38.083874" lon="-107.015282">
        <ele>2798.0</ele>
      </trkpt>
      <trkpt lat="38.083675" lon="-107.015495">
        <ele>2795.0</ele>
      </trkpt>
      <trkpt lat="38.083496" lon="-107.01609">
        <ele>2792.0</ele>
      </trkpt>
      <trkpt lat="38.08358" lon="-107.016777">
        <ele>2789.0</ele>
      </trkpt>
      <trkpt lat="38.083828" lon="-107.017166">
        <ele>2792.0</ele>
      </trkpt>
      <trkpt lat="38.084194" lon="-107.018387">
        <ele>2781.0</ele>
      </trkpt>
      <trkpt lat="38.083942" lon="-107.019218">
        <ele>2771.0</ele>
      </trkpt>
      <trkpt lat="38.084419" lon="-107.020744">
        <ele>2768.0</ele>
      </trkpt>
      <trkpt lat="38.084888" lon="-107.021416">
        <ele>2769.0</ele>
      </trkpt>
      <trkpt lat="38.085018" lon="-107.022301">
        <ele>2769.0</ele>
      </trkpt>
      <trkpt lat="38.085247" lon="-107.022919">
        <ele>2766.0</ele>
      </trkpt>
      <trkpt lat="38.087837" lon="-107.025711">
        <ele>2754.0</ele>
      </trkpt>
      <trkpt lat="38.088688" lon="-107.025894">
        <ele>2753.0</ele>
      </trkpt>
      <trkpt lat="38.090542" lon="-107.027954">
        <ele>2744.0</ele>
      </trkpt>
      <trkpt lat="38.092426" lon="-107.029274">
        <ele>2738.0</ele>
      </trkpt>
      <trkpt lat="38.09338" lon="-107.029556">
        <ele>2737.0</ele>
      </trkpt>
      <trkpt lat="38.093849" lon="-107.030319">
        <ele>2734.0</ele>
      </trkpt>
      <trkpt lat="38.094318" lon="-107.032028">
        <ele>2727.0</ele>
      </trkpt>
      <trkpt lat="38.095806" lon="-107.03376">
        <ele>2718.0</ele>
      </trkpt>
      <trkpt lat="38.095806" lon="-107.034378">
        <ele>2712.0</ele>
      </trkpt>
      <trkpt lat="38.095066" lon="-107.035904">
        <ele>2712.0</ele>
      </trkpt>
      <trkpt lat="38.092808" lon="-107.03727">
        <ele>2714.0</ele>
      </trkpt>
      <trkpt lat="38.092209" lon="-107.037384">
        <ele>2717.0</ele>
      </trkpt>
      <trkpt lat="38.090931" lon="-107.037231">
        <ele>2719.0</ele>
      </trkpt>
      <trkpt lat="38.090202" lon="-107.037338">
        <ele>2719.0</ele>
      </trkpt>
      <trkpt lat="38.088669" lon="-107.037964">
        <ele>2726.0</ele>
      </trkpt>
      <trkpt lat="38.087643" lon="-107.038559">
        <ele>2730.0</ele>
      </trkpt>
      <trkpt lat="38.085888" lon="-107.038818">
        <ele>2730.0</ele>
      </trkpt>
      <trkpt lat="38.083061" lon="-107.038918">
        <ele>2730.0</ele>
      </trkpt>
      <trkpt lat="38.081566" lon="-107.038643">
        <ele>2730.0</ele>
      </trkpt>
      <trkpt lat="38.080536" lon="-107.0383">
        <ele>2731.0</ele>
      </trkpt>
      <trkpt lat="38.080135" lon="-107.038292">
        <ele>2734.0</ele>
      </trkpt>
      <trkpt lat="38.079197" lon="-107.038605">
        <ele>2731.0</ele>
      </trkpt>
      <trkpt lat="38.078125" lon="-107.039352">
        <ele>2735.0</ele>
      </trkpt>
      <trkpt lat="38.07766" lon="-107.039955">
        <ele>2732.0</ele>
      </trkpt>
      <trkpt lat="38.077602" lon="-107.040215">
        <ele>2730.0</ele>
      </trkpt>
      <trkpt lat="38.078392" lon="-107.042259">
        <ele>2732.0</ele>
      </trkpt>
      <trkpt lat="38.078411" lon="-107.042587">
        <ele>2733.0</ele>
      </trkpt>
      <trkpt lat="38.078053" lon="-107.043724">
        <ele>2734.0</ele>
      </trkpt>
      <trkpt lat="38.077656" lon="-107.04583">
        <ele>2737.0</ele>
      </trkpt>
      <trkpt lat="38.077293" lon="-107.046616">
        <ele>2737.0</ele>
      </trkpt>
      <trkpt lat="38.076809" lon="-107.047264">
        <ele>2738.0</ele>
      </trkpt>
      <trkpt lat="38.076534" lon="-107.04789">
        <ele>2738.0</ele>
      </trkpt>
      <trkpt lat="38.076336" lon="-107.048744">
        <ele>2738.0</ele>
      </trkpt>
      <trkpt lat="38.07592" lon="-107.049797">
        <ele>2740.0</ele>
      </trkpt>
      <trkpt lat="38.075371" lon="-107.050453">
        <ele>2739.0</ele>
      </trkpt>
      <trkpt lat="38.071693" lon="-107.052513">
        <ele>2753.0</ele>
      </trkpt>
      <trkpt lat="38.070534" lon="-107.053909">
        <ele>2755.0</ele>
      </trkpt>
      <trkpt lat="38.070259" lon="-107.054489">
        <ele>2757.0</ele>
      </trkpt>
      <trkpt lat="38.069218" lon="-107.058304">
        <ele>2759.0</ele>
      </trkpt>
      <trkpt lat="38.069008" lon="-107.058784">
        <ele>2758.0</ele>
      </trkpt>
      <trkpt lat="38.06855" lon="-107.059158">
        <ele>2760.0</ele>
      </trkpt>
      <trkpt lat="38.068409" lon="-107.059395">
        <ele>2760.0</ele>
      </trkpt>
      <trkpt lat="38.068439" lon="-107.059769">
        <ele>2759.0</ele>
      </trkpt>
      <trkpt lat="38.068707" lon="-107.060112">
        <ele>2758.0</ele>
      </trkpt>
      <trkpt lat="38.068783" lon="-107.060791">
        <ele>2758.0</ele>
      </trkpt>
      <trkpt lat="38.068333" lon="-107.061676">
        <ele>2759.0</ele>
      </trkpt>
      <trkpt lat="38.067009" lon="-107.063263">
        <ele>2762.0</ele>
      </trkpt>
      <trkpt lat="38.066082" lon="-107.063858">
        <ele>2765.0</ele>
      </trkpt>
      <trkpt lat="38.065308" lon="-107.06501">
        <ele>2758.0</ele>
      </trkpt>
      <trkpt lat="38.064106" lon="-107.066162">
        <ele>2762.0</ele>
      </trkpt>
      <trkpt lat="38.060711" lon="-107.068497">
        <ele>2774.0</ele>
      </trkpt>
      <trkpt lat="38.058762" lon="-107.070435">
        <ele>2779.0</ele>
      </trkpt>
      <trkpt lat="38.058262" lon="-107.071251">
        <ele>2780.0</ele>
      </trkpt>
      <trkpt lat="38.056988" lon="-107.072495">
        <ele>2784.0</ele>
      </trkpt>
      <trkpt lat="38.056114" lon="-107.07354">
        <ele>2787.0</ele>
      </trkpt>
      <trkpt lat="38.05547" lon="-107.074097">
        <ele>2792.0</ele>
      </trkpt>
      <trkpt lat="38.055027" lon="-107.074707">
        <ele>2794.0</ele>
      </trkpt>
      <trkpt lat="38.054302" lon="-107.075294">
        <ele>2795.0</ele>
      </trkpt>
      <trkpt lat="38.053856" lon="-107.076523">
        <ele>2795.0</ele>
      </trkpt>
      <trkpt lat="38.053604" lon="-107.076706">
        <ele>2795.0</ele>
      </trkpt>
      <trkpt lat="38.052849" lon="-107.076775">
        <ele>2795.0</ele>
      </trkpt>
      <trkpt lat="38.052753" lon="-107.076935">
        <ele>2794.0</ele>
      </trkpt>
      <trkpt lat="38.052803" lon="-107.077202">
        <ele>2795.0</ele>
      </trkpt>
      <trkpt lat="38.053505" lon="-107.077957">
        <ele>2794.0</ele>
      </trkpt>
      <trkpt lat="38.053589" lon="-107.078262">
        <ele>2793.0</ele>
      </trkpt>
      <trkpt lat="38.053169" lon="-107.079407">
        <ele>2793.0</ele>
      </trkpt>
      <trkpt lat="38.052479" lon="-107.08046">
        <ele>2792.0</ele>
      </trkpt>
      <trkpt lat="38.052116" lon="-107.082001">
        <ele>2793.0</ele>
      </trkpt>
      <trkpt lat="38.051922" lon="-107.084358">
        <ele>2794.0</ele>
      </trkpt>
      <trkpt lat="38.052071" lon="-107.085587">
        <ele>2794.0</ele>
      </trkpt>
      <trkpt lat="38.052036" lon="-107.086273">
        <ele>2796.0</ele>
      </trkpt>
      <trkpt lat="38.051292" lon="-107.091377">
        <ele>2806.0</ele>
      </trkpt>
      <trkpt lat="38.051296" lon="-107.091919">
        <ele>2805.0</ele>
      </trkpt>
      <trkpt lat="38.051029" lon="-107.092888">
        <ele>2806.0</ele>
      </trkpt>
      <trkpt lat="38.050411" lon="-107.09446">
        <ele>2808.0</ele>
      </trkpt>
      <trkpt lat="38.050568" lon="-107.095169">
        <ele>2813.0</ele>
      </trkpt>
      <trkpt lat="38.050621" lon="-107.096397">
        <ele>2822.0</ele>
      </trkpt>
      <trkpt lat="38.050392" lon="-107.096802">
        <ele>2813.0</ele>
      </trkpt>
      <trkpt lat="38.049835" lon="-107.09845">
        <ele>2824.0</ele>
      </trkpt>
      <trkpt lat="38.049797" lon="-107.099007">
        <ele>2825.0</ele>
      </trkpt>
      <trkpt lat="38.04953" lon="-107.099533">
        <ele>2822.0</ele>
      </trkpt>
      <trkpt lat="38.048908" lon="-107.099724">
        <ele>2817.0</ele>
      </trkpt>
      <trkpt lat="38.048244" lon="-107.099571">
        <ele>2820.0</ele>
      </trkpt>
      <trkpt lat="38.047668" lon="-107.099876">
        <ele>2823.0</ele>
      </trkpt>
      <trkpt lat="38.047352" lon="-107.1007">
        <ele>2825.0</ele>
      </trkpt>
      <trkpt lat="38.047703" lon="-107.101799">
        <ele>2824.0</ele>
      </trkpt>
      <trkpt lat="38.04789" lon="-107.10363">
        <ele>2838.0</ele>
      </trkpt>
      <trkpt lat="38.047604" lon="-107.104904">
        <ele>2832.0</ele>
      </trkpt>
      <trkpt lat="38.04763" lon="-107.105087">
        <ele>2832.0</ele>
      </trkpt>
      <trkpt lat="38.048023" lon="-107.105728">
        <ele>2838.0</ele>
      </trkpt>
      <trkpt lat="38.048058" lon="-107.106392">
        <ele>2838.0</ele>
      </trkpt>
      <trkpt lat="38.047844" lon="-107.107162">
        <ele>2835.0</ele>
      </trkpt>
      <trkpt lat="38.048031" lon="-107.107712">
        <ele>2840.0</ele>
      </trkpt>
      <trkpt lat="38.048038" lon="-107.108147">
        <ele>2842.0</ele>
      </trkpt>
      <trkpt lat="38.047855" lon="-107.109222">
        <ele>2840.0</ele>
      </trkpt>
      <trkpt lat="38.047615" lon="-107.112999">
        <ele>2843.0</ele>
      </trkpt>
      <trkpt lat="38.047871" lon="-107.114159">
        <ele>2849.0</ele>
      </trkpt>
      <trkpt lat="38.047516" lon="-107.116974">
        <ele>2850.0</ele>
      </trkpt>
      <trkpt lat="38.046722" lon="-107.120827">
        <ele>2873.0</ele>
      </trkpt>
      <trkpt lat="38.04686" lon="-107.123749">
        <ele>2888.0</ele>
      </trkpt>
      <trkpt lat="38.046692" lon="-107.124237">
        <ele>2894.0</ele>
      </trkpt>
      <trkpt lat="38.046227" lon="-107.124649">
        <ele>2896.0</ele>
      </trkpt>
      <trkpt lat="38.045887" lon="-107.125183">
        <ele>2900.0</ele>
      </trkpt>
      <trkpt lat="38.045704" lon="-107.125969">
        <ele>2903.0</ele>
      </trkpt>
      <trkpt lat="38.045155" lon="-107.127365">
        <ele>2911.0</ele>
      </trkpt>
      <trkpt lat="38.044548" lon="-107.128014">
        <ele>2917.0</ele>
      </trkpt>
      <trkpt lat="38.04417" lon="-107.128227">
        <ele>2920.0</ele>
      </trkpt>
      <trkpt lat="38.043716" lon="-107.12886">
        <ele>2916.0</ele>
      </trkpt>
      <trkpt lat="38.043606" lon="-107.129715">
        <ele>2923.0</ele>
      </trkpt>
      <trkpt lat="38.043072" lon="-107.130867">
        <ele>2937.0</ele>
      </trkpt>
      <trkpt lat="38.042023" lon="-107.132294">
        <ele>2953.0</ele>
      </trkpt>
      <trkpt lat="38.041634" lon="-107.132469">
        <ele>2956.0</ele>
      </trkpt>
      <trkpt lat="38.04134" lon="-107.13298">
        <ele>2958.0</ele>
      </trkpt>
      <trkpt lat="38.04126" lon="-107.133499">
        <ele>2958.0</ele>
      </trkpt>
      <trkpt lat="38.041382" lon="-107.134247">
        <ele>2958.0</ele>
      </trkpt>
      <trkpt lat="38.04121" lon="-107.135216">
        <ele>2957.0</ele>
      </trkpt>
      <trkpt lat="38.041214" lon="-107.135696">
        <ele>2958.0</ele>
      </trkpt>
      <trkpt lat="38.041348" lon="-107.136162">
        <ele>2960.0</ele>
      </trkpt>
      <trkpt lat="38.041336" lon="-107.136627">
        <ele>2960.0</ele>
      </trkpt>
      <trkpt lat="38.040783" lon="-107.138031">
        <ele>2963.0</ele>
      </trkpt>
      <trkpt lat="38.040394" lon="-107.138405">
        <ele>2964.0</ele>
      </trkpt>
      <trkpt lat="38.040157" lon="-107.139366">
        <ele>2970.0</ele>
      </trkpt>
      <trkpt lat="38.039925" lon="-107.139793">
        <ele>2971.0</ele>
      </trkpt>
      <trkpt lat="38.039188" lon="-107.140335">
        <ele>2970.0</ele>
      </trkpt>
      <trkpt lat="38.037872" lon="-107.141647">
        <ele>2973.0</ele>
      </trkpt>
      <trkpt lat="38.037079" lon="-107.142677">
        <ele>2980.0</ele>
      </trkpt>
      <trkpt lat="38.036793" lon="-107.143494">
        <ele>2983.0</ele>
      </trkpt>
      <trkpt lat="38.036385" lon="-107.144279">
        <ele>2984.0</ele>
      </trkpt>
      <trkpt lat="38.036018" lon="-107.144753">
        <ele>2985.0</ele>
      </trkpt>
      <trkpt lat="38.035343" lon="-107.14534">
        <ele>2979.0</ele>
      </trkpt>
      <trkpt lat="38.034626" lon="-107.146461">
        <ele>2985.0</ele>
      </trkpt>
      <trkpt lat="38.033997" lon="-107.147087">
        <ele>2987.0</ele>
      </trkpt>
      <trkpt lat="38.03318" lon="-107.147568">
        <ele>2986.0</ele>
      </trkpt>
      <trkpt lat="38.032043" lon="-107.147972">
        <ele>2989.0</ele>
      </trkpt>
      <trkpt lat="38.029625" lon="-107.14846">
        <ele>2993.0</ele>
      </trkpt>
      <trkpt lat="38.029125" lon="-107.14872">
        <ele>2994.0</ele>
      </trkpt>
      <trkpt lat="38.028717" lon="-107.149246">
        <ele>2997.0</ele>
      </trkpt>
      <trkpt lat="38.028347" lon="-107.150269">
        <ele>2998.0</ele>
      </trkpt>
      <trkpt lat="38.028221" lon="-107.15136">
        <ele>3008.0</ele>
      </trkpt>
      <trkpt lat="38.027905" lon="-107.152802">
        <ele>3011.0</ele>
      </trkpt>
      <trkpt lat="38.027973" lon="-107.153458">
        <ele>3009.0</ele>
      </trkpt>
      <trkpt lat="38.028168" lon="-107.153847">
        <ele>3009.0</ele>
      </trkpt>
      <trkpt lat="38.028614" lon="-107.154091">
        <ele>3017.0</ele>
      </trkpt>
      <trkpt lat="38.028675" lon="-107.154709">
        <ele>3018.0</ele>
      </trkpt>
      <trkpt lat="38.028461" lon="-107.155319">
        <ele>3015.0</ele>
      </trkpt>
      <trkpt lat="38.028484" lon="-107.155571">
        <ele>3014.0</ele>
      </trkpt>
      <trkpt lat="38.028851" lon="-107.155861">
        <ele>3019.0</ele>
      </trkpt>
      <trkpt lat="38.029591" lon="-107.157356">
        <ele>3020.0</ele>
      </trkpt>
      <trkpt lat="38.029568" lon="-107.157715">
        <ele>3019.0</ele>
      </trkpt>
      <trkpt lat="38.029148" lon="-107.159134">
        <ele>3020.0</ele>
      </trkpt>
      <trkpt lat="38.029129" lon="-107.15979">
        <ele>3029.0</ele>
      </trkpt>
      <trkpt lat="38.029266" lon="-107.160721">
        <ele>3033.0</ele>
      </trkpt>
      <trkpt lat="38.029045" lon="-107.163193">
        <ele>3041.0</ele>
      </trkpt>
      <trkpt lat="38.029129" lon="-107.163628">
        <ele>3045.0</ele>
      </trkpt>
      <trkpt lat="38.029045" lon="-107.164558">
        <ele>3056.0</ele>
      </trkpt>
      <trkpt lat="38.028866" lon="-107.165237">
        <ele>3057.0</ele>
      </trkpt>
      <trkpt lat="38.028595" lon="-107.165695">
        <ele>3058.0</ele>
      </trkpt>
      <trkpt lat="38.027988" lon="-107.166359">
        <ele>3058.0</ele>
      </trkpt>
      <trkpt lat="38.027515" lon="-107.167267">
        <ele>3059.0</ele>
      </trkpt>
      <trkpt lat="38.026287" lon="-107.16861">
        <ele>3068.0</ele>
      </trkpt>
      <trkpt lat="38.025471" lon="-107.169884">
        <ele>3075.0</ele>
      </trkpt>
      <trkpt lat="38.024723" lon="-107.170624">
        <ele>3075.0</ele>
      </trkpt>
      <trkpt lat="38.023945" lon="-107.172318">
        <ele>3082.0</ele>
      </trkpt>
      <trkpt lat="38.023422" lon="-107.173752">
        <ele>3096.0</ele>
      </trkpt>
      <trkpt lat="38.022919" lon="-107.174576">
        <ele>3095.0</ele>
      </trkpt>
      <trkpt lat="38.022842" lon="-107.175148">
        <ele>3098.0</ele>
      </trkpt>
      <trkpt lat="38.022964" lon="-107.175591">
        <ele>3100.0</ele>
      </trkpt>
      <trkpt lat="38.023529" lon="-107.176529">
        <ele>3110.0</ele>
      </trkpt>
      <trkpt lat="38.023518" lon="-107.176964">
        <ele>3112.0</ele>
      </trkpt>
      <trkpt lat="38.022827" lon="-107.179001">
        <ele>3116.0</ele>
      </trkpt>
      <trkpt lat="38.022346" lon="-107.179543">
        <ele>3118.0</ele>
      </trkpt>
      <trkpt lat="38.021172" lon="-107.180443">
        <ele>3124.0</ele>
      </trkpt>
      <trkpt lat="38.02092" lon="-107.180504">
        <ele>3126.0</ele>
      </trkpt>
      <trkpt lat="38.020508" lon="-107.180374">
        <ele>3131.0</ele>
      </trkpt>
      <trkpt lat="38.020187" lon="-107.180412">
        <ele>3131.0</ele>
      </trkpt>
      <trkpt lat="38.017326" lon="-107.182213">
        <ele>3142.0</ele>
      </trkpt>
      <trkpt lat="38.016983" lon="-107.182594">
        <ele>3144.0</ele>
      </trkpt>
      <trkpt lat="38.014843" lon="-107.186172">
        <ele>3164.0</ele>
      </trkpt>
      <trkpt lat="38.014057" lon="-107.187988">
        <ele>3171.0</ele>
      </trkpt>
      <trkpt lat="38.013729" lon="-107.189995">
        <ele>3180.0</ele>
      </trkpt>
      <trkpt lat="38.013336" lon="-107.191429">
        <ele>3184.0</ele>
      </trkpt>
      <trkpt lat="38.012207" lon="-107.193985">
        <ele>3198.0</ele>
      </trkpt>
      <trkpt lat="38.012161" lon="-107.194359">
        <ele>3199.0</ele>
      </trkpt>
      <trkpt lat="38.012463" lon="-107.195877">
        <ele>3210.0</ele>
      </trkpt>
      <trkpt lat="38.012547" lon="-107.197281">
        <ele>3218.0</ele>
      </trkpt>
      <trkpt lat="38.012497" lon="-107.198036">
        <ele>3219.0</ele>
      </trkpt>
      <trkpt lat="38.011517" lon="-107.199707">
        <ele>3234.0</ele>
      </trkpt>
      <trkpt lat="38.011189" lon="-107.200089">
        <ele>3238.0</ele>
      </trkpt>
      <trkpt lat="38.010357" lon="-107.20192">
        <ele>3249.0</ele>
      </trkpt>
      <trkpt lat="38.009586" lon="-107.203186">
        <ele>3257.0</ele>
      </trkpt>
      <trkpt lat="38.009457" lon="-107.203911">
        <ele>3263.0</ele>
      </trkpt>
      <trkpt lat="38.009132" lon="-107.204529">
        <ele>3265.0</ele>
      </trkpt>
      <trkpt lat="38.008305" lon="-107.204918">
        <ele>3269.0</ele>
      </trkpt>
      <trkpt lat="38.008175" lon="-107.205093">
        <ele>3270.0</ele>
      </trkpt>
      <trkpt lat="38.008144" lon="-107.206657">
        <ele>3280.0</ele>
      </trkpt>
      <trkpt lat="38.008286" lon="-107.207054">
        <ele>3288.0</ele>
      </trkpt>
      <trkpt lat="38.007801" lon="-107.208023">
        <ele>3290.0</ele>
      </trkpt>
      <trkpt lat="38.007511" lon="-107.208359">
        <ele>3291.0</ele>
      </trkpt>
      <trkpt lat="38.006569" lon="-107.209061">
        <ele>3299.0</ele>
      </trkpt>
      <trkpt lat="38.005569" lon="-107.20929">
        <ele>3302.0</ele>
      </trkpt>
      <trkpt lat="38.005089" lon="-107.209244">
        <ele>3305.0</ele>
      </trkpt>
      <trkpt lat="38.00433" lon="-107.209557">
        <ele>3311.0</ele>
      </trkpt>
      <trkpt lat="38.003658" lon="-107.209999">
        <ele>3321.0</ele>
      </trkpt>
      <trkpt lat="38.003342" lon="-107.210083">
        <ele>3321.0</ele>
      </trkpt>
      <trkpt lat="38.002171" lon="-107.21109">
        <ele>3330.0</ele>
      </trkpt>
      <trkpt lat="38.001438" lon="-107.21196">
        <ele>3331.0</ele>
      </trkpt>
      <trkpt lat="38.0009" lon="-107.213676">
        <ele>3341.0</ele>
      </trkpt>
      <trkpt lat="38.000519" lon="-107.214203">
        <ele>3346.0</ele>
      </trkpt>
      <trkpt lat="37.999561" lon="-107.214722">
        <ele>3352.0</ele>
      </trkpt>
      <trkpt lat="37.998299" lon="-107.215637">
        <ele>3357.0</ele>
      </trkpt>
      <trkpt lat="37.997871" lon="-107.216278">
        <ele>3360.0</ele>
      </trkpt>
      <trkpt lat="37.997421" lon="-107.218658">
        <ele>3372.0</ele>
      </trkpt>
      <trkpt lat="37.997211" lon="-107.219261">
        <ele>3375.0</ele>
      </trkpt>
      <trkpt lat="37.996929" lon="-107.219681">
        <ele>3378.0</ele>
      </trkpt>
      <trkpt lat="37.995461" lon="-107.22084">
        <ele>3387.0</ele>
      </trkpt>
      <trkpt lat="37.993969" lon="-107.221413">
        <ele>3398.0</ele>
      </trkpt>
      <trkpt lat="37.991089" lon="-107.222832">
        <ele>3420.0</ele>
      </trkpt>
      <trkpt lat="37.989094" lon="-107.223152">
        <ele>3429.0</ele>
      </trkpt>
      <trkpt lat="37.988419" lon="-107.222313">
        <ele>3431.0</ele>
      </trkpt>
      <trkpt lat="37.987503" lon="-107.220512">
        <ele>3435.0</ele>
      </trkpt>
      <trkpt lat="37.987946" lon="-107.219269">
        <ele>3432.0</ele>
      </trkpt>
      <trkpt lat="37.988621" lon="-107.21862">
        <ele>3435.0</ele>
      </trkpt>
      <trkpt lat="37.989906" lon="-107.21862">
        <ele>3427.0</ele>
      </trkpt>
      <trkpt lat="37.990887" lon="-107.218452">
        <ele>3420.0</ele>
      </trkpt>
      <trkpt lat="37.991665" lon="-107.217682">
        <ele>3421.0</ele>
      </trkpt>
      <trkpt lat="37.992271" lon="-107.216736">
        <ele>3419.0</ele>
      </trkpt>
      <trkpt lat="37.992477" lon="-107.215622">
        <ele>3419.0</ele>
      </trkpt>
      <trkpt lat="37.992004" lon="-107.213989">
        <ele>3425.0</ele>
      </trkpt>
      <trkpt lat="37.991528" lon="-107.213043">
        <ele>3425.0</ele>
      </trkpt>
      <trkpt lat="37.990482" lon="-107.212273">
        <ele>3450.0</ele>
      </trkpt>
      <trkpt lat="37.990311" lon="-107.211967">
        <ele>3450.0</ele>
      </trkpt>
      <trkpt lat="37.990685" lon="-107.210602">
        <ele>3445.0</ele>
      </trkpt>
      <trkpt lat="37.99197" lon="-107.209053">
        <ele>3465.0</ele>
      </trkpt>
      <trkpt lat="37.991734" lon="-107.208412">
        <ele>3475.0</ele>
      </trkpt>
      <trkpt lat="37.991325" lon="-107.207939">
        <ele>3481.0</ele>
      </trkpt>
      <trkpt lat="37.990749" lon="-107.208199">
        <ele>3483.0</ele>
      </trkpt>
      <trkpt lat="37.990749" lon="-107.207726">
        <ele>3490.0</ele>
      </trkpt>
      <trkpt lat="37.991394" lon="-107.206734">
        <ele>3498.0</ele>
      </trkpt>
      <trkpt lat="37.992004" lon="-107.205017">
        <ele>3526.0</ele>
      </trkpt>
      <trkpt lat="37.99197" lon="-107.204163">
        <ele>3524.0</ele>
      </trkpt>
      <trkpt lat="37.991379" lon="-107.20266">
        <ele>3502.0</ele>
      </trkpt>
      <trkpt lat="37.990726" lon="-107.200439">
        <ele>3484.0</ele>
      </trkpt>
      <trkpt lat="37.990425" lon="-107.199821">
        <ele>3482.0</ele>
      </trkpt>
      <trkpt lat="37.990299" lon="-107.199295">
        <ele>3477.0</ele>
      </trkpt>
      <trkpt lat="37.989655" lon="-107.197899">
        <ele>3463.0</ele>
      </trkpt>
      <trkpt lat="37.988327" lon="-107.19677">
        <ele>3456.0</ele>
      </trkpt>
      <trkpt lat="37.98785" lon="-107.195908">
        <ele>3445.0</ele>
      </trkpt>
      <trkpt lat="37.98772" lon="-107.195183">
        <ele>3433.0</ele>
      </trkpt>
      <trkpt lat="37.987549" lon="-107.194984">
        <ele>3430.0</ele>
      </trkpt>
      <trkpt lat="37.987083" lon="-107.194839">
        <ele>3427.0</ele>
      </trkpt>
      <trkpt lat="37.986046" lon="-107.193954">
        <ele>3413.0</ele>
      </trkpt>
      <trkpt lat="37.984409" lon="-107.195145">
        <ele>3427.0</ele>
      </trkpt>
      <trkpt lat="37.983509" lon="-107.195122">
        <ele>3434.0</ele>
      </trkpt>
      <trkpt lat="37.981899" lon="-107.195908">
        <ele>3447.0</ele>
      </trkpt>
      <trkpt lat="37.981846" lon="-107.196091">
        <ele>3448.0</ele>
      </trkpt>
      <trkpt lat="37.977711" lon="-107.193947">
        <ele>3422.0</ele>
      </trkpt>
      <trkpt lat="37.976929" lon="-107.194199">
        <ele>3419.0</ele>
      </trkpt>
      <trkpt lat="37.975182" lon="-107.195831">
        <ele>3417.0</ele>
      </trkpt>
      <trkpt lat="37.97464" lon="-107.197037">
        <ele>3419.0</ele>
      </trkpt>
      <trkpt lat="37.974331" lon="-107.197433">
        <ele>3419.0</ele>
      </trkpt>
      <trkpt lat="37.973942" lon="-107.197548">
        <ele>3420.0</ele>
      </trkpt>
      <trkpt lat="37.97361" lon="-107.19738">
        <ele>3423.0</ele>
      </trkpt>
      <trkpt lat="37.973461" lon="-107.19709">
        <ele>3421.0</ele>
      </trkpt>
      <trkpt lat="37.97327" lon="-107.195671">
        <ele>3413.0</ele>
      </trkpt>
      <trkpt lat="37.973286" lon="-107.195862">
        <ele>3415.0</ele>
      </trkpt>
      <trkpt lat="37.973045" lon="-107.1959">
        <ele>3419.0</ele>
      </trkpt>
      <trkpt lat="37.972443" lon="-107.195518">
        <ele>3424.0</ele>
      </trkpt>
      <trkpt lat="37.971848" lon="-107.196266">
        <ele>3440.0</ele>
      </trkpt>
      <trkpt lat="37.971268" lon="-107.197357">
        <ele>3459.0</ele>
      </trkpt>
      <trkpt lat="37.970978" lon="-107.197517">
        <ele>3464.0</ele>
      </trkpt>
      <trkpt lat="37.970886" lon="-107.19783">
        <ele>3468.0</ele>
      </trkpt>
      <trkpt lat="37.970486" lon="-107.198395">
        <ele>3476.0</ele>
      </trkpt>
      <trkpt lat="37.970325" lon="-107.199303">
        <ele>3484.0</ele>
      </trkpt>
      <trkpt lat="37.970646" lon="-107.199768">
        <ele>3484.0</ele>
      </trkpt>
      <trkpt lat="37.970974" lon="-107.20002">
        <ele>3483.0</ele>
      </trkpt>
      <trkpt lat="37.97184" lon="-107.201431">
        <ele>3504.0</ele>
      </trkpt>
      <trkpt lat="37.972622" lon="-107.201637">
        <ele>3508.0</ele>
      </trkpt>
      <trkpt lat="37.973091" lon="-107.201988">
        <ele>3511.0</ele>
      </trkpt>
      <trkpt lat="37.973156" lon="-107.202354">
        <ele>3516.0</ele>
      </trkpt>
      <trkpt lat="37.973579" lon="-107.203316">
        <ele>3526.0</ele>
      </trkpt>
      <trkpt lat="37.972977" lon="-107.203888">
        <ele>3542.0</ele>
      </trkpt>
      <trkpt lat="37.97261" lon="-107.203896">
        <ele>3544.0</ele>
      </trkpt>
      <trkpt lat="37.972218" lon="-107.204376">
        <ele>3553.0</ele>
      </trkpt>
      <trkpt lat="37.971817" lon="-107.204346">
        <ele>3554.0</ele>
      </trkpt>
      <trkpt lat="37.971275" lon="-107.204567">
        <ele>3564.0</ele>
      </trkpt>
      <trkpt lat="37.970749" lon="-107.205322">
        <ele>3577.0</ele>
      </trkpt>
      <trkpt lat="37.970596" lon="-107.205414">
        <ele>3578.0</ele>
      </trkpt>
      <trkpt lat="37.970005" lon="-107.205399">
        <ele>3578.0</ele>
      </trkpt>
      <trkpt lat="37.969673" lon="-107.205551">
        <ele>3578.0</ele>
      </trkpt>
      <trkpt lat="37.96946" lon="-107.206047">
        <ele>3578.0</ele>
      </trkpt>
      <trkpt lat="37.969002" lon="-107.206467">
        <ele>3577.0</ele>
      </trkpt>
      <trkpt lat="37.96896" lon="-107.206787">
        <ele>3577.0</ele>
      </trkpt>
      <trkpt lat="37.968708" lon="-107.207237">
        <ele>3576.0</ele>
      </trkpt>
      <trkpt lat="37.969284" lon="-107.208153">
        <ele>3577.0</ele>
      </trkpt>
      <trkpt lat="37.96994" lon="-107.208626">
        <ele>3580.0</ele>
      </trkpt>
      <trkpt lat="37.97023" lon="-107.209244">
        <ele>3580.0</ele>
      </trkpt>
      <trkpt lat="37.970535" lon="-107.209381">
        <ele>3581.0</ele>
      </trkpt>
      <trkpt lat="37.971066" lon="-107.209404">
        <ele>3584.0</ele>
      </trkpt>
      <trkpt lat="37.97118" lon="-107.21006">
        <ele>3584.0</ele>
      </trkpt>
      <trkpt lat="37.971409" lon="-107.210304">
        <ele>3585.0</ele>
      </trkpt>
      <trkpt lat="37.971691" lon="-107.210938">
        <ele>3587.0</ele>
      </trkpt>
      <trkpt lat="37.971916" lon="-107.211128">
        <ele>3589.0</ele>
      </trkpt>
      <trkpt lat="37.972599" lon="-107.211311">
        <ele>3593.0</ele>
      </trkpt>
      <trkpt lat="37.972786" lon="-107.211555">
        <ele>3596.0</ele>
      </trkpt>
      <trkpt lat="37.973183" lon="-107.211502">
        <ele>3597.0</ele>
      </trkpt>
      <trkpt lat="37.973618" lon="-107.212082">
        <ele>3602.0</ele>
      </trkpt>
      <trkpt lat="37.973991" lon="-107.213257">
        <ele>3608.0</ele>
      </trkpt>
      <trkpt lat="37.974289" lon="-107.214661">
        <ele>3616.0</ele>
      </trkpt>
      <trkpt lat="37.974792" lon="-107.215736">
        <ele>3625.0</ele>
      </trkpt>
      <trkpt lat="37.974701" lon="-107.216957">
        <ele>3632.0</ele>
      </trkpt>
      <trkpt lat="37.974556" lon="-107.217239">
        <ele>3631.0</ele>
      </trkpt>
      <trkpt lat="37.974468" lon="-107.218636">
        <ele>3635.0</ele>
      </trkpt>
      <trkpt lat="37.974152" lon="-107.219376">
        <ele>3631.0</ele>
      </trkpt>
      <trkpt lat="37.973774" lon="-107.219757">
        <ele>3627.0</ele>
      </trkpt>
      <trkpt lat="37.97263" lon="-107.22142">
        <ele>3611.0</ele>
      </trkpt>
      <trkpt lat="37.972301" lon="-107.22229">
        <ele>3608.0</ele>
      </trkpt>
      <trkpt lat="37.97179" lon="-107.22316">
        <ele>3607.0</ele>
      </trkpt>
      <trkpt lat="37.970345" lon="-107.224205">
        <ele>3606.0</ele>
      </trkpt>
      <trkpt lat="37.969799" lon="-107.224426">
        <ele>3605.0</ele>
      </trkpt>
      <trkpt lat="37.968121" lon="-107.224419">
        <ele>3608.0</ele>
      </trkpt>
      <trkpt lat="37.967152" lon="-107.224777">
        <ele>3611.0</ele>
      </trkpt>
      <trkpt lat="37.966778" lon="-107.225929">
        <ele>3614.0</ele>
      </trkpt>
      <trkpt lat="37.965954" lon="-107.226547">
        <ele>3610.0</ele>
      </trkpt>
      <trkpt lat="37.965195" lon="-107.227463">
        <ele>3606.0</ele>
      </trkpt>
      <trkpt lat="37.963444" lon="-107.227814">
        <ele>3581.0</ele>
      </trkpt>
      <trkpt lat="37.963062" lon="-107.228577">
        <ele>3582.0</ele>
      </trkpt>
      <trkpt lat="37.963139" lon="-107.229919">
        <ele>3590.0</ele>
      </trkpt>
      <trkpt lat="37.962997" lon="-107.230507">
        <ele>3588.0</ele>
      </trkpt>
      <trkpt lat="37.963078" lon="-107.231758">
        <ele>3590.0</ele>
      </trkpt>
      <trkpt lat="37.963364" lon="-107.233459">
        <ele>3595.0</ele>
      </trkpt>
      <trkpt lat="37.963276" lon="-107.233864">
        <ele>3595.0</ele>
      </trkpt>
      <trkpt lat="37.961933" lon="-107.235519">
        <ele>3587.0</ele>
      </trkpt>
      <trkpt lat="37.961437" lon="-107.236481">
        <ele>3589.0</ele>
      </trkpt>
      <trkpt lat="37.960964" lon="-107.236847">
        <ele>3587.0</ele>
      </trkpt>
      <trkpt lat="37.960175" lon="-107.238373">
        <ele>3590.0</ele>
      </trkpt>
      <trkpt lat="37.959274" lon="-107.239159">
        <ele>3589.0</ele>
      </trkpt>
      <trkpt lat="37.958511" lon="-107.240234">
        <ele>3588.0</ele>
      </trkpt>
      <trkpt lat="37.958214" lon="-107.241997">
        <ele>3590.0</ele>
      </trkpt>
      <trkpt lat="37.95829" lon="-107.242538">
        <ele>3594.0</ele>
      </trkpt>
      <trkpt lat="37.958241" lon="-107.244064">
        <ele>3594.0</ele>
      </trkpt>
      <trkpt lat="37.958504" lon="-107.246674">
        <ele>3597.0</ele>
      </trkpt>
      <trkpt lat="37.958183" lon="-107.247841">
        <ele>3597.0</ele>
      </trkpt>
      <trkpt lat="37.957726" lon="-107.248886">
        <ele>3595.0</ele>
      </trkpt>
      <trkpt lat="37.957455" lon="-107.248947">
        <ele>3593.0</ele>
      </trkpt>
      <trkpt lat="37.95715" lon="-107.249199">
        <ele>3593.0</ele>
      </trkpt>
      <trkpt lat="37.956432" lon="-107.249268">
        <ele>3595.0</ele>
      </trkpt>
      <trkpt lat="37.955025" lon="-107.249855">
        <ele>3600.0</ele>
      </trkpt>
      <trkpt lat="37.954056" lon="-107.250076">
        <ele>3590.0</ele>
      </trkpt>
      <trkpt lat="37.953018" lon="-107.24984">
        <ele>3569.0</ele>
      </trkpt>
      <trkpt lat="37.95155" lon="-107.250496">
        <ele>3554.0</ele>
      </trkpt>
      <trkpt lat="37.951286" lon="-107.250702">
        <ele>3552.0</ele>
      </trkpt>
      <trkpt lat="37.950378" lon="-107.251884">
        <ele>3548.0</ele>
      </trkpt>
      <trkpt lat="37.949657" lon="-107.253166">
        <ele>3549.0</ele>
      </trkpt>
      <trkpt lat="37.949333" lon="-107.253479">
        <ele>3547.0</ele>
      </trkpt>
      <trkpt lat="37.948952" lon="-107.25444">
        <ele>3549.0</ele>
      </trkpt>
      <trkpt lat="37.947948" lon="-107.255142">
        <ele>3548.0</ele>
      </trkpt>
      <trkpt lat="37.947697" lon="-107.255562">
        <ele>3548.0</ele>
      </trkpt>
      <trkpt lat="37.947632" lon="-107.256027">
        <ele>3548.0</ele>
      </trkpt>
      <trkpt lat="37.947441" lon="-107.25631">
        <ele>3546.0</ele>
      </trkpt>
      <trkpt lat="37.946461" lon="-107.256332">
        <ele>3536.0</ele>
      </trkpt>
      <trkpt lat="37.945885" lon="-107.256134">
        <ele>3531.0</ele>
      </trkpt>
      <trkpt lat="37.944168" lon="-107.255028">
        <ele>3516.0</ele>
      </trkpt>
      <trkpt lat="37.943695" lon="-107.254852">
        <ele>3511.0</ele>
      </trkpt>
      <trkpt lat="37.943386" lon="-107.25444">
        <ele>3504.0</ele>
      </trkpt>
      <trkpt lat="37.942612" lon="-107.254135">
        <ele>3500.0</ele>
      </trkpt>
      <trkpt lat="37.94186" lon="-107.253334">
        <ele>3498.0</ele>
      </trkpt>
      <trkpt lat="37.941154" lon="-107.252754">
        <ele>3502.0</ele>
      </trkpt>
      <trkpt lat="37.938812" lon="-107.251259">
        <ele>3502.0</ele>
      </trkpt>
      <trkpt lat="37.93837" lon="-107.250786">
        <ele>3502.0</ele>
      </trkpt>
      <trkpt lat="37.935802" lon="-107.249603">
        <ele>3507.0</ele>
      </trkpt>
      <trkpt lat="37.933113" lon="-107.248695">
        <ele>3520.0</ele>
      </trkpt>
      <trkpt lat="37.932648" lon="-107.248848">
        <ele>3527.0</ele>
      </trkpt>
      <trkpt lat="37.931812" lon="-107.249817">
        <ele>3543.0</ele>
      </trkpt>
      <trkpt lat="37.931412" lon="-107.250893">
        <ele>3561.0</ele>
      </trkpt>
      <trkpt lat="37.93116" lon="-107.251152">
        <ele>3565.0</ele>
      </trkpt>
      <trkpt lat="37.93082" lon="-107.25119">
        <ele>3568.0</ele>
      </trkpt>
      <trkpt lat="37.929169" lon="-107.250404">
        <ele>3570.0</ele>
      </trkpt>
      <trkpt lat="37.928799" lon="-107.250404">
        <ele>3570.0</ele>
      </trkpt>
      <trkpt lat="37.928577" lon="-107.250679">
        <ele>3569.0</ele>
      </trkpt>
      <trkpt lat="37.928474" lon="-107.251175">
        <ele>3571.0</ele>
      </trkpt>
      <trkpt lat="37.927288" lon="-107.252754">
        <ele>3576.0</ele>
      </trkpt>
      <trkpt lat="37.927135" lon="-107.253281">
        <ele>3579.0</ele>
      </trkpt>
      <trkpt lat="37.927155" lon="-107.254326">
        <ele>3586.0</ele>
      </trkpt>
      <trkpt lat="37.927238" lon="-107.254593">
        <ele>3588.0</ele>
      </trkpt>
      <trkpt lat="37.927113" lon="-107.255005">
        <ele>3589.0</ele>
      </trkpt>
      <trkpt lat="37.927742" lon="-107.256355">
        <ele>3602.0</ele>
      </trkpt>
      <trkpt lat="37.92942" lon="-107.258644">
        <ele>3623.0</ele>
      </trkpt>
      <trkpt lat="37.929825" lon="-107.259575">
        <ele>3625.0</ele>
      </trkpt>
      <trkpt lat="37.930664" lon="-107.260925">
        <ele>3632.0</ele>
      </trkpt>
      <trkpt lat="37.930779" lon="-107.26178">
        <ele>3628.0</ele>
      </trkpt>
      <trkpt lat="37.930893" lon="-107.261932">
        <ele>3630.0</ele>
      </trkpt>
      <trkpt lat="37.931427" lon="-107.264107">
        <ele>3625.0</ele>
      </trkpt>
      <trkpt lat="37.931507" lon="-107.264938">
        <ele>3627.0</ele>
      </trkpt>
      <trkpt lat="37.931446" lon="-107.265617">
        <ele>3627.0</ele>
      </trkpt>
      <trkpt lat="37.931713" lon="-107.267838">
        <ele>3639.0</ele>
      </trkpt>
      <trkpt lat="37.932289" lon="-107.269417">
        <ele>3651.0</ele>
      </trkpt>
      <trkpt lat="37.932346" lon="-107.270386">
        <ele>3655.0</ele>
      </trkpt>
      <trkpt lat="37.932587" lon="-107.271149">
        <ele>3665.0</ele>
      </trkpt>
      <trkpt lat="37.932682" lon="-107.271873">
        <ele>3673.0</ele>
      </trkpt>
      <trkpt lat="37.932621" lon="-107.272415">
        <ele>3676.0</ele>
      </trkpt>
      <trkpt lat="37.932255" lon="-107.272858">
        <ele>3685.0</ele>
      </trkpt>
      <trkpt lat="37.931675" lon="-107.273186">
        <ele>3696.0</ele>
      </trkpt>
      <trkpt lat="37.930595" lon="-107.273399">
        <ele>3710.0</ele>
      </trkpt>
      <trkpt lat="37.929192" lon="-107.274124">
        <ele>3721.0</ele>
      </trkpt>
      <trkpt lat="37.927624" lon="-107.275467">
        <ele>3718.0</ele>
      </trkpt>
      <trkpt lat="37.926861" lon="-107.276314">
        <ele>3718.0</ele>
      </trkpt>
      <trkpt lat="37.926323" lon="-107.276726">
        <ele>3715.0</ele>
      </trkpt>
      <trkpt lat="37.924526" lon="-107.278793">
        <ele>3694.0</ele>
      </trkpt>
      <trkpt lat="37.923183" lon="-107.280731">
        <ele>3681.0</ele>
      </trkpt>
      <trkpt lat="37.922726" lon="-107.281174">
        <ele>3672.0</ele>
      </trkpt>
      <trkpt lat="37.921932" lon="-107.281479">
        <ele>3661.0</ele>
      </trkpt>
      <trkpt lat="37.921082" lon="-107.282166">
        <ele>3647.0</ele>
      </trkpt>
      <trkpt lat="37.919262" lon="-107.282997">
        <ele>3632.0</ele>
      </trkpt>
      <trkpt lat="37.918591" lon="-107.283157">
        <ele>3625.0</ele>
      </trkpt>
      <trkpt lat="37.917316" lon="-107.282928">
        <ele>3611.0</ele>
      </trkpt>
      <trkpt lat="37.915646" lon="-107.28299">
        <ele>3594.0</ele>
      </trkpt>
      <trkpt lat="37.915115" lon="-107.283447">
        <ele>3598.0</ele>
      </trkpt>
      <trkpt lat="37.914776" lon="-107.283585">
        <ele>3595.0</ele>
      </trkpt>
      <trkpt lat="37.914085" lon="-107.284241">
        <ele>3589.0</ele>
      </trkpt>
      <trkpt lat="37.913624" lon="-107.286118">
        <ele>3581.0</ele>
      </trkpt>
      <trkpt lat="37.913349" lon="-107.286476">
        <ele>3577.0</ele>
      </trkpt>
      <trkpt lat="37.912693" lon="-107.286995">
        <ele>3567.0</ele>
      </trkpt>
      <trkpt lat="37.912552" lon="-107.28743">
        <ele>3568.0</ele>
      </trkpt>
      <trkpt lat="37.912399" lon="-107.287613">
        <ele>3568.0</ele>
      </trkpt>
      <trkpt lat="37.912426" lon="-107.287521">
        <ele>3568.0</ele>
      </trkpt>
      <trkpt lat="37.911911" lon="-107.288193">
        <ele>3570.0</ele>
      </trkpt>
      <trkpt lat="37.911453" lon="-107.287964">
        <ele>3570.0</ele>
      </trkpt>
      <trkpt lat="37.911274" lon="-107.288002">
        <ele>3572.0</ele>
      </trkpt>
      <trkpt lat="37.910797" lon="-107.287376">
        <ele>3570.0</ele>
      </trkpt>
      <trkpt lat="37.910458" lon="-107.287247">
        <ele>3573.0</ele>
      </trkpt>
      <trkpt lat="37.910248" lon="-107.287331">
        <ele>3576.0</ele>
      </trkpt>
      <trkpt lat="37.909954" lon="-107.286964">
        <ele>3578.0</ele>
      </trkpt>
      <trkpt lat="37.909466" lon="-107.287079">
        <ele>3585.0</ele>
      </trkpt>
      <trkpt lat="37.909405" lon="-107.287369">
        <ele>3587.0</ele>
      </trkpt>
      <trkpt lat="37.909084" lon="-107.287346">
        <ele>3593.0</ele>
      </trkpt>
      <trkpt lat="37.908558" lon="-107.286469">
        <ele>3602.0</ele>
      </trkpt>
      <trkpt lat="37.90786" lon="-107.286552">
        <ele>3613.0</ele>
      </trkpt>
      <trkpt lat="37.907543" lon="-107.286148">
        <ele>3619.0</ele>
      </trkpt>
      <trkpt lat="37.906971" lon="-107.285797">
        <ele>3630.0</ele>
      </trkpt>
      <trkpt lat="37.907063" lon="-107.284615">
        <ele>3631.0</ele>
      </trkpt>
      <trkpt lat="37.906685" lon="-107.284157">
        <ele>3639.0</ele>
      </trkpt>
      <trkpt lat="37.906384" lon="-107.284172">
        <ele>3645.0</ele>
      </trkpt>
      <trkpt lat="37.906151" lon="-107.284393">
        <ele>3653.0</ele>
      </trkpt>
      <trkpt lat="37.90591" lon="-107.284386">
        <ele>3659.0</ele>
      </trkpt>
      <trkpt lat="37.90551" lon="-107.284729">
        <ele>3663.0</ele>
      </trkpt>
      <trkpt lat="37.904739" lon="-107.285789">
        <ele>3665.0</ele>
      </trkpt>
      <trkpt lat="37.90517" lon="-107.286339">
        <ele>3667.0</ele>
      </trkpt>
      <trkpt lat="37.905285" lon="-107.286987">
        <ele>3669.0</ele>
      </trkpt>
      <trkpt lat="37.905411" lon="-107.28714">
        <ele>3670.0</ele>
      </trkpt>
      <trkpt lat="37.905499" lon="-107.287552">
        <ele>3673.0</ele>
      </trkpt>
      <trkpt lat="37.905949" lon="-107.288506">
        <ele>3673.0</ele>
      </trkpt>
      <trkpt lat="37.90591" lon="-107.288879">
        <ele>3676.0</ele>
      </trkpt>
      <trkpt lat="37.906086" lon="-107.289207">
        <ele>3677.0</ele>
      </trkpt>
      <trkpt lat="37.906097" lon="-107.289986">
        <ele>3685.0</ele>
      </trkpt>
      <trkpt lat="37.905739" lon="-107.290535">
        <ele>3687.0</ele>
      </trkpt>
      <trkpt lat="37.905746" lon="-107.291122">
        <ele>3692.0</ele>
      </trkpt>
      <trkpt lat="37.905853" lon="-107.291489">
        <ele>3697.0</ele>
      </trkpt>
      <trkpt lat="37.905445" lon="-107.291718">
        <ele>3693.0</ele>
      </trkpt>
      <trkpt lat="37.905399" lon="-107.291939">
        <ele>3695.0</ele>
      </trkpt>
      <trkpt lat="37.905567" lon="-107.292328">
        <ele>3700.0</ele>
      </trkpt>
      <trkpt lat="37.905464" lon="-107.292542">
        <ele>3702.0</ele>
      </trkpt>
      <trkpt lat="37.905586" lon="-107.292831">
        <ele>3705.0</ele>
      </trkpt>
      <trkpt lat="37.905441" lon="-107.293243">
        <ele>3709.0</ele>
      </trkpt>
      <trkpt lat="37.905628" lon="-107.293983">
        <ele>3719.0</ele>
      </trkpt>
      <trkpt lat="37.905598" lon="-107.294258">
        <ele>3722.0</ele>
      </trkpt>
      <trkpt lat="37.904976" lon="-107.294235">
        <ele>3733.0</ele>
      </trkpt>
      <trkpt lat="37.905373" lon="-107.295006">
        <ele>3741.0</ele>
      </trkpt>
      <trkpt lat="37.904625" lon="-107.295029">
        <ele>3751.0</ele>
      </trkpt>
      <trkpt lat="37.904373" lon="-107.295593">
        <ele>3758.0</ele>
      </trkpt>
      <trkpt lat="37.903805" lon="-107.296204">
        <ele>3761.0</ele>
      </trkpt>
      <trkpt lat="37.901478" lon="-107.297592">
        <ele>3773.0</ele>
      </trkpt>
      <trkpt lat="37.89938" lon="-107.298409">
        <ele>3781.0</ele>
      </trkpt>
      <trkpt lat="37.897438" lon="-107.299637">
        <ele>3780.0</ele>
      </trkpt>
      <trkpt lat="37.896927" lon="-107.29969">
        <ele>3781.0</ele>
      </trkpt>
      <trkpt lat="37.896164" lon="-107.300339">
        <ele>3799.0</ele>
      </trkpt>
      <trkpt lat="37.895668" lon="-107.300415">
        <ele>3799.0</ele>
      </trkpt>
      <trkpt lat="37.895229" lon="-107.300667">
        <ele>3800.0</ele>
      </trkpt>
      <trkpt lat="37.895084" lon="-107.300941">
        <ele>3802.0</ele>
      </trkpt>
      <trkpt lat="37.89505" lon="-107.301369">
        <ele>3807.0</ele>
      </trkpt>
      <trkpt lat="37.893929" lon="-107.305344">
        <ele>3810.0</ele>
      </trkpt>
      <trkpt lat="37.893337" lon="-107.306526">
        <ele>3804.0</ele>
      </trkpt>
      <trkpt lat="37.892426" lon="-107.307785">
        <ele>3797.0</ele>
      </trkpt>
      <trkpt lat="37.891621" lon="-107.308586">
        <ele>3796.0</ele>
      </trkpt>
      <trkpt lat="37.891399" lon="-107.30899">
        <ele>3790.0</ele>
      </trkpt>
      <trkpt lat="37.891102" lon="-107.310501">
        <ele>3801.0</ele>
      </trkpt>
      <trkpt lat="37.890842" lon="-107.310646">
        <ele>3799.0</ele>
      </trkpt>
      <trkpt lat="37.890701" lon="-107.31105">
        <ele>3802.0</ele>
      </trkpt>
      <trkpt lat="37.891037" lon="-107.311592">
        <ele>3812.0</ele>
      </trkpt>
      <trkpt lat="37.891312" lon="-107.312988">
        <ele>3812.0</ele>
      </trkpt>
      <trkpt lat="37.891266" lon="-107.313812">
        <ele>3817.0</ele>
      </trkpt>
      <trkpt lat="37.890984" lon="-107.314781">
        <ele>3817.0</ele>
      </trkpt>
      <trkpt lat="37.890057" lon="-107.316093">
        <ele>3834.0</ele>
      </trkpt>
      <trkpt lat="37.889454" lon="-107.317772">
        <ele>3855.0</ele>
      </trkpt>
      <trkpt lat="37.889076" lon="-107.31823">
        <ele>3863.0</ele>
      </trkpt>
      <trkpt lat="37.888512" lon="-107.31839">
        <ele>3877.0</ele>
      </trkpt>
      <trkpt lat="37.886936" lon="-107.318146">
        <ele>3905.0</ele>
      </trkpt>
      <trkpt lat="37.886887" lon="-107.318253">
        <ele>3909.0</ele>
      </trkpt>
      <trkpt lat="37.887188" lon="-107.318848">
        <ele>3920.0</ele>
      </trkpt>
      <trkpt lat="37.887486" lon="-107.319206">
        <ele>3925.0</ele>
      </trkpt>
      <trkpt lat="37.886944" lon="-107.319115">
        <ele>3935.0</ele>
      </trkpt>
      <trkpt lat="37.887161" lon="-107.31945">
        <ele>3944.0</ele>
      </trkpt>
      <trkpt lat="37.88673" lon="-107.319473">
        <ele>3962.0</ele>
      </trkpt>
      <trkpt lat="37.886833" lon="-107.319656">
        <ele>3967.0</ele>
      </trkpt>
      <trkpt lat="37.88583" lon="-107.319687">
        <ele>3977.0</ele>
      </trkpt>
      <trkpt lat="37.885124" lon="-107.320267">
        <ele>3981.0</ele>
      </trkpt>
      <trkpt lat="37.884285" lon="-107.320679">
        <ele>3976.0</ele>
      </trkpt>
      <trkpt lat="37.883648" lon="-107.320747">
        <ele>3969.0</ele>
      </trkpt>
      <trkpt lat="37.88063" lon="-107.322472">
        <ele>3959.0</ele>
      </trkpt>
      <trkpt lat="37.879982" lon="-107.32312">
        <ele>3961.0</ele>
      </trkpt>
      <trkpt lat="37.879532" lon="-107.323929">
        <ele>3964.0</ele>
      </trkpt>
      <trkpt lat="37.87907" lon="-107.324516">
        <ele>3961.0</ele>
      </trkpt>
      <trkpt lat="37.878937" lon="-107.325211">
        <ele>3958.0</ele>
      </trkpt>
      <trkpt lat="37.87878" lon="-107.325554">
        <ele>3954.0</ele>
      </trkpt>
      <trkpt lat="37.878868" lon="-107.326172">
        <ele>3952.0</ele>
      </trkpt>
      <trkpt lat="37.879135" lon="-107.327011">
        <ele>3952.0</ele>
      </trkpt>
      <trkpt lat="37.879158" lon="-107.327438">
        <ele>3948.0</ele>
      </trkpt>
      <trkpt lat="37.879272" lon="-107.327667">
        <ele>3949.0</ele>
      </trkpt>
      <trkpt lat="37.879066" lon="-107.328857">
        <ele>3939.0</ele>
      </trkpt>
      <trkpt lat="37.879112" lon="-107.32901">
        <ele>3939.0</ele>
      </trkpt>
      <trkpt lat="37.878826" lon="-107.329636">
        <ele>3935.0</ele>
      </trkpt>
      <trkpt lat="37.878654" lon="-107.330353">
        <ele>3932.0</ele>
      </trkpt>
      <trkpt lat="37.878101" lon="-107.331146">
        <ele>3928.0</ele>
      </trkpt>
      <trkpt lat="37.877888" lon="-107.331192">
        <ele>3926.0</ele>
      </trkpt>
      <trkpt lat="37.877163" lon="-107.332634">
        <ele>3930.0</ele>
      </trkpt>
      <trkpt lat="37.876369" lon="-107.332626">
        <ele>3938.0</ele>
      </trkpt>
      <trkpt lat="37.875275" lon="-107.332901">
        <ele>3953.0</ele>
      </trkpt>
      <trkpt lat="37.873848" lon="-107.332672">
        <ele>3959.0</ele>
      </trkpt>
      <trkpt lat="37.873501" lon="-107.332771">
        <ele>3966.0</ele>
      </trkpt>
      <trkpt lat="37.873096" lon="-107.333328">
        <ele>3973.0</ele>
      </trkpt>
      <trkpt lat="37.872997" lon="-107.333344">
        <ele>3973.0</ele>
      </trkpt>
      <trkpt lat="37.872723" lon="-107.333763">
        <ele>3975.0</ele>
      </trkpt>
      <trkpt lat="37.872272" lon="-107.333939">
        <ele>3972.0</ele>
      </trkpt>
      <trkpt lat="37.87212" lon="-107.334183">
        <ele>3973.0</ele>
      </trkpt>
      <trkpt lat="37.872108" lon="-107.334412">
        <ele>3976.0</ele>
      </trkpt>
      <trkpt lat="37.871887" lon="-107.334831">
        <ele>3976.0</ele>
      </trkpt>
      <trkpt lat="37.871883" lon="-107.335335">
        <ele>3979.0</ele>
      </trkpt>
      <trkpt lat="37.871677" lon="-107.335548">
        <ele>3977.0</ele>
      </trkpt>
      <trkpt lat="37.871395" lon="-107.336182">
        <ele>3974.0</ele>
      </trkpt>
      <trkpt lat="37.871456" lon="-107.336304">
        <ele>3975.0</ele>
      </trkpt>
      <trkpt lat="37.871365" lon="-107.336502">
        <ele>3973.0</ele>
      </trkpt>
      <trkpt lat="37.871468" lon="-107.336731">
        <ele>3975.0</ele>
      </trkpt>
      <trkpt lat="37.87141" lon="-107.337051">
        <ele>3974.0</ele>
      </trkpt>
      <trkpt lat="37.871513" lon="-107.337631">
        <ele>3973.0</ele>
      </trkpt>
      <trkpt lat="37.871422" lon="-107.338318">
        <ele>3969.0</ele>
      </trkpt>
      <trkpt lat="37.870785" lon="-107.339371">
        <ele>3959.0</ele>
      </trkpt>
      <trkpt lat="37.870651" lon="-107.339935">
        <ele>3956.0</ele>
      </trkpt>
      <trkpt lat="37.870705" lon="-107.340775">
        <ele>3949.0</ele>
      </trkpt>
      <trkpt lat="37.870865" lon="-107.340996">
        <ele>3944.0</ele>
      </trkpt>
      <trkpt lat="37.87117" lon="-107.341133">
        <ele>3939.0</ele>
      </trkpt>
      <trkpt lat="37.869747" lon="-107.341286">
        <ele>3926.0</ele>
      </trkpt>
      <trkpt lat="37.869167" lon="-107.34082">
        <ele>3924.0</ele>
      </trkpt>
      <trkpt lat="37.867645" lon="-107.341827">
        <ele>3937.0</ele>
      </trkpt>
      <trkpt lat="37.866856" lon="-107.342918">
        <ele>3953.0</ele>
      </trkpt>
      <trkpt lat="37.865696" lon="-107.343658">
        <ele>3962.0</ele>
      </trkpt>
      <trkpt lat="37.86462" lon="-107.345108">
        <ele>3969.0</ele>
      </trkpt>
      <trkpt lat="37.864082" lon="-107.345627">
        <ele>3974.0</ele>
      </trkpt>
      <trkpt lat="37.863644" lon="-107.345497">
        <ele>3979.0</ele>
      </trkpt>
      <trkpt lat="37.863472" lon="-107.345268">
        <ele>3977.0</ele>
      </trkpt>
      <trkpt lat="37.863136" lon="-107.345161">
        <ele>3980.0</ele>
      </trkpt>
      <trkpt lat="37.861412" lon="-107.343277">
        <ele>3986.0</ele>
      </trkpt>
      <trkpt lat="37.860603" lon="-107.343002">
        <ele>4001.0</ele>
      </trkpt>
      <trkpt lat="37.860699" lon="-107.343338">
        <ele>4005.0</ele>
      </trkpt>
      <trkpt lat="37.861107" lon="-107.343605">
        <ele>4004.0</ele>
      </trkpt>
      <trkpt lat="37.861443" lon="-107.344009">
        <ele>4003.0</ele>
      </trkpt>
      <trkpt lat="37.861198" lon="-107.343941">
        <ele>4009.0</ele>
      </trkpt>
      <trkpt lat="37.860527" lon="-107.344185">
        <ele>4020.0</ele>
      </trkpt>
      <trkpt lat="37.859653" lon="-107.345062">
        <ele>4030.0</ele>
      </trkpt>
      <trkpt lat="37.859447" lon="-107.345093">
        <ele>4029.0</ele>
      </trkpt>
      <trkpt lat="37.858952" lon="-107.344879">
        <ele>4024.0</ele>
      </trkpt>
      <trkpt lat="37.858562" lon="-107.345001">
        <ele>4026.0</ele>
      </trkpt>
      <trkpt lat="37.85836" lon="-107.344902">
        <ele>4025.0</ele>
      </trkpt>
      <trkpt lat="37.858166" lon="-107.345055">
        <ele>4029.0</ele>
      </trkpt>
      <trkpt lat="37.857449" lon="-107.345062">
        <ele>4031.0</ele>
      </trkpt>
      <trkpt lat="37.857014" lon="-107.345367">
        <ele>4036.0</ele>
      </trkpt>
      <trkpt lat="37.856743" lon="-107.345749">
        <ele>4040.0</ele>
      </trkpt>
      <trkpt lat="37.856781" lon="-107.345688">
        <ele>4039.0</ele>
      </trkpt>
      <trkpt lat="37.856373" lon="-107.34639">
        <ele>4041.0</ele>
      </trkpt>
      <trkpt lat="37.856373" lon="-107.346596">
        <ele>4041.0</ele>
      </trkpt>
      <trkpt lat="37.856216" lon="-107.346924">
        <ele>4038.0</ele>
      </trkpt>
      <trkpt lat="37.856232" lon="-107.34716">
        <ele>4037.0</ele>
      </trkpt>
      <trkpt lat="37.855766" lon="-107.349159">
        <ele>4023.0</ele>
      </trkpt>
      <trkpt lat="37.855999" lon="-107.349892">
        <ele>4019.0</ele>
      </trkpt>
      <trkpt lat="37.856289" lon="-107.350113">
        <ele>4014.0</ele>
      </trkpt>
      <trkpt lat="37.856647" lon="-107.350159">
        <ele>4010.0</ele>
      </trkpt>
      <trkpt lat="37.85601" lon="-107.350288">
        <ele>4007.0</ele>
      </trkpt>
      <trkpt lat="37.855217" lon="-107.350052">
        <ele>4002.0</ele>
      </trkpt>
      <trkpt lat="37.854988" lon="-107.35022">
        <ele>3997.0</ele>
      </trkpt>
      <trkpt lat="37.854771" lon="-107.350601">
        <ele>3989.0</ele>
      </trkpt>
      <trkpt lat="37.855217" lon="-107.350533">
        <ele>3990.0</ele>
      </trkpt>
      <trkpt lat="37.85561" lon="-107.350853">
        <ele>3982.0</ele>
      </trkpt>
      <trkpt lat="37.856792" lon="-107.351128">
        <ele>3972.0</ele>
      </trkpt>
      <trkpt lat="37.85651" lon="-107.351318">
        <ele>3965.0</ele>
      </trkpt>
      <trkpt lat="37.856907" lon="-107.351555">
        <ele>3961.0</ele>
      </trkpt>
      <trkpt lat="37.857117" lon="-107.352303">
        <ele>3942.0</ele>
      </trkpt>
      <trkpt lat="37.857063" lon="-107.353371">
        <ele>3926.0</ele>
      </trkpt>
      <trkpt lat="37.857559" lon="-107.354408">
        <ele>3914.0</ele>
      </trkpt>
      <trkpt lat="37.857815" lon="-107.356438">
        <ele>3890.0</ele>
      </trkpt>
      <trkpt lat="37.858429" lon="-107.357727">
        <ele>3871.0</ele>
      </trkpt>
      <trkpt lat="37.858269" lon="-107.357979">
        <ele>3866.0</ele>
      </trkpt>
      <trkpt lat="37.858265" lon="-107.358696">
        <ele>3855.0</ele>
      </trkpt>
      <trkpt lat="37.857883" lon="-107.360725">
        <ele>3832.0</ele>
      </trkpt>
      <trkpt lat="37.857441" lon="-107.361809">
        <ele>3811.0</ele>
      </trkpt>
      <trkpt lat="37.85685" lon="-107.362396">
        <ele>3798.0</ele>
      </trkpt>
      <trkpt lat="37.856606" lon="-107.362854">
        <ele>3797.0</ele>
      </trkpt>
      <trkpt lat="37.85603" lon="-107.364838">
        <ele>3773.0</ele>
      </trkpt>
      <trkpt lat="37.855328" lon="-107.365692">
        <ele>3755.0</ele>
      </trkpt>
      <trkpt lat="37.855305" lon="-107.36599">
        <ele>3755.0</ele>
      </trkpt>
      <trkpt lat="37.85582" lon="-107.367317">
        <ele>3767.0</ele>
      </trkpt>
      <trkpt lat="37.855431" lon="-107.368347">
        <ele>3766.0</ele>
      </trkpt>
      <trkpt lat="37.855011" lon="-107.368744">
        <ele>3765.0</ele>
      </trkpt>
      <trkpt lat="37.853672" lon="-107.369026">
        <ele>3753.0</ele>
      </trkpt>
      <trkpt lat="37.852268" lon="-107.369766">
        <ele>3736.0</ele>
      </trkpt>
      <trkpt lat="37.850967" lon="-107.369728">
        <ele>3725.0</ele>
      </trkpt>
      <trkpt lat="37.84972" lon="-107.369438">
        <ele>3719.0</ele>
      </trkpt>
      <trkpt lat="37.849369" lon="-107.369171">
        <ele>3715.0</ele>
      </trkpt>
      <trkpt lat="37.848076" lon="-107.369438">
        <ele>3723.0</ele>
      </trkpt>
      <trkpt lat="37.847874" lon="-107.369652">
        <ele>3727.0</ele>
      </trkpt>
      <trkpt lat="37.847713" lon="-107.370071">
        <ele>3728.0</ele>
      </trkpt>
      <trkpt lat="37.847874" lon="-107.370926">
        <ele>3723.0</ele>
      </trkpt>
      <trkpt lat="37.848064" lon="-107.371231">
        <ele>3721.0</ele>
      </trkpt>
      <trkpt lat="37.848198" lon="-107.37191">
        <ele>3713.0</ele>
      </trkpt>
      <trkpt lat="37.848049" lon="-107.372757">
        <ele>3708.0</ele>
      </trkpt>
      <trkpt lat="37.848392" lon="-107.374062">
        <ele>3702.0</ele>
      </trkpt>
      <trkpt lat="37.848331" lon="-107.374413">
        <ele>3698.0</ele>
      </trkpt>
      <trkpt lat="37.848457" lon="-107.375542">
        <ele>3696.0</ele>
      </trkpt>
      <trkpt lat="37.848366" lon="-107.376999">
        <ele>3675.0</ele>
      </trkpt>
      <trkpt lat="37.848415" lon="-107.377731">
        <ele>3664.0</ele>
      </trkpt>
      <trkpt lat="37.848728" lon="-107.378929">
        <ele>3660.0</ele>
      </trkpt>
      <trkpt lat="37.848969" lon="-107.379219">
        <ele>3663.0</ele>
      </trkpt>
      <trkpt lat="37.848778" lon="-107.379723">
        <ele>3652.0</ele>
      </trkpt>
      <trkpt lat="37.848927" lon="-107.380157">
        <ele>3655.0</ele>
      </trkpt>
      <trkpt lat="37.848766" lon="-107.380371">
        <ele>3651.0</ele>
      </trkpt>
      <trkpt lat="37.84864" lon="-107.381371">
        <ele>3644.0</ele>
      </trkpt>
      <trkpt lat="37.848896" lon="-107.382637">
        <ele>3646.0</ele>
      </trkpt>
      <trkpt lat="37.848705" lon="-107.384613">
        <ele>3651.0</ele>
      </trkpt>
      <trkpt lat="37.848484" lon="-107.385445">
        <ele>3644.0</ele>
      </trkpt>
      <trkpt lat="37.84853" lon="-107.386024">
        <ele>3649.0</ele>
      </trkpt>
      <trkpt lat="37.848454" lon="-107.386467">
        <ele>3644.0</ele>
      </trkpt>
      <trkpt lat="37.84861" lon="-107.387672">
        <ele>3651.0</ele>
      </trkpt>
      <trkpt lat="37.848557" lon="-107.387939">
        <ele>3647.0</ele>
      </trkpt>
      <trkpt lat="37.848633" lon="-107.388344">
        <ele>3648.0</ele>
      </trkpt>
      <trkpt lat="37.848469" lon="-107.388954">
        <ele>3653.0</ele>
      </trkpt>
      <trkpt lat="37.848209" lon="-107.389305">
        <ele>3654.0</ele>
      </trkpt>
      <trkpt lat="37.848007" lon="-107.389999">
        <ele>3657.0</ele>
      </trkpt>
      <trkpt lat="37.848133" lon="-107.390213">
        <ele>3664.0</ele>
      </trkpt>
      <trkpt lat="37.848179" lon="-107.390564">
        <ele>3669.0</ele>
      </trkpt>
      <trkpt lat="37.848091" lon="-107.390816">
        <ele>3672.0</ele>
      </trkpt>
      <trkpt lat="37.84811" lon="-107.391273">
        <ele>3680.0</ele>
      </trkpt>
      <trkpt lat="37.848255" lon="-107.391266">
        <ele>3683.0</ele>
      </trkpt>
      <trkpt lat="37.848289" lon="-107.391609">
        <ele>3687.0</ele>
      </trkpt>
      <trkpt lat="37.84853" lon="-107.391983">
        <ele>3693.0</ele>
      </trkpt>
      <trkpt lat="37.848633" lon="-107.392517">
        <ele>3698.0</ele>
      </trkpt>
      <trkpt lat="37.848553" lon="-107.392967">
        <ele>3706.0</ele>
      </trkpt>
      <trkpt lat="37.848179" lon="-107.392944">
        <ele>3701.0</ele>
      </trkpt>
      <trkpt lat="37.847668" lon="-107.393364">
        <ele>3708.0</ele>
      </trkpt>
      <trkpt lat="37.847584" lon="-107.393593">
        <ele>3710.0</ele>
      </trkpt>
      <trkpt lat="37.84766" lon="-107.394218">
        <ele>3714.0</ele>
      </trkpt>
      <trkpt lat="37.84856" lon="-107.395927">
        <ele>3723.0</ele>
      </trkpt>
      <trkpt lat="37.848808" lon="-107.396614">
        <ele>3726.0</ele>
      </trkpt>
      <trkpt lat="37.848938" lon="-107.398598">
        <ele>3732.0</ele>
      </trkpt>
      <trkpt lat="37.849098" lon="-107.399223">
        <ele>3736.0</ele>
      </trkpt>
      <trkpt lat="37.849041" lon="-107.399605">
        <ele>3737.0</ele>
      </trkpt>
      <trkpt lat="37.849102" lon="-107.400063">
        <ele>3743.0</ele>
      </trkpt>
      <trkpt lat="37.84943" lon="-107.400902">
        <ele>3753.0</ele>
      </trkpt>
      <trkpt lat="37.849632" lon="-107.401093">
        <ele>3755.0</ele>
      </trkpt>
      <trkpt lat="37.849792" lon="-107.401825">
        <ele>3755.0</ele>
      </trkpt>
      <trkpt lat="37.850319" lon="-107.402809">
        <ele>3761.0</ele>
      </trkpt>
      <trkpt lat="37.850407" lon="-107.403175">
        <ele>3760.0</ele>
      </trkpt>
      <trkpt lat="37.850792" lon="-107.403664">
        <ele>3771.0</ele>
      </trkpt>
      <trkpt lat="37.850868" lon="-107.404083">
        <ele>3775.0</ele>
      </trkpt>
      <trkpt lat="37.85112" lon="-107.404434">
        <ele>3785.0</ele>
      </trkpt>
      <trkpt lat="37.851269" lon="-107.405251">
        <ele>3788.0</ele>
      </trkpt>
      <trkpt lat="37.85146" lon="-107.405434">
        <ele>3793.0</ele>
      </trkpt>
      <trkpt lat="37.851845" lon="-107.406464">
        <ele>3809.0</ele>
      </trkpt>
      <trkpt lat="37.851997" lon="-107.406662">
        <ele>3814.0</ele>
      </trkpt>
      <trkpt lat="37.852573" lon="-107.40818">
        <ele>3829.0</ele>
      </trkpt>
      <trkpt lat="37.853035" lon="-107.408722">
        <ele>3837.0</ele>
      </trkpt>
      <trkpt lat="37.853119" lon="-107.408966">
        <ele>3841.0</ele>
      </trkpt>
      <trkpt lat="37.85342" lon="-107.40921">
        <ele>3848.0</ele>
      </trkpt>
      <trkpt lat="37.85363" lon="-107.409737">
        <ele>3849.0</ele>
      </trkpt>
      <trkpt lat="37.854031" lon="-107.410049">
        <ele>3862.0</ele>
      </trkpt>
      <trkpt lat="37.854271" lon="-107.410515">
        <ele>3871.0</ele>
      </trkpt>
      <trkpt lat="37.854321" lon="-107.410927">
        <ele>3875.0</ele>
      </trkpt>
      <trkpt lat="37.854473" lon="-107.410538">
        <ele>3883.0</ele>
      </trkpt>
      <trkpt lat="37.854576" lon="-107.410812">
        <ele>3886.0</ele>
      </trkpt>
      <trkpt lat="37.854454" lon="-107.411209">
        <ele>3886.0</ele>
      </trkpt>
      <trkpt lat="37.854523" lon="-107.411591">
        <ele>3894.0</ele>
      </trkpt>
      <trkpt lat="37.854347" lon="-107.411812">
        <ele>3887.0</ele>
      </trkpt>
      <trkpt lat="37.853851" lon="-107.413834">
        <ele>3894.0</ele>
      </trkpt>
      <trkpt lat="37.853855" lon="-107.414345">
        <ele>3898.0</ele>
      </trkpt>
      <trkpt lat="37.853748" lon="-107.41436">
        <ele>3897.0</ele>
      </trkpt>
      <trkpt lat="37.853859" lon="-107.414711">
        <ele>3901.0</ele>
      </trkpt>
      <trkpt lat="37.853981" lon="-107.41478">
        <ele>3905.0</ele>
      </trkpt>
      <trkpt lat="37.853691" lon="-107.4161">
        <ele>3922.0</ele>
      </trkpt>
      <trkpt lat="37.853401" lon="-107.418213">
        <ele>3937.0</ele>
      </trkpt>
      <trkpt lat="37.853371" lon="-107.419098">
        <ele>3938.0</ele>
      </trkpt>
      <trkpt lat="37.85347" lon="-107.419266">
        <ele>3939.0</ele>
      </trkpt>
      <trkpt lat="37.853359" lon="-107.419678">
        <ele>3939.0</ele>
      </trkpt>
      <trkpt lat="37.853405" lon="-107.42186">
        <ele>3930.0</ele>
      </trkpt>
      <trkpt lat="37.853504" lon="-107.422112">
        <ele>3930.0</ele>
      </trkpt>
      <trkpt lat="37.853325" lon="-107.423759">
        <ele>3923.0</ele>
      </trkpt>
      <trkpt lat="37.853039" lon="-107.424896">
        <ele>3920.0</ele>
      </trkpt>
      <trkpt lat="37.85191" lon="-107.427299">
        <ele>3916.0</ele>
      </trkpt>
      <trkpt lat="37.851852" lon="-107.427711">
        <ele>3913.0</ele>
      </trkpt>
      <trkpt lat="37.852066" lon="-107.4282">
        <ele>3914.0</ele>
      </trkpt>
      <trkpt lat="37.851933" lon="-107.42849">
        <ele>3911.0</ele>
      </trkpt>
      <trkpt lat="37.850689" lon="-107.429985">
        <ele>3892.0</ele>
      </trkpt>
      <trkpt lat="37.849354" lon="-107.431213">
        <ele>3868.0</ele>
      </trkpt>
      <trkpt lat="37.849155" lon="-107.431503">
        <ele>3865.0</ele>
      </trkpt>
      <trkpt lat="37.84903" lon="-107.432114">
        <ele>3866.0</ele>
      </trkpt>
      <trkpt lat="37.84848" lon="-107.432617">
        <ele>3850.0</ele>
      </trkpt>
      <trkpt lat="37.848263" lon="-107.432571">
        <ele>3846.0</ele>
      </trkpt>
      <trkpt lat="37.848583" lon="-107.433105">
        <ele>3844.0</ele>
      </trkpt>
      <trkpt lat="37.848442" lon="-107.433212">
        <ele>3839.0</ele>
      </trkpt>
      <trkpt lat="37.848454" lon="-107.433319">
        <ele>3837.0</ele>
      </trkpt>
      <trkpt lat="37.848351" lon="-107.433319">
        <ele>3836.0</ele>
      </trkpt>
      <trkpt lat="37.845905" lon="-107.436996">
        <ele>3798.0</ele>
      </trkpt>
      <trkpt lat="37.845707" lon="-107.437599">
        <ele>3792.0</ele>
      </trkpt>
      <trkpt lat="37.845539" lon="-107.437767">
        <ele>3788.0</ele>
      </trkpt>
      <trkpt lat="37.845467" lon="-107.438065">
        <ele>3783.0</ele>
      </trkpt>
      <trkpt lat="37.845173" lon="-107.438416">
        <ele>3776.0</ele>
      </trkpt>
      <trkpt lat="37.844727" lon="-107.439278">
        <ele>3771.0</ele>
      </trkpt>
      <trkpt lat="37.844677" lon="-107.439545">
        <ele>3771.0</ele>
      </trkpt>
      <trkpt lat="37.844738" lon="-107.439545">
        <ele>3771.0</ele>
      </trkpt>
      <trkpt lat="37.844601" lon="-107.439911">
        <ele>3772.0</ele>
      </trkpt>
      <trkpt lat="37.844631" lon="-107.440361">
        <ele>3777.0</ele>
      </trkpt>
      <trkpt lat="37.844547" lon="-107.440796">
        <ele>3779.0</ele>
      </trkpt>
      <trkpt lat="37.84449" lon="-107.443848">
        <ele>3790.0</ele>
      </trkpt>
      <trkpt lat="37.844887" lon="-107.444603">
        <ele>3775.0</ele>
      </trkpt>
      <trkpt lat="37.845741" lon="-107.445129">
        <ele>3750.0</ele>
      </trkpt>
      <trkpt lat="37.846432" lon="-107.445068">
        <ele>3739.0</ele>
      </trkpt>
      <trkpt lat="37.847279" lon="-107.444611">
        <ele>3729.0</ele>
      </trkpt>
      <trkpt lat="37.847008" lon="-107.445702">
        <ele>3725.0</ele>
      </trkpt>
      <trkpt lat="37.847099" lon="-107.445793">
        <ele>3723.0</ele>
      </trkpt>
      <trkpt lat="37.846996" lon="-107.446007">
        <ele>3721.0</ele>
      </trkpt>
      <trkpt lat="37.846245" lon="-107.446747">
        <ele>3718.0</ele>
      </trkpt>
      <trkpt lat="37.845901" lon="-107.448486">
        <ele>3721.0</ele>
      </trkpt>
      <trkpt lat="37.845787" lon="-107.448708">
        <ele>3718.0</ele>
      </trkpt>
      <trkpt lat="37.845741" lon="-107.449173">
        <ele>3719.0</ele>
      </trkpt>
      <trkpt lat="37.845528" lon="-107.449638">
        <ele>3716.0</ele>
      </trkpt>
      <trkpt lat="37.845665" lon="-107.45137">
        <ele>3716.0</ele>
      </trkpt>
      <trkpt lat="37.845554" lon="-107.451691">
        <ele>3709.0</ele>
      </trkpt>
      <trkpt lat="37.845585" lon="-107.451866">
        <ele>3707.0</ele>
      </trkpt>
      <trkpt lat="37.845963" lon="-107.452393">
        <ele>3705.0</ele>
      </trkpt>
      <trkpt lat="37.846043" lon="-107.452682">
        <ele>3705.0</ele>
      </trkpt>
      <trkpt lat="37.845917" lon="-107.452942">
        <ele>3704.0</ele>
      </trkpt>
      <trkpt lat="37.846073" lon="-107.453949">
        <ele>3718.0</ele>
      </trkpt>
      <trkpt lat="37.846172" lon="-107.454094">
        <ele>3717.0</ele>
      </trkpt>
      <trkpt lat="37.846134" lon="-107.454453">
        <ele>3714.0</ele>
      </trkpt>
      <trkpt lat="37.846207" lon="-107.45459">
        <ele>3718.0</ele>
      </trkpt>
      <trkpt lat="37.846104" lon="-107.454811">
        <ele>3719.0</ele>
      </trkpt>
      <trkpt lat="37.846119" lon="-107.455276">
        <ele>3726.0</ele>
      </trkpt>
      <trkpt lat="37.846405" lon="-107.455933">
        <ele>3739.0</ele>
      </trkpt>
      <trkpt lat="37.846313" lon="-107.456367">
        <ele>3741.0</ele>
      </trkpt>
      <trkpt lat="37.846386" lon="-107.456703">
        <ele>3751.0</ele>
      </trkpt>
      <trkpt lat="37.846313" lon="-107.457718">
        <ele>3754.0</ele>
      </trkpt>
      <trkpt lat="37.84679" lon="-107.458916">
        <ele>3767.0</ele>
      </trkpt>
      <trkpt lat="37.8475" lon="-107.460136">
        <ele>3780.0</ele>
      </trkpt>
      <trkpt lat="37.847507" lon="-107.461105">
        <ele>3782.0</ele>
      </trkpt>
      <trkpt lat="37.847782" lon="-107.46154">
        <ele>3795.0</ele>
      </trkpt>
      <trkpt lat="37.847794" lon="-107.461761">
        <ele>3799.0</ele>
      </trkpt>
      <trkpt lat="37.847004" lon="-107.462654">
        <ele>3816.0</ele>
      </trkpt>
      <trkpt lat="37.846668" lon="-107.462852">
        <ele>3823.0</ele>
      </trkpt>
      <trkpt lat="37.846451" lon="-107.463158">
        <ele>3828.0</ele>
      </trkpt>
      <trkpt lat="37.845539" lon="-107.463699">
        <ele>3839.0</ele>
      </trkpt>
      <trkpt lat="37.845085" lon="-107.463837">
        <ele>3847.0</ele>
      </trkpt>
      <trkpt lat="37.844292" lon="-107.463638">
        <ele>3860.0</ele>
      </trkpt>
      <trkpt lat="37.844189" lon="-107.464043">
        <ele>3863.0</ele>
      </trkpt>
      <trkpt lat="37.843948" lon="-107.464279">
        <ele>3866.0</ele>
      </trkpt>
      <trkpt lat="37.843788" lon="-107.46463">
        <ele>3866.0</ele>
      </trkpt>
      <trkpt lat="37.843647" lon="-107.466881">
        <ele>3873.0</ele>
      </trkpt>
      <trkpt lat="37.843723" lon="-107.467293">
        <ele>3875.0</ele>
      </trkpt>
      <trkpt lat="37.844318" lon="-107.468674">
        <ele>3886.0</ele>
      </trkpt>
      <trkpt lat="37.844585" lon="-107.469048">
        <ele>3891.0</ele>
      </trkpt>
      <trkpt lat="37.845104" lon="-107.469429">
        <ele>3893.0</ele>
      </trkpt>
      <trkpt lat="37.846073" lon="-107.469894">
        <ele>3901.0</ele>
      </trkpt>
      <trkpt lat="37.847084" lon="-107.471016">
        <ele>3902.0</ele>
      </trkpt>
      <trkpt lat="37.847763" lon="-107.472015">
        <ele>3902.0</ele>
      </trkpt>
      <trkpt lat="37.848156" lon="-107.472198">
        <ele>3898.0</ele>
      </trkpt>
      <trkpt lat="37.848427" lon="-107.472603">
        <ele>3902.0</ele>
      </trkpt>
      <trkpt lat="37.848877" lon="-107.472908">
        <ele>3890.0</ele>
      </trkpt>
      <trkpt lat="37.849403" lon="-107.473534">
        <ele>3877.0</ele>
      </trkpt>
      <trkpt lat="37.849487" lon="-107.473991">
        <ele>3876.0</ele>
      </trkpt>
      <trkpt lat="37.849674" lon="-107.474236">
        <ele>3874.0</ele>
      </trkpt>
      <trkpt lat="37.84967" lon="-107.474419">
        <ele>3879.0</ele>
      </trkpt>
      <trkpt lat="37.850063" lon="-107.475403">
        <ele>3873.0</ele>
      </trkpt>
      <trkpt lat="37.850166" lon="-107.476196">
        <ele>3873.0</ele>
      </trkpt>
      <trkpt lat="37.85004" lon="-107.476601">
        <ele>3875.0</ele>
      </trkpt>
      <trkpt lat="37.848213" lon="-107.477036">
        <ele>3887.0</ele>
      </trkpt>
      <trkpt lat="37.84774" lon="-107.47728">
        <ele>3894.0</ele>
      </trkpt>
      <trkpt lat="37.846889" lon="-107.47818">
        <ele>3884.0</ele>
      </trkpt>
      <trkpt lat="37.845764" lon="-107.480011">
        <ele>3877.0</ele>
      </trkpt>
      <trkpt lat="37.846119" lon="-107.480835">
        <ele>3860.0</ele>
      </trkpt>
      <trkpt lat="37.846508" lon="-107.481262">
        <ele>3853.0</ele>
      </trkpt>
      <trkpt lat="37.8465" lon="-107.481575">
        <ele>3850.0</ele>
      </trkpt>
      <trkpt lat="37.846359" lon="-107.481956">
        <ele>3840.0</ele>
      </trkpt>
      <trkpt lat="37.846409" lon="-107.482285">
        <ele>3832.0</ele>
      </trkpt>
      <trkpt lat="37.845932" lon="-107.4823">
        <ele>3823.0</ele>
      </trkpt>
      <trkpt lat="37.845753" lon="-107.482407">
        <ele>3817.0</ele>
      </trkpt>
      <trkpt lat="37.845268" lon="-107.483414">
        <ele>3795.0</ele>
      </trkpt>
      <trkpt lat="37.845123" lon="-107.484047">
        <ele>3792.0</ele>
      </trkpt>
      <trkpt lat="37.845127" lon="-107.484627">
        <ele>3782.0</ele>
      </trkpt>
      <trkpt lat="37.845261" lon="-107.48481">
        <ele>3777.0</ele>
      </trkpt>
      <trkpt lat="37.845253" lon="-107.485229">
        <ele>3767.0</ele>
      </trkpt>
      <trkpt lat="37.845665" lon="-107.48642">
        <ele>3768.0</ele>
      </trkpt>
      <trkpt lat="37.845821" lon="-107.486526">
        <ele>3768.0</ele>
      </trkpt>
      <trkpt lat="37.845798" lon="-107.487015">
        <ele>3768.0</ele>
      </trkpt>
      <trkpt lat="37.846096" lon="-107.487953">
        <ele>3777.0</ele>
      </trkpt>
      <trkpt lat="37.846027" lon="-107.488045">
        <ele>3777.0</ele>
      </trkpt>
      <trkpt lat="37.846233" lon="-107.490578">
        <ele>3800.0</ele>
      </trkpt>
      <trkpt lat="37.846596" lon="-107.491089">
        <ele>3801.0</ele>
      </trkpt>
      <trkpt lat="37.846794" lon="-107.492012">
        <ele>3821.0</ele>
      </trkpt>
      <trkpt lat="37.846699" lon="-107.492218">
        <ele>3827.0</ele>
      </trkpt>
      <trkpt lat="37.846996" lon="-107.492493">
        <ele>3834.0</ele>
      </trkpt>
      <trkpt lat="37.847225" lon="-107.49305">
        <ele>3842.0</ele>
      </trkpt>
      <trkpt lat="37.847126" lon="-107.493141">
        <ele>3841.0</ele>
      </trkpt>
      <trkpt lat="37.847027" lon="-107.493858">
        <ele>3845.0</ele>
      </trkpt>
      <trkpt lat="37.845856" lon="-107.495644">
        <ele>3856.0</ele>
      </trkpt>
      <trkpt lat="37.845715" lon="-107.495728">
        <ele>3853.0</ele>
      </trkpt>
      <trkpt lat="37.845451" lon="-107.496223">
        <ele>3855.0</ele>
      </trkpt>
      <trkpt lat="37.84515" lon="-107.497292">
        <ele>3863.0</ele>
      </trkpt>
      <trkpt lat="37.845181" lon="-107.497925">
        <ele>3876.0</ele>
      </trkpt>
      <trkpt lat="37.845047" lon="-107.498611">
        <ele>3874.0</ele>
      </trkpt>
      <trkpt lat="37.84515" lon="-107.500046">
        <ele>3869.0</ele>
      </trkpt>
      <trkpt lat="37.844822" lon="-107.50074">
        <ele>3867.0</ele>
      </trkpt>
      <trkpt lat="37.844814" lon="-107.501122">
        <ele>3860.0</ele>
      </trkpt>
      <trkpt lat="37.844612" lon="-107.501625">
        <ele>3851.0</ele>
      </trkpt>
      <trkpt lat="37.843872" lon="-107.502586">
        <ele>3845.0</ele>
      </trkpt>
      <trkpt lat="37.84346" lon="-107.504181">
        <ele>3826.0</ele>
      </trkpt>
      <trkpt lat="37.842564" lon="-107.50531">
        <ele>3813.0</ele>
      </trkpt>
      <trkpt lat="37.842407" lon="-107.505302">
        <ele>3814.0</ele>
      </trkpt>
      <trkpt lat="37.842159" lon="-107.506989">
        <ele>3813.0</ele>
      </trkpt>
      <trkpt lat="37.841911" lon="-107.507446">
        <ele>3815.0</ele>
      </trkpt>
      <trkpt lat="37.840748" lon="-107.508537">
        <ele>3822.0</ele>
      </trkpt>
      <trkpt lat="37.8405" lon="-107.509117">
        <ele>3829.0</ele>
      </trkpt>
      <trkpt lat="37.840439" lon="-107.509758">
        <ele>3832.0</ele>
      </trkpt>
      <trkpt lat="37.840286" lon="-107.510185">
        <ele>3837.0</ele>
      </trkpt>
      <trkpt lat="37.84021" lon="-107.510796">
        <ele>3840.0</ele>
      </trkpt>
      <trkpt lat="37.840389" lon="-107.511208">
        <ele>3840.0</ele>
      </trkpt>
      <trkpt lat="37.84037" lon="-107.511986">
        <ele>3850.0</ele>
      </trkpt>
      <trkpt lat="37.840523" lon="-107.512932">
        <ele>3854.0</ele>
      </trkpt>
      <trkpt lat="37.840809" lon="-107.513092">
        <ele>3854.0</ele>
      </trkpt>
      <trkpt lat="37.840832" lon="-107.513306">
        <ele>3856.0</ele>
      </trkpt>
      <trkpt lat="37.840687" lon="-107.513496">
        <ele>3858.0</ele>
      </trkpt>
      <trkpt lat="37.840065" lon="-107.513802">
        <ele>3867.0</ele>
      </trkpt>
      <trkpt lat="37.840069" lon="-107.514122">
        <ele>3869.0</ele>
      </trkpt>
      <trkpt lat="37.839905" lon="-107.514244">
        <ele>3872.0</ele>
      </trkpt>
      <trkpt lat="37.839417" lon="-107.51506">
        <ele>3880.0</ele>
      </trkpt>
      <trkpt lat="37.838581" lon="-107.515152">
        <ele>3893.0</ele>
      </trkpt>
      <trkpt lat="37.83844" lon="-107.515579">
        <ele>3900.0</ele>
      </trkpt>
      <trkpt lat="37.838455" lon="-107.515823">
        <ele>3904.0</ele>
      </trkpt>
      <trkpt lat="37.838829" lon="-107.516777">
        <ele>3908.0</ele>
      </trkpt>
      <trkpt lat="37.838638" lon="-107.516815">
        <ele>3911.0</ele>
      </trkpt>
      <trkpt lat="37.838634" lon="-107.517029">
        <ele>3912.0</ele>
      </trkpt>
      <trkpt lat="37.838375" lon="-107.517174">
        <ele>3918.0</ele>
      </trkpt>
      <trkpt lat="37.837921" lon="-107.517082">
        <ele>3924.0</ele>
      </trkpt>
      <trkpt lat="37.837601" lon="-107.517754">
        <ele>3934.0</ele>
      </trkpt>
      <trkpt lat="37.837273" lon="-107.518143">
        <ele>3935.0</ele>
      </trkpt>
      <trkpt lat="37.835892" lon="-107.518524">
        <ele>3943.0</ele>
      </trkpt>
      <trkpt lat="37.835369" lon="-107.518311">
        <ele>3942.0</ele>
      </trkpt>
      <trkpt lat="37.835014" lon="-107.51844">
        <ele>3936.0</ele>
      </trkpt>
      <trkpt lat="37.834507" lon="-107.518326">
        <ele>3935.0</ele>
      </trkpt>
      <trkpt lat="37.834194" lon="-107.518433">
        <ele>3933.0</ele>
      </trkpt>
      <trkpt lat="37.83326" lon="-107.51828">
        <ele>3935.0</ele>
      </trkpt>
      <trkpt lat="37.832779" lon="-107.518379">
        <ele>3931.0</ele>
      </trkpt>
      <trkpt lat="37.832615" lon="-107.518539">
        <ele>3928.0</ele>
      </trkpt>
      <trkpt lat="37.831879" lon="-107.518715">
        <ele>3914.0</ele>
      </trkpt>
      <trkpt lat="37.831467" lon="-107.51857">
        <ele>3907.0</ele>
      </trkpt>
      <trkpt lat="37.831024" lon="-107.51857">
        <ele>3908.0</ele>
      </trkpt>
      <trkpt lat="37.830864" lon="-107.5187">
        <ele>3905.0</ele>
      </trkpt>
      <trkpt lat="37.830578" lon="-107.518639">
        <ele>3902.0</ele>
      </trkpt>
      <trkpt lat="37.829224" lon="-107.51944">
        <ele>3872.0</ele>
      </trkpt>
      <trkpt lat="37.827736" lon="-107.519753">
        <ele>3873.0</ele>
      </trkpt>
      <trkpt lat="37.826649" lon="-107.520187">
        <ele>3873.0</ele>
      </trkpt>
      <trkpt lat="37.825886" lon="-107.52021">
        <ele>3883.0</ele>
      </trkpt>
      <trkpt lat="37.825413" lon="-107.520393">
        <ele>3892.0</ele>
      </trkpt>
      <trkpt lat="37.825108" lon="-107.520378">
        <ele>3897.0</ele>
      </trkpt>
      <trkpt lat="37.824863" lon="-107.520523">
        <ele>3902.0</ele>
      </trkpt>
      <trkpt lat="37.824013" lon="-107.520226">
        <ele>3913.0</ele>
      </trkpt>
      <trkpt lat="37.823677" lon="-107.520271">
        <ele>3922.0</ele>
      </trkpt>
      <trkpt lat="37.823875" lon="-107.520508">
        <ele>3924.0</ele>
      </trkpt>
      <trkpt lat="37.82375" lon="-107.520531">
        <ele>3928.0</ele>
      </trkpt>
      <trkpt lat="37.823822" lon="-107.520638">
        <ele>3929.0</ele>
      </trkpt>
      <trkpt lat="37.823696" lon="-107.520622">
        <ele>3932.0</ele>
      </trkpt>
      <trkpt lat="37.823776" lon="-107.520775">
        <ele>3934.0</ele>
      </trkpt>
      <trkpt lat="37.82354" lon="-107.520699">
        <ele>3939.0</ele>
      </trkpt>
      <trkpt lat="37.823364" lon="-107.520828">
        <ele>3947.0</ele>
      </trkpt>
      <trkpt lat="37.82296" lon="-107.520882">
        <ele>3949.0</ele>
      </trkpt>
      <trkpt lat="37.823082" lon="-107.521156">
        <ele>3958.0</ele>
      </trkpt>
      <trkpt lat="37.822872" lon="-107.521278">
        <ele>3961.0</ele>
      </trkpt>
      <trkpt lat="37.821526" lon="-107.521446">
        <ele>3952.0</ele>
      </trkpt>
      <trkpt lat="37.820339" lon="-107.521393">
        <ele>3945.0</ele>
      </trkpt>
      <trkpt lat="37.819702" lon="-107.521683">
        <ele>3936.0</ele>
      </trkpt>
      <trkpt lat="37.819458" lon="-107.52166">
        <ele>3935.0</ele>
      </trkpt>
      <trkpt lat="37.818935" lon="-107.521881">
        <ele>3924.0</ele>
      </trkpt>
      <trkpt lat="37.818325" lon="-107.521805">
        <ele>3918.0</ele>
      </trkpt>
      <trkpt lat="37.816845" lon="-107.521164">
        <ele>3902.0</ele>
      </trkpt>
      <trkpt lat="37.816383" lon="-107.521194">
        <ele>3899.0</ele>
      </trkpt>
      <trkpt lat="37.814819" lon="-107.521713">
        <ele>3876.0</ele>
      </trkpt>
      <trkpt lat="37.814835" lon="-107.522102">
        <ele>3869.0</ele>
      </trkpt>
      <trkpt lat="37.814701" lon="-107.522499">
        <ele>3862.0</ele>
      </trkpt>
      <trkpt lat="37.814495" lon="-107.52269">
        <ele>3854.0</ele>
      </trkpt>
      <trkpt lat="37.814388" lon="-107.522964">
        <ele>3847.0</ele>
      </trkpt>
      <trkpt lat="37.814163" lon="-107.522621">
        <ele>3845.0</ele>
      </trkpt>
      <trkpt lat="37.814106" lon="-107.523315">
        <ele>3836.0</ele>
      </trkpt>
      <trkpt lat="37.814255" lon="-107.523872">
        <ele>3830.0</ele>
      </trkpt>
      <trkpt lat="37.814003" lon="-107.524765">
        <ele>3823.0</ele>
      </trkpt>
      <trkpt lat="37.81356" lon="-107.525528">
        <ele>3841.0</ele>
      </trkpt>
      <trkpt lat="37.81319" lon="-107.525734">
        <ele>3845.0</ele>
      </trkpt>
      <trkpt lat="37.812595" lon="-107.526688">
        <ele>3856.0</ele>
      </trkpt>
      <trkpt lat="37.812366" lon="-107.52742">
        <ele>3864.0</ele>
      </trkpt>
      <trkpt lat="37.812092" lon="-107.527611">
        <ele>3865.0</ele>
      </trkpt>
      <trkpt lat="37.811333" lon="-107.528496">
        <ele>3860.0</ele>
      </trkpt>
      <trkpt lat="37.811092" lon="-107.528587">
        <ele>3864.0</ele>
      </trkpt>
      <trkpt lat="37.810818" lon="-107.528946">
        <ele>3866.0</ele>
      </trkpt>
      <trkpt lat="37.80965" lon="-107.529671">
        <ele>3862.0</ele>
      </trkpt>
      <trkpt lat="37.808769" lon="-107.529839">
        <ele>3863.0</ele>
      </trkpt>
      <trkpt lat="37.808578" lon="-107.529968">
        <ele>3861.0</ele>
      </trkpt>
      <trkpt lat="37.805466" lon="-107.530525">
        <ele>3882.0</ele>
      </trkpt>
      <trkpt lat="37.805096" lon="-107.530815">
        <ele>3891.0</ele>
      </trkpt>
      <trkpt lat="37.804859" lon="-107.530785">
        <ele>3892.0</ele>
      </trkpt>
      <trkpt lat="37.804688" lon="-107.530899">
        <ele>3896.0</ele>
      </trkpt>
      <trkpt lat="37.804424" lon="-107.532379">
        <ele>3905.0</ele>
      </trkpt>
      <trkpt lat="37.80307" lon="-107.533623">
        <ele>3894.0</ele>
      </trkpt>
      <trkpt lat="37.802616" lon="-107.533638">
        <ele>3887.0</ele>
      </trkpt>
      <trkpt lat="37.802708" lon="-107.533783">
        <ele>3886.0</ele>
      </trkpt>
      <trkpt lat="37.802483" lon="-107.534058">
        <ele>3882.0</ele>
      </trkpt>
      <trkpt lat="37.802647" lon="-107.534912">
        <ele>3885.0</ele>
      </trkpt>
      <trkpt lat="37.802158" lon="-107.534576">
        <ele>3887.0</ele>
      </trkpt>
      <trkpt lat="37.80241" lon="-107.535004">
        <ele>3893.0</ele>
      </trkpt>
      <trkpt lat="37.802166" lon="-107.534912">
        <ele>3893.0</ele>
      </trkpt>
      <trkpt lat="37.801937" lon="-107.535507">
        <ele>3900.0</ele>
      </trkpt>
      <trkpt lat="37.801861" lon="-107.536728">
        <ele>3895.0</ele>
      </trkpt>
      <trkpt lat="37.801929" lon="-107.536987">
        <ele>3894.0</ele>
      </trkpt>
      <trkpt lat="37.801804" lon="-107.537354">
        <ele>3882.0</ele>
      </trkpt>
      <trkpt lat="37.801842" lon="-107.537636">
        <ele>3874.0</ele>
      </trkpt>
      <trkpt lat="37.801659" lon="-107.537453">
        <ele>3876.0</ele>
      </trkpt>
      <trkpt lat="37.801617" lon="-107.537598">
        <ele>3873.0</ele>
      </trkpt>
      <trkpt lat="37.801754" lon="-107.537933">
        <ele>3867.0</ele>
      </trkpt>
      <trkpt lat="37.801533" lon="-107.537819">
        <ele>3867.0</ele>
      </trkpt>
      <trkpt lat="37.801727" lon="-107.538147">
        <ele>3862.0</ele>
      </trkpt>
      <trkpt lat="37.801598" lon="-107.538231">
        <ele>3862.0</ele>
      </trkpt>
      <trkpt lat="37.800755" lon="-107.538094">
        <ele>3843.0</ele>
      </trkpt>
      <trkpt lat="37.800602" lon="-107.537895">
        <ele>3837.0</ele>
      </trkpt>
      <trkpt lat="37.800274" lon="-107.537735">
        <ele>3830.0</ele>
      </trkpt>
      <trkpt lat="37.798851" lon="-107.537506">
        <ele>3813.0</ele>
      </trkpt>
      <trkpt lat="37.798439" lon="-107.537209">
        <ele>3803.0</ele>
      </trkpt>
      <trkpt lat="37.798214" lon="-107.536186">
        <ele>3786.0</ele>
      </trkpt>
      <trkpt lat="37.798016" lon="-107.535912">
        <ele>3783.0</ele>
      </trkpt>
      <trkpt lat="37.797413" lon="-107.535469">
        <ele>3783.0</ele>
      </trkpt>
      <trkpt lat="37.796608" lon="-107.534233">
        <ele>3774.0</ele>
      </trkpt>
      <trkpt lat="37.794937" lon="-107.532974">
        <ele>3758.0</ele>
      </trkpt>
      <trkpt lat="37.793461" lon="-107.532753">
        <ele>3748.0</ele>
      </trkpt>
      <trkpt lat="37.793041" lon="-107.532845">
        <ele>3750.0</ele>
      </trkpt>
      <trkpt lat="37.792801" lon="-107.533119">
        <ele>3751.0</ele>
      </trkpt>
      <trkpt lat="37.791683" lon="-107.533867">
        <ele>3747.0</ele>
      </trkpt>
      <trkpt lat="37.791569" lon="-107.533699">
        <ele>3743.0</ele>
      </trkpt>
      <trkpt lat="37.791092" lon="-107.533997">
        <ele>3733.0</ele>
      </trkpt>
      <trkpt lat="37.791042" lon="-107.534187">
        <ele>3733.0</ele>
      </trkpt>
      <trkpt lat="37.791222" lon="-107.53479">
        <ele>3747.0</ele>
      </trkpt>
      <trkpt lat="37.791183" lon="-107.535004">
        <ele>3751.0</ele>
      </trkpt>
      <trkpt lat="37.790981" lon="-107.53521">
        <ele>3746.0</ele>
      </trkpt>
      <trkpt lat="37.790726" lon="-107.536095">
        <ele>3762.0</ele>
      </trkpt>
      <trkpt lat="37.790218" lon="-107.53701">
        <ele>3761.0</ele>
      </trkpt>
      <trkpt lat="37.789822" lon="-107.537369">
        <ele>3761.0</ele>
      </trkpt>
      <trkpt lat="37.789597" lon="-107.537979">
        <ele>3764.0</ele>
      </trkpt>
      <trkpt lat="37.789627" lon="-107.538254">
        <ele>3764.0</ele>
      </trkpt>
      <trkpt lat="37.790112" lon="-107.539215">
        <ele>3776.0</ele>
      </trkpt>
      <trkpt lat="37.790787" lon="-107.54023">
        <ele>3790.0</ele>
      </trkpt>
      <trkpt lat="37.790909" lon="-107.541283">
        <ele>3776.0</ele>
      </trkpt>
      <trkpt lat="37.791435" lon="-107.542427">
        <ele>3768.0</ele>
      </trkpt>
      <trkpt lat="37.791729" lon="-107.542709">
        <ele>3768.0</ele>
      </trkpt>
      <trkpt lat="37.792377" lon="-107.542511">
        <ele>3782.0</ele>
      </trkpt>
      <trkpt lat="37.792706" lon="-107.54274">
        <ele>3785.0</ele>
      </trkpt>
      <trkpt lat="37.793262" lon="-107.542847">
        <ele>3790.0</ele>
      </trkpt>
      <trkpt lat="37.794159" lon="-107.543747">
        <ele>3813.0</ele>
      </trkpt>
      <trkpt lat="37.794453" lon="-107.544708">
        <ele>3814.0</ele>
      </trkpt>
      <trkpt lat="37.794491" lon="-107.54525">
        <ele>3816.0</ele>
      </trkpt>
      <trkpt lat="37.794422" lon="-107.545525">
        <ele>3812.0</ele>
      </trkpt>
      <trkpt lat="37.794498" lon="-107.545876">
        <ele>3817.0</ele>
      </trkpt>
      <trkpt lat="37.794384" lon="-107.546982">
        <ele>3819.0</ele>
      </trkpt>
      <trkpt lat="37.79483" lon="-107.547363">
        <ele>3825.0</ele>
      </trkpt>
      <trkpt lat="37.795288" lon="-107.548798">
        <ele>3836.0</ele>
      </trkpt>
      <trkpt lat="37.795532" lon="-107.54921">
        <ele>3837.0</ele>
      </trkpt>
      <trkpt lat="37.795849" lon="-107.549492">
        <ele>3838.0</ele>
      </trkpt>
      <trkpt lat="37.796238" lon="-107.549553">
        <ele>3839.0</ele>
      </trkpt>
      <trkpt lat="37.796444" lon="-107.549965">
        <ele>3836.0</ele>
      </trkpt>
      <trkpt lat="37.796455" lon="-107.550674">
        <ele>3831.0</ele>
      </trkpt>
      <trkpt lat="37.796524" lon="-107.550781">
        <ele>3829.0</ele>
      </trkpt>
      <trkpt lat="37.797138" lon="-107.550758">
        <ele>3819.0</ele>
      </trkpt>
      <trkpt lat="37.798168" lon="-107.551117">
        <ele>3811.0</ele>
      </trkpt>
      <trkpt lat="37.798553" lon="-107.551491">
        <ele>3807.0</ele>
      </trkpt>
      <trkpt lat="37.799465" lon="-107.55278">
        <ele>3791.0</ele>
      </trkpt>
      <trkpt lat="37.799431" lon="-107.552895">
        <ele>3788.0</ele>
      </trkpt>
      <trkpt lat="37.798389" lon="-107.552444">
        <ele>3777.0</ele>
      </trkpt>
      <trkpt lat="37.79784" lon="-107.552689">
        <ele>3772.0</ele>
      </trkpt>
      <trkpt lat="37.797802" lon="-107.553123">
        <ele>3762.0</ele>
      </trkpt>
      <trkpt lat="37.797867" lon="-107.553276">
        <ele>3757.0</ele>
      </trkpt>
      <trkpt lat="37.798523" lon="-107.553528">
        <ele>3753.0</ele>
      </trkpt>
      <trkpt lat="37.798859" lon="-107.553886">
        <ele>3746.0</ele>
      </trkpt>
      <trkpt lat="37.800247" lon="-107.554672">
        <ele>3730.0</ele>
      </trkpt>
      <trkpt lat="37.800957" lon="-107.55584">
        <ele>3716.0</ele>
      </trkpt>
      <trkpt lat="37.802475" lon="-107.557503">
        <ele>3704.0</ele>
      </trkpt>
      <trkpt lat="37.802799" lon="-107.558449">
        <ele>3688.0</ele>
      </trkpt>
      <trkpt lat="37.802834" lon="-107.55883">
        <ele>3681.0</ele>
      </trkpt>
      <trkpt lat="37.803173" lon="-107.559372">
        <ele>3676.0</ele>
      </trkpt>
      <trkpt lat="37.803257" lon="-107.560005">
        <ele>3667.0</ele>
      </trkpt>
      <trkpt lat="37.803566" lon="-107.560822">
        <ele>3658.0</ele>
      </trkpt>
      <trkpt lat="37.80357" lon="-107.561096">
        <ele>3654.0</ele>
      </trkpt>
      <trkpt lat="37.803364" lon="-107.561806">
        <ele>3642.0</ele>
      </trkpt>
      <trkpt lat="37.803741" lon="-107.562279">
        <ele>3630.0</ele>
      </trkpt>
      <trkpt lat="37.804153" lon="-107.562439">
        <ele>3619.0</ele>
      </trkpt>
      <trkpt lat="37.805027" lon="-107.562073">
        <ele>3614.0</ele>
      </trkpt>
      <trkpt lat="37.806137" lon="-107.562172">
        <ele>3598.0</ele>
      </trkpt>
      <trkpt lat="37.806915" lon="-107.563011">
        <ele>3582.0</ele>
      </trkpt>
      <trkpt lat="37.807747" lon="-107.563148">
        <ele>3578.0</ele>
      </trkpt>
      <trkpt lat="37.80798" lon="-107.563438">
        <ele>3571.0</ele>
      </trkpt>
      <trkpt lat="37.808319" lon="-107.563644">
        <ele>3565.0</ele>
      </trkpt>
      <trkpt lat="37.809109" lon="-107.564583">
        <ele>3545.0</ele>
      </trkpt>
      <trkpt lat="37.809834" lon="-107.564758">
        <ele>3547.0</ele>
      </trkpt>
      <trkpt lat="37.809898" lon="-107.56498">
        <ele>3539.0</ele>
      </trkpt>
      <trkpt lat="37.809452" lon="-107.565376">
        <ele>3523.0</ele>
      </trkpt>
      <trkpt lat="37.808968" lon="-107.565552">
        <ele>3513.0</ele>
      </trkpt>
      <trkpt lat="37.808689" lon="-107.565842">
        <ele>3490.0</ele>
      </trkpt>
      <trkpt lat="37.808716" lon="-107.566154">
        <ele>3481.0</ele>
      </trkpt>
      <trkpt lat="37.809441" lon="-107.566994">
        <ele>3469.0</ele>
      </trkpt>
      <trkpt lat="37.809658" lon="-107.567787">
        <ele>3465.0</ele>
      </trkpt>
      <trkpt lat="37.810768" lon="-107.568596">
        <ele>3438.0</ele>
      </trkpt>
      <trkpt lat="37.810909" lon="-107.56823">
        <ele>3425.0</ele>
      </trkpt>
      <trkpt lat="37.810738" lon="-107.567101">
        <ele>3410.0</ele>
      </trkpt>
      <trkpt lat="37.811005" lon="-107.56694">
        <ele>3417.0</ele>
      </trkpt>
      <trkpt lat="37.813171" lon="-107.568245">
        <ele>3386.0</ele>
      </trkpt>
      <trkpt lat="37.814571" lon="-107.568405">
        <ele>3417.0</ele>
      </trkpt>
      <trkpt lat="37.814808" lon="-107.568649">
        <ele>3415.0</ele>
      </trkpt>
      <trkpt lat="37.815289" lon="-107.568756">
        <ele>3421.0</ele>
      </trkpt>
      <trkpt lat="37.815762" lon="-107.569084">
        <ele>3411.0</ele>
      </trkpt>
      <trkpt lat="37.816868" lon="-107.56955">
        <ele>3409.0</ele>
      </trkpt>
      <trkpt lat="37.817886" lon="-107.571114">
        <ele>3363.0</ele>
      </trkpt>
      <trkpt lat="37.818157" lon="-107.571136">
        <ele>3356.0</ele>
      </trkpt>
      <trkpt lat="37.818226" lon="-107.571266">
        <ele>3347.0</ele>
      </trkpt>
      <trkpt lat="37.818119" lon="-107.571579">
        <ele>3343.0</ele>
      </trkpt>
      <trkpt lat="37.817879" lon="-107.571686">
        <ele>3347.0</ele>
      </trkpt>
      <trkpt lat="37.817394" lon="-107.571121">
        <ele>3354.0</ele>
      </trkpt>
      <trkpt lat="37.816689" lon="-107.570763">
        <ele>3335.0</ele>
      </trkpt>
      <trkpt lat="37.816097" lon="-107.57061">
        <ele>3324.0</ele>
      </trkpt>
      <trkpt lat="37.81554" lon="-107.570641">
        <ele>3315.0</ele>
      </trkpt>
      <trkpt lat="37.815224" lon="-107.570465">
        <ele>3318.0</ele>
      </trkpt>
      <trkpt lat="37.815174" lon="-107.570549">
        <ele>3314.0</ele>
      </trkpt>
      <trkpt lat="37.815975" lon="-107.57103">
        <ele>3306.0</ele>
      </trkpt>
      <trkpt lat="37.816483" lon="-107.571541">
        <ele>3294.0</ele>
      </trkpt>
      <trkpt lat="37.81741" lon="-107.572998">
        <ele>3271.0</ele>
      </trkpt>
      <trkpt lat="37.81765" lon="-107.573685">
        <ele>3251.0</ele>
      </trkpt>
      <trkpt lat="37.817593" lon="-107.573799">
        <ele>3245.0</ele>
      </trkpt>
      <trkpt lat="37.816826" lon="-107.573158">
        <ele>3241.0</ele>
      </trkpt>
      <trkpt lat="37.816212" lon="-107.573013">
        <ele>3225.0</ele>
      </trkpt>
      <trkpt lat="37.816128" lon="-107.573341">
        <ele>3216.0</ele>
      </trkpt>
      <trkpt lat="37.816307" lon="-107.573723">
        <ele>3211.0</ele>
      </trkpt>
      <trkpt lat="37.816513" lon="-107.575195">
        <ele>3202.0</ele>
      </trkpt>
      <trkpt lat="37.816418" lon="-107.575493">
        <ele>3203.0</ele>
      </trkpt>
      <trkpt lat="37.81617" lon="-107.575821">
        <ele>3204.0</ele>
      </trkpt>
      <trkpt lat="37.81316" lon="-107.576019">
        <ele>3175.0</ele>
      </trkpt>
      <trkpt lat="37.811737" lon="-107.576546">
        <ele>3159.0</ele>
      </trkpt>
      <trkpt lat="37.81118" lon="-107.576942">
        <ele>3142.0</ele>
      </trkpt>
      <trkpt lat="37.811123" lon="-107.57708">
        <ele>3136.0</ele>
      </trkpt>
      <trkpt lat="37.811237" lon="-107.577164">
        <ele>3133.0</ele>
      </trkpt>
      <trkpt lat="37.811432" lon="-107.576965">
        <ele>3142.0</ele>
      </trkpt>
      <trkpt lat="37.814327" lon="-107.577309">
        <ele>3101.0</ele>
      </trkpt>
      <trkpt lat="37.814915" lon="-107.577599">
        <ele>3090.0</ele>
      </trkpt>
      <trkpt lat="37.815647" lon="-107.578239">
        <ele>3074.0</ele>
      </trkpt>
      <trkpt lat="37.81601" lon="-107.579453">
        <ele>3058.0</ele>
      </trkpt>
      <trkpt lat="37.816185" lon="-107.57972">
        <ele>3058.0</ele>
      </trkpt>
      <trkpt lat="37.816826" lon="-107.580215">
        <ele>3052.0</ele>
      </trkpt>
      <trkpt lat="37.817219" lon="-107.580688">
        <ele>3045.0</ele>
      </trkpt>
      <trkpt lat="37.81831" lon="-107.581635">
        <ele>3031.0</ele>
      </trkpt>
      <trkpt lat="37.819607" lon="-107.581932">
        <ele>3025.0</ele>
      </trkpt>
      <trkpt lat="37.820126" lon="-107.582489">
        <ele>3025.0</ele>
      </trkpt>
      <trkpt lat="37.820576" lon="-107.583626">
        <ele>3017.0</ele>
      </trkpt>
      <trkpt lat="37.82095" lon="-107.584183">
        <ele>3014.0</ele>
      </trkpt>
      <trkpt lat="37.823738" lon="-107.586655">
        <ele>3002.0</ele>
      </trkpt>
      <trkpt lat="37.824833" lon="-107.587257">
        <ele>3004.0</ele>
      </trkpt>
      <trkpt lat="37.825417" lon="-107.58773">
        <ele>2999.0</ele>
      </trkpt>
      <trkpt lat="37.826427" lon="-107.589035">
        <ele>2991.0</ele>
      </trkpt>
      <trkpt lat="37.827396" lon="-107.589806">
        <ele>2993.0</ele>
      </trkpt>
      <trkpt lat="37.828041" lon="-107.590027">
        <ele>2994.0</ele>
      </trkpt>
      <trkpt lat="37.828678" lon="-107.590614">
        <ele>2989.0</ele>
      </trkpt>
      <trkpt lat="37.829361" lon="-107.591026">
        <ele>2990.0</ele>
      </trkpt>
      <trkpt lat="37.83147" lon="-107.591774">
        <ele>2981.0</ele>
      </trkpt>
      <trkpt lat="37.831657" lon="-107.591972">
        <ele>2979.0</ele>
      </trkpt>
      <trkpt lat="37.831985" lon="-107.592728">
        <ele>2976.0</ele>
      </trkpt>
      <trkpt lat="37.832668" lon="-107.593201">
        <ele>2972.0</ele>
      </trkpt>
      <trkpt lat="37.833397" lon="-107.593277">
        <ele>2979.0</ele>
      </trkpt>
      <trkpt lat="37.833607" lon="-107.593498">
        <ele>2977.0</ele>
      </trkpt>
      <trkpt lat="37.83424" lon="-107.593704">
        <ele>2978.0</ele>
      </trkpt>
      <trkpt lat="37.8349" lon="-107.594597">
        <ele>2960.0</ele>
      </trkpt>
      <trkpt lat="37.835121" lon="-107.594734">
        <ele>2957.0</ele>
      </trkpt>
      <trkpt lat="37.835812" lon="-107.59478">
        <ele>2951.0</ele>
      </trkpt>
      <trkpt lat="37.835838" lon="-107.595009">
        <ele>2950.0</ele>
      </trkpt>
      <trkpt lat="37.835625" lon="-107.59536">
        <ele>2948.8</ele>
      </trkpt>
      <trkpt lat="37.835461" lon="-107.59594">
        <ele>2947.2</ele>
      </trkpt>
      <trkpt lat="37.83535" lon="-107.598663">
        <ele>2940.0</ele>
      </trkpt>
      <trkpt lat="37.834972" lon="-107.599266">
        <ele>2945.0</ele>
      </trkpt>
      <trkpt lat="37.834671" lon="-107.599411">
        <ele>2943.0</ele>
      </trkpt>
      <trkpt lat="37.832779" lon="-107.601418">
        <ele>2938.0</ele>
      </trkpt>
      <trkpt lat="37.832615" lon="-107.602135">
        <ele>2943.0</ele>
      </trkpt>
      <trkpt lat="37.831345" lon="-107.605247">
        <ele>2926.0</ele>
      </trkpt>
      <trkpt lat="37.831036" lon="-107.606857">
        <ele>2926.0</ele>
      </trkpt>
      <trkpt lat="37.829166" lon="-107.608673">
        <ele>2916.0</ele>
      </trkpt>
      <trkpt lat="37.828964" lon="-107.609528">
        <ele>2916.0</ele>
      </trkpt>
      <trkpt lat="37.82888" lon="-107.611671">
        <ele>2913.0</ele>
      </trkpt>
      <trkpt lat="37.828789" lon="-107.612152">
        <ele>2912.0</ele>
      </trkpt>
      <trkpt lat="37.828411" lon="-107.612892">
        <ele>2908.0</ele>
      </trkpt>
      <trkpt lat="37.828205" lon="-107.614655">
        <ele>2911.0</ele>
      </trkpt>
      <trkpt lat="37.827721" lon="-107.615746">
        <ele>2902.0</ele>
      </trkpt>
      <trkpt lat="37.827374" lon="-107.617226">
        <ele>2899.0</ele>
      </trkpt>
      <trkpt lat="37.82737" lon="-107.618164">
        <ele>2899.0</ele>
      </trkpt>
      <trkpt lat="37.82719" lon="-107.619217">
        <ele>2896.0</ele>
      </trkpt>
      <trkpt lat="37.827339" lon="-107.620262">
        <ele>2897.0</ele>
      </trkpt>
      <trkpt lat="37.827282" lon="-107.621155">
        <ele>2893.0</ele>
      </trkpt>
      <trkpt lat="37.827591" lon="-107.622391">
        <ele>2891.0</ele>
      </trkpt>
      <trkpt lat="37.827591" lon="-107.623672">
        <ele>2889.0</ele>
      </trkpt>
      <trkpt lat="37.82811" lon="-107.624672">
        <ele>2895.0</ele>
      </trkpt>
      <trkpt lat="37.828148" lon="-107.62542">
        <ele>2892.0</ele>
      </trkpt>
      <trkpt lat="37.827484" lon="-107.626686">
        <ele>2887.0</ele>
      </trkpt>
      <trkpt lat="37.82753" lon="-107.627121">
        <ele>2887.0</ele>
      </trkpt>
      <trkpt lat="37.827412" lon="-107.628044">
        <ele>2892.0</ele>
      </trkpt>
      <trkpt lat="37.826931" lon="-107.629082">
        <ele>2902.0</ele>
      </trkpt>
      <trkpt lat="37.826221" lon="-107.630196">
        <ele>2887.0</ele>
      </trkpt>
      <trkpt lat="37.826172" lon="-107.631348">
        <ele>2885.0</ele>
      </trkpt>
      <trkpt lat="37.826015" lon="-107.631737">
        <ele>2885.0</ele>
      </trkpt>
      <trkpt lat="37.825596" lon="-107.63224">
        <ele>2873.0</ele>
      </trkpt>
      <trkpt lat="37.825569" lon="-107.632996">
        <ele>2883.0</ele>
      </trkpt>
      <trkpt lat="37.825012" lon="-107.633629">
        <ele>2873.0</ele>
      </trkpt>
      <trkpt lat="37.824841" lon="-107.634018">
        <ele>2876.0</ele>
      </trkpt>
      <trkpt lat="37.824661" lon="-107.634186">
        <ele>2877.0</ele>
      </trkpt>
      <trkpt lat="37.824249" lon="-107.634308">
        <ele>2875.0</ele>
      </trkpt>
      <trkpt lat="37.823898" lon="-107.634232">
        <ele>2872.0</ele>
      </trkpt>
      <trkpt lat="37.823555" lon="-107.634644">
        <ele>2872.0</ele>
      </trkpt>
      <trkpt lat="37.823299" lon="-107.637421">
        <ele>2872.0</ele>
      </trkpt>
      <trkpt lat="37.823135" lon="-107.638016">
        <ele>2871.0</ele>
      </trkpt>
      <trkpt lat="37.823143" lon="-107.639214">
        <ele>2874.0</ele>
      </trkpt>
      <trkpt lat="37.822811" lon="-107.640503">
        <ele>2874.0</ele>
      </trkpt>
      <trkpt lat="37.822563" lon="-107.641083">
        <ele>2867.0</ele>
      </trkpt>
      <trkpt lat="37.822117" lon="-107.641655">
        <ele>2863.0</ele>
      </trkpt>
      <trkpt lat="37.821709" lon="-107.64196">
        <ele>2861.0</ele>
      </trkpt>
      <trkpt lat="37.820381" lon="-107.642509">
        <ele>2858.0</ele>
      </trkpt>
      <trkpt lat="37.819721" lon="-107.64325">
        <ele>2856.0</ele>
      </trkpt>
      <trkpt lat="37.818939" lon="-107.644737">
        <ele>2852.0</ele>
      </trkpt>
      <trkpt lat="37.818687" lon="-107.645416">
        <ele>2851.0</ele>
      </trkpt>
      <trkpt lat="37.818558" lon="-107.646187">
        <ele>2851.0</ele>
      </trkpt>
      <trkpt lat="37.818626" lon="-107.649033">
        <ele>2850.0</ele>
      </trkpt>
      <trkpt lat="37.818493" lon="-107.649857">
        <ele>2851.0</ele>
      </trkpt>
      <trkpt lat="37.818245" lon="-107.650612">
        <ele>2851.0</ele>
      </trkpt>
      <trkpt lat="37.818054" lon="-107.650742">
        <ele>2850.0</ele>
      </trkpt>
      <trkpt lat="37.817024" lon="-107.649963">
        <ele>2844.0</ele>
      </trkpt>
      <trkpt lat="37.816906" lon="-107.65004">
        <ele>2844.0</ele>
      </trkpt>
      <trkpt lat="37.816433" lon="-107.655296">
        <ele>2841.0</ele>
      </trkpt>
      <trkpt lat="37.816116" lon="-107.656219">
        <ele>2841.0</ele>
      </trkpt>
      <trkpt lat="37.815231" lon="-107.657097">
        <ele>2840.0</ele>
      </trkpt>
      <trkpt lat="37.815674" lon="-107.657791">
        <ele>2842.0</ele>
      </trkpt>
      <trkpt lat="37.815662" lon="-107.657944">
        <ele>2843.0</ele>
      </trkpt>
      <trkpt lat="37.812771" lon="-107.660675">
        <ele>2840.0</ele>
      </trkpt>
      <trkpt lat="37.812271" lon="-107.660988">
        <ele>2838.0</ele>
      </trkpt>
      <trkpt lat="37.813316" lon="-107.662834">
        <ele>2840.0</ele>
      </trkpt>
      <trkpt lat="37.807526" lon="-107.668182">
        <ele>2826.0</ele>
      </trkpt>
      <trkpt lat="37.807503" lon="-107.668198">
        <ele>2826.0</ele>
      </trkpt>
      <trkpt lat="37.806534" lon="-107.669106">
        <ele>2825.0</ele>
      </trkpt>
      <trkpt lat="37.807472" lon="-107.670761">
        <ele>2827.0</ele>
      </trkpt>
      <trkpt lat="37.80677" lon="-107.671463">
        <ele>2825.0</ele>
      </trkpt>
      <trkpt lat="37.807858" lon="-107.673431">
        <ele>2829.0</ele>
      </trkpt>
      <trkpt lat="37.808434" lon="-107.675911">
        <ele>2830.0</ele>
      </trkpt>
      <trkpt lat="37.8083" lon="-107.676277">
        <ele>2829.0</ele>
      </trkpt>
      <trkpt lat="37.808617" lon="-107.676819">
        <ele>2835.0</ele>
      </trkpt>
      <trkpt lat="37.808582" lon="-107.677734">
        <ele>2837.0</ele>
      </trkpt>
      <trkpt lat="37.808456" lon="-107.678383">
        <ele>2836.0</ele>
      </trkpt>
      <trkpt lat="37.808666" lon="-107.678223">
        <ele>2841.0</ele>
      </trkpt>
      <trkpt lat="37.808842" lon="-107.678406">
        <ele>2847.0</ele>
      </trkpt>
      <trkpt lat="37.808865" lon="-107.679062">
        <ele>2850.0</ele>
      </trkpt>
      <trkpt lat="37.809372" lon="-107.680313">
        <ele>2856.0</ele>
      </trkpt>
      <trkpt lat="37.809803" lon="-107.682228">
        <ele>2855.0</ele>
      </trkpt>
      <trkpt lat="37.809738" lon="-107.682457">
        <ele>2852.0</ele>
      </trkpt>
      <trkpt lat="37.80986" lon="-107.683289">
        <ele>2856.0</ele>
      </trkpt>
      <trkpt lat="37.81023" lon="-107.684494">
        <ele>2859.0</ele>
      </trkpt>
      <trkpt lat="37.810513" lon="-107.684891">
        <ele>2860.0</ele>
      </trkpt>
      <trkpt lat="37.810925" lon="-107.68502">
        <ele>2866.0</ele>
      </trkpt>
      <trkpt lat="37.811192" lon="-107.685417">
        <ele>2860.0</ele>
      </trkpt>
      <trkpt lat="37.811436" lon="-107.685516">
        <ele>2867.0</ele>
      </trkpt>
      <trkpt lat="37.811642" lon="-107.686089">
        <ele>2872.0</ele>
      </trkpt>
      <trkpt lat="37.811577" lon="-107.686676">
        <ele>2865.0</ele>
      </trkpt>
      <trkpt lat="37.811695" lon="-107.687508">
        <ele>2870.0</ele>
      </trkpt>
      <trkpt lat="37.812187" lon="-107.688759">
        <ele>2878.0</ele>
      </trkpt>
      <trkpt lat="37.812813" lon="-107.689697">
        <ele>2891.0</ele>
      </trkpt>
      <trkpt lat="37.812855" lon="-107.690887">
        <ele>2894.0</ele>
      </trkpt>
      <trkpt lat="37.812943" lon="-107.691177">
        <ele>2895.0</ele>
      </trkpt>
      <trkpt lat="37.814117" lon="-107.692085">
        <ele>2903.0</ele>
      </trkpt>
      <trkpt lat="37.81464" lon="-107.692192">
        <ele>2909.0</ele>
      </trkpt>
      <trkpt lat="37.814976" lon="-107.692619">
        <ele>2909.0</ele>
      </trkpt>
      <trkpt lat="37.815037" lon="-107.692993">
        <ele>2909.0</ele>
      </trkpt>
      <trkpt lat="37.814911" lon="-107.693253">
        <ele>2906.0</ele>
      </trkpt>
      <trkpt lat="37.815037" lon="-107.693642">
        <ele>2906.0</ele>
      </trkpt>
      <trkpt lat="37.815243" lon="-107.693787">
        <ele>2909.0</ele>
      </trkpt>
      <trkpt lat="37.815201" lon="-107.693954">
        <ele>2906.0</ele>
      </trkpt>
      <trkpt lat="37.815434" lon="-107.694397">
        <ele>2905.0</ele>
      </trkpt>
      <trkpt lat="37.8153" lon="-107.694695">
        <ele>2898.0</ele>
      </trkpt>
      <trkpt lat="37.815369" lon="-107.694977">
        <ele>2895.0</ele>
      </trkpt>
      <trkpt lat="37.815231" lon="-107.69516">
        <ele>2889.0</ele>
      </trkpt>
      <trkpt lat="37.815247" lon="-107.695602">
        <ele>2877.0</ele>
      </trkpt>
      <trkpt lat="37.815552" lon="-107.695999">
        <ele>2876.0</ele>
      </trkpt>
      <trkpt lat="37.815693" lon="-107.696632">
        <ele>2873.0</ele>
      </trkpt>
      <trkpt lat="37.815533" lon="-107.69754">
        <ele>2869.0</ele>
      </trkpt>
      <trkpt lat="37.815327" lon="-107.697899">
        <ele>2872.0</ele>
      </trkpt>
      <trkpt lat="37.815079" lon="-107.698006">
        <ele>2876.0</ele>
      </trkpt>
      <trkpt lat="37.814705" lon="-107.697861">
        <ele>2881.0</ele>
      </trkpt>
      <trkpt lat="37.813984" lon="-107.698349">
        <ele>2893.0</ele>
      </trkpt>
      <trkpt lat="37.813755" lon="-107.698921">
        <ele>2897.0</ele>
      </trkpt>
      <trkpt lat="37.813217" lon="-107.699364">
        <ele>2904.0</ele>
      </trkpt>
      <trkpt lat="37.81316" lon="-107.699623">
        <ele>2909.0</ele>
      </trkpt>
      <trkpt lat="37.813465" lon="-107.700005">
        <ele>2918.0</ele>
      </trkpt>
      <trkpt lat="37.81358" lon="-107.70034">
        <ele>2923.0</ele>
      </trkpt>
      <trkpt lat="37.813625" lon="-107.701614">
        <ele>2944.0</ele>
      </trkpt>
      <trkpt lat="37.813553" lon="-107.701805">
        <ele>2947.0</ele>
      </trkpt>
      <trkpt lat="37.812904" lon="-107.701958">
        <ele>2960.0</ele>
      </trkpt>
      <trkpt lat="37.812733" lon="-107.702225">
        <ele>2967.0</ele>
      </trkpt>
      <trkpt lat="37.811447" lon="-107.702736">
        <ele>2993.0</ele>
      </trkpt>
      <trkpt lat="37.81044" lon="-107.703911">
        <ele>3015.0</ele>
      </trkpt>
      <trkpt lat="37.809883" lon="-107.703995">
        <ele>3011.0</ele>
      </trkpt>
      <trkpt lat="37.809254" lon="-107.704285">
        <ele>3006.0</ele>
      </trkpt>
      <trkpt lat="37.808926" lon="-107.704559">
        <ele>3010.0</ele>
      </trkpt>
      <trkpt lat="37.808571" lon="-107.705521">
        <ele>3031.0</ele>
      </trkpt>
      <trkpt lat="37.807945" lon="-107.705971">
        <ele>3037.0</ele>
      </trkpt>
      <trkpt lat="37.807816" lon="-107.706306">
        <ele>3041.0</ele>
      </trkpt>
      <trkpt lat="37.807503" lon="-107.706696">
        <ele>3046.0</ele>
      </trkpt>
      <trkpt lat="37.806801" lon="-107.708145">
        <ele>3065.0</ele>
      </trkpt>
      <trkpt lat="37.806362" lon="-107.708733">
        <ele>3073.0</ele>
      </trkpt>
      <trkpt lat="37.805542" lon="-107.708946">
        <ele>3073.0</ele>
      </trkpt>
      <trkpt lat="37.804832" lon="-107.70974">
        <ele>3081.0</ele>
      </trkpt>
      <trkpt lat="37.804001" lon="-107.710014">
        <ele>3077.0</ele>
      </trkpt>
      <trkpt lat="37.803467" lon="-107.710609">
        <ele>3086.0</ele>
      </trkpt>
      <trkpt lat="37.803288" lon="-107.711006">
        <ele>3093.0</ele>
      </trkpt>
      <trkpt lat="37.80299" lon="-107.711227">
        <ele>3088.0</ele>
      </trkpt>
      <trkpt lat="37.802887" lon="-107.711456">
        <ele>3093.0</ele>
      </trkpt>
      <trkpt lat="37.802708" lon="-107.711494">
        <ele>3090.0</ele>
      </trkpt>
      <trkpt lat="37.80265" lon="-107.711685">
        <ele>3097.0</ele>
      </trkpt>
      <trkpt lat="37.802387" lon="-107.711792">
        <ele>3094.0</ele>
      </trkpt>
      <trkpt lat="37.801929" lon="-107.712265">
        <ele>3097.0</ele>
      </trkpt>
      <trkpt lat="37.801647" lon="-107.71273">
        <ele>3104.0</ele>
      </trkpt>
      <trkpt lat="37.80125" lon="-107.712814">
        <ele>3103.0</ele>
      </trkpt>
      <trkpt lat="37.801044" lon="-107.713066">
        <ele>3107.0</ele>
      </trkpt>
      <trkpt lat="37.800793" lon="-107.713699">
        <ele>3116.0</ele>
      </trkpt>
      <trkpt lat="37.800644" lon="-107.713737">
        <ele>3115.0</ele>
      </trkpt>
      <trkpt lat="37.799789" lon="-107.714783">
        <ele>3123.0</ele>
      </trkpt>
      <trkpt lat="37.799614" lon="-107.715134">
        <ele>3129.0</ele>
      </trkpt>
      <trkpt lat="37.799328" lon="-107.715401">
        <ele>3133.0</ele>
      </trkpt>
      <trkpt lat="37.799046" lon="-107.716278">
        <ele>3149.0</ele>
      </trkpt>
      <trkpt lat="37.798519" lon="-107.716789">
        <ele>3156.0</ele>
      </trkpt>
      <trkpt lat="37.798477" lon="-107.716949">
        <ele>3162.0</ele>
      </trkpt>
      <trkpt lat="37.79808" lon="-107.71727">
        <ele>3164.0</ele>
      </trkpt>
      <trkpt lat="37.797962" lon="-107.717636">
        <ele>3176.0</ele>
      </trkpt>
      <trkpt lat="37.797314" lon="-107.718094">
        <ele>3174.0</ele>
      </trkpt>
      <trkpt lat="37.797245" lon="-107.718369">
        <ele>3183.0</ele>
      </trkpt>
      <trkpt lat="37.796841" lon="-107.71862">
        <ele>3188.0</ele>
      </trkpt>
      <trkpt lat="37.79641" lon="-107.719055">
        <ele>3195.0</ele>
      </trkpt>
      <trkpt lat="37.796272" lon="-107.719086">
        <ele>3194.0</ele>
      </trkpt>
      <trkpt lat="37.79583" lon="-107.719658">
        <ele>3213.0</ele>
      </trkpt>
      <trkpt lat="37.795254" lon="-107.720085">
        <ele>3220.0</ele>
      </trkpt>
      <trkpt lat="37.79504" lon="-107.720436">
        <ele>3226.0</ele>
      </trkpt>
      <trkpt lat="37.794308" lon="-107.72113">
        <ele>3246.0</ele>
      </trkpt>
      <trkpt lat="37.793915" lon="-107.721092">
        <ele>3240.0</ele>
      </trkpt>
      <trkpt lat="37.793617" lon="-107.721237">
        <ele>3245.0</ele>
      </trkpt>
      <trkpt lat="37.793453" lon="-107.721497">
        <ele>3254.0</ele>
      </trkpt>
      <trkpt lat="37.79298" lon="-107.721848">
        <ele>3260.0</ele>
      </trkpt>
      <trkpt lat="37.792706" lon="-107.721741">
        <ele>3254.0</ele>
      </trkpt>
      <trkpt lat="37.792347" lon="-107.722122">
        <ele>3277.0</ele>
      </trkpt>
      <trkpt lat="37.792141" lon="-107.722031">
        <ele>3271.0</ele>
      </trkpt>
      <trkpt lat="37.791721" lon="-107.722137">
        <ele>3270.0</ele>
      </trkpt>
      <trkpt lat="37.791584" lon="-107.722298">
        <ele>3277.0</ele>
      </trkpt>
      <trkpt lat="37.790615" lon="-107.722336">
        <ele>3283.0</ele>
      </trkpt>
      <trkpt lat="37.790298" lon="-107.722481">
        <ele>3287.0</ele>
      </trkpt>
      <trkpt lat="37.78931" lon="-107.723579">
        <ele>3323.0</ele>
      </trkpt>
      <trkpt lat="37.788979" lon="-107.723801">
        <ele>3341.0</ele>
      </trkpt>
      <trkpt lat="37.787895" lon="-107.724113">
        <ele>3351.0</ele>
      </trkpt>
      <trkpt lat="37.787418" lon="-107.724106">
        <ele>3341.0</ele>
      </trkpt>
      <trkpt lat="37.785595" lon="-107.72551">
        <ele>3372.0</ele>
      </trkpt>
      <trkpt lat="37.784908" lon="-107.725822">
        <ele>3377.0</ele>
      </trkpt>
      <trkpt lat="37.784801" lon="-107.725967">
        <ele>3382.0</ele>
      </trkpt>
      <trkpt lat="37.784153" lon="-107.726265">
        <ele>3390.0</ele>
      </trkpt>
      <trkpt lat="37.783695" lon="-107.726273">
        <ele>3387.0</ele>
      </trkpt>
      <trkpt lat="37.783234" lon="-107.726089">
        <ele>3378.0</ele>
      </trkpt>
      <trkpt lat="37.782581" lon="-107.726219">
        <ele>3379.0</ele>
      </trkpt>
      <trkpt lat="37.782021" lon="-107.726021">
        <ele>3371.0</ele>
      </trkpt>
      <trkpt lat="37.781956" lon="-107.726204">
        <ele>3376.0</ele>
      </trkpt>
      <trkpt lat="37.781445" lon="-107.72641">
        <ele>3381.0</ele>
      </trkpt>
      <trkpt lat="37.781349" lon="-107.726608">
        <ele>3388.0</ele>
      </trkpt>
      <trkpt lat="37.781219" lon="-107.726471">
        <ele>3383.0</ele>
      </trkpt>
      <trkpt lat="37.780766" lon="-107.726555">
        <ele>3386.0</ele>
      </trkpt>
      <trkpt lat="37.780548" lon="-107.726921">
        <ele>3394.0</ele>
      </trkpt>
      <trkpt lat="37.780277" lon="-107.726974">
        <ele>3393.0</ele>
      </trkpt>
      <trkpt lat="37.780247" lon="-107.727669">
        <ele>3408.0</ele>
      </trkpt>
      <trkpt lat="37.780556" lon="-107.728142">
        <ele>3425.0</ele>
      </trkpt>
      <trkpt lat="37.780579" lon="-107.728386">
        <ele>3432.0</ele>
      </trkpt>
      <trkpt lat="37.78038" lon="-107.728836">
        <ele>3441.0</ele>
      </trkpt>
      <trkpt lat="37.780388" lon="-107.729301">
        <ele>3451.0</ele>
      </trkpt>
      <trkpt lat="37.780537" lon="-107.729408">
        <ele>3456.0</ele>
      </trkpt>
      <trkpt lat="37.780781" lon="-107.730042">
        <ele>3472.0</ele>
      </trkpt>
      <trkpt lat="37.780602" lon="-107.730904">
        <ele>3482.0</ele>
      </trkpt>
      <trkpt lat="37.780357" lon="-107.731041">
        <ele>3478.0</ele>
      </trkpt>
      <trkpt lat="37.779846" lon="-107.730896">
        <ele>3476.0</ele>
      </trkpt>
      <trkpt lat="37.778866" lon="-107.730934">
        <ele>3491.0</ele>
      </trkpt>
      <trkpt lat="37.778664" lon="-107.730766">
        <ele>3495.0</ele>
      </trkpt>
      <trkpt lat="37.778309" lon="-107.729729">
        <ele>3490.0</ele>
      </trkpt>
      <trkpt lat="37.777561" lon="-107.729301">
        <ele>3498.0</ele>
      </trkpt>
      <trkpt lat="37.777271" lon="-107.729324">
        <ele>3508.0</ele>
      </trkpt>
      <trkpt lat="37.776859" lon="-107.729126">
        <ele>3512.0</ele>
      </trkpt>
      <trkpt lat="37.776596" lon="-107.728851">
        <ele>3505.0</ele>
      </trkpt>
      <trkpt lat="37.775299" lon="-107.7285">
        <ele>3521.0</ele>
      </trkpt>
      <trkpt lat="37.773575" lon="-107.727859">
        <ele>3496.0</ele>
      </trkpt>
      <trkpt lat="37.772907" lon="-107.727859">
        <ele>3495.0</ele>
      </trkpt>
      <trkpt lat="37.77169" lon="-107.728394">
        <ele>3511.0</ele>
      </trkpt>
      <trkpt lat="37.771355" lon="-107.728271">
        <ele>3507.0</ele>
      </trkpt>
      <trkpt lat="37.770458" lon="-107.728638">
        <ele>3516.0</ele>
      </trkpt>
      <trkpt lat="37.769714" lon="-107.728386">
        <ele>3506.0</ele>
      </trkpt>
      <trkpt lat="37.769424" lon="-107.728531">
        <ele>3508.0</ele>
      </trkpt>
      <trkpt lat="37.767082" lon="-107.728531">
        <ele>3516.0</ele>
      </trkpt>
      <trkpt lat="37.766624" lon="-107.728729">
        <ele>3520.0</ele>
      </trkpt>
      <trkpt lat="37.766235" lon="-107.729652">
        <ele>3514.0</ele>
      </trkpt>
      <trkpt lat="37.766266" lon="-107.731682">
        <ele>3529.0</ele>
      </trkpt>
      <trkpt lat="37.766113" lon="-107.732468">
        <ele>3527.0</ele>
      </trkpt>
      <trkpt lat="37.766167" lon="-107.732643">
        <ele>3529.0</ele>
      </trkpt>
      <trkpt lat="37.765945" lon="-107.733459">
        <ele>3534.0</ele>
      </trkpt>
      <trkpt lat="37.765934" lon="-107.73381">
        <ele>3541.0</ele>
      </trkpt>
      <trkpt lat="37.765266" lon="-107.734398">
        <ele>3544.0</ele>
      </trkpt>
      <trkpt lat="37.764938" lon="-107.735146">
        <ele>3547.0</ele>
      </trkpt>
      <trkpt lat="37.764805" lon="-107.73587">
        <ele>3548.0</ele>
      </trkpt>
      <trkpt lat="37.764347" lon="-107.736855">
        <ele>3531.0</ele>
      </trkpt>
      <trkpt lat="37.764362" lon="-107.737152">
        <ele>3532.0</ele>
      </trkpt>
      <trkpt lat="37.762825" lon="-107.739494">
        <ele>3522.0</ele>
      </trkpt>
      <trkpt lat="37.762726" lon="-107.739822">
        <ele>3522.0</ele>
      </trkpt>
      <trkpt lat="37.762268" lon="-107.740524">
        <ele>3525.0</ele>
      </trkpt>
      <trkpt lat="37.761513" lon="-107.741104">
        <ele>3518.0</ele>
      </trkpt>
      <trkpt lat="37.761379" lon="-107.741318">
        <ele>3517.0</ele>
      </trkpt>
      <trkpt lat="37.761276" lon="-107.742371">
        <ele>3516.0</ele>
      </trkpt>
      <trkpt lat="37.761375" lon="-107.742699">
        <ele>3517.0</ele>
      </trkpt>
      <trkpt lat="37.761852" lon="-107.743233">
        <ele>3525.0</ele>
      </trkpt>
      <trkpt lat="37.762447" lon="-107.743309">
        <ele>3536.0</ele>
      </trkpt>
      <trkpt lat="37.762562" lon="-107.743439">
        <ele>3535.0</ele>
      </trkpt>
      <trkpt lat="37.763618" lon="-107.743813">
        <ele>3537.0</ele>
      </trkpt>
      <trkpt lat="37.763927" lon="-107.744034">
        <ele>3531.0</ele>
      </trkpt>
      <trkpt lat="37.764412" lon="-107.744133">
        <ele>3524.0</ele>
      </trkpt>
      <trkpt lat="37.764935" lon="-107.744057">
        <ele>3519.0</ele>
      </trkpt>
      <trkpt lat="37.76519" lon="-107.744316">
        <ele>3523.0</ele>
      </trkpt>
      <trkpt lat="37.765148" lon="-107.744682">
        <ele>3518.0</ele>
      </trkpt>
      <trkpt lat="37.765499" lon="-107.747238">
        <ele>3510.0</ele>
      </trkpt>
      <trkpt lat="37.765945" lon="-107.747734">
        <ele>3513.0</ele>
      </trkpt>
      <trkpt lat="37.766342" lon="-107.747917">
        <ele>3518.0</ele>
      </trkpt>
      <trkpt lat="37.766884" lon="-107.748611">
        <ele>3516.0</ele>
      </trkpt>
      <trkpt lat="37.767185" lon="-107.74884">
        <ele>3525.0</ele>
      </trkpt>
      <trkpt lat="37.767269" lon="-107.749214">
        <ele>3523.0</ele>
      </trkpt>
      <trkpt lat="37.767529" lon="-107.749603">
        <ele>3521.0</ele>
      </trkpt>
      <trkpt lat="37.767597" lon="-107.749886">
        <ele>3518.0</ele>
      </trkpt>
      <trkpt lat="37.767822" lon="-107.750168">
        <ele>3519.0</ele>
      </trkpt>
      <trkpt lat="37.768349" lon="-107.750412">
        <ele>3528.0</ele>
      </trkpt>
      <trkpt lat="37.76844" lon="-107.75103">
        <ele>3517.0</ele>
      </trkpt>
      <trkpt lat="37.768951" lon="-107.751732">
        <ele>3517.0</ele>
      </trkpt>
      <trkpt lat="37.769363" lon="-107.75296">
        <ele>3495.0</ele>
      </trkpt>
      <trkpt lat="37.769398" lon="-107.753593">
        <ele>3488.0</ele>
      </trkpt>
      <trkpt lat="37.769329" lon="-107.75367">
        <ele>3486.0</ele>
      </trkpt>
      <trkpt lat="37.769028" lon="-107.753502">
        <ele>3481.0</ele>
      </trkpt>
      <trkpt lat="37.768539" lon="-107.75502">
        <ele>3473.0</ele>
      </trkpt>
      <trkpt lat="37.768532" lon="-107.755028">
        <ele>3473.0</ele>
      </trkpt>
      <trkpt lat="37.768513" lon="-107.755089">
        <ele>3475.0</ele>
      </trkpt>
      <trkpt lat="37.768082" lon="-107.755272">
        <ele>3475.0</ele>
      </trkpt>
      <trkpt lat="37.766586" lon="-107.755478">
        <ele>3464.0</ele>
      </trkpt>
      <trkpt lat="37.766411" lon="-107.755653">
        <ele>3470.0</ele>
      </trkpt>
      <trkpt lat="37.765621" lon="-107.755966">
        <ele>3464.0</ele>
      </trkpt>
      <trkpt lat="37.764198" lon="-107.756775">
        <ele>3473.0</ele>
      </trkpt>
      <trkpt lat="37.763363" lon="-107.757057">
        <ele>3466.0</ele>
      </trkpt>
      <trkpt lat="37.762371" lon="-107.757797">
        <ele>3460.0</ele>
      </trkpt>
      <trkpt lat="37.76152" lon="-107.758194">
        <ele>3462.0</ele>
      </trkpt>
      <trkpt lat="37.761375" lon="-107.758469">
        <ele>3464.0</ele>
      </trkpt>
      <trkpt lat="37.761475" lon="-107.75914">
        <ele>3458.0</ele>
      </trkpt>
      <trkpt lat="37.762119" lon="-107.760437">
        <ele>3462.0</ele>
      </trkpt>
      <trkpt lat="37.763123" lon="-107.761932">
        <ele>3466.0</ele>
      </trkpt>
      <trkpt lat="37.763454" lon="-107.762215">
        <ele>3475.0</ele>
      </trkpt>
      <trkpt lat="37.763824" lon="-107.762848">
        <ele>3474.0</ele>
      </trkpt>
      <trkpt lat="37.764557" lon="-107.763184">
        <ele>3490.0</ele>
      </trkpt>
      <trkpt lat="37.764774" lon="-107.763664">
        <ele>3485.0</ele>
      </trkpt>
      <trkpt lat="37.765419" lon="-107.764107">
        <ele>3489.0</ele>
      </trkpt>
      <trkpt lat="37.765739" lon="-107.76413">
        <ele>3507.0</ele>
      </trkpt>
      <trkpt lat="37.765671" lon="-107.764626">
        <ele>3501.0</ele>
      </trkpt>
      <trkpt lat="37.765743" lon="-107.764725">
        <ele>3503.0</ele>
      </trkpt>
      <trkpt lat="37.765743" lon="-107.76561">
        <ele>3500.0</ele>
      </trkpt>
      <trkpt lat="37.765846" lon="-107.765793">
        <ele>3508.0</ele>
      </trkpt>
      <trkpt lat="37.765701" lon="-107.765968">
        <ele>3504.0</ele>
      </trkpt>
      <trkpt lat="37.765621" lon="-107.766747">
        <ele>3513.0</ele>
      </trkpt>
      <trkpt lat="37.765488" lon="-107.767143">
        <ele>3508.0</ele>
      </trkpt>
      <trkpt lat="37.765675" lon="-107.767525">
        <ele>3513.0</ele>
      </trkpt>
      <trkpt lat="37.765785" lon="-107.76828">
        <ele>3515.0</ele>
      </trkpt>
      <trkpt lat="37.765747" lon="-107.769295">
        <ele>3515.0</ele>
      </trkpt>
      <trkpt lat="37.76561" lon="-107.769661">
        <ele>3520.0</ele>
      </trkpt>
      <trkpt lat="37.764599" lon="-107.770744">
        <ele>3502.0</ele>
      </trkpt>
      <trkpt lat="37.764542" lon="-107.772141">
        <ele>3498.0</ele>
      </trkpt>
      <trkpt lat="37.764763" lon="-107.77282">
        <ele>3495.0</ele>
      </trkpt>
      <trkpt lat="37.765472" lon="-107.773026">
        <ele>3507.0</ele>
      </trkpt>
      <trkpt lat="37.766289" lon="-107.773598">
        <ele>3522.0</ele>
      </trkpt>
      <trkpt lat="37.76651" lon="-107.774231">
        <ele>3525.0</ele>
      </trkpt>
      <trkpt lat="37.766487" lon="-107.774673">
        <ele>3527.0</ele>
      </trkpt>
      <trkpt lat="37.764927" lon="-107.776764">
        <ele>3533.0</ele>
      </trkpt>
      <trkpt lat="37.764648" lon="-107.776894">
        <ele>3526.0</ele>
      </trkpt>
      <trkpt lat="37.76469" lon="-107.777519">
        <ele>3525.0</ele>
      </trkpt>
      <trkpt lat="37.764427" lon="-107.778435">
        <ele>3512.0</ele>
      </trkpt>
      <trkpt lat="37.764286" lon="-107.778656">
        <ele>3511.0</ele>
      </trkpt>
      <trkpt lat="37.764301" lon="-107.778877">
        <ele>3514.0</ele>
      </trkpt>
      <trkpt lat="37.764153" lon="-107.779144">
        <ele>3514.0</ele>
      </trkpt>
      <trkpt lat="37.763432" lon="-107.779732">
        <ele>3527.0</ele>
      </trkpt>
      <trkpt lat="37.76284" lon="-107.779984">
        <ele>3536.0</ele>
      </trkpt>
      <trkpt lat="37.762516" lon="-107.779831">
        <ele>3527.0</ele>
      </trkpt>
      <trkpt lat="37.762459" lon="-107.780426">
        <ele>3541.0</ele>
      </trkpt>
      <trkpt lat="37.76194" lon="-107.781662">
        <ele>3546.0</ele>
      </trkpt>
      <trkpt lat="37.761734" lon="-107.783394">
        <ele>3568.0</ele>
      </trkpt>
      <trkpt lat="37.761532" lon="-107.784058">
        <ele>3576.0</ele>
      </trkpt>
      <trkpt lat="37.760303" lon="-107.785667">
        <ele>3599.0</ele>
      </trkpt>
      <trkpt lat="37.759789" lon="-107.787033">
        <ele>3618.0</ele>
      </trkpt>
      <trkpt lat="37.758995" lon="-107.788483">
        <ele>3630.0</ele>
      </trkpt>
      <trkpt lat="37.758327" lon="-107.789146">
        <ele>3633.0</ele>
      </trkpt>
      <trkpt lat="37.758026" lon="-107.789841">
        <ele>3643.0</ele>
      </trkpt>
      <trkpt lat="37.757706" lon="-107.79023">
        <ele>3643.0</ele>
      </trkpt>
      <trkpt lat="37.757038" lon="-107.791679">
        <ele>3638.0</ele>
      </trkpt>
      <trkpt lat="37.756927" lon="-107.792252">
        <ele>3635.0</ele>
      </trkpt>
      <trkpt lat="37.756626" lon="-107.792664">
        <ele>3633.0</ele>
      </trkpt>
      <trkpt lat="37.756214" lon="-107.793625">
        <ele>3628.0</ele>
      </trkpt>
      <trkpt lat="37.75602" lon="-107.794662">
        <ele>3618.0</ele>
      </trkpt>
      <trkpt lat="37.756054" lon="-107.795357">
        <ele>3619.0</ele>
      </trkpt>
      <trkpt lat="37.755898" lon="-107.796165">
        <ele>3621.0</ele>
      </trkpt>
      <trkpt lat="37.755207" lon="-107.797081">
        <ele>3621.0</ele>
      </trkpt>
      <trkpt lat="37.755104" lon="-107.797073">
        <ele>3622.0</ele>
      </trkpt>
      <trkpt lat="37.754135" lon="-107.798286">
        <ele>3622.0</ele>
      </trkpt>
      <trkpt lat="37.75333" lon="-107.799057">
        <ele>3632.0</ele>
      </trkpt>
      <trkpt lat="37.752579" lon="-107.799973">
        <ele>3635.0</ele>
      </trkpt>
      <trkpt lat="37.75246" lon="-107.800255">
        <ele>3639.0</ele>
      </trkpt>
      <trkpt lat="37.752117" lon="-107.800415">
        <ele>3643.0</ele>
      </trkpt>
      <trkpt lat="37.75172" lon="-107.801109">
        <ele>3646.0</ele>
      </trkpt>
      <trkpt lat="37.751762" lon="-107.801491">
        <ele>3648.0</ele>
      </trkpt>
      <trkpt lat="37.75069" lon="-107.802673">
        <ele>3663.0</ele>
      </trkpt>
      <trkpt lat="37.750507" lon="-107.803108">
        <ele>3668.0</ele>
      </trkpt>
      <trkpt lat="37.750038" lon="-107.803513">
        <ele>3669.0</ele>
      </trkpt>
      <trkpt lat="37.749714" lon="-107.803619">
        <ele>3669.0</ele>
      </trkpt>
      <trkpt lat="37.748974" lon="-107.803627">
        <ele>3669.0</ele>
      </trkpt>
      <trkpt lat="37.748325" lon="-107.803947">
        <ele>3680.0</ele>
      </trkpt>
      <trkpt lat="37.747971" lon="-107.80442">
        <ele>3688.0</ele>
      </trkpt>
      <trkpt lat="37.746822" lon="-107.804932">
        <ele>3692.0</ele>
      </trkpt>
      <trkpt lat="37.74646" lon="-107.80526">
        <ele>3696.0</ele>
      </trkpt>
      <trkpt lat="37.747341" lon="-107.80542">
        <ele>3700.0</ele>
      </trkpt>
      <trkpt lat="37.747585" lon="-107.806015">
        <ele>3706.0</ele>
      </trkpt>
      <trkpt lat="37.747669" lon="-107.806023">
        <ele>3706.0</ele>
      </trkpt>
      <trkpt lat="37.747715" lon="-107.806435">
        <ele>3709.0</ele>
      </trkpt>
      <trkpt lat="37.747856" lon="-107.806747">
        <ele>3711.0</ele>
      </trkpt>
      <trkpt lat="37.748772" lon="-107.807777">
        <ele>3719.0</ele>
      </trkpt>
      <trkpt lat="37.750237" lon="-107.809006">
        <ele>3723.0</ele>
      </trkpt>
      <trkpt lat="37.750351" lon="-107.809204">
        <ele>3721.0</ele>
      </trkpt>
      <trkpt lat="37.750454" lon="-107.810379">
        <ele>3726.0</ele>
      </trkpt>
      <trkpt lat="37.750725" lon="-107.81086">
        <ele>3726.0</ele>
      </trkpt>
      <trkpt lat="37.750862" lon="-107.811768">
        <ele>3727.0</ele>
      </trkpt>
      <trkpt lat="37.751053" lon="-107.812294">
        <ele>3730.0</ele>
      </trkpt>
      <trkpt lat="37.751396" lon="-107.812546">
        <ele>3734.0</ele>
      </trkpt>
      <trkpt lat="37.751347" lon="-107.812805">
        <ele>3739.0</ele>
      </trkpt>
      <trkpt lat="37.751408" lon="-107.812874">
        <ele>3739.0</ele>
      </trkpt>
      <trkpt lat="37.75124" lon="-107.813095">
        <ele>3745.0</ele>
      </trkpt>
      <trkpt lat="37.751305" lon="-107.813232">
        <ele>3745.0</ele>
      </trkpt>
      <trkpt lat="37.750866" lon="-107.814743">
        <ele>3757.0</ele>
      </trkpt>
      <trkpt lat="37.750874" lon="-107.815598">
        <ele>3768.0</ele>
      </trkpt>
      <trkpt lat="37.751369" lon="-107.815971">
        <ele>3772.0</ele>
      </trkpt>
      <trkpt lat="37.750767" lon="-107.816101">
        <ele>3782.0</ele>
      </trkpt>
      <trkpt lat="37.750328" lon="-107.816322">
        <ele>3791.0</ele>
      </trkpt>
      <trkpt lat="37.749596" lon="-107.816406">
        <ele>3797.0</ele>
      </trkpt>
      <trkpt lat="37.749298" lon="-107.81678">
        <ele>3807.0</ele>
      </trkpt>
      <trkpt lat="37.749382" lon="-107.817726">
        <ele>3791.0</ele>
      </trkpt>
      <trkpt lat="37.748837" lon="-107.8172">
        <ele>3779.0</ele>
      </trkpt>
      <trkpt lat="37.749306" lon="-107.818451">
        <ele>3773.0</ele>
      </trkpt>
      <trkpt lat="37.74934" lon="-107.819008">
        <ele>3762.0</ele>
      </trkpt>
      <trkpt lat="37.749058" lon="-107.818665">
        <ele>3754.0</ele>
      </trkpt>
      <trkpt lat="37.7491" lon="-107.81974">
        <ele>3735.0</ele>
      </trkpt>
      <trkpt lat="37.748962" lon="-107.819817">
        <ele>3729.0</ele>
      </trkpt>
      <trkpt lat="37.748764" lon="-107.819633">
        <ele>3727.0</ele>
      </trkpt>
      <trkpt lat="37.748627" lon="-107.819191">
        <ele>3729.0</ele>
      </trkpt>
      <trkpt lat="37.748184" lon="-107.818939">
        <ele>3719.0</ele>
      </trkpt>
      <trkpt lat="37.747589" lon="-107.81971">
        <ele>3696.0</ele>
      </trkpt>
      <trkpt lat="37.747318" lon="-107.819878">
        <ele>3693.0</ele>
      </trkpt>
      <trkpt lat="37.746628" lon="-107.820648">
        <ele>3680.0</ele>
      </trkpt>
      <trkpt lat="37.746254" lon="-107.821434">
        <ele>3671.0</ele>
      </trkpt>
      <trkpt lat="37.74604" lon="-107.822212">
        <ele>3661.0</ele>
      </trkpt>
      <trkpt lat="37.746082" lon="-107.822449">
        <ele>3657.0</ele>
      </trkpt>
      <trkpt lat="37.745975" lon="-107.822464">
        <ele>3658.0</ele>
      </trkpt>
      <trkpt lat="37.745781" lon="-107.821945">
        <ele>3662.0</ele>
      </trkpt>
      <trkpt lat="37.74577" lon="-107.822365">
        <ele>3658.0</ele>
      </trkpt>
      <trkpt lat="37.745945" lon="-107.823166">
        <ele>3642.0</ele>
      </trkpt>
      <trkpt lat="37.746334" lon="-107.82402">
        <ele>3628.0</ele>
      </trkpt>
      <trkpt lat="37.7463" lon="-107.824776">
        <ele>3618.0</ele>
      </trkpt>
      <trkpt lat="37.746105" lon="-107.824257">
        <ele>3622.0</ele>
      </trkpt>
      <trkpt lat="37.745964" lon="-107.82412">
        <ele>3617.0</ele>
      </trkpt>
      <trkpt lat="37.745399" lon="-107.824638">
        <ele>3596.0</ele>
      </trkpt>
      <trkpt lat="37.745018" lon="-107.825394">
        <ele>3589.0</ele>
      </trkpt>
      <trkpt lat="37.744877" lon="-107.8255">
        <ele>3589.0</ele>
      </trkpt>
      <trkpt lat="37.74474" lon="-107.825836">
        <ele>3588.0</ele>
      </trkpt>
      <trkpt lat="37.744705" lon="-107.826561">
        <ele>3578.0</ele>
      </trkpt>
      <trkpt lat="37.744583" lon="-107.826614">
        <ele>3577.0</ele>
      </trkpt>
      <trkpt lat="37.744484" lon="-107.827141">
        <ele>3571.0</ele>
      </trkpt>
      <trkpt lat="37.743996" lon="-107.828148">
        <ele>3563.0</ele>
      </trkpt>
      <trkpt lat="37.743999" lon="-107.828552">
        <ele>3561.0</ele>
      </trkpt>
      <trkpt lat="37.743584" lon="-107.830238">
        <ele>3545.0</ele>
      </trkpt>
      <trkpt lat="37.743546" lon="-107.830902">
        <ele>3537.0</ele>
      </trkpt>
      <trkpt lat="37.742672" lon="-107.8311">
        <ele>3523.0</ele>
      </trkpt>
      <trkpt lat="37.742046" lon="-107.832443">
        <ele>3504.0</ele>
      </trkpt>
      <trkpt lat="37.741562" lon="-107.832863">
        <ele>3493.0</ele>
      </trkpt>
      <trkpt lat="37.741348" lon="-107.832893">
        <ele>3489.0</ele>
      </trkpt>
      <trkpt lat="37.741825" lon="-107.833641">
        <ele>3492.0</ele>
      </trkpt>
      <trkpt lat="37.74194" lon="-107.83429">
        <ele>3501.0</ele>
      </trkpt>
      <trkpt lat="37.74181" lon="-107.83519">
        <ele>3490.0</ele>
      </trkpt>
      <trkpt lat="37.741848" lon="-107.835876">
        <ele>3489.0</ele>
      </trkpt>
      <trkpt lat="37.741665" lon="-107.836792">
        <ele>3478.0</ele>
      </trkpt>
      <trkpt lat="37.741325" lon="-107.83744">
        <ele>3465.0</ele>
      </trkpt>
      <trkpt lat="37.740967" lon="-107.839073">
        <ele>3453.0</ele>
      </trkpt>
      <trkpt lat="37.740921" lon="-107.839813">
        <ele>3450.0</ele>
      </trkpt>
      <trkpt lat="37.740856" lon="-107.8395">
        <ele>3444.0</ele>
      </trkpt>
      <trkpt lat="37.740639" lon="-107.839211">
        <ele>3436.0</ele>
      </trkpt>
      <trkpt lat="37.740475" lon="-107.839172">
        <ele>3430.0</ele>
      </trkpt>
      <trkpt lat="37.74028" lon="-107.840294">
        <ele>3423.0</ele>
      </trkpt>
      <trkpt lat="37.740402" lon="-107.84111">
        <ele>3417.0</ele>
      </trkpt>
      <trkpt lat="37.740528" lon="-107.841331">
        <ele>3417.0</ele>
      </trkpt>
      <trkpt lat="37.740456" lon="-107.841637">
        <ele>3409.0</ele>
      </trkpt>
      <trkpt lat="37.739655" lon="-107.842178">
        <ele>3396.0</ele>
      </trkpt>
      <trkpt lat="37.73941" lon="-107.842079">
        <ele>3399.0</ele>
      </trkpt>
      <trkpt lat="37.739101" lon="-107.840637">
        <ele>3399.0</ele>
      </trkpt>
      <trkpt lat="37.738979" lon="-107.841576">
        <ele>3394.0</ele>
      </trkpt>
      <trkpt lat="37.738987" lon="-107.842766">
        <ele>3374.0</ele>
      </trkpt>
      <trkpt lat="37.73877" lon="-107.842033">
        <ele>3381.0</ele>
      </trkpt>
      <trkpt lat="37.738689" lon="-107.842445">
        <ele>3371.0</ele>
      </trkpt>
      <trkpt lat="37.73875" lon="-107.842926">
        <ele>3364.0</ele>
      </trkpt>
      <trkpt lat="37.739063" lon="-107.843567">
        <ele>3348.0</ele>
      </trkpt>
      <trkpt lat="37.739307" lon="-107.843758">
        <ele>3351.0</ele>
      </trkpt>
      <trkpt lat="37.739494" lon="-107.844147">
        <ele>3344.0</ele>
      </trkpt>
      <trkpt lat="37.740982" lon="-107.845528">
        <ele>3326.0</ele>
      </trkpt>
      <trkpt lat="37.741032" lon="-107.845695">
        <ele>3320.0</ele>
      </trkpt>
      <trkpt lat="37.741295" lon="-107.845688">
        <ele>3329.0</ele>
      </trkpt>
      <trkpt lat="37.741508" lon="-107.846001">
        <ele>3323.0</ele>
      </trkpt>
      <trkpt lat="37.741795" lon="-107.846008">
        <ele>3323.0</ele>
      </trkpt>
      <trkpt lat="37.742146" lon="-107.845856">
        <ele>3325.0</ele>
      </trkpt>
      <trkpt lat="37.74268" lon="-107.845879">
        <ele>3318.0</ele>
      </trkpt>
      <trkpt lat="37.743202" lon="-107.845718">
        <ele>3319.0</ele>
      </trkpt>
      <trkpt lat="37.743221" lon="-107.84581">
        <ele>3316.0</ele>
      </trkpt>
      <trkpt lat="37.745125" lon="-107.845901">
        <ele>3325.0</ele>
      </trkpt>
      <trkpt lat="37.745621" lon="-107.846153">
        <ele>3334.0</ele>
      </trkpt>
      <trkpt lat="37.745907" lon="-107.846443">
        <ele>3346.0</ele>
      </trkpt>
      <trkpt lat="37.745975" lon="-107.846786">
        <ele>3343.0</ele>
      </trkpt>
      <trkpt lat="37.745903" lon="-107.847137">
        <ele>3330.0</ele>
      </trkpt>
      <trkpt lat="37.746113" lon="-107.847366">
        <ele>3326.0</ele>
      </trkpt>
      <trkpt lat="37.746532" lon="-107.847481">
        <ele>3332.0</ele>
      </trkpt>
      <trkpt lat="37.747028" lon="-107.847908">
        <ele>3321.0</ele>
      </trkpt>
      <trkpt lat="37.746941" lon="-107.848061">
        <ele>3313.0</ele>
      </trkpt>
      <trkpt lat="37.747036" lon="-107.848358">
        <ele>3309.0</ele>
      </trkpt>
      <trkpt lat="37.746803" lon="-107.848671">
        <ele>3319.0</ele>
      </trkpt>
      <trkpt lat="37.745987" lon="-107.849068">
        <ele>3331.0</ele>
      </trkpt>
      <trkpt lat="37.744896" lon="-107.849281">
        <ele>3312.0</ele>
      </trkpt>
      <trkpt lat="37.744869" lon="-107.849434">
        <ele>3319.0</ele>
      </trkpt>
      <trkpt lat="37.74453" lon="-107.849777">
        <ele>3311.0</ele>
      </trkpt>
      <trkpt lat="37.744316" lon="-107.850349">
        <ele>3312.0</ele>
      </trkpt>
      <trkpt lat="37.743855" lon="-107.850609">
        <ele>3301.0</ele>
      </trkpt>
      <trkpt lat="37.742641" lon="-107.85083">
        <ele>3298.0</ele>
      </trkpt>
      <trkpt lat="37.741989" lon="-107.851219">
        <ele>3307.0</ele>
      </trkpt>
      <trkpt lat="37.741619" lon="-107.851158">
        <ele>3301.0</ele>
      </trkpt>
      <trkpt lat="37.740902" lon="-107.851624">
        <ele>3316.0</ele>
      </trkpt>
      <trkpt lat="37.740734" lon="-107.851624">
        <ele>3315.0</ele>
      </trkpt>
      <trkpt lat="37.740368" lon="-107.851913">
        <ele>3326.0</ele>
      </trkpt>
      <trkpt lat="37.738956" lon="-107.85231">
        <ele>3339.0</ele>
      </trkpt>
      <trkpt lat="37.738075" lon="-107.852249">
        <ele>3339.0</ele>
      </trkpt>
      <trkpt lat="37.736996" lon="-107.852379">
        <ele>3347.0</ele>
      </trkpt>
      <trkpt lat="37.735928" lon="-107.852341">
        <ele>3353.0</ele>
      </trkpt>
      <trkpt lat="37.734905" lon="-107.852112">
        <ele>3351.0</ele>
      </trkpt>
      <trkpt lat="37.734531" lon="-107.851875">
        <ele>3342.0</ele>
      </trkpt>
      <trkpt lat="37.734161" lon="-107.85186">
        <ele>3343.0</ele>
      </trkpt>
      <trkpt lat="37.732903" lon="-107.852509">
        <ele>3376.0</ele>
      </trkpt>
      <trkpt lat="37.731705" lon="-107.852661">
        <ele>3379.0</ele>
      </trkpt>
      <trkpt lat="37.731022" lon="-107.85305">
        <ele>3384.0</ele>
      </trkpt>
      <trkpt lat="37.730595" lon="-107.853622">
        <ele>3396.0</ele>
      </trkpt>
      <trkpt lat="37.729996" lon="-107.853989">
        <ele>3401.0</ele>
      </trkpt>
      <trkpt lat="37.72876" lon="-107.854469">
        <ele>3398.0</ele>
      </trkpt>
      <trkpt lat="37.728474" lon="-107.854698">
        <ele>3401.0</ele>
      </trkpt>
      <trkpt lat="37.728138" lon="-107.85524">
        <ele>3402.0</ele>
      </trkpt>
      <trkpt lat="37.728531" lon="-107.856544">
        <ele>3404.0</ele>
      </trkpt>
      <trkpt lat="37.728981" lon="-107.857552">
        <ele>3412.0</ele>
      </trkpt>
      <trkpt lat="37.729111" lon="-107.858902">
        <ele>3412.0</ele>
      </trkpt>
      <trkpt lat="37.729431" lon="-107.860413">
        <ele>3409.0</ele>
      </trkpt>
      <trkpt lat="37.729885" lon="-107.861923">
        <ele>3412.0</ele>
      </trkpt>
      <trkpt lat="37.729836" lon="-107.862068">
        <ele>3407.0</ele>
      </trkpt>
      <trkpt lat="37.730026" lon="-107.863251">
        <ele>3409.0</ele>
      </trkpt>
      <trkpt lat="37.730011" lon="-107.863792">
        <ele>3404.0</ele>
      </trkpt>
      <trkpt lat="37.730114" lon="-107.86409">
        <ele>3408.0</ele>
      </trkpt>
      <trkpt lat="37.730095" lon="-107.864731">
        <ele>3405.0</ele>
      </trkpt>
      <trkpt lat="37.729935" lon="-107.865097">
        <ele>3399.0</ele>
      </trkpt>
      <trkpt lat="37.729988" lon="-107.865425">
        <ele>3402.0</ele>
      </trkpt>
      <trkpt lat="37.729912" lon="-107.86586">
        <ele>3400.0</ele>
      </trkpt>
      <trkpt lat="37.729958" lon="-107.866127">
        <ele>3400.0</ele>
      </trkpt>
      <trkpt lat="37.729763" lon="-107.866035">
        <ele>3397.0</ele>
      </trkpt>
      <trkpt lat="37.729839" lon="-107.86628">
        <ele>3402.0</ele>
      </trkpt>
      <trkpt lat="37.729412" lon="-107.865868">
        <ele>3402.0</ele>
      </trkpt>
      <trkpt lat="37.728409" lon="-107.864258">
        <ele>3414.0</ele>
      </trkpt>
      <trkpt lat="37.727921" lon="-107.863823">
        <ele>3421.0</ele>
      </trkpt>
      <trkpt lat="37.727539" lon="-107.863754">
        <ele>3429.0</ele>
      </trkpt>
      <trkpt lat="37.72739" lon="-107.864098">
        <ele>3432.0</ele>
      </trkpt>
      <trkpt lat="37.726849" lon="-107.863647">
        <ele>3425.0</ele>
      </trkpt>
      <trkpt lat="37.726372" lon="-107.863693">
        <ele>3432.0</ele>
      </trkpt>
      <trkpt lat="37.725082" lon="-107.862396">
        <ele>3444.0</ele>
      </trkpt>
      <trkpt lat="37.724331" lon="-107.861877">
        <ele>3456.0</ele>
      </trkpt>
      <trkpt lat="37.723507" lon="-107.861633">
        <ele>3470.0</ele>
      </trkpt>
      <trkpt lat="37.723026" lon="-107.861641">
        <ele>3477.0</ele>
      </trkpt>
      <trkpt lat="37.722763" lon="-107.861801">
        <ele>3476.0</ele>
      </trkpt>
      <trkpt lat="37.722847" lon="-107.861748">
        <ele>3477.0</ele>
      </trkpt>
      <trkpt lat="37.721996" lon="-107.864677">
        <ele>3487.0</ele>
      </trkpt>
      <trkpt lat="37.721802" lon="-107.864975">
        <ele>3478.0</ele>
      </trkpt>
      <trkpt lat="37.721485" lon="-107.865105">
        <ele>3475.0</ele>
      </trkpt>
      <trkpt lat="37.720833" lon="-107.864983">
        <ele>3482.0</ele>
      </trkpt>
      <trkpt lat="37.720428" lon="-107.865089">
        <ele>3495.0</ele>
      </trkpt>
      <trkpt lat="37.720093" lon="-107.865028">
        <ele>3497.0</ele>
      </trkpt>
      <trkpt lat="37.719566" lon="-107.865364">
        <ele>3498.0</ele>
      </trkpt>
      <trkpt lat="37.719116" lon="-107.865074">
        <ele>3499.0</ele>
      </trkpt>
      <trkpt lat="37.718967" lon="-107.865097">
        <ele>3504.0</ele>
      </trkpt>
      <trkpt lat="37.718586" lon="-107.864731">
        <ele>3506.0</ele>
      </trkpt>
      <trkpt lat="37.717716" lon="-107.864288">
        <ele>3504.0</ele>
      </trkpt>
      <trkpt lat="37.717529" lon="-107.864342">
        <ele>3508.0</ele>
      </trkpt>
      <trkpt lat="37.716816" lon="-107.864182">
        <ele>3524.0</ele>
      </trkpt>
      <trkpt lat="37.716545" lon="-107.864296">
        <ele>3536.0</ele>
      </trkpt>
      <trkpt lat="37.71579" lon="-107.86554">
        <ele>3551.0</ele>
      </trkpt>
      <trkpt lat="37.715748" lon="-107.865936">
        <ele>3553.0</ele>
      </trkpt>
      <trkpt lat="37.715836" lon="-107.866623">
        <ele>3553.0</ele>
      </trkpt>
      <trkpt lat="37.71566" lon="-107.867958">
        <ele>3552.0</ele>
      </trkpt>
      <trkpt lat="37.715153" lon="-107.868744">
        <ele>3553.0</ele>
      </trkpt>
      <trkpt lat="37.714832" lon="-107.869568">
        <ele>3562.0</ele>
      </trkpt>
      <trkpt lat="37.714771" lon="-107.870369">
        <ele>3567.0</ele>
      </trkpt>
      <trkpt lat="37.715267" lon="-107.872498">
        <ele>3561.0</ele>
      </trkpt>
      <trkpt lat="37.715309" lon="-107.873314">
        <ele>3560.0</ele>
      </trkpt>
      <trkpt lat="37.71521" lon="-107.873451">
        <ele>3558.0</ele>
      </trkpt>
      <trkpt lat="37.715153" lon="-107.874092">
        <ele>3554.0</ele>
      </trkpt>
      <trkpt lat="37.715214" lon="-107.87426">
        <ele>3556.0</ele>
      </trkpt>
      <trkpt lat="37.715084" lon="-107.874901">
        <ele>3558.0</ele>
      </trkpt>
      <trkpt lat="37.714844" lon="-107.875473">
        <ele>3554.0</ele>
      </trkpt>
      <trkpt lat="37.714874" lon="-107.875885">
        <ele>3557.0</ele>
      </trkpt>
      <trkpt lat="37.714512" lon="-107.876961">
        <ele>3562.0</ele>
      </trkpt>
      <trkpt lat="37.713516" lon="-107.878792">
        <ele>3575.0</ele>
      </trkpt>
      <trkpt lat="37.713444" lon="-107.87957">
        <ele>3587.0</ele>
      </trkpt>
      <trkpt lat="37.713886" lon="-107.879791">
        <ele>3586.0</ele>
      </trkpt>
      <trkpt lat="37.714787" lon="-107.879585">
        <ele>3582.0</ele>
      </trkpt>
      <trkpt lat="37.715065" lon="-107.879402">
        <ele>3583.0</ele>
      </trkpt>
      <trkpt lat="37.715656" lon="-107.879272">
        <ele>3585.0</ele>
      </trkpt>
      <trkpt lat="37.716038" lon="-107.879311">
        <ele>3583.0</ele>
      </trkpt>
      <trkpt lat="37.716255" lon="-107.879471">
        <ele>3576.0</ele>
      </trkpt>
      <trkpt lat="37.716419" lon="-107.879845">
        <ele>3569.0</ele>
      </trkpt>
      <trkpt lat="37.717083" lon="-107.880234">
        <ele>3562.0</ele>
      </trkpt>
      <trkpt lat="37.717815" lon="-107.880997">
        <ele>3551.0</ele>
      </trkpt>
      <trkpt lat="37.717766" lon="-107.882072">
        <ele>3535.0</ele>
      </trkpt>
      <trkpt lat="37.717911" lon="-107.882919">
        <ele>3527.0</ele>
      </trkpt>
      <trkpt lat="37.717857" lon="-107.883865">
        <ele>3517.0</ele>
      </trkpt>
      <trkpt lat="37.717945" lon="-107.884422">
        <ele>3512.0</ele>
      </trkpt>
      <trkpt lat="37.717525" lon="-107.888565">
        <ele>3479.0</ele>
      </trkpt>
      <trkpt lat="37.717651" lon="-107.889778">
        <ele>3467.0</ele>
      </trkpt>
      <trkpt lat="37.717804" lon="-107.89016">
        <ele>3463.0</ele>
      </trkpt>
      <trkpt lat="37.717781" lon="-107.890633">
        <ele>3458.0</ele>
      </trkpt>
      <trkpt lat="37.717953" lon="-107.891113">
        <ele>3453.0</ele>
      </trkpt>
      <trkpt lat="37.717709" lon="-107.891739">
        <ele>3446.0</ele>
      </trkpt>
      <trkpt lat="37.717831" lon="-107.891899">
        <ele>3443.0</ele>
      </trkpt>
      <trkpt lat="37.718422" lon="-107.8918">
        <ele>3440.0</ele>
      </trkpt>
      <trkpt lat="37.718479" lon="-107.89193">
        <ele>3439.0</ele>
      </trkpt>
      <trkpt lat="37.718025" lon="-107.892204">
        <ele>3440.0</ele>
      </trkpt>
      <trkpt lat="37.717766" lon="-107.89286">
        <ele>3436.0</ele>
      </trkpt>
      <trkpt lat="37.717289" lon="-107.893509">
        <ele>3430.0</ele>
      </trkpt>
      <trkpt lat="37.71653" lon="-107.895065">
        <ele>3418.0</ele>
      </trkpt>
      <trkpt lat="37.716534" lon="-107.896317">
        <ele>3414.0</ele>
      </trkpt>
      <trkpt lat="37.716251" lon="-107.897102">
        <ele>3415.0</ele>
      </trkpt>
      <trkpt lat="37.715401" lon="-107.900391">
        <ele>3399.0</ele>
      </trkpt>
      <trkpt lat="37.714901" lon="-107.901207">
        <ele>3394.0</ele>
      </trkpt>
      <trkpt lat="37.714352" lon="-107.901314">
        <ele>3391.0</ele>
      </trkpt>
      <trkpt lat="37.713909" lon="-107.901917">
        <ele>3389.0</ele>
      </trkpt>
      <trkpt lat="37.713692" lon="-107.90271">
        <ele>3388.0</ele>
      </trkpt>
      <trkpt lat="37.713261" lon="-107.903503">
        <ele>3381.0</ele>
      </trkpt>
      <trkpt lat="37.7131" lon="-107.903511">
        <ele>3378.0</ele>
      </trkpt>
      <trkpt lat="37.71209" lon="-107.904907">
        <ele>3388.0</ele>
      </trkpt>
      <trkpt lat="37.711498" lon="-107.905067">
        <ele>3396.0</ele>
      </trkpt>
      <trkpt lat="37.711491" lon="-107.90551">
        <ele>3399.0</ele>
      </trkpt>
      <trkpt lat="37.711266" lon="-107.905212">
        <ele>3402.0</ele>
      </trkpt>
      <trkpt lat="37.711021" lon="-107.905266">
        <ele>3404.0</ele>
      </trkpt>
      <trkpt lat="37.71069" lon="-107.905907">
        <ele>3413.0</ele>
      </trkpt>
      <trkpt lat="37.710728" lon="-107.906235">
        <ele>3417.0</ele>
      </trkpt>
      <trkpt lat="37.710865" lon="-107.906395">
        <ele>3419.0</ele>
      </trkpt>
      <trkpt lat="37.710602" lon="-107.906593">
        <ele>3425.0</ele>
      </trkpt>
      <trkpt lat="37.71043" lon="-107.906952">
        <ele>3425.0</ele>
      </trkpt>
      <trkpt lat="37.710388" lon="-107.907387">
        <ele>3432.0</ele>
      </trkpt>
      <trkpt lat="37.709831" lon="-107.90815">
        <ele>3435.0</ele>
      </trkpt>
      <trkpt lat="37.709732" lon="-107.908607">
        <ele>3445.0</ele>
      </trkpt>
      <trkpt lat="37.709591" lon="-107.90876">
        <ele>3440.0</ele>
      </trkpt>
      <trkpt lat="37.709694" lon="-107.909058">
        <ele>3449.0</ele>
      </trkpt>
      <trkpt lat="37.709919" lon="-107.90905">
        <ele>3458.0</ele>
      </trkpt>
      <trkpt lat="37.710419" lon="-107.909431">
        <ele>3468.0</ele>
      </trkpt>
      <trkpt lat="37.710667" lon="-107.909889">
        <ele>3467.0</ele>
      </trkpt>
      <trkpt lat="37.711498" lon="-107.910446">
        <ele>3482.0</ele>
      </trkpt>
      <trkpt lat="37.711815" lon="-107.910988">
        <ele>3486.0</ele>
      </trkpt>
      <trkpt lat="37.711945" lon="-107.912613">
        <ele>3494.0</ele>
      </trkpt>
      <trkpt lat="37.711754" lon="-107.913147">
        <ele>3491.0</ele>
      </trkpt>
      <trkpt lat="37.711784" lon="-107.914268">
        <ele>3505.0</ele>
      </trkpt>
      <trkpt lat="37.711678" lon="-107.914452">
        <ele>3503.0</ele>
      </trkpt>
      <trkpt lat="37.711483" lon="-107.91449">
        <ele>3499.0</ele>
      </trkpt>
      <trkpt lat="37.711258" lon="-107.914955">
        <ele>3505.0</ele>
      </trkpt>
      <trkpt lat="37.711636" lon="-107.915947">
        <ele>3517.0</ele>
      </trkpt>
      <trkpt lat="37.711971" lon="-107.916237">
        <ele>3516.0</ele>
      </trkpt>
      <trkpt lat="37.712395" lon="-107.916962">
        <ele>3511.0</ele>
      </trkpt>
      <trkpt lat="37.712582" lon="-107.918823">
        <ele>3501.0</ele>
      </trkpt>
      <trkpt lat="37.712852" lon="-107.920082">
        <ele>3494.0</ele>
      </trkpt>
      <trkpt lat="37.713131" lon="-107.920509">
        <ele>3491.0</ele>
      </trkpt>
      <trkpt lat="37.713306" lon="-107.921135">
        <ele>3490.0</ele>
      </trkpt>
      <trkpt lat="37.713219" lon="-107.921738">
        <ele>3497.0</ele>
      </trkpt>
      <trkpt lat="37.713306" lon="-107.922112">
        <ele>3500.0</ele>
      </trkpt>
      <trkpt lat="37.714787" lon="-107.922554">
        <ele>3512.0</ele>
      </trkpt>
      <trkpt lat="37.715168" lon="-107.923164">
        <ele>3518.0</ele>
      </trkpt>
      <trkpt lat="37.71505" lon="-107.924095">
        <ele>3525.0</ele>
      </trkpt>
      <trkpt lat="37.715107" lon="-107.924393">
        <ele>3524.0</ele>
      </trkpt>
      <trkpt lat="37.715439" lon="-107.924759">
        <ele>3524.0</ele>
      </trkpt>
      <trkpt lat="37.716084" lon="-107.925026">
        <ele>3523.0</ele>
      </trkpt>
      <trkpt lat="37.71571" lon="-107.925339">
        <ele>3521.0</ele>
      </trkpt>
      <trkpt lat="37.715561" lon="-107.925621">
        <ele>3518.0</ele>
      </trkpt>
      <trkpt lat="37.715599" lon="-107.925797">
        <ele>3517.0</ele>
      </trkpt>
      <trkpt lat="37.715881" lon="-107.925972">
        <ele>3520.0</ele>
      </trkpt>
      <trkpt lat="37.715935" lon="-107.926208">
        <ele>3515.0</ele>
      </trkpt>
      <trkpt lat="37.715599" lon="-107.926437">
        <ele>3506.0</ele>
      </trkpt>
      <trkpt lat="37.715572" lon="-107.926765">
        <ele>3500.0</ele>
      </trkpt>
      <trkpt lat="37.71529" lon="-107.927086">
        <ele>3496.0</ele>
      </trkpt>
      <trkpt lat="37.715363" lon="-107.927834">
        <ele>3490.0</ele>
      </trkpt>
      <trkpt lat="37.71529" lon="-107.929184">
        <ele>3485.0</ele>
      </trkpt>
      <trkpt lat="37.715023" lon="-107.929794">
        <ele>3489.0</ele>
      </trkpt>
      <trkpt lat="37.714741" lon="-107.930061">
        <ele>3493.0</ele>
      </trkpt>
      <trkpt lat="37.713802" lon="-107.931587">
        <ele>3507.0</ele>
      </trkpt>
      <trkpt lat="37.713459" lon="-107.932655">
        <ele>3505.0</ele>
      </trkpt>
      <trkpt lat="37.713005" lon="-107.933617">
        <ele>3503.0</ele>
      </trkpt>
      <trkpt lat="37.712376" lon="-107.934616">
        <ele>3495.0</ele>
      </trkpt>
      <trkpt lat="37.712093" lon="-107.934792">
        <ele>3497.0</ele>
      </trkpt>
      <trkpt lat="37.711769" lon="-107.935318">
        <ele>3491.0</ele>
      </trkpt>
      <trkpt lat="37.710976" lon="-107.935783">
        <ele>3503.0</ele>
      </trkpt>
      <trkpt lat="37.710178" lon="-107.937279">
        <ele>3497.0</ele>
      </trkpt>
      <trkpt lat="37.709026" lon="-107.938225">
        <ele>3498.0</ele>
      </trkpt>
      <trkpt lat="37.70853" lon="-107.939438">
        <ele>3495.0</ele>
      </trkpt>
      <trkpt lat="37.708336" lon="-107.939705">
        <ele>3494.0</ele>
      </trkpt>
      <trkpt lat="37.707367" lon="-107.940239">
        <ele>3496.0</ele>
      </trkpt>
      <trkpt lat="37.707542" lon="-107.940826">
        <ele>3489.0</ele>
      </trkpt>
      <trkpt lat="37.707893" lon="-107.941277">
        <ele>3491.0</ele>
      </trkpt>
      <trkpt lat="37.707642" lon="-107.942017">
        <ele>3503.0</ele>
      </trkpt>
      <trkpt lat="37.707153" lon="-107.942307">
        <ele>3510.0</ele>
      </trkpt>
      <trkpt lat="37.706562" lon="-107.943184">
        <ele>3519.0</ele>
      </trkpt>
      <trkpt lat="37.706127" lon="-107.943535">
        <ele>3525.0</ele>
      </trkpt>
      <trkpt lat="37.706219" lon="-107.944305">
        <ele>3533.0</ele>
      </trkpt>
      <trkpt lat="37.705956" lon="-107.945351">
        <ele>3543.0</ele>
      </trkpt>
      <trkpt lat="37.705841" lon="-107.945305">
        <ele>3540.0</ele>
      </trkpt>
      <trkpt lat="37.70499" lon="-107.946045">
        <ele>3541.0</ele>
      </trkpt>
      <trkpt lat="37.704563" lon="-107.94622">
        <ele>3539.0</ele>
      </trkpt>
      <trkpt lat="37.704441" lon="-107.946533">
        <ele>3535.0</ele>
      </trkpt>
      <trkpt lat="37.704895" lon="-107.947792">
        <ele>3551.0</ele>
      </trkpt>
      <trkpt lat="37.705082" lon="-107.947937">
        <ele>3560.0</ele>
      </trkpt>
      <trkpt lat="37.705208" lon="-107.948647">
        <ele>3558.0</ele>
      </trkpt>
      <trkpt lat="37.7057" lon="-107.950172">
        <ele>3564.0</ele>
      </trkpt>
      <trkpt lat="37.706089" lon="-107.951027">
        <ele>3569.0</ele>
      </trkpt>
      <trkpt lat="37.706287" lon="-107.951263">
        <ele>3568.0</ele>
      </trkpt>
      <trkpt lat="37.706287" lon="-107.952248">
        <ele>3567.0</ele>
      </trkpt>
      <trkpt lat="37.705982" lon="-107.95462">
        <ele>3574.0</ele>
      </trkpt>
      <trkpt lat="37.704803" lon="-107.957161">
        <ele>3597.0</ele>
      </trkpt>
      <trkpt lat="37.704788" lon="-107.957764">
        <ele>3605.0</ele>
      </trkpt>
      <trkpt lat="37.70554" lon="-107.958649">
        <ele>3588.0</ele>
      </trkpt>
      <trkpt lat="37.705814" lon="-107.959663">
        <ele>3581.0</ele>
      </trkpt>
      <trkpt lat="37.705673" lon="-107.959572">
        <ele>3578.0</ele>
      </trkpt>
      <trkpt lat="37.705334" lon="-107.958847">
        <ele>3578.0</ele>
      </trkpt>
      <trkpt lat="37.705044" lon="-107.958626">
        <ele>3574.0</ele>
      </trkpt>
      <trkpt lat="37.704491" lon="-107.958672">
        <ele>3571.0</ele>
      </trkpt>
      <trkpt lat="37.703365" lon="-107.959206">
        <ele>3575.0</ele>
      </trkpt>
      <trkpt lat="37.702641" lon="-107.959908">
        <ele>3569.0</ele>
      </trkpt>
      <trkpt lat="37.70229" lon="-107.960106">
        <ele>3566.0</ele>
      </trkpt>
      <trkpt lat="37.701832" lon="-107.960587">
        <ele>3556.0</ele>
      </trkpt>
      <trkpt lat="37.701492" lon="-107.961205">
        <ele>3553.0</ele>
      </trkpt>
      <trkpt lat="37.70134" lon="-107.961723">
        <ele>3551.0</ele>
      </trkpt>
      <trkpt lat="37.701015" lon="-107.962074">
        <ele>3550.0</ele>
      </trkpt>
      <trkpt lat="37.700741" lon="-107.963303">
        <ele>3563.0</ele>
      </trkpt>
      <trkpt lat="37.700573" lon="-107.963676">
        <ele>3560.0</ele>
      </trkpt>
      <trkpt lat="37.700207" lon="-107.964012">
        <ele>3547.0</ele>
      </trkpt>
      <trkpt lat="37.699257" lon="-107.964394">
        <ele>3558.0</ele>
      </trkpt>
      <trkpt lat="37.698929" lon="-107.964653">
        <ele>3564.0</ele>
      </trkpt>
      <trkpt lat="37.698639" lon="-107.96508">
        <ele>3569.0</ele>
      </trkpt>
      <trkpt lat="37.698425" lon="-107.965958">
        <ele>3576.0</ele>
      </trkpt>
      <trkpt lat="37.698177" lon="-107.96637">
        <ele>3575.0</ele>
      </trkpt>
      <trkpt lat="37.698193" lon="-107.967934">
        <ele>3560.0</ele>
      </trkpt>
      <trkpt lat="37.697884" lon="-107.968033">
        <ele>3559.0</ele>
      </trkpt>
      <trkpt lat="37.697651" lon="-107.967911">
        <ele>3555.0</ele>
      </trkpt>
      <trkpt lat="37.697865" lon="-107.968231">
        <ele>3553.0</ele>
      </trkpt>
      <trkpt lat="37.698288" lon="-107.968292">
        <ele>3547.0</ele>
      </trkpt>
      <trkpt lat="37.697701" lon="-107.968666">
        <ele>3536.0</ele>
      </trkpt>
      <trkpt lat="37.697292" lon="-107.968513">
        <ele>3530.0</ele>
      </trkpt>
      <trkpt lat="37.696968" lon="-107.968193">
        <ele>3524.0</ele>
      </trkpt>
      <trkpt lat="37.696903" lon="-107.967964">
        <ele>3522.0</ele>
      </trkpt>
      <trkpt lat="37.69685" lon="-107.968323">
        <ele>3517.0</ele>
      </trkpt>
      <trkpt lat="37.697258" lon="-107.969086">
        <ele>3513.0</ele>
      </trkpt>
      <trkpt lat="37.696686" lon="-107.96888">
        <ele>3506.0</ele>
      </trkpt>
      <trkpt lat="37.696404" lon="-107.968918">
        <ele>3503.0</ele>
      </trkpt>
      <trkpt lat="37.695557" lon="-107.969521">
        <ele>3501.0</ele>
      </trkpt>
      <trkpt lat="37.695038" lon="-107.96962">
        <ele>3502.0</ele>
      </trkpt>
      <trkpt lat="37.694298" lon="-107.969513">
        <ele>3506.0</ele>
      </trkpt>
      <trkpt lat="37.692886" lon="-107.96962">
        <ele>3507.0</ele>
      </trkpt>
      <trkpt lat="37.692154" lon="-107.970039">
        <ele>3513.0</ele>
      </trkpt>
      <trkpt lat="37.691444" lon="-107.970779">
        <ele>3512.0</ele>
      </trkpt>
      <trkpt lat="37.689846" lon="-107.971916">
        <ele>3506.0</ele>
      </trkpt>
      <trkpt lat="37.689766" lon="-107.97213">
        <ele>3501.0</ele>
      </trkpt>
      <trkpt lat="37.688351" lon="-107.972183">
        <ele>3506.0</ele>
      </trkpt>
      <trkpt lat="37.68758" lon="-107.973511">
        <ele>3510.0</ele>
      </trkpt>
      <trkpt lat="37.687458" lon="-107.974091">
        <ele>3506.0</ele>
      </trkpt>
      <trkpt lat="37.687363" lon="-107.974197">
        <ele>3509.0</ele>
      </trkpt>
      <trkpt lat="37.687428" lon="-107.974365">
        <ele>3506.0</ele>
      </trkpt>
      <trkpt lat="37.687359" lon="-107.974953">
        <ele>3515.0</ele>
      </trkpt>
      <trkpt lat="37.687439" lon="-107.975227">
        <ele>3511.0</ele>
      </trkpt>
      <trkpt lat="37.687408" lon="-107.975761">
        <ele>3515.0</ele>
      </trkpt>
      <trkpt lat="37.687477" lon="-107.975845">
        <ele>3514.0</ele>
      </trkpt>
      <trkpt lat="37.687492" lon="-107.977531">
        <ele>3535.0</ele>
      </trkpt>
      <trkpt lat="37.687698" lon="-107.977661">
        <ele>3532.0</ele>
      </trkpt>
      <trkpt lat="37.687717" lon="-107.978455">
        <ele>3540.0</ele>
      </trkpt>
      <trkpt lat="37.687794" lon="-107.978668">
        <ele>3541.0</ele>
      </trkpt>
      <trkpt lat="37.687859" lon="-107.978653">
        <ele>3540.0</ele>
      </trkpt>
      <trkpt lat="37.687912" lon="-107.978836">
        <ele>3542.0</ele>
      </trkpt>
      <trkpt lat="37.688023" lon="-107.978798">
        <ele>3541.0</ele>
      </trkpt>
      <trkpt lat="37.687962" lon="-107.978828">
        <ele>3542.0</ele>
      </trkpt>
      <trkpt lat="37.688011" lon="-107.979111">
        <ele>3548.0</ele>
      </trkpt>
      <trkpt lat="37.687908" lon="-107.97937">
        <ele>3551.0</ele>
      </trkpt>
      <trkpt lat="37.688061" lon="-107.979904">
        <ele>3560.0</ele>
      </trkpt>
      <trkpt lat="37.687248" lon="-107.979721">
        <ele>3572.0</ele>
      </trkpt>
      <trkpt lat="37.687572" lon="-107.980003">
        <ele>3575.0</ele>
      </trkpt>
      <trkpt lat="37.687069" lon="-107.979828">
        <ele>3578.0</ele>
      </trkpt>
      <trkpt lat="37.686798" lon="-107.979958">
        <ele>3584.0</ele>
      </trkpt>
      <trkpt lat="37.686619" lon="-107.980194">
        <ele>3590.0</ele>
      </trkpt>
      <trkpt lat="37.686466" lon="-107.980194">
        <ele>3589.0</ele>
      </trkpt>
      <trkpt lat="37.685848" lon="-107.98101">
        <ele>3601.0</ele>
      </trkpt>
      <trkpt lat="37.685799" lon="-107.981506">
        <ele>3612.0</ele>
      </trkpt>
      <trkpt lat="37.685902" lon="-107.981949">
        <ele>3623.0</ele>
      </trkpt>
      <trkpt lat="37.68557" lon="-107.982269">
        <ele>3633.0</ele>
      </trkpt>
      <trkpt lat="37.685047" lon="-107.981628">
        <ele>3641.0</ele>
      </trkpt>
      <trkpt lat="37.684666" lon="-107.980621">
        <ele>3652.0</ele>
      </trkpt>
      <trkpt lat="37.684597" lon="-107.980179">
        <ele>3652.0</ele>
      </trkpt>
      <trkpt lat="37.684448" lon="-107.980423">
        <ele>3657.0</ele>
      </trkpt>
      <trkpt lat="37.684544" lon="-107.980316">
        <ele>3653.0</ele>
      </trkpt>
      <trkpt lat="37.684444" lon="-107.9804">
        <ele>3656.0</ele>
      </trkpt>
      <trkpt lat="37.684406" lon="-107.980072">
        <ele>3652.0</ele>
      </trkpt>
      <trkpt lat="37.683617" lon="-107.978996">
        <ele>3626.0</ele>
      </trkpt>
      <trkpt lat="37.683784" lon="-107.980133">
        <ele>3616.0</ele>
      </trkpt>
      <trkpt lat="37.68335" lon="-107.980949">
        <ele>3602.0</ele>
      </trkpt>
      <trkpt lat="37.683189" lon="-107.981079">
        <ele>3601.0</ele>
      </trkpt>
      <trkpt lat="37.683064" lon="-107.980904">
        <ele>3595.0</ele>
      </trkpt>
      <trkpt lat="37.683247" lon="-107.980614">
        <ele>3594.0</ele>
      </trkpt>
      <trkpt lat="37.683098" lon="-107.980293">
        <ele>3586.0</ele>
      </trkpt>
      <trkpt lat="37.683174" lon="-107.980156">
        <ele>3589.0</ele>
      </trkpt>
      <trkpt lat="37.683029" lon="-107.980003">
        <ele>3584.0</ele>
      </trkpt>
      <trkpt lat="37.682819" lon="-107.979233">
        <ele>3578.0</ele>
      </trkpt>
      <trkpt lat="37.682655" lon="-107.979584">
        <ele>3575.0</ele>
      </trkpt>
      <trkpt lat="37.682499" lon="-107.979538">
        <ele>3570.0</ele>
      </trkpt>
      <trkpt lat="37.682423" lon="-107.979385">
        <ele>3568.0</ele>
      </trkpt>
      <trkpt lat="37.682251" lon="-107.979355">
        <ele>3565.0</ele>
      </trkpt>
      <trkpt lat="37.682301" lon="-107.979027">
        <ele>3564.0</ele>
      </trkpt>
      <trkpt lat="37.681164" lon="-107.977821">
        <ele>3534.0</ele>
      </trkpt>
      <trkpt lat="37.680351" lon="-107.976181">
        <ele>3507.0</ele>
      </trkpt>
      <trkpt lat="37.680241" lon="-107.976273">
        <ele>3502.0</ele>
      </trkpt>
      <trkpt lat="37.680176" lon="-107.976929">
        <ele>3501.0</ele>
      </trkpt>
      <trkpt lat="37.679863" lon="-107.977524">
        <ele>3496.0</ele>
      </trkpt>
      <trkpt lat="37.678753" lon="-107.97789">
        <ele>3485.0</ele>
      </trkpt>
      <trkpt lat="37.677547" lon="-107.978088">
        <ele>3470.0</ele>
      </trkpt>
      <trkpt lat="37.677078" lon="-107.978004">
        <ele>3464.0</ele>
      </trkpt>
      <trkpt lat="37.676601" lon="-107.978226">
        <ele>3457.0</ele>
      </trkpt>
      <trkpt lat="37.676651" lon="-107.977737">
        <ele>3452.0</ele>
      </trkpt>
      <trkpt lat="37.676392" lon="-107.977722">
        <ele>3448.0</ele>
      </trkpt>
      <trkpt lat="37.67598" lon="-107.977493">
        <ele>3441.0</ele>
      </trkpt>
      <trkpt lat="37.676041" lon="-107.97715">
        <ele>3436.0</ele>
      </trkpt>
      <trkpt lat="37.676445" lon="-107.97702">
        <ele>3434.0</ele>
      </trkpt>
      <trkpt lat="37.676777" lon="-107.977066">
        <ele>3436.0</ele>
      </trkpt>
      <trkpt lat="37.676052" lon="-107.97683">
        <ele>3426.0</ele>
      </trkpt>
      <trkpt lat="37.67498" lon="-107.977295">
        <ele>3415.0</ele>
      </trkpt>
      <trkpt lat="37.674656" lon="-107.977753">
        <ele>3413.0</ele>
      </trkpt>
      <trkpt lat="37.674191" lon="-107.977913">
        <ele>3405.0</ele>
      </trkpt>
      <trkpt lat="37.673328" lon="-107.977776">
        <ele>3390.0</ele>
      </trkpt>
      <trkpt lat="37.67321" lon="-107.977585">
        <ele>3385.0</ele>
      </trkpt>
      <trkpt lat="37.673206" lon="-107.977371">
        <ele>3381.0</ele>
      </trkpt>
      <trkpt lat="37.673424" lon="-107.977066">
        <ele>3374.0</ele>
      </trkpt>
      <trkpt lat="37.674099" lon="-107.976891">
        <ele>3375.0</ele>
      </trkpt>
      <trkpt lat="37.67511" lon="-107.975708">
        <ele>3369.0</ele>
      </trkpt>
      <trkpt lat="37.675636" lon="-107.975517">
        <ele>3365.0</ele>
      </trkpt>
      <trkpt lat="37.675716" lon="-107.975395">
        <ele>3361.0</ele>
      </trkpt>
      <trkpt lat="37.675652" lon="-107.975273">
        <ele>3357.0</ele>
      </trkpt>
      <trkpt lat="37.675922" lon="-107.975204">
        <ele>3361.0</ele>
      </trkpt>
      <trkpt lat="37.67593" lon="-107.975113">
        <ele>3362.0</ele>
      </trkpt>
      <trkpt lat="37.6759" lon="-107.975212">
        <ele>3360.0</ele>
      </trkpt>
      <trkpt lat="37.675941" lon="-107.975098">
        <ele>3362.0</ele>
      </trkpt>
      <trkpt lat="37.675949" lon="-107.975182">
        <ele>3362.0</ele>
      </trkpt>
      <trkpt lat="37.675598" lon="-107.97464">
        <ele>3353.0</ele>
      </trkpt>
      <trkpt lat="37.675018" lon="-107.974167">
        <ele>3340.0</ele>
      </trkpt>
      <trkpt lat="37.674473" lon="-107.973923">
        <ele>3330.0</ele>
      </trkpt>
      <trkpt lat="37.673763" lon="-107.97406">
        <ele>3315.0</ele>
      </trkpt>
      <trkpt lat="37.673317" lon="-107.973969">
        <ele>3305.0</ele>
      </trkpt>
      <trkpt lat="37.67292" lon="-107.973686">
        <ele>3309.0</ele>
      </trkpt>
      <trkpt lat="37.672455" lon="-107.973656">
        <ele>3305.0</ele>
      </trkpt>
      <trkpt lat="37.672363" lon="-107.973755">
        <ele>3304.0</ele>
      </trkpt>
      <trkpt lat="37.671661" lon="-107.973763">
        <ele>3306.0</ele>
      </trkpt>
      <trkpt lat="37.670727" lon="-107.972984">
        <ele>3301.0</ele>
      </trkpt>
      <trkpt lat="37.669727" lon="-107.97271">
        <ele>3280.0</ele>
      </trkpt>
      <trkpt lat="37.669525" lon="-107.972466">
        <ele>3284.0</ele>
      </trkpt>
      <trkpt lat="37.669308" lon="-107.97258">
        <ele>3279.0</ele>
      </trkpt>
      <trkpt lat="37.668736" lon="-107.972443">
        <ele>3282.0</ele>
      </trkpt>
      <trkpt lat="37.667751" lon="-107.971901">
        <ele>3273.0</ele>
      </trkpt>
      <trkpt lat="37.667526" lon="-107.971573">
        <ele>3276.0</ele>
      </trkpt>
      <trkpt lat="37.666569" lon="-107.97139">
        <ele>3269.0</ele>
      </trkpt>
      <trkpt lat="37.666351" lon="-107.971077">
        <ele>3273.0</ele>
      </trkpt>
      <trkpt lat="37.666187" lon="-107.971443">
        <ele>3264.0</ele>
      </trkpt>
      <trkpt lat="37.665672" lon="-107.971497">
        <ele>3271.0</ele>
      </trkpt>
      <trkpt lat="37.665081" lon="-107.971352">
        <ele>3273.0</ele>
      </trkpt>
      <trkpt lat="37.664574" lon="-107.970993">
        <ele>3267.0</ele>
      </trkpt>
      <trkpt lat="37.664501" lon="-107.970558">
        <ele>3268.0</ele>
      </trkpt>
      <trkpt lat="37.663036" lon="-107.968201">
        <ele>3257.0</ele>
      </trkpt>
      <trkpt lat="37.662621" lon="-107.967209">
        <ele>3260.0</ele>
      </trkpt>
      <trkpt lat="37.662701" lon="-107.967041">
        <ele>3260.0</ele>
      </trkpt>
      <trkpt lat="37.663967" lon="-107.966385">
        <ele>3270.0</ele>
      </trkpt>
      <trkpt lat="37.663788" lon="-107.965805">
        <ele>3274.0</ele>
      </trkpt>
      <trkpt lat="37.663342" lon="-107.965126">
        <ele>3272.0</ele>
      </trkpt>
      <trkpt lat="37.662666" lon="-107.964539">
        <ele>3265.0</ele>
      </trkpt>
      <trkpt lat="37.662361" lon="-107.963745">
        <ele>3263.0</ele>
      </trkpt>
      <trkpt lat="37.661964" lon="-107.961929">
        <ele>3259.0</ele>
      </trkpt>
      <trkpt lat="37.661861" lon="-107.961754">
        <ele>3258.0</ele>
      </trkpt>
      <trkpt lat="37.660728" lon="-107.961349">
        <ele>3253.0</ele>
      </trkpt>
      <trkpt lat="37.659451" lon="-107.961372">
        <ele>3261.0</ele>
      </trkpt>
      <trkpt lat="37.658421" lon="-107.961037">
        <ele>3260.0</ele>
      </trkpt>
      <trkpt lat="37.658123" lon="-107.960808">
        <ele>3255.0</ele>
      </trkpt>
      <trkpt lat="37.657349" lon="-107.9608">
        <ele>3242.0</ele>
      </trkpt>
      <trkpt lat="37.65329" lon="-107.95932">
        <ele>3233.0</ele>
      </trkpt>
      <trkpt lat="37.652393" lon="-107.959534">
        <ele>3217.0</ele>
      </trkpt>
      <trkpt lat="37.652046" lon="-107.959427">
        <ele>3208.0</ele>
      </trkpt>
      <trkpt lat="37.651802" lon="-107.959213">
        <ele>3201.0</ele>
      </trkpt>
      <trkpt lat="37.651283" lon="-107.958397">
        <ele>3190.0</ele>
      </trkpt>
      <trkpt lat="37.65036" lon="-107.95755">
        <ele>3179.0</ele>
      </trkpt>
      <trkpt lat="37.650166" lon="-107.957024">
        <ele>3173.0</ele>
      </trkpt>
      <trkpt lat="37.649891" lon="-107.956924">
        <ele>3171.0</ele>
      </trkpt>
      <trkpt lat="37.649715" lon="-107.956993">
        <ele>3169.0</ele>
      </trkpt>
      <trkpt lat="37.649803" lon="-107.956978">
        <ele>3170.0</ele>
      </trkpt>
      <trkpt lat="37.649601" lon="-107.957222">
        <ele>3167.0</ele>
      </trkpt>
      <trkpt lat="37.648582" lon="-107.957443">
        <ele>3162.0</ele>
      </trkpt>
      <trkpt lat="37.647873" lon="-107.958275">
        <ele>3168.0</ele>
      </trkpt>
      <trkpt lat="37.647732" lon="-107.9589">
        <ele>3165.0</ele>
      </trkpt>
      <trkpt lat="37.64785" lon="-107.959236">
        <ele>3160.0</ele>
      </trkpt>
      <trkpt lat="37.647823" lon="-107.959602">
        <ele>3158.0</ele>
      </trkpt>
      <trkpt lat="37.647652" lon="-107.959793">
        <ele>3158.0</ele>
      </trkpt>
      <trkpt lat="37.646996" lon="-107.959801">
        <ele>3161.0</ele>
      </trkpt>
      <trkpt lat="37.646259" lon="-107.959641">
        <ele>3168.0</ele>
      </trkpt>
      <trkpt lat="37.645943" lon="-107.959839">
        <ele>3164.0</ele>
      </trkpt>
      <trkpt lat="37.645401" lon="-107.96048">
        <ele>3171.0</ele>
      </trkpt>
      <trkpt lat="37.646107" lon="-107.962883">
        <ele>3179.0</ele>
      </trkpt>
      <trkpt lat="37.646591" lon="-107.963799">
        <ele>3172.0</ele>
      </trkpt>
      <trkpt lat="37.64666" lon="-107.96418">
        <ele>3170.0</ele>
      </trkpt>
      <trkpt lat="37.646172" lon="-107.964211">
        <ele>3167.0</ele>
      </trkpt>
      <trkpt lat="37.644466" lon="-107.963234">
        <ele>3147.0</ele>
      </trkpt>
      <trkpt lat="37.644325" lon="-107.962914">
        <ele>3147.0</ele>
      </trkpt>
      <trkpt lat="37.644291" lon="-107.96212">
        <ele>3159.0</ele>
      </trkpt>
      <trkpt lat="37.644135" lon="-107.961853">
        <ele>3163.0</ele>
      </trkpt>
      <trkpt lat="37.643597" lon="-107.961769">
        <ele>3170.0</ele>
      </trkpt>
      <trkpt lat="37.642883" lon="-107.961823">
        <ele>3167.0</ele>
      </trkpt>
      <trkpt lat="37.642643" lon="-107.961731">
        <ele>3168.0</ele>
      </trkpt>
      <trkpt lat="37.642155" lon="-107.961967">
        <ele>3172.0</ele>
      </trkpt>
      <trkpt lat="37.641464" lon="-107.963135">
        <ele>3186.0</ele>
      </trkpt>
      <trkpt lat="37.64106" lon="-107.964096">
        <ele>3184.0</ele>
      </trkpt>
      <trkpt lat="37.64109" lon="-107.965408">
        <ele>3177.0</ele>
      </trkpt>
      <trkpt lat="37.640942" lon="-107.965858">
        <ele>3176.0</ele>
      </trkpt>
      <trkpt lat="37.640919" lon="-107.966278">
        <ele>3181.0</ele>
      </trkpt>
      <trkpt lat="37.640594" lon="-107.96714">
        <ele>3177.0</ele>
      </trkpt>
      <trkpt lat="37.639961" lon="-107.967606">
        <ele>3174.0</ele>
      </trkpt>
      <trkpt lat="37.639565" lon="-107.968681">
        <ele>3187.0</ele>
      </trkpt>
      <trkpt lat="37.639393" lon="-107.970299">
        <ele>3211.0</ele>
      </trkpt>
      <trkpt lat="37.638905" lon="-107.971329">
        <ele>3221.0</ele>
      </trkpt>
      <trkpt lat="37.638214" lon="-107.971893">
        <ele>3232.0</ele>
      </trkpt>
      <trkpt lat="37.637676" lon="-107.971901">
        <ele>3236.0</ele>
      </trkpt>
      <trkpt lat="37.635757" lon="-107.971016">
        <ele>3233.0</ele>
      </trkpt>
      <trkpt lat="37.635635" lon="-107.971291">
        <ele>3236.0</ele>
      </trkpt>
      <trkpt lat="37.635723" lon="-107.971687">
        <ele>3249.0</ele>
      </trkpt>
      <trkpt lat="37.635529" lon="-107.972717">
        <ele>3263.0</ele>
      </trkpt>
      <trkpt lat="37.635311" lon="-107.973061">
        <ele>3264.0</ele>
      </trkpt>
      <trkpt lat="37.635582" lon="-107.972954">
        <ele>3272.0</ele>
      </trkpt>
      <trkpt lat="37.635632" lon="-107.973022">
        <ele>3276.0</ele>
      </trkpt>
      <trkpt lat="37.634975" lon="-107.974434">
        <ele>3288.0</ele>
      </trkpt>
      <trkpt lat="37.634716" lon="-107.974663">
        <ele>3291.0</ele>
      </trkpt>
      <trkpt lat="37.634212" lon="-107.974693">
        <ele>3295.0</ele>
      </trkpt>
      <trkpt lat="37.633991" lon="-107.974434">
        <ele>3297.0</ele>
      </trkpt>
      <trkpt lat="37.633026" lon="-107.974434">
        <ele>3298.0</ele>
      </trkpt>
      <trkpt lat="37.632076" lon="-107.974617">
        <ele>3306.0</ele>
      </trkpt>
      <trkpt lat="37.631233" lon="-107.974411">
        <ele>3307.0</ele>
      </trkpt>
      <trkpt lat="37.629852" lon="-107.973587">
        <ele>3318.0</ele>
      </trkpt>
      <trkpt lat="37.629459" lon="-107.973518">
        <ele>3329.0</ele>
      </trkpt>
      <trkpt lat="37.629108" lon="-107.973808">
        <ele>3332.0</ele>
      </trkpt>
      <trkpt lat="37.629253" lon="-107.974884">
        <ele>3326.0</ele>
      </trkpt>
      <trkpt lat="37.629528" lon="-107.9757">
        <ele>3322.0</ele>
      </trkpt>
      <trkpt lat="37.629398" lon="-107.976936">
        <ele>3317.0</ele>
      </trkpt>
      <trkpt lat="37.629166" lon="-107.977501">
        <ele>3311.0</ele>
      </trkpt>
      <trkpt lat="37.629021" lon="-107.978188">
        <ele>3308.0</ele>
      </trkpt>
      <trkpt lat="37.629066" lon="-107.979195">
        <ele>3310.0</ele>
      </trkpt>
      <trkpt lat="37.628918" lon="-107.979836">
        <ele>3309.0</ele>
      </trkpt>
      <trkpt lat="37.628754" lon="-107.980141">
        <ele>3308.0</ele>
      </trkpt>
      <trkpt lat="37.628807" lon="-107.980652">
        <ele>3308.0</ele>
      </trkpt>
      <trkpt lat="37.628551" lon="-107.981232">
        <ele>3308.0</ele>
      </trkpt>
      <trkpt lat="37.62854" lon="-107.981522">
        <ele>3308.0</ele>
      </trkpt>
      <trkpt lat="37.628223" lon="-107.98233">
        <ele>3308.0</ele>
      </trkpt>
      <trkpt lat="37.627907" lon="-107.982658">
        <ele>3309.0</ele>
      </trkpt>
      <trkpt lat="37.627254" lon="-107.98304">
        <ele>3310.0</ele>
      </trkpt>
      <trkpt lat="37.62701" lon="-107.983414">
        <ele>3312.0</ele>
      </trkpt>
      <trkpt lat="37.625999" lon="-107.98391">
        <ele>3320.0</ele>
      </trkpt>
      <trkpt lat="37.625668" lon="-107.984749">
        <ele>3317.0</ele>
      </trkpt>
      <trkpt lat="37.625469" lon="-107.985573">
        <ele>3316.0</ele>
      </trkpt>
      <trkpt lat="37.624928" lon="-107.986427">
        <ele>3314.0</ele>
      </trkpt>
      <trkpt lat="37.624119" lon="-107.98674">
        <ele>3321.0</ele>
      </trkpt>
      <trkpt lat="37.623825" lon="-107.98703">
        <ele>3324.0</ele>
      </trkpt>
      <trkpt lat="37.622841" lon="-107.988892">
        <ele>3303.0</ele>
      </trkpt>
      <trkpt lat="37.622566" lon="-107.9897">
        <ele>3297.0</ele>
      </trkpt>
      <trkpt lat="37.622105" lon="-107.990265">
        <ele>3286.0</ele>
      </trkpt>
      <trkpt lat="37.620987" lon="-107.990334">
        <ele>3284.0</ele>
      </trkpt>
      <trkpt lat="37.620541" lon="-107.990555">
        <ele>3295.0</ele>
      </trkpt>
      <trkpt lat="37.619312" lon="-107.992966">
        <ele>3288.0</ele>
      </trkpt>
      <trkpt lat="37.618523" lon="-107.993477">
        <ele>3284.0</ele>
      </trkpt>
      <trkpt lat="37.61771" lon="-107.993614">
        <ele>3284.0</ele>
      </trkpt>
      <trkpt lat="37.617237" lon="-107.993523">
        <ele>3290.0</ele>
      </trkpt>
      <trkpt lat="37.616825" lon="-107.993736">
        <ele>3294.0</ele>
      </trkpt>
      <trkpt lat="37.616119" lon="-107.993851">
        <ele>3304.0</ele>
      </trkpt>
      <trkpt lat="37.615898" lon="-107.993736">
        <ele>3308.0</ele>
      </trkpt>
      <trkpt lat="37.615528" lon="-107.993858">
        <ele>3312.0</ele>
      </trkpt>
      <trkpt lat="37.614521" lon="-107.995766">
        <ele>3315.0</ele>
      </trkpt>
      <trkpt lat="37.614403" lon="-107.996292">
        <ele>3313.0</ele>
      </trkpt>
      <trkpt lat="37.614101" lon="-107.996567">
        <ele>3307.0</ele>
      </trkpt>
      <trkpt lat="37.613075" lon="-107.99881">
        <ele>3308.0</ele>
      </trkpt>
      <trkpt lat="37.612743" lon="-107.999252">
        <ele>3307.0</ele>
      </trkpt>
      <trkpt lat="37.611729" lon="-107.999817">
        <ele>3306.0</ele>
      </trkpt>
      <trkpt lat="37.611519" lon="-108.000137">
        <ele>3307.0</ele>
      </trkpt>
      <trkpt lat="37.611443" lon="-108.000633">
        <ele>3310.0</ele>
      </trkpt>
      <trkpt lat="37.611015" lon="-108.001579">
        <ele>3303.0</ele>
      </trkpt>
      <trkpt lat="37.610332" lon="-108.002281">
        <ele>3294.0</ele>
      </trkpt>
      <trkpt lat="37.610065" lon="-108.003006">
        <ele>3284.0</ele>
      </trkpt>
      <trkpt lat="37.609581" lon="-108.003487">
        <ele>3273.0</ele>
      </trkpt>
      <trkpt lat="37.6091" lon="-108.004173">
        <ele>3274.0</ele>
      </trkpt>
      <trkpt lat="37.608822" lon="-108.004066">
        <ele>3275.0</ele>
      </trkpt>
      <trkpt lat="37.608471" lon="-108.004181">
        <ele>3277.0</ele>
      </trkpt>
      <trkpt lat="37.607948" lon="-108.004715">
        <ele>3283.0</ele>
      </trkpt>
      <trkpt lat="37.60738" lon="-108.004883">
        <ele>3281.0</ele>
      </trkpt>
      <trkpt lat="37.606949" lon="-108.004845">
        <ele>3282.0</ele>
      </trkpt>
      <trkpt lat="37.606499" lon="-108.004578">
        <ele>3281.0</ele>
      </trkpt>
      <trkpt lat="37.606213" lon="-108.004539">
        <ele>3284.0</ele>
      </trkpt>
      <trkpt lat="37.605453" lon="-108.005066">
        <ele>3285.0</ele>
      </trkpt>
      <trkpt lat="37.60535" lon="-108.005356">
        <ele>3284.0</ele>
      </trkpt>
      <trkpt lat="37.605385" lon="-108.005852">
        <ele>3283.0</ele>
      </trkpt>
      <trkpt lat="37.605541" lon="-108.00634">
        <ele>3284.0</ele>
      </trkpt>
      <trkpt lat="37.605965" lon="-108.007103">
        <ele>3283.0</ele>
      </trkpt>
      <trkpt lat="37.606007" lon="-108.007568">
        <ele>3283.0</ele>
      </trkpt>
      <trkpt lat="37.605873" lon="-108.008194">
        <ele>3285.0</ele>
      </trkpt>
      <trkpt lat="37.605606" lon="-108.008789">
        <ele>3282.0</ele>
      </trkpt>
      <trkpt lat="37.605427" lon="-108.011177">
        <ele>3266.0</ele>
      </trkpt>
      <trkpt lat="37.604725" lon="-108.012909">
        <ele>3277.0</ele>
      </trkpt>
      <trkpt lat="37.604103" lon="-108.013489">
        <ele>3287.0</ele>
      </trkpt>
      <trkpt lat="37.603588" lon="-108.013504">
        <ele>3286.0</ele>
      </trkpt>
      <trkpt lat="37.603237" lon="-108.013741">
        <ele>3280.0</ele>
      </trkpt>
      <trkpt lat="37.602356" lon="-108.015312">
        <ele>3263.0</ele>
      </trkpt>
      <trkpt lat="37.601135" lon="-108.015366">
        <ele>3248.0</ele>
      </trkpt>
      <trkpt lat="37.601021" lon="-108.015129">
        <ele>3245.0</ele>
      </trkpt>
      <trkpt lat="37.600334" lon="-108.014732">
        <ele>3242.0</ele>
      </trkpt>
      <trkpt lat="37.599937" lon="-108.014664">
        <ele>3242.0</ele>
      </trkpt>
      <trkpt lat="37.599495" lon="-108.014244">
        <ele>3243.0</ele>
      </trkpt>
      <trkpt lat="37.599091" lon="-108.014137">
        <ele>3245.0</ele>
      </trkpt>
      <trkpt lat="37.598316" lon="-108.013687">
        <ele>3246.0</ele>
      </trkpt>
      <trkpt lat="37.597927" lon="-108.013618">
        <ele>3246.0</ele>
      </trkpt>
      <trkpt lat="37.59761" lon="-108.013725">
        <ele>3246.0</ele>
      </trkpt>
      <trkpt lat="37.596569" lon="-108.013641">
        <ele>3246.0</ele>
      </trkpt>
      <trkpt lat="37.595627" lon="-108.014687">
        <ele>3235.0</ele>
      </trkpt>
      <trkpt lat="37.595406" lon="-108.015152">
        <ele>3237.0</ele>
      </trkpt>
      <trkpt lat="37.594734" lon="-108.01532">
        <ele>3240.0</ele>
      </trkpt>
      <trkpt lat="37.59425" lon="-108.015266">
        <ele>3247.0</ele>
      </trkpt>
      <trkpt lat="37.593906" lon="-108.015099">
        <ele>3249.0</ele>
      </trkpt>
      <trkpt lat="37.59354" lon="-108.015198">
        <ele>3256.0</ele>
      </trkpt>
      <trkpt lat="37.593555" lon="-108.015106">
        <ele>3255.0</ele>
      </trkpt>
      <trkpt lat="37.593349" lon="-108.015068">
        <ele>3257.0</ele>
      </trkpt>
      <trkpt lat="37.593067" lon="-108.015388">
        <ele>3259.0</ele>
      </trkpt>
      <trkpt lat="37.592545" lon="-108.016754">
        <ele>3250.0</ele>
      </trkpt>
      <trkpt lat="37.592026" lon="-108.017502">
        <ele>3253.0</ele>
      </trkpt>
      <trkpt lat="37.59166" lon="-108.01828">
        <ele>3256.0</ele>
      </trkpt>
      <trkpt lat="37.591457" lon="-108.019348">
        <ele>3260.0</ele>
      </trkpt>
      <trkpt lat="37.591583" lon="-108.020073">
        <ele>3262.0</ele>
      </trkpt>
      <trkpt lat="37.591537" lon="-108.020897">
        <ele>3268.0</ele>
      </trkpt>
      <trkpt lat="37.591724" lon="-108.021545">
        <ele>3273.0</ele>
      </trkpt>
      <trkpt lat="37.591274" lon="-108.022285">
        <ele>3280.0</ele>
      </trkpt>
      <trkpt lat="37.591011" lon="-108.022469">
        <ele>3282.0</ele>
      </trkpt>
      <trkpt lat="37.590542" lon="-108.022209">
        <ele>3284.0</ele>
      </trkpt>
      <trkpt lat="37.589458" lon="-108.021263">
        <ele>3293.0</ele>
      </trkpt>
      <trkpt lat="37.588192" lon="-108.021156">
        <ele>3296.0</ele>
      </trkpt>
      <trkpt lat="37.587616" lon="-108.020859">
        <ele>3296.0</ele>
      </trkpt>
      <trkpt lat="37.586285" lon="-108.019722">
        <ele>3297.0</ele>
      </trkpt>
      <trkpt lat="37.58535" lon="-108.019135">
        <ele>3306.0</ele>
      </trkpt>
      <trkpt lat="37.584713" lon="-108.019096">
        <ele>3308.0</ele>
      </trkpt>
      <trkpt lat="37.583359" lon="-108.019402">
        <ele>3307.0</ele>
      </trkpt>
      <trkpt lat="37.582157" lon="-108.019188">
        <ele>3310.0</ele>
      </trkpt>
      <trkpt lat="37.581886" lon="-108.019043">
        <ele>3310.0</ele>
      </trkpt>
      <trkpt lat="37.58128" lon="-108.018257">
        <ele>3310.0</ele>
      </trkpt>
      <trkpt lat="37.580967" lon="-108.018044">
        <ele>3311.0</ele>
      </trkpt>
      <trkpt lat="37.580761" lon="-108.018082">
        <ele>3311.0</ele>
      </trkpt>
      <trkpt lat="37.578381" lon="-108.020103">
        <ele>3310.0</ele>
      </trkpt>
      <trkpt lat="37.577271" lon="-108.020119">
        <ele>3315.0</ele>
      </trkpt>
      <trkpt lat="37.575901" lon="-108.018852">
        <ele>3331.0</ele>
      </trkpt>
      <trkpt lat="37.575325" lon="-108.019135">
        <ele>3335.0</ele>
      </trkpt>
      <trkpt lat="37.572632" lon="-108.01825">
        <ele>3346.0</ele>
      </trkpt>
      <trkpt lat="37.571983" lon="-108.018318">
        <ele>3344.0</ele>
      </trkpt>
      <trkpt lat="37.571682" lon="-108.018692">
        <ele>3347.0</ele>
      </trkpt>
      <trkpt lat="37.571362" lon="-108.018867">
        <ele>3346.0</ele>
      </trkpt>
      <trkpt lat="37.569572" lon="-108.01931">
        <ele>3335.0</ele>
      </trkpt>
      <trkpt lat="37.569065" lon="-108.019661">
        <ele>3329.0</ele>
      </trkpt>
      <trkpt lat="37.568771" lon="-108.019646">
        <ele>3324.0</ele>
      </trkpt>
      <trkpt lat="37.568115" lon="-108.020004">
        <ele>3315.0</ele>
      </trkpt>
      <trkpt lat="37.56588" lon="-108.019775">
        <ele>3308.0</ele>
      </trkpt>
      <trkpt lat="37.565567" lon="-108.019966">
        <ele>3308.0</ele>
      </trkpt>
      <trkpt lat="37.564816" lon="-108.020729">
        <ele>3304.0</ele>
      </trkpt>
      <trkpt lat="37.56377" lon="-108.021378">
        <ele>3299.0</ele>
      </trkpt>
      <trkpt lat="37.563171" lon="-108.021225">
        <ele>3295.0</ele>
      </trkpt>
      <trkpt lat="37.562836" lon="-108.021271">
        <ele>3295.0</ele>
      </trkpt>
      <trkpt lat="37.562" lon="-108.020554">
        <ele>3291.0</ele>
      </trkpt>
      <trkpt lat="37.561356" lon="-108.019775">
        <ele>3287.0</ele>
      </trkpt>
      <trkpt lat="37.559963" lon="-108.018867">
        <ele>3292.0</ele>
      </trkpt>
      <trkpt lat="37.558735" lon="-108.017258">
        <ele>3308.0</ele>
      </trkpt>
      <trkpt lat="37.558338" lon="-108.017273">
        <ele>3306.0</ele>
      </trkpt>
      <trkpt lat="37.557537" lon="-108.017914">
        <ele>3298.0</ele>
      </trkpt>
      <trkpt lat="37.55695" lon="-108.018845">
        <ele>3294.0</ele>
      </trkpt>
      <trkpt lat="37.555885" lon="-108.019257">
        <ele>3286.0</ele>
      </trkpt>
      <trkpt lat="37.553658" lon="-108.018532">
        <ele>3298.0</ele>
      </trkpt>
      <trkpt lat="37.553352" lon="-108.018524">
        <ele>3301.0</ele>
      </trkpt>
      <trkpt lat="37.552677" lon="-108.018738">
        <ele>3298.0</ele>
      </trkpt>
      <trkpt lat="37.551456" lon="-108.019653">
        <ele>3293.0</ele>
      </trkpt>
      <trkpt lat="37.551151" lon="-108.019699">
        <ele>3295.0</ele>
      </trkpt>
      <trkpt lat="37.550949" lon="-108.019585">
        <ele>3296.0</ele>
      </trkpt>
      <trkpt lat="37.550308" lon="-108.017654">
        <ele>3300.0</ele>
      </trkpt>
      <trkpt lat="37.549797" lon="-108.016869">
        <ele>3306.0</ele>
      </trkpt>
      <trkpt lat="37.549618" lon="-108.016846">
        <ele>3307.0</ele>
      </trkpt>
      <trkpt lat="37.548916" lon="-108.017281">
        <ele>3307.0</ele>
      </trkpt>
      <trkpt lat="37.547829" lon="-108.018402">
        <ele>3309.0</ele>
      </trkpt>
      <trkpt lat="37.546864" lon="-108.020447">
        <ele>3309.0</ele>
      </trkpt>
      <trkpt lat="37.546089" lon="-108.021355">
        <ele>3305.0</ele>
      </trkpt>
      <trkpt lat="37.545334" lon="-108.021652">
        <ele>3294.0</ele>
      </trkpt>
      <trkpt lat="37.544506" lon="-108.021339">
        <ele>3295.0</ele>
      </trkpt>
      <trkpt lat="37.544106" lon="-108.021362">
        <ele>3302.0</ele>
      </trkpt>
      <trkpt lat="37.543934" lon="-108.021561">
        <ele>3307.0</ele>
      </trkpt>
      <trkpt lat="37.543682" lon="-108.021576">
        <ele>3306.0</ele>
      </trkpt>
      <trkpt lat="37.542614" lon="-108.022461">
        <ele>3308.0</ele>
      </trkpt>
      <trkpt lat="37.541958" lon="-108.022842">
        <ele>3307.0</ele>
      </trkpt>
      <trkpt lat="37.541584" lon="-108.023224">
        <ele>3306.0</ele>
      </trkpt>
      <trkpt lat="37.540527" lon="-108.023552">
        <ele>3292.0</ele>
      </trkpt>
      <trkpt lat="37.540291" lon="-108.023834">
        <ele>3289.0</ele>
      </trkpt>
      <trkpt lat="37.540295" lon="-108.024422">
        <ele>3296.0</ele>
      </trkpt>
      <trkpt lat="37.540169" lon="-108.024689">
        <ele>3298.0</ele>
      </trkpt>
      <trkpt lat="37.540199" lon="-108.024971">
        <ele>3308.0</ele>
      </trkpt>
      <trkpt lat="37.539078" lon="-108.025352">
        <ele>3318.0</ele>
      </trkpt>
      <trkpt lat="37.537354" lon="-108.026276">
        <ele>3344.0</ele>
      </trkpt>
      <trkpt lat="37.536953" lon="-108.026344">
        <ele>3342.0</ele>
      </trkpt>
      <trkpt lat="37.536343" lon="-108.026871">
        <ele>3350.0</ele>
      </trkpt>
      <trkpt lat="37.535316" lon="-108.028412">
        <ele>3373.0</ele>
      </trkpt>
      <trkpt lat="37.534824" lon="-108.028748">
        <ele>3367.0</ele>
      </trkpt>
      <trkpt lat="37.534374" lon="-108.029549">
        <ele>3373.0</ele>
      </trkpt>
      <trkpt lat="37.53426" lon="-108.029953">
        <ele>3383.0</ele>
      </trkpt>
      <trkpt lat="37.533905" lon="-108.030579">
        <ele>3393.0</ele>
      </trkpt>
      <trkpt lat="37.533127" lon="-108.030937">
        <ele>3399.0</ele>
      </trkpt>
      <trkpt lat="37.533016" lon="-108.031097">
        <ele>3404.0</ele>
      </trkpt>
      <trkpt lat="37.532063" lon="-108.031151">
        <ele>3410.0</ele>
      </trkpt>
      <trkpt lat="37.531796" lon="-108.031258">
        <ele>3419.0</ele>
      </trkpt>
      <trkpt lat="37.533112" lon="-108.03154">
        <ele>3426.0</ele>
      </trkpt>
      <trkpt lat="37.534386" lon="-108.031342">
        <ele>3445.0</ele>
      </trkpt>
      <trkpt lat="37.53381" lon="-108.031731">
        <ele>3443.0</ele>
      </trkpt>
      <trkpt lat="37.532787" lon="-108.032166">
        <ele>3445.0</ele>
      </trkpt>
      <trkpt lat="37.532825" lon="-108.032333">
        <ele>3449.0</ele>
      </trkpt>
      <trkpt lat="37.533169" lon="-108.032242">
        <ele>3448.0</ele>
      </trkpt>
      <trkpt lat="37.533791" lon="-108.032646">
        <ele>3468.0</ele>
      </trkpt>
      <trkpt lat="37.533745" lon="-108.032845">
        <ele>3475.0</ele>
      </trkpt>
      <trkpt lat="37.534122" lon="-108.034485">
        <ele>3480.0</ele>
      </trkpt>
      <trkpt lat="37.534081" lon="-108.034866">
        <ele>3488.0</ele>
      </trkpt>
      <trkpt lat="37.534286" lon="-108.035446">
        <ele>3490.0</ele>
      </trkpt>
      <trkpt lat="37.535511" lon="-108.037025">
        <ele>3485.0</ele>
      </trkpt>
      <trkpt lat="37.535442" lon="-108.037277">
        <ele>3490.0</ele>
      </trkpt>
      <trkpt lat="37.534477" lon="-108.036758">
        <ele>3503.0</ele>
      </trkpt>
      <trkpt lat="37.533836" lon="-108.03624">
        <ele>3513.0</ele>
      </trkpt>
      <trkpt lat="37.53323" lon="-108.035408">
        <ele>3524.0</ele>
      </trkpt>
      <trkpt lat="37.532806" lon="-108.0345">
        <ele>3529.0</ele>
      </trkpt>
      <trkpt lat="37.532539" lon="-108.034393">
        <ele>3527.0</ele>
      </trkpt>
      <trkpt lat="37.532085" lon="-108.034569">
        <ele>3528.0</ele>
      </trkpt>
      <trkpt lat="37.530807" lon="-108.034546">
        <ele>3529.0</ele>
      </trkpt>
      <trkpt lat="37.529732" lon="-108.034332">
        <ele>3531.0</ele>
      </trkpt>
      <trkpt lat="37.529442" lon="-108.034157">
        <ele>3534.0</ele>
      </trkpt>
      <trkpt lat="37.527721" lon="-108.03392">
        <ele>3541.0</ele>
      </trkpt>
      <trkpt lat="37.526989" lon="-108.033386">
        <ele>3544.0</ele>
      </trkpt>
      <trkpt lat="37.526073" lon="-108.032974">
        <ele>3542.0</ele>
      </trkpt>
      <trkpt lat="37.52523" lon="-108.033325">
        <ele>3537.0</ele>
      </trkpt>
      <trkpt lat="37.524628" lon="-108.033852">
        <ele>3533.0</ele>
      </trkpt>
      <trkpt lat="37.524113" lon="-108.034149">
        <ele>3529.0</ele>
      </trkpt>
      <trkpt lat="37.522942" lon="-108.034309">
        <ele>3517.0</ele>
      </trkpt>
      <trkpt lat="37.521267" lon="-108.034027">
        <ele>3513.0</ele>
      </trkpt>
      <trkpt lat="37.520912" lon="-108.033783">
        <ele>3507.0</ele>
      </trkpt>
      <trkpt lat="37.520374" lon="-108.033615">
        <ele>3500.0</ele>
      </trkpt>
      <trkpt lat="37.519829" lon="-108.033211">
        <ele>3501.0</ele>
      </trkpt>
      <trkpt lat="37.519047" lon="-108.032921">
        <ele>3508.0</ele>
      </trkpt>
      <trkpt lat="37.518108" lon="-108.032875">
        <ele>3512.0</ele>
      </trkpt>
      <trkpt lat="37.517467" lon="-108.03302">
        <ele>3508.0</ele>
      </trkpt>
      <trkpt lat="37.516678" lon="-108.033684">
        <ele>3500.0</ele>
      </trkpt>
      <trkpt lat="37.516586" lon="-108.03389">
        <ele>3498.0</ele>
      </trkpt>
      <trkpt lat="37.516048" lon="-108.034111">
        <ele>3494.0</ele>
      </trkpt>
      <trkpt lat="37.515842" lon="-108.034096">
        <ele>3493.0</ele>
      </trkpt>
      <trkpt lat="37.514526" lon="-108.034828">
        <ele>3490.0</ele>
      </trkpt>
      <trkpt lat="37.512985" lon="-108.035072">
        <ele>3487.0</ele>
      </trkpt>
      <trkpt lat="37.511528" lon="-108.03495">
        <ele>3489.0</ele>
      </trkpt>
      <trkpt lat="37.511299" lon="-108.035027">
        <ele>3488.0</ele>
      </trkpt>
      <trkpt lat="37.511044" lon="-108.034866">
        <ele>3492.0</ele>
      </trkpt>
      <trkpt lat="37.510666" lon="-108.034943">
        <ele>3491.0</ele>
      </trkpt>
      <trkpt lat="37.510155" lon="-108.034782">
        <ele>3497.0</ele>
      </trkpt>
      <trkpt lat="37.509483" lon="-108.034836">
        <ele>3500.0</ele>
      </trkpt>
      <trkpt lat="37.509186" lon="-108.034729">
        <ele>3506.0</ele>
      </trkpt>
      <trkpt lat="37.509254" lon="-108.034805">
        <ele>3503.0</ele>
      </trkpt>
      <trkpt lat="37.508427" lon="-108.03476">
        <ele>3518.0</ele>
      </trkpt>
      <trkpt lat="37.507851" lon="-108.035339">
        <ele>3514.0</ele>
      </trkpt>
      <trkpt lat="37.507442" lon="-108.035301">
        <ele>3525.0</ele>
      </trkpt>
      <trkpt lat="37.507053" lon="-108.035637">
        <ele>3523.0</ele>
      </trkpt>
      <trkpt lat="37.506577" lon="-108.036926">
        <ele>3532.0</ele>
      </trkpt>
      <trkpt lat="37.506283" lon="-108.03698">
        <ele>3541.0</ele>
      </trkpt>
      <trkpt lat="37.505955" lon="-108.037399">
        <ele>3543.0</ele>
      </trkpt>
      <trkpt lat="37.505936" lon="-108.037621">
        <ele>3540.0</ele>
      </trkpt>
      <trkpt lat="37.505184" lon="-108.038086">
        <ele>3551.0</ele>
      </trkpt>
      <trkpt lat="37.505116" lon="-108.038246">
        <ele>3553.0</ele>
      </trkpt>
      <trkpt lat="37.505207" lon="-108.03849">
        <ele>3551.0</ele>
      </trkpt>
      <trkpt lat="37.504444" lon="-108.038742">
        <ele>3561.0</ele>
      </trkpt>
      <trkpt lat="37.504337" lon="-108.037247">
        <ele>3584.0</ele>
      </trkpt>
      <trkpt lat="37.503895" lon="-108.037636">
        <ele>3593.0</ele>
      </trkpt>
      <trkpt lat="37.503567" lon="-108.037727">
        <ele>3599.0</ele>
      </trkpt>
      <trkpt lat="37.503376" lon="-108.037277">
        <ele>3600.0</ele>
      </trkpt>
      <trkpt lat="37.50301" lon="-108.037239">
        <ele>3602.0</ele>
      </trkpt>
      <trkpt lat="37.502365" lon="-108.036697">
        <ele>3604.0</ele>
      </trkpt>
      <trkpt lat="37.500912" lon="-108.036636">
        <ele>3607.0</ele>
      </trkpt>
      <trkpt lat="37.500252" lon="-108.03627">
        <ele>3602.0</ele>
      </trkpt>
      <trkpt lat="37.499668" lon="-108.036095">
        <ele>3607.0</ele>
      </trkpt>
      <trkpt lat="37.499302" lon="-108.035728">
        <ele>3609.0</ele>
      </trkpt>
      <trkpt lat="37.498749" lon="-108.035553">
        <ele>3616.0</ele>
      </trkpt>
      <trkpt lat="37.496803" lon="-108.035492">
        <ele>3626.0</ele>
      </trkpt>
      <trkpt lat="37.496284" lon="-108.035583">
        <ele>3621.0</ele>
      </trkpt>
      <trkpt lat="37.495724" lon="-108.035515">
        <ele>3618.0</ele>
      </trkpt>
      <trkpt lat="37.495438" lon="-108.035278">
        <ele>3618.0</ele>
      </trkpt>
      <trkpt lat="37.495285" lon="-108.034943">
        <ele>3614.0</ele>
      </trkpt>
      <trkpt lat="37.49482" lon="-108.034904">
        <ele>3607.0</ele>
      </trkpt>
      <trkpt lat="37.493732" lon="-108.035172">
        <ele>3598.0</ele>
      </trkpt>
      <trkpt lat="37.492153" lon="-108.035957">
        <ele>3601.0</ele>
      </trkpt>
      <trkpt lat="37.491959" lon="-108.035934">
        <ele>3602.0</ele>
      </trkpt>
      <trkpt lat="37.491547" lon="-108.036125">
        <ele>3609.0</ele>
      </trkpt>
      <trkpt lat="37.491302" lon="-108.03611">
        <ele>3609.0</ele>
      </trkpt>
      <trkpt lat="37.491093" lon="-108.036308">
        <ele>3609.0</ele>
      </trkpt>
      <trkpt lat="37.490791" lon="-108.036278">
        <ele>3606.0</ele>
      </trkpt>
      <trkpt lat="37.489464" lon="-108.03653">
        <ele>3610.0</ele>
      </trkpt>
      <trkpt lat="37.4893" lon="-108.036423">
        <ele>3611.0</ele>
      </trkpt>
      <trkpt lat="37.488438" lon="-108.036606">
        <ele>3624.0</ele>
      </trkpt>
      <trkpt lat="37.487816" lon="-108.036476">
        <ele>3634.0</ele>
      </trkpt>
      <trkpt lat="37.487682" lon="-108.036354">
        <ele>3637.0</ele>
      </trkpt>
      <trkpt lat="37.486687" lon="-108.037033">
        <ele>3649.0</ele>
      </trkpt>
      <trkpt lat="37.487034" lon="-108.036278">
        <ele>3653.0</ele>
      </trkpt>
      <trkpt lat="37.486786" lon="-108.035751">
        <ele>3658.0</ele>
      </trkpt>
      <trkpt lat="37.484997" lon="-108.034065">
        <ele>3667.0</ele>
      </trkpt>
      <trkpt lat="37.484398" lon="-108.033638">
        <ele>3655.0</ele>
      </trkpt>
      <trkpt lat="37.483967" lon="-108.033676">
        <ele>3647.0</ele>
      </trkpt>
      <trkpt lat="37.483944" lon="-108.03389">
        <ele>3647.0</ele>
      </trkpt>
      <trkpt lat="37.483829" lon="-108.033516">
        <ele>3642.0</ele>
      </trkpt>
      <trkpt lat="37.483509" lon="-108.034134">
        <ele>3633.0</ele>
      </trkpt>
      <trkpt lat="37.482853" lon="-108.033386">
        <ele>3621.0</ele>
      </trkpt>
      <trkpt lat="37.482388" lon="-108.033684">
        <ele>3614.0</ele>
      </trkpt>
      <trkpt lat="37.48138" lon="-108.033539">
        <ele>3624.0</ele>
      </trkpt>
      <trkpt lat="37.480946" lon="-108.033966">
        <ele>3634.0</ele>
      </trkpt>
      <trkpt lat="37.480949" lon="-108.033707">
        <ele>3640.0</ele>
      </trkpt>
      <trkpt lat="37.480812" lon="-108.033897">
        <ele>3643.0</ele>
      </trkpt>
      <trkpt lat="37.480797" lon="-108.033562">
        <ele>3649.0</ele>
      </trkpt>
      <trkpt lat="37.480392" lon="-108.03405">
        <ele>3656.0</ele>
      </trkpt>
      <trkpt lat="37.48045" lon="-108.033882">
        <ele>3660.0</ele>
      </trkpt>
      <trkpt lat="37.480122" lon="-108.034081">
        <ele>3666.0</ele>
      </trkpt>
      <trkpt lat="37.478931" lon="-108.034416">
        <ele>3682.0</ele>
      </trkpt>
      <trkpt lat="37.477093" lon="-108.035133">
        <ele>3694.0</ele>
      </trkpt>
      <trkpt lat="37.476124" lon="-108.034851">
        <ele>3694.0</ele>
      </trkpt>
      <trkpt lat="37.47533" lon="-108.035339">
        <ele>3689.0</ele>
      </trkpt>
      <trkpt lat="37.474506" lon="-108.035629">
        <ele>3686.0</ele>
      </trkpt>
      <trkpt lat="37.473396" lon="-108.035721">
        <ele>3687.0</ele>
      </trkpt>
      <trkpt lat="37.471989" lon="-108.036293">
        <ele>3661.0</ele>
      </trkpt>
      <trkpt lat="37.471725" lon="-108.036186">
        <ele>3654.0</ele>
      </trkpt>
      <trkpt lat="37.471493" lon="-108.036339">
        <ele>3651.0</ele>
      </trkpt>
      <trkpt lat="37.47118" lon="-108.036354">
        <ele>3650.0</ele>
      </trkpt>
      <trkpt lat="37.469791" lon="-108.035698">
        <ele>3667.0</ele>
      </trkpt>
      <trkpt lat="37.469391" lon="-108.035362">
        <ele>3670.0</ele>
      </trkpt>
      <trkpt lat="37.4688" lon="-108.035088">
        <ele>3676.0</ele>
      </trkpt>
      <trkpt lat="37.46859" lon="-108.035164">
        <ele>3680.0</ele>
      </trkpt>
      <trkpt lat="37.467831" lon="-108.034836">
        <ele>3698.0</ele>
      </trkpt>
      <trkpt lat="37.467686" lon="-108.034447">
        <ele>3708.0</ele>
      </trkpt>
      <trkpt lat="37.467064" lon="-108.034485">
        <ele>3718.0</ele>
      </trkpt>
      <trkpt lat="37.467136" lon="-108.034248">
        <ele>3722.0</ele>
      </trkpt>
      <trkpt lat="37.467014" lon="-108.034302">
        <ele>3723.0</ele>
      </trkpt>
      <trkpt lat="37.467056" lon="-108.034172">
        <ele>3725.0</ele>
      </trkpt>
      <trkpt lat="37.466919" lon="-108.03405">
        <ele>3726.0</ele>
      </trkpt>
      <trkpt lat="37.466637" lon="-108.03405">
        <ele>3732.0</ele>
      </trkpt>
      <trkpt lat="37.466145" lon="-108.033829">
        <ele>3739.0</ele>
      </trkpt>
      <trkpt lat="37.465919" lon="-108.033897">
        <ele>3741.0</ele>
      </trkpt>
      <trkpt lat="37.465534" lon="-108.033676">
        <ele>3745.0</ele>
      </trkpt>
      <trkpt lat="37.465366" lon="-108.033691">
        <ele>3745.0</ele>
      </trkpt>
      <trkpt lat="37.465294" lon="-108.033813">
        <ele>3740.0</ele>
      </trkpt>
      <trkpt lat="37.464336" lon="-108.033562">
        <ele>3736.0</ele>
      </trkpt>
      <trkpt lat="37.463932" lon="-108.033707">
        <ele>3719.0</ele>
      </trkpt>
      <trkpt lat="37.463863" lon="-108.033646">
        <ele>3717.0</ele>
      </trkpt>
      <trkpt lat="37.463829" lon="-108.033852">
        <ele>3714.0</ele>
      </trkpt>
      <trkpt lat="37.463726" lon="-108.03376">
        <ele>3712.0</ele>
      </trkpt>
      <trkpt lat="37.463005" lon="-108.034271">
        <ele>3699.0</ele>
      </trkpt>
      <trkpt lat="37.46233" lon="-108.034492">
        <ele>3699.0</ele>
      </trkpt>
      <trkpt lat="37.461346" lon="-108.034576">
        <ele>3712.0</ele>
      </trkpt>
      <trkpt lat="37.460716" lon="-108.035011">
        <ele>3731.0</ele>
      </trkpt>
      <trkpt lat="37.460552" lon="-108.034996">
        <ele>3735.0</ele>
      </trkpt>
      <trkpt lat="37.460316" lon="-108.035378">
        <ele>3732.0</ele>
      </trkpt>
      <trkpt lat="37.460136" lon="-108.035934">
        <ele>3725.0</ele>
      </trkpt>
      <trkpt lat="37.45974" lon="-108.036484">
        <ele>3715.0</ele>
      </trkpt>
      <trkpt lat="37.459682" lon="-108.036743">
        <ele>3712.0</ele>
      </trkpt>
      <trkpt lat="37.459606" lon="-108.036758">
        <ele>3709.0</ele>
      </trkpt>
      <trkpt lat="37.459492" lon="-108.036537">
        <ele>3705.0</ele>
      </trkpt>
      <trkpt lat="37.459446" lon="-108.036018">
        <ele>3695.0</ele>
      </trkpt>
      <trkpt lat="37.459652" lon="-108.035622">
        <ele>3701.0</ele>
      </trkpt>
      <trkpt lat="37.459557" lon="-108.035683">
        <ele>3694.0</ele>
      </trkpt>
      <trkpt lat="37.459599" lon="-108.034866">
        <ele>3676.0</ele>
      </trkpt>
      <trkpt lat="37.459442" lon="-108.033524">
        <ele>3643.0</ele>
      </trkpt>
      <trkpt lat="37.45948" lon="-108.033028">
        <ele>3642.0</ele>
      </trkpt>
      <trkpt lat="37.459072" lon="-108.031494">
        <ele>3607.0</ele>
      </trkpt>
      <trkpt lat="37.458805" lon="-108.030891">
        <ele>3589.0</ele>
      </trkpt>
      <trkpt lat="37.458668" lon="-108.031578">
        <ele>3583.0</ele>
      </trkpt>
      <trkpt lat="37.4585" lon="-108.030945">
        <ele>3577.0</ele>
      </trkpt>
      <trkpt lat="37.457989" lon="-108.030464">
        <ele>3561.0</ele>
      </trkpt>
      <trkpt lat="37.456722" lon="-108.029816">
        <ele>3547.0</ele>
      </trkpt>
      <trkpt lat="37.456516" lon="-108.029007">
        <ele>3542.0</ele>
      </trkpt>
      <trkpt lat="37.456959" lon="-108.028343">
        <ele>3542.0</ele>
      </trkpt>
      <trkpt lat="37.456993" lon="-108.027748">
        <ele>3541.0</ele>
      </trkpt>
      <trkpt lat="37.456917" lon="-108.027649">
        <ele>3540.0</ele>
      </trkpt>
      <trkpt lat="37.45686" lon="-108.026947">
        <ele>3544.0</ele>
      </trkpt>
      <trkpt lat="37.455906" lon="-108.025154">
        <ele>3539.0</ele>
      </trkpt>
      <trkpt lat="37.45496" lon="-108.023003">
        <ele>3531.0</ele>
      </trkpt>
      <trkpt lat="37.45454" lon="-108.021072">
        <ele>3531.0</ele>
      </trkpt>
      <trkpt lat="37.454582" lon="-108.020439">
        <ele>3533.0</ele>
      </trkpt>
      <trkpt lat="37.454506" lon="-108.020004">
        <ele>3526.0</ele>
      </trkpt>
      <trkpt lat="37.454754" lon="-108.019386">
        <ele>3527.0</ele>
      </trkpt>
      <trkpt lat="37.454807" lon="-108.018898">
        <ele>3524.0</ele>
      </trkpt>
      <trkpt lat="37.454567" lon="-108.018242">
        <ele>3523.0</ele>
      </trkpt>
      <trkpt lat="37.454407" lon="-108.017303">
        <ele>3521.0</ele>
      </trkpt>
      <trkpt lat="37.45414" lon="-108.016792">
        <ele>3524.0</ele>
      </trkpt>
      <trkpt lat="37.453297" lon="-108.015709">
        <ele>3532.0</ele>
      </trkpt>
      <trkpt lat="37.45248" lon="-108.0149">
        <ele>3531.0</ele>
      </trkpt>
      <trkpt lat="37.45187" lon="-108.013863">
        <ele>3539.0</ele>
      </trkpt>
      <trkpt lat="37.451633" lon="-108.012474">
        <ele>3543.0</ele>
      </trkpt>
      <trkpt lat="37.451832" lon="-108.011444">
        <ele>3546.0</ele>
      </trkpt>
      <trkpt lat="37.45158" lon="-108.011299">
        <ele>3548.0</ele>
      </trkpt>
      <trkpt lat="37.451485" lon="-108.011063">
        <ele>3548.0</ele>
      </trkpt>
      <trkpt lat="37.451504" lon="-108.010399">
        <ele>3551.0</ele>
      </trkpt>
      <trkpt lat="37.450871" lon="-108.009071">
        <ele>3558.0</ele>
      </trkpt>
      <trkpt lat="37.45018" lon="-108.008751">
        <ele>3557.0</ele>
      </trkpt>
      <trkpt lat="37.449974" lon="-108.008484">
        <ele>3555.0</ele>
      </trkpt>
      <trkpt lat="37.449764" lon="-108.008469">
        <ele>3557.0</ele>
      </trkpt>
      <trkpt lat="37.449295" lon="-108.007568">
        <ele>3558.0</ele>
      </trkpt>
      <trkpt lat="37.449226" lon="-108.006874">
        <ele>3559.0</ele>
      </trkpt>
      <trkpt lat="37.449341" lon="-108.006531">
        <ele>3557.0</ele>
      </trkpt>
      <trkpt lat="37.449326" lon="-108.00621">
        <ele>3558.0</ele>
      </trkpt>
      <trkpt lat="37.449471" lon="-108.005783">
        <ele>3556.0</ele>
      </trkpt>
      <trkpt lat="37.449238" lon="-108.005226">
        <ele>3559.0</ele>
      </trkpt>
      <trkpt lat="37.449295" lon="-108.00499">
        <ele>3558.0</ele>
      </trkpt>
      <trkpt lat="37.449177" lon="-108.004356">
        <ele>3565.0</ele>
      </trkpt>
      <trkpt lat="37.449059" lon="-108.004227">
        <ele>3569.0</ele>
      </trkpt>
      <trkpt lat="37.448891" lon="-108.003288">
        <ele>3573.0</ele>
      </trkpt>
      <trkpt lat="37.448299" lon="-108.002861">
        <ele>3583.0</ele>
      </trkpt>
      <trkpt lat="37.447811" lon="-108.002251">
        <ele>3580.0</ele>
      </trkpt>
      <trkpt lat="37.447182" lon="-108.002052">
        <ele>3580.0</ele>
      </trkpt>
      <trkpt lat="37.447788" lon="-108.001747">
        <ele>3568.0</ele>
      </trkpt>
      <trkpt lat="37.448235" lon="-108.001663">
        <ele>3565.0</ele>
      </trkpt>
      <trkpt lat="37.448483" lon="-108.000877">
        <ele>3561.0</ele>
      </trkpt>
      <trkpt lat="37.448547" lon="-108.000076">
        <ele>3551.0</ele>
      </trkpt>
      <trkpt lat="37.448475" lon="-107.99955">
        <ele>3542.0</ele>
      </trkpt>
      <trkpt lat="37.44846" lon="-107.998985">
        <ele>3533.0</ele>
      </trkpt>
      <trkpt lat="37.44804" lon="-107.998016">
        <ele>3502.0</ele>
      </trkpt>
      <trkpt lat="37.447994" lon="-107.997696">
        <ele>3494.0</ele>
      </trkpt>
      <trkpt lat="37.448063" lon="-107.997337">
        <ele>3496.0</ele>
      </trkpt>
      <trkpt lat="37.447964" lon="-107.996689">
        <ele>3480.0</ele>
      </trkpt>
      <trkpt lat="37.448147" lon="-107.994659">
        <ele>3449.0</ele>
      </trkpt>
      <trkpt lat="37.448025" lon="-107.993317">
        <ele>3421.0</ele>
      </trkpt>
      <trkpt lat="37.448071" lon="-107.992928">
        <ele>3426.0</ele>
      </trkpt>
      <trkpt lat="37.44775" lon="-107.990753">
        <ele>3386.0</ele>
      </trkpt>
      <trkpt lat="37.448208" lon="-107.990509">
        <ele>3370.0</ele>
      </trkpt>
      <trkpt lat="37.448872" lon="-107.990845">
        <ele>3366.0</ele>
      </trkpt>
      <trkpt lat="37.44952" lon="-107.990868">
        <ele>3358.0</ele>
      </trkpt>
      <trkpt lat="37.449726" lon="-107.991005">
        <ele>3367.0</ele>
      </trkpt>
      <trkpt lat="37.450138" lon="-107.990692">
        <ele>3357.0</ele>
      </trkpt>
      <trkpt lat="37.450737" lon="-107.989952">
        <ele>3348.0</ele>
      </trkpt>
      <trkpt lat="37.451599" lon="-107.98822">
        <ele>3327.0</ele>
      </trkpt>
      <trkpt lat="37.451851" lon="-107.987457">
        <ele>3322.0</ele>
      </trkpt>
      <trkpt lat="37.451935" lon="-107.986794">
        <ele>3307.0</ele>
      </trkpt>
      <trkpt lat="37.452061" lon="-107.986618">
        <ele>3309.0</ele>
      </trkpt>
      <trkpt lat="37.452198" lon="-107.98587">
        <ele>3288.0</ele>
      </trkpt>
      <trkpt lat="37.452374" lon="-107.985756">
        <ele>3295.0</ele>
      </trkpt>
      <trkpt lat="37.452145" lon="-107.985878">
        <ele>3285.0</ele>
      </trkpt>
      <trkpt lat="37.451889" lon="-107.986351">
        <ele>3289.0</ele>
      </trkpt>
      <trkpt lat="37.451462" lon="-107.986687">
        <ele>3274.0</ele>
      </trkpt>
      <trkpt lat="37.451164" lon="-107.987198">
        <ele>3271.0</ele>
      </trkpt>
      <trkpt lat="37.450409" lon="-107.987808">
        <ele>3255.0</ele>
      </trkpt>
      <trkpt lat="37.45005" lon="-107.987953">
        <ele>3243.0</ele>
      </trkpt>
      <trkpt lat="37.449619" lon="-107.987709">
        <ele>3228.0</ele>
      </trkpt>
      <trkpt lat="37.449921" lon="-107.98764">
        <ele>3229.0</ele>
      </trkpt>
      <trkpt lat="37.450241" lon="-107.987068">
        <ele>3223.0</ele>
      </trkpt>
      <trkpt lat="37.450668" lon="-107.985489">
        <ele>3199.0</ele>
      </trkpt>
      <trkpt lat="37.450981" lon="-107.984879">
        <ele>3193.0</ele>
      </trkpt>
      <trkpt lat="37.450951" lon="-107.984421">
        <ele>3183.0</ele>
      </trkpt>
      <trkpt lat="37.451038" lon="-107.983887">
        <ele>3174.0</ele>
      </trkpt>
      <trkpt lat="37.450909" lon="-107.983719">
        <ele>3164.0</ele>
      </trkpt>
      <trkpt lat="37.450531" lon="-107.984261">
        <ele>3162.0</ele>
      </trkpt>
      <trkpt lat="37.450531" lon="-107.984077">
        <ele>3158.0</ele>
      </trkpt>
      <trkpt lat="37.44957" lon="-107.984718">
        <ele>3139.0</ele>
      </trkpt>
      <trkpt lat="37.448952" lon="-107.984833">
        <ele>3134.0</ele>
      </trkpt>
      <trkpt lat="37.44923" lon="-107.98452">
        <ele>3130.0</ele>
      </trkpt>
      <trkpt lat="37.449471" lon="-107.984009">
        <ele>3126.0</ele>
      </trkpt>
      <trkpt lat="37.449528" lon="-107.983261">
        <ele>3111.0</ele>
      </trkpt>
      <trkpt lat="37.449684" lon="-107.982788">
        <ele>3105.0</ele>
      </trkpt>
      <trkpt lat="37.450035" lon="-107.982773">
        <ele>3108.0</ele>
      </trkpt>
      <trkpt lat="37.450073" lon="-107.982689">
        <ele>3108.0</ele>
      </trkpt>
      <trkpt lat="37.449848" lon="-107.982178">
        <ele>3099.0</ele>
      </trkpt>
      <trkpt lat="37.449947" lon="-107.982063">
        <ele>3102.0</ele>
      </trkpt>
      <trkpt lat="37.449913" lon="-107.981789">
        <ele>3105.0</ele>
      </trkpt>
      <trkpt lat="37.449631" lon="-107.981674">
        <ele>3101.0</ele>
      </trkpt>
      <trkpt lat="37.449486" lon="-107.98175">
        <ele>3097.0</ele>
      </trkpt>
      <trkpt lat="37.448898" lon="-107.981171">
        <ele>3100.0</ele>
      </trkpt>
      <trkpt lat="37.448524" lon="-107.980156">
        <ele>3090.0</ele>
      </trkpt>
      <trkpt lat="37.449818" lon="-107.979485">
        <ele>3083.0</ele>
      </trkpt>
      <trkpt lat="37.450077" lon="-107.979004">
        <ele>3081.0</ele>
      </trkpt>
      <trkpt lat="37.450459" lon="-107.978928">
        <ele>3085.0</ele>
      </trkpt>
      <trkpt lat="37.450569" lon="-107.978615">
        <ele>3075.0</ele>
      </trkpt>
      <trkpt lat="37.450756" lon="-107.978661">
        <ele>3076.0</ele>
      </trkpt>
      <trkpt lat="37.450783" lon="-107.978096">
        <ele>3072.0</ele>
      </trkpt>
      <trkpt lat="37.450977" lon="-107.977989">
        <ele>3079.0</ele>
      </trkpt>
      <trkpt lat="37.450916" lon="-107.977852">
        <ele>3078.0</ele>
      </trkpt>
      <trkpt lat="37.450916" lon="-107.977936">
        <ele>3078.0</ele>
      </trkpt>
      <trkpt lat="37.450733" lon="-107.977455">
        <ele>3072.0</ele>
      </trkpt>
      <trkpt lat="37.451561" lon="-107.977203">
        <ele>3078.0</ele>
      </trkpt>
      <trkpt lat="37.451637" lon="-107.976913">
        <ele>3074.0</ele>
      </trkpt>
      <trkpt lat="37.451561" lon="-107.976799">
        <ele>3074.0</ele>
      </trkpt>
      <trkpt lat="37.451599" lon="-107.976486">
        <ele>3081.0</ele>
      </trkpt>
      <trkpt lat="37.451176" lon="-107.97567">
        <ele>3080.0</ele>
      </trkpt>
      <trkpt lat="37.450909" lon="-107.975548">
        <ele>3079.0</ele>
      </trkpt>
      <trkpt lat="37.450397" lon="-107.974998">
        <ele>3081.0</ele>
      </trkpt>
      <trkpt lat="37.451157" lon="-107.975151">
        <ele>3089.0</ele>
      </trkpt>
      <trkpt lat="37.451401" lon="-107.97506">
        <ele>3093.0</ele>
      </trkpt>
      <trkpt lat="37.451641" lon="-107.97393">
        <ele>3077.0</ele>
      </trkpt>
      <trkpt lat="37.451336" lon="-107.973503">
        <ele>3069.0</ele>
      </trkpt>
      <trkpt lat="37.451035" lon="-107.973572">
        <ele>3070.0</ele>
      </trkpt>
      <trkpt lat="37.4506" lon="-107.973137">
        <ele>3065.0</ele>
      </trkpt>
      <trkpt lat="37.449738" lon="-107.972649">
        <ele>3047.0</ele>
      </trkpt>
      <trkpt lat="37.448807" lon="-107.972359">
        <ele>3030.0</ele>
      </trkpt>
      <trkpt lat="37.448704" lon="-107.972015">
        <ele>3029.0</ele>
      </trkpt>
      <trkpt lat="37.44833" lon="-107.971886">
        <ele>3023.0</ele>
      </trkpt>
      <trkpt lat="37.448154" lon="-107.971588">
        <ele>3024.0</ele>
      </trkpt>
      <trkpt lat="37.447319" lon="-107.971596">
        <ele>3011.0</ele>
      </trkpt>
      <trkpt lat="37.446762" lon="-107.971313">
        <ele>3003.0</ele>
      </trkpt>
      <trkpt lat="37.446568" lon="-107.971321">
        <ele>2995.0</ele>
      </trkpt>
      <trkpt lat="37.44593" lon="-107.971024">
        <ele>2988.0</ele>
      </trkpt>
      <trkpt lat="37.445499" lon="-107.970688">
        <ele>2983.0</ele>
      </trkpt>
      <trkpt lat="37.445156" lon="-107.969971">
        <ele>2978.0</ele>
      </trkpt>
      <trkpt lat="37.444942" lon="-107.969749">
        <ele>2966.0</ele>
      </trkpt>
      <trkpt lat="37.445156" lon="-107.9692">
        <ele>2963.0</ele>
      </trkpt>
      <trkpt lat="37.445126" lon="-107.96904">
        <ele>2962.0</ele>
      </trkpt>
      <trkpt lat="37.443939" lon="-107.968895">
        <ele>2959.0</ele>
      </trkpt>
      <trkpt lat="37.443592" lon="-107.969009">
        <ele>2960.0</ele>
      </trkpt>
      <trkpt lat="37.443119" lon="-107.969666">
        <ele>2947.0</ele>
      </trkpt>
      <trkpt lat="37.442692" lon="-107.969864">
        <ele>2941.0</ele>
      </trkpt>
      <trkpt lat="37.442413" lon="-107.970131">
        <ele>2930.0</ele>
      </trkpt>
      <trkpt lat="37.442059" lon="-107.970215">
        <ele>2924.0</ele>
      </trkpt>
      <trkpt lat="37.442139" lon="-107.970322">
        <ele>2921.0</ele>
      </trkpt>
      <trkpt lat="37.442886" lon="-107.970413">
        <ele>2922.0</ele>
      </trkpt>
      <trkpt lat="37.443295" lon="-107.970329">
        <ele>2924.0</ele>
      </trkpt>
      <trkpt lat="37.443378" lon="-107.970406">
        <ele>2921.0</ele>
      </trkpt>
      <trkpt lat="37.443069" lon="-107.970642">
        <ele>2914.0</ele>
      </trkpt>
      <trkpt lat="37.442623" lon="-107.970779">
        <ele>2909.0</ele>
      </trkpt>
      <trkpt lat="37.441933" lon="-107.971382">
        <ele>2889.0</ele>
      </trkpt>
      <trkpt lat="37.441692" lon="-107.971481">
        <ele>2887.0</ele>
      </trkpt>
      <trkpt lat="37.441402" lon="-107.97139">
        <ele>2883.0</ele>
      </trkpt>
      <trkpt lat="37.439877" lon="-107.971649">
        <ele>2861.0</ele>
      </trkpt>
      <trkpt lat="37.439232" lon="-107.971359">
        <ele>2861.0</ele>
      </trkpt>
      <trkpt lat="37.438793" lon="-107.971413">
        <ele>2852.0</ele>
      </trkpt>
      <trkpt lat="37.437828" lon="-107.97113">
        <ele>2844.0</ele>
      </trkpt>
      <trkpt lat="37.437458" lon="-107.971138">
        <ele>2834.0</ele>
      </trkpt>
      <trkpt lat="37.437313" lon="-107.970825">
        <ele>2846.0</ele>
      </trkpt>
      <trkpt lat="37.436863" lon="-107.971138">
        <ele>2841.0</ele>
      </trkpt>
      <trkpt lat="37.436398" lon="-107.9711">
        <ele>2834.0</ele>
      </trkpt>
      <trkpt lat="37.435646" lon="-107.97068">
        <ele>2827.0</ele>
      </trkpt>
      <trkpt lat="37.435398" lon="-107.970238">
        <ele>2842.0</ele>
      </trkpt>
      <trkpt lat="37.435036" lon="-107.97036">
        <ele>2831.0</ele>
      </trkpt>
      <trkpt lat="37.434719" lon="-107.9702">
        <ele>2830.0</ele>
      </trkpt>
      <trkpt lat="37.434055" lon="-107.970245">
        <ele>2819.0</ele>
      </trkpt>
      <trkpt lat="37.433784" lon="-107.970123">
        <ele>2822.0</ele>
      </trkpt>
      <trkpt lat="37.433197" lon="-107.970367">
        <ele>2805.0</ele>
      </trkpt>
      <trkpt lat="37.433098" lon="-107.970238">
        <ele>2808.0</ele>
      </trkpt>
      <trkpt lat="37.433109" lon="-107.969719">
        <ele>2814.0</ele>
      </trkpt>
      <trkpt lat="37.433002" lon="-107.969376">
        <ele>2805.0</ele>
      </trkpt>
      <trkpt lat="37.43301" lon="-107.96888">
        <ele>2802.0</ele>
      </trkpt>
      <trkpt lat="37.433174" lon="-107.9683">
        <ele>2819.0</ele>
      </trkpt>
      <trkpt lat="37.432877" lon="-107.968849">
        <ele>2802.0</ele>
      </trkpt>
      <trkpt lat="37.432819" lon="-107.96981">
        <ele>2787.0</ele>
      </trkpt>
      <trkpt lat="37.432598" lon="-107.970184">
        <ele>2780.0</ele>
      </trkpt>
      <trkpt lat="37.432487" lon="-107.971252">
        <ele>2749.0</ele>
      </trkpt>
      <trkpt lat="37.432537" lon="-107.97142">
        <ele>2743.0</ele>
      </trkpt>
      <trkpt lat="37.433369" lon="-107.971107">
        <ele>2754.0</ele>
      </trkpt>
      <trkpt lat="37.433247" lon="-107.971138">
        <ele>2754.0</ele>
      </trkpt>
      <trkpt lat="37.433228" lon="-107.971283">
        <ele>2753.0</ele>
      </trkpt>
      <trkpt lat="37.4328" lon="-107.971756">
        <ele>2744.0</ele>
      </trkpt>
      <trkpt lat="37.432556" lon="-107.971802">
        <ele>2742.0</ele>
      </trkpt>
      <trkpt lat="37.432163" lon="-107.972206">
        <ele>2738.0</ele>
      </trkpt>
      <trkpt lat="37.431641" lon="-107.972191">
        <ele>2729.0</ele>
      </trkpt>
      <trkpt lat="37.431446" lon="-107.972008">
        <ele>2731.0</ele>
      </trkpt>
      <trkpt lat="37.430367" lon="-107.972122">
        <ele>2726.0</ele>
      </trkpt>
      <trkpt lat="37.429722" lon="-107.972977">
        <ele>2714.0</ele>
      </trkpt>
      <trkpt lat="37.428844" lon="-107.973198">
        <ele>2700.0</ele>
      </trkpt>
      <trkpt lat="37.427944" lon="-107.973213">
        <ele>2691.0</ele>
      </trkpt>
      <trkpt lat="37.427464" lon="-107.97303">
        <ele>2692.0</ele>
      </trkpt>
      <trkpt lat="37.427048" lon="-107.973618">
        <ele>2680.0</ele>
      </trkpt>
      <trkpt lat="37.426811" lon="-107.973686">
        <ele>2681.0</ele>
      </trkpt>
      <trkpt lat="37.426289" lon="-107.973549">
        <ele>2671.0</ele>
      </trkpt>
      <trkpt lat="37.425587" lon="-107.973717">
        <ele>2666.0</ele>
      </trkpt>
      <trkpt lat="37.425472" lon="-107.97364">
        <ele>2664.0</ele>
      </trkpt>
      <trkpt lat="37.424595" lon="-107.973839">
        <ele>2662.0</ele>
      </trkpt>
      <trkpt lat="37.424274" lon="-107.974297">
        <ele>2657.0</ele>
      </trkpt>
      <trkpt lat="37.424023" lon="-107.974167">
        <ele>2658.0</ele>
      </trkpt>
      <trkpt lat="37.423573" lon="-107.974304">
        <ele>2656.0</ele>
      </trkpt>
      <trkpt lat="37.422806" lon="-107.974747">
        <ele>2642.0</ele>
      </trkpt>
      <trkpt lat="37.422451" lon="-107.974663">
        <ele>2643.0</ele>
      </trkpt>
      <trkpt lat="37.422058" lon="-107.974739">
        <ele>2633.0</ele>
      </trkpt>
      <trkpt lat="37.421547" lon="-107.974258">
        <ele>2639.0</ele>
      </trkpt>
      <trkpt lat="37.420273" lon="-107.974121">
        <ele>2637.0</ele>
      </trkpt>
      <trkpt lat="37.419415" lon="-107.974503">
        <ele>2624.0</ele>
      </trkpt>
      <trkpt lat="37.418797" lon="-107.974434">
        <ele>2623.0</ele>
      </trkpt>
      <trkpt lat="37.41819" lon="-107.973976">
        <ele>2619.0</ele>
      </trkpt>
      <trkpt lat="37.417652" lon="-107.97393">
        <ele>2612.0</ele>
      </trkpt>
      <trkpt lat="37.416729" lon="-107.97271">
        <ele>2611.0</ele>
      </trkpt>
      <trkpt lat="37.416592" lon="-107.972649">
        <ele>2608.0</ele>
      </trkpt>
      <trkpt lat="37.416412" lon="-107.972733">
        <ele>2602.0</ele>
      </trkpt>
      <trkpt lat="37.416378" lon="-107.973274">
        <ele>2605.0</ele>
      </trkpt>
      <trkpt lat="37.416443" lon="-107.973282">
        <ele>2605.0</ele>
      </trkpt>
      <trkpt lat="37.416275" lon="-107.973366">
        <ele>2612.0</ele>
      </trkpt>
      <trkpt lat="37.415489" lon="-107.973289">
        <ele>2630.0</ele>
      </trkpt>
      <trkpt lat="37.41539" lon="-107.973106">
        <ele>2613.0</ele>
      </trkpt>
      <trkpt lat="37.414967" lon="-107.972946">
        <ele>2624.0</ele>
      </trkpt>
      <trkpt lat="37.414856" lon="-107.972778">
        <ele>2624.0</ele>
      </trkpt>
      <trkpt lat="37.414066" lon="-107.972549">
        <ele>2629.0</ele>
      </trkpt>
      <trkpt lat="37.412743" lon="-107.973671">
        <ele>2623.0</ele>
      </trkpt>
      <trkpt lat="37.412399" lon="-107.973396">
        <ele>2643.0</ele>
      </trkpt>
      <trkpt lat="37.412762" lon="-107.97245">
        <ele>2632.0</ele>
      </trkpt>
      <trkpt lat="37.412434" lon="-107.97258">
        <ele>2648.0</ele>
      </trkpt>
      <trkpt lat="37.411949" lon="-107.972389">
        <ele>2647.0</ele>
      </trkpt>
      <trkpt lat="37.411697" lon="-107.972549">
        <ele>2667.0</ele>
      </trkpt>
      <trkpt lat="37.411339" lon="-107.972168">
        <ele>2649.0</ele>
      </trkpt>
      <trkpt lat="37.410915" lon="-107.972176">
        <ele>2669.0</ele>
      </trkpt>
      <trkpt lat="37.410599" lon="-107.971794">
        <ele>2657.0</ele>
      </trkpt>
      <trkpt lat="37.410091" lon="-107.972092">
        <ele>2677.0</ele>
      </trkpt>
      <trkpt lat="37.409649" lon="-107.971565">
        <ele>2674.0</ele>
      </trkpt>
      <trkpt lat="37.40929" lon="-107.971458">
        <ele>2677.0</ele>
      </trkpt>
      <trkpt lat="37.408844" lon="-107.971664">
        <ele>2686.0</ele>
      </trkpt>
      <trkpt lat="37.408772" lon="-107.971817">
        <ele>2699.0</ele>
      </trkpt>
      <trkpt lat="37.408558" lon="-107.971733">
        <ele>2699.0</ele>
      </trkpt>
      <trkpt lat="37.408394" lon="-107.971451">
        <ele>2693.0</ele>
      </trkpt>
      <trkpt lat="37.408176" lon="-107.971436">
        <ele>2706.0</ele>
      </trkpt>
      <trkpt lat="37.407688" lon="-107.970749">
        <ele>2717.0</ele>
      </trkpt>
      <trkpt lat="37.407406" lon="-107.970535">
        <ele>2718.0</ele>
      </trkpt>
      <trkpt lat="37.407166" lon="-107.970734">
        <ele>2731.0</ele>
      </trkpt>
      <trkpt lat="37.407406" lon="-107.970673">
        <ele>2725.0</ele>
      </trkpt>
      <trkpt lat="37.406933" lon="-107.971024">
        <ele>2747.0</ele>
      </trkpt>
      <trkpt lat="37.406101" lon="-107.970055">
        <ele>2760.0</ele>
      </trkpt>
      <trkpt lat="37.406136" lon="-107.970131">
        <ele>2761.0</ele>
      </trkpt>
      <trkpt lat="37.405769" lon="-107.97052">
        <ele>2756.0</ele>
      </trkpt>
      <trkpt lat="37.405697" lon="-107.970764">
        <ele>2759.0</ele>
      </trkpt>
      <trkpt lat="37.405437" lon="-107.971008">
        <ele>2750.0</ele>
      </trkpt>
      <trkpt lat="37.405308" lon="-107.971382">
        <ele>2752.0</ele>
      </trkpt>
      <trkpt lat="37.40469" lon="-107.971603">
        <ele>2743.0</ele>
      </trkpt>
      <trkpt lat="37.404457" lon="-107.972015">
        <ele>2747.0</ele>
      </trkpt>
      <trkpt lat="37.404186" lon="-107.97213">
        <ele>2738.0</ele>
      </trkpt>
      <trkpt lat="37.403927" lon="-107.972557">
        <ele>2742.0</ele>
      </trkpt>
      <trkpt lat="37.40358" lon="-107.971237">
        <ele>2740.0</ele>
      </trkpt>
      <trkpt lat="37.403324" lon="-107.970993">
        <ele>2751.0</ele>
      </trkpt>
      <trkpt lat="37.403557" lon="-107.970154">
        <ele>2740.0</ele>
      </trkpt>
      <trkpt lat="37.403488" lon="-107.969925">
        <ele>2737.0</ele>
      </trkpt>
      <trkpt lat="37.402668" lon="-107.969635">
        <ele>2750.0</ele>
      </trkpt>
      <trkpt lat="37.402611" lon="-107.96946">
        <ele>2750.0</ele>
      </trkpt>
      <trkpt lat="37.402679" lon="-107.969078">
        <ele>2749.0</ele>
      </trkpt>
      <trkpt lat="37.403107" lon="-107.968193">
        <ele>2742.0</ele>
      </trkpt>
      <trkpt lat="37.403015" lon="-107.967308">
        <ele>2741.0</ele>
      </trkpt>
      <trkpt lat="37.402828" lon="-107.966835">
        <ele>2743.0</ele>
      </trkpt>
      <trkpt lat="37.402214" lon="-107.966705">
        <ele>2741.0</ele>
      </trkpt>
      <trkpt lat="37.401901" lon="-107.966789">
        <ele>2738.0</ele>
      </trkpt>
      <trkpt lat="37.401451" lon="-107.96624">
        <ele>2737.0</ele>
      </trkpt>
      <trkpt lat="37.401405" lon="-107.964378">
        <ele>2731.0</ele>
      </trkpt>
      <trkpt lat="37.400986" lon="-107.964714">
        <ele>2732.0</ele>
      </trkpt>
      <trkpt lat="37.400776" lon="-107.964638">
        <ele>2720.0</ele>
      </trkpt>
      <trkpt lat="37.40062" lon="-107.964989">
        <ele>2728.0</ele>
      </trkpt>
      <trkpt lat="37.400047" lon="-107.965218">
        <ele>2710.0</ele>
      </trkpt>
      <trkpt lat="37.399925" lon="-107.965385">
        <ele>2713.0</ele>
      </trkpt>
      <trkpt lat="37.399723" lon="-107.966774">
        <ele>2729.0</ele>
      </trkpt>
      <trkpt lat="37.399082" lon="-107.968361">
        <ele>2728.0</ele>
      </trkpt>
      <trkpt lat="37.398907" lon="-107.968582">
        <ele>2725.0</ele>
      </trkpt>
      <trkpt lat="37.398746" lon="-107.969414">
        <ele>2730.0</ele>
      </trkpt>
      <trkpt lat="37.398888" lon="-107.96994">
        <ele>2742.0</ele>
      </trkpt>
      <trkpt lat="37.398705" lon="-107.970222">
        <ele>2741.0</ele>
      </trkpt>
      <trkpt lat="37.398701" lon="-107.971138">
        <ele>2772.0</ele>
      </trkpt>
      <trkpt lat="37.398308" lon="-107.970665">
        <ele>2775.0</ele>
      </trkpt>
      <trkpt lat="37.39793" lon="-107.970612">
        <ele>2781.0</ele>
      </trkpt>
      <trkpt lat="37.397694" lon="-107.970695">
        <ele>2789.0</ele>
      </trkpt>
      <trkpt lat="37.397751" lon="-107.970047">
        <ele>2774.0</ele>
      </trkpt>
      <trkpt lat="37.397297" lon="-107.970039">
        <ele>2787.0</ele>
      </trkpt>
      <trkpt lat="37.396999" lon="-107.970337">
        <ele>2801.0</ele>
      </trkpt>
      <trkpt lat="37.396835" lon="-107.970093">
        <ele>2807.0</ele>
      </trkpt>
      <trkpt lat="37.396709" lon="-107.967979">
        <ele>2817.0</ele>
      </trkpt>
      <trkpt lat="37.396473" lon="-107.967758">
        <ele>2824.0</ele>
      </trkpt>
      <trkpt lat="37.395981" lon="-107.967651">
        <ele>2830.0</ele>
      </trkpt>
      <trkpt lat="37.395756" lon="-107.96772">
        <ele>2833.0</ele>
      </trkpt>
      <trkpt lat="37.395599" lon="-107.967926">
        <ele>2837.0</ele>
      </trkpt>
      <trkpt lat="37.395149" lon="-107.967995">
        <ele>2834.0</ele>
      </trkpt>
      <trkpt lat="37.394848" lon="-107.968193">
        <ele>2846.0</ele>
      </trkpt>
      <trkpt lat="37.39473" lon="-107.96801">
        <ele>2848.0</ele>
      </trkpt>
      <trkpt lat="37.394764" lon="-107.967529">
        <ele>2839.0</ele>
      </trkpt>
      <trkpt lat="37.394543" lon="-107.967422">
        <ele>2849.0</ele>
      </trkpt>
      <trkpt lat="37.393787" lon="-107.967377">
        <ele>2860.0</ele>
      </trkpt>
      <trkpt lat="37.393505" lon="-107.966972">
        <ele>2848.0</ele>
      </trkpt>
      <trkpt lat="37.393326" lon="-107.96698">
        <ele>2843.0</ele>
      </trkpt>
      <trkpt lat="37.39312" lon="-107.967522">
        <ele>2853.0</ele>
      </trkpt>
      <trkpt lat="37.392612" lon="-107.967888">
        <ele>2857.0</ele>
      </trkpt>
      <trkpt lat="37.392612" lon="-107.968346">
        <ele>2863.0</ele>
      </trkpt>
      <trkpt lat="37.392765" lon="-107.968681">
        <ele>2872.0</ele>
      </trkpt>
      <trkpt lat="37.392605" lon="-107.969307">
        <ele>2869.0</ele>
      </trkpt>
      <trkpt lat="37.391689" lon="-107.969612">
        <ele>2872.0</ele>
      </trkpt>
      <trkpt lat="37.391693" lon="-107.970596">
        <ele>2876.0</ele>
      </trkpt>
      <trkpt lat="37.391563" lon="-107.970757">
        <ele>2865.0</ele>
      </trkpt>
      <trkpt lat="37.39151" lon="-107.971222">
        <ele>2872.0</ele>
      </trkpt>
      <trkpt lat="37.391258" lon="-107.971405">
        <ele>2880.0</ele>
      </trkpt>
      <trkpt lat="37.391144" lon="-107.971184">
        <ele>2877.0</ele>
      </trkpt>
      <trkpt lat="37.390537" lon="-107.97084">
        <ele>2879.0</ele>
      </trkpt>
      <trkpt lat="37.390045" lon="-107.971352">
        <ele>2885.0</ele>
      </trkpt>
      <trkpt lat="37.389462" lon="-107.971512">
        <ele>2881.0</ele>
      </trkpt>
      <trkpt lat="37.38924" lon="-107.97113">
        <ele>2873.0</ele>
      </trkpt>
      <trkpt lat="37.38892" lon="-107.971481">
        <ele>2880.0</ele>
      </trkpt>
      <trkpt lat="37.388695" lon="-107.971352">
        <ele>2879.0</ele>
      </trkpt>
      <trkpt lat="37.388474" lon="-107.971405">
        <ele>2886.0</ele>
      </trkpt>
      <trkpt lat="37.388294" lon="-107.971039">
        <ele>2885.0</ele>
      </trkpt>
      <trkpt lat="37.387817" lon="-107.970932">
        <ele>2893.0</ele>
      </trkpt>
      <trkpt lat="37.387657" lon="-107.96994">
        <ele>2891.0</ele>
      </trkpt>
      <trkpt lat="37.386856" lon="-107.969666">
        <ele>2898.0</ele>
      </trkpt>
      <trkpt lat="37.38694" lon="-107.969437">
        <ele>2885.0</ele>
      </trkpt>
      <trkpt lat="37.386787" lon="-107.968384">
        <ele>2896.0</ele>
      </trkpt>
      <trkpt lat="37.386978" lon="-107.967598">
        <ele>2895.0</ele>
      </trkpt>
      <trkpt lat="37.386978" lon="-107.967186">
        <ele>2900.0</ele>
      </trkpt>
      <trkpt lat="37.386742" lon="-107.96666">
        <ele>2911.0</ele>
      </trkpt>
      <trkpt lat="37.386322" lon="-107.965057">
        <ele>2908.0</ele>
      </trkpt>
      <trkpt lat="37.386364" lon="-107.964806">
        <ele>2903.0</ele>
      </trkpt>
      <trkpt lat="37.387344" lon="-107.963539">
        <ele>2898.0</ele>
      </trkpt>
      <trkpt lat="37.387386" lon="-107.963371">
        <ele>2902.0</ele>
      </trkpt>
      <trkpt lat="37.387138" lon="-107.962509">
        <ele>2914.0</ele>
      </trkpt>
      <trkpt lat="37.387226" lon="-107.961525">
        <ele>2905.0</ele>
      </trkpt>
      <trkpt lat="37.387066" lon="-107.960869">
        <ele>2917.0</ele>
      </trkpt>
      <trkpt lat="37.386856" lon="-107.960663">
        <ele>2916.0</ele>
      </trkpt>
      <trkpt lat="37.386303" lon="-107.960556">
        <ele>2913.0</ele>
      </trkpt>
      <trkpt lat="37.386055" lon="-107.960617">
        <ele>2910.0</ele>
      </trkpt>
      <trkpt lat="37.385262" lon="-107.961258">
        <ele>2894.0</ele>
      </trkpt>
      <trkpt lat="37.384838" lon="-107.961884">
        <ele>2893.0</ele>
      </trkpt>
      <trkpt lat="37.384197" lon="-107.962151">
        <ele>2887.0</ele>
      </trkpt>
      <trkpt lat="37.384029" lon="-107.962715">
        <ele>2883.0</ele>
      </trkpt>
      <trkpt lat="37.383957" lon="-107.96347">
        <ele>2881.0</ele>
      </trkpt>
      <trkpt lat="37.383617" lon="-107.964119">
        <ele>2872.0</ele>
      </trkpt>
      <trkpt lat="37.383415" lon="-107.965141">
        <ele>2874.0</ele>
      </trkpt>
      <trkpt lat="37.383209" lon="-107.965118">
        <ele>2874.0</ele>
      </trkpt>
      <trkpt lat="37.382904" lon="-107.96347">
        <ele>2876.0</ele>
      </trkpt>
      <trkpt lat="37.382591" lon="-107.962898">
        <ele>2877.0</ele>
      </trkpt>
      <trkpt lat="37.382286" lon="-107.961777">
        <ele>2874.0</ele>
      </trkpt>
      <trkpt lat="37.382038" lon="-107.96122">
        <ele>2871.0</ele>
      </trkpt>
      <trkpt lat="37.381844" lon="-107.961105">
        <ele>2867.0</ele>
      </trkpt>
      <trkpt lat="37.381271" lon="-107.961288">
        <ele>2862.0</ele>
      </trkpt>
      <trkpt lat="37.380463" lon="-107.961266">
        <ele>2853.0</ele>
      </trkpt>
      <trkpt lat="37.379425" lon="-107.961815">
        <ele>2848.0</ele>
      </trkpt>
      <trkpt lat="37.379307" lon="-107.961716">
        <ele>2850.0</ele>
      </trkpt>
      <trkpt lat="37.37936" lon="-107.960831">
        <ele>2850.0</ele>
      </trkpt>
      <trkpt lat="37.379471" lon="-107.960449">
        <ele>2846.0</ele>
      </trkpt>
      <trkpt lat="37.379372" lon="-107.960266">
        <ele>2842.0</ele>
      </trkpt>
      <trkpt lat="37.378284" lon="-107.961052">
        <ele>2828.0</ele>
      </trkpt>
      <trkpt lat="37.377663" lon="-107.961288">
        <ele>2821.0</ele>
      </trkpt>
      <trkpt lat="37.377514" lon="-107.962189">
        <ele>2820.0</ele>
      </trkpt>
      <trkpt lat="37.377193" lon="-107.962814">
        <ele>2812.0</ele>
      </trkpt>
      <trkpt lat="37.376476" lon="-107.962631">
        <ele>2808.0</ele>
      </trkpt>
      <trkpt lat="37.374866" lon="-107.963905">
        <ele>2796.0</ele>
      </trkpt>
      <trkpt lat="37.374508" lon="-107.963936">
        <ele>2793.0</ele>
      </trkpt>
      <trkpt lat="37.373833" lon="-107.963707">
        <ele>2783.0</ele>
      </trkpt>
      <trkpt lat="37.373329" lon="-107.964066">
        <ele>2782.0</ele>
      </trkpt>
      <trkpt lat="37.373032" lon="-107.963951">
        <ele>2778.0</ele>
      </trkpt>
      <trkpt lat="37.372868" lon="-107.963722">
        <ele>2773.0</ele>
      </trkpt>
      <trkpt lat="37.37262" lon="-107.963692">
        <ele>2771.0</ele>
      </trkpt>
      <trkpt lat="37.372005" lon="-107.964203">
        <ele>2775.0</ele>
      </trkpt>
      <trkpt lat="37.371647" lon="-107.964088">
        <ele>2771.0</ele>
      </trkpt>
      <trkpt lat="37.371071" lon="-107.964317">
        <ele>2767.0</ele>
      </trkpt>
      <trkpt lat="37.370731" lon="-107.964287">
        <ele>2764.0</ele>
      </trkpt>
      <trkpt lat="37.370647" lon="-107.963974">
        <ele>2768.0</ele>
      </trkpt>
      <trkpt lat="37.370281" lon="-107.963722">
        <ele>2761.0</ele>
      </trkpt>
      <trkpt lat="37.370037" lon="-107.963776">
        <ele>2757.0</ele>
      </trkpt>
      <trkpt lat="37.36953" lon="-107.964142">
        <ele>2757.0</ele>
      </trkpt>
      <trkpt lat="37.369213" lon="-107.963852">
        <ele>2759.0</ele>
      </trkpt>
      <trkpt lat="37.369061" lon="-107.963905">
        <ele>2762.0</ele>
      </trkpt>
      <trkpt lat="37.368958" lon="-107.964172">
        <ele>2758.0</ele>
      </trkpt>
      <trkpt lat="37.368755" lon="-107.964317">
        <ele>2759.0</ele>
      </trkpt>
      <trkpt lat="37.368538" lon="-107.964706">
        <ele>2758.0</ele>
      </trkpt>
      <trkpt lat="37.367867" lon="-107.964996">
        <ele>2764.0</ele>
      </trkpt>
      <trkpt lat="37.367676" lon="-107.965538">
        <ele>2758.0</ele>
      </trkpt>
      <trkpt lat="37.366886" lon="-107.965851">
        <ele>2761.0</ele>
      </trkpt>
      <trkpt lat="37.366539" lon="-107.966263">
        <ele>2766.0</ele>
      </trkpt>
      <trkpt lat="37.366562" lon="-107.96711">
        <ele>2766.0</ele>
      </trkpt>
      <trkpt lat="37.366421" lon="-107.967155">
        <ele>2764.0</ele>
      </trkpt>
      <trkpt lat="37.365704" lon="-107.966652">
        <ele>2771.0</ele>
      </trkpt>
      <trkpt lat="37.365513" lon="-107.966667">
        <ele>2767.0</ele>
      </trkpt>
      <trkpt lat="37.365242" lon="-107.966965">
        <ele>2760.0</ele>
      </trkpt>
      <trkpt lat="37.364525" lon="-107.966621">
        <ele>2765.0</ele>
      </trkpt>
      <trkpt lat="37.36412" lon="-107.966743">
        <ele>2762.0</ele>
      </trkpt>
      <trkpt lat="37.363647" lon="-107.967506">
        <ele>2757.0</ele>
      </trkpt>
      <trkpt lat="37.362888" lon="-107.967728">
        <ele>2755.0</ele>
      </trkpt>
      <trkpt lat="37.362843" lon="-107.968323">
        <ele>2744.0</ele>
      </trkpt>
      <trkpt lat="37.361938" lon="-107.969429">
        <ele>2728.0</ele>
      </trkpt>
      <trkpt lat="37.361931" lon="-107.969772">
        <ele>2722.0</ele>
      </trkpt>
      <trkpt lat="37.361732" lon="-107.970245">
        <ele>2728.0</ele>
      </trkpt>
      <trkpt lat="37.36171" lon="-107.970764">
        <ele>2724.0</ele>
      </trkpt>
      <trkpt lat="37.361595" lon="-107.971039">
        <ele>2720.0</ele>
      </trkpt>
      <trkpt lat="37.361149" lon="-107.971245">
        <ele>2717.0</ele>
      </trkpt>
      <trkpt lat="37.360523" lon="-107.971764">
        <ele>2705.0</ele>
      </trkpt>
      <trkpt lat="37.360264" lon="-107.971809">
        <ele>2709.0</ele>
      </trkpt>
      <trkpt lat="37.359833" lon="-107.972252">
        <ele>2706.0</ele>
      </trkpt>
      <trkpt lat="37.359535" lon="-107.973106">
        <ele>2690.0</ele>
      </trkpt>
      <trkpt lat="37.359505" lon="-107.973816">
        <ele>2684.0</ele>
      </trkpt>
      <trkpt lat="37.359188" lon="-107.974289">
        <ele>2681.0</ele>
      </trkpt>
      <trkpt lat="37.35878" lon="-107.97522">
        <ele>2672.0</ele>
      </trkpt>
      <trkpt lat="37.357559" lon="-107.97628">
        <ele>2661.0</ele>
      </trkpt>
      <trkpt lat="37.357262" lon="-107.976357">
        <ele>2658.0</ele>
      </trkpt>
      <trkpt lat="37.356636" lon="-107.97599">
        <ele>2650.0</ele>
      </trkpt>
      <trkpt lat="37.356285" lon="-107.975594">
        <ele>2648.0</ele>
      </trkpt>
      <trkpt lat="37.355896" lon="-107.975456">
        <ele>2639.0</ele>
      </trkpt>
      <trkpt lat="37.355625" lon="-107.97522">
        <ele>2637.0</ele>
      </trkpt>
      <trkpt lat="37.355579" lon="-107.97419">
        <ele>2630.0</ele>
      </trkpt>
      <trkpt lat="37.355663" lon="-107.973366">
        <ele>2625.0</ele>
      </trkpt>
      <trkpt lat="37.355953" lon="-107.972458">
        <ele>2623.0</ele>
      </trkpt>
      <trkpt lat="37.3559" lon="-107.971748">
        <ele>2616.0</ele>
      </trkpt>
      <trkpt lat="37.35611" lon="-107.970886">
        <ele>2618.0</ele>
      </trkpt>
      <trkpt lat="37.355885" lon="-107.970512">
        <ele>2624.0</ele>
      </trkpt>
      <trkpt lat="37.355095" lon="-107.970505">
        <ele>2625.0</ele>
      </trkpt>
      <trkpt lat="37.35495" lon="-107.970604">
        <ele>2624.0</ele>
      </trkpt>
      <trkpt lat="37.354805" lon="-107.970551">
        <ele>2625.0</ele>
      </trkpt>
      <trkpt lat="37.354656" lon="-107.970161">
        <ele>2629.0</ele>
      </trkpt>
      <trkpt lat="37.354328" lon="-107.969917">
        <ele>2631.0</ele>
      </trkpt>
      <trkpt lat="37.353588" lon="-107.96991">
        <ele>2637.0</ele>
      </trkpt>
      <trkpt lat="37.353523" lon="-107.969574">
        <ele>2639.0</ele>
      </trkpt>
      <trkpt lat="37.353642" lon="-107.967018">
        <ele>2631.0</ele>
      </trkpt>
      <trkpt lat="37.354004" lon="-107.965736">
        <ele>2634.0</ele>
      </trkpt>
      <trkpt lat="37.354179" lon="-107.965446">
        <ele>2635.0</ele>
      </trkpt>
      <trkpt lat="37.353836" lon="-107.964684">
        <ele>2628.0</ele>
      </trkpt>
      <trkpt lat="37.353996" lon="-107.964264">
        <ele>2633.0</ele>
      </trkpt>
      <trkpt lat="37.354111" lon="-107.962196">
        <ele>2632.0</ele>
      </trkpt>
      <trkpt lat="37.354382" lon="-107.961945">
        <ele>2638.0</ele>
      </trkpt>
      <trkpt lat="37.354504" lon="-107.961357">
        <ele>2634.0</ele>
      </trkpt>
      <trkpt lat="37.354729" lon="-107.960945">
        <ele>2637.0</ele>
      </trkpt>
      <trkpt lat="37.354744" lon="-107.95945">
        <ele>2631.0</ele>
      </trkpt>
      <trkpt lat="37.354893" lon="-107.958511">
        <ele>2630.0</ele>
      </trkpt>
      <trkpt lat="37.354916" lon="-107.957642">
        <ele>2626.0</ele>
      </trkpt>
      <trkpt lat="37.355309" lon="-107.956238">
        <ele>2627.0</ele>
      </trkpt>
      <trkpt lat="37.355225" lon="-107.95491">
        <ele>2614.0</ele>
      </trkpt>
      <trkpt lat="37.355312" lon="-107.954628">
        <ele>2616.0</ele>
      </trkpt>
      <trkpt lat="37.355194" lon="-107.954239">
        <ele>2612.0</ele>
      </trkpt>
      <trkpt lat="37.35516" lon="-107.952759">
        <ele>2600.0</ele>
      </trkpt>
      <trkpt lat="37.355232" lon="-107.951813">
        <ele>2594.0</ele>
      </trkpt>
      <trkpt lat="37.355305" lon="-107.951698">
        <ele>2595.0</ele>
      </trkpt>
      <trkpt lat="37.35574" lon="-107.95179">
        <ele>2598.0</ele>
      </trkpt>
      <trkpt lat="37.356316" lon="-107.952095">
        <ele>2598.0</ele>
      </trkpt>
      <trkpt lat="37.356487" lon="-107.951942">
        <ele>2592.0</ele>
      </trkpt>
      <trkpt lat="37.356625" lon="-107.951607">
        <ele>2582.0</ele>
      </trkpt>
      <trkpt lat="37.357048" lon="-107.951553">
        <ele>2583.0</ele>
      </trkpt>
      <trkpt lat="37.357109" lon="-107.951263">
        <ele>2585.0</ele>
      </trkpt>
      <trkpt lat="37.356934" lon="-107.950386">
        <ele>2590.0</ele>
      </trkpt>
      <trkpt lat="37.356411" lon="-107.94931">
        <ele>2580.0</ele>
      </trkpt>
      <trkpt lat="37.356094" lon="-107.949127">
        <ele>2573.0</ele>
      </trkpt>
      <trkpt lat="37.355907" lon="-107.948853">
        <ele>2571.0</ele>
      </trkpt>
      <trkpt lat="37.355164" lon="-107.94632">
        <ele>2550.0</ele>
      </trkpt>
      <trkpt lat="37.354805" lon="-107.945488">
        <ele>2543.0</ele>
      </trkpt>
      <trkpt lat="37.354607" lon="-107.944504">
        <ele>2535.0</ele>
      </trkpt>
      <trkpt lat="37.354855" lon="-107.943634">
        <ele>2529.0</ele>
      </trkpt>
      <trkpt lat="37.35479" lon="-107.942978">
        <ele>2525.0</ele>
      </trkpt>
      <trkpt lat="37.355072" lon="-107.942123">
        <ele>2523.0</ele>
      </trkpt>
      <trkpt lat="37.355068" lon="-107.941833">
        <ele>2522.0</ele>
      </trkpt>
      <trkpt lat="37.354416" lon="-107.940956">
        <ele>2511.0</ele>
      </trkpt>
      <trkpt lat="37.354156" lon="-107.940758">
        <ele>2506.0</ele>
      </trkpt>
      <trkpt lat="37.354069" lon="-107.940468">
        <ele>2503.0</ele>
      </trkpt>
      <trkpt lat="37.354164" lon="-107.940063">
        <ele>2501.0</ele>
      </trkpt>
      <trkpt lat="37.354855" lon="-107.939095">
        <ele>2502.0</ele>
      </trkpt>
      <trkpt lat="37.354797" lon="-107.938576">
        <ele>2497.0</ele>
      </trkpt>
      <trkpt lat="37.3549" lon="-107.938202">
        <ele>2494.0</ele>
      </trkpt>
      <trkpt lat="37.35487" lon="-107.937675">
        <ele>2488.0</ele>
      </trkpt>
      <trkpt lat="37.35463" lon="-107.937218">
        <ele>2481.0</ele>
      </trkpt>
      <trkpt lat="37.35458" lon="-107.93689">
        <ele>2480.0</ele>
      </trkpt>
      <trkpt lat="37.354115" lon="-107.936668">
        <ele>2470.0</ele>
      </trkpt>
      <trkpt lat="37.353916" lon="-107.936356">
        <ele>2466.0</ele>
      </trkpt>
      <trkpt lat="37.353642" lon="-107.936295">
        <ele>2462.0</ele>
      </trkpt>
      <trkpt lat="37.353317" lon="-107.93605">
        <ele>2456.0</ele>
      </trkpt>
      <trkpt lat="37.353184" lon="-107.936096">
        <ele>2453.0</ele>
      </trkpt>
      <trkpt lat="37.352539" lon="-107.935677">
        <ele>2447.0</ele>
      </trkpt>
      <trkpt lat="37.352245" lon="-107.935127">
        <ele>2441.0</ele>
      </trkpt>
      <trkpt lat="37.352188" lon="-107.934441">
        <ele>2439.0</ele>
      </trkpt>
      <trkpt lat="37.352463" lon="-107.93309">
        <ele>2440.0</ele>
      </trkpt>
      <trkpt lat="37.352608" lon="-107.932899">
        <ele>2442.0</ele>
      </trkpt>
      <trkpt lat="37.352871" lon="-107.931976">
        <ele>2443.0</ele>
      </trkpt>
      <trkpt lat="37.353062" lon="-107.931801">
        <ele>2442.0</ele>
      </trkpt>
      <trkpt lat="37.353722" lon="-107.931854">
        <ele>2445.0</ele>
      </trkpt>
      <trkpt lat="37.354557" lon="-107.931503">
        <ele>2428.0</ele>
      </trkpt>
      <trkpt lat="37.35535" lon="-107.930832">
        <ele>2419.0</ele>
      </trkpt>
      <trkpt lat="37.35545" lon="-107.930557">
        <ele>2415.0</ele>
      </trkpt>
      <trkpt lat="37.354702" lon="-107.930962">
        <ele>2411.0</ele>
      </trkpt>
      <trkpt lat="37.353989" lon="-107.930931">
        <ele>2406.0</ele>
      </trkpt>
      <trkpt lat="37.353798" lon="-107.930725">
        <ele>2399.0</ele>
      </trkpt>
      <trkpt lat="37.35331" lon="-107.930786">
        <ele>2396.0</ele>
      </trkpt>
      <trkpt lat="37.353165" lon="-107.931015">
        <ele>2400.0</ele>
      </trkpt>
      <trkpt lat="37.3531" lon="-107.930984">
        <ele>2396.0</ele>
      </trkpt>
      <trkpt lat="37.353188" lon="-107.930656">
        <ele>2387.0</ele>
      </trkpt>
      <trkpt lat="37.353607" lon="-107.930351">
        <ele>2383.0</ele>
      </trkpt>
      <trkpt lat="37.354286" lon="-107.930344">
        <ele>2379.0</ele>
      </trkpt>
      <trkpt lat="37.354515" lon="-107.930222">
        <ele>2379.0</ele>
      </trkpt>
      <trkpt lat="37.354755" lon="-107.92968">
        <ele>2373.0</ele>
      </trkpt>
      <trkpt lat="37.354626" lon="-107.929909">
        <ele>2372.0</ele>
      </trkpt>
      <trkpt lat="37.354332" lon="-107.930107">
        <ele>2369.0</ele>
      </trkpt>
      <trkpt lat="37.353954" lon="-107.930153">
        <ele>2364.0</ele>
      </trkpt>
      <trkpt lat="37.353531" lon="-107.929985">
        <ele>2361.0</ele>
      </trkpt>
      <trkpt lat="37.353207" lon="-107.930138">
        <ele>2364.0</ele>
      </trkpt>
      <trkpt lat="37.352886" lon="-107.930107">
        <ele>2356.0</ele>
      </trkpt>
      <trkpt lat="37.352669" lon="-107.930351">
        <ele>2362.0</ele>
      </trkpt>
      <trkpt lat="37.352039" lon="-107.930382">
        <ele>2342.0</ele>
      </trkpt>
      <trkpt lat="37.352009" lon="-107.930557">
        <ele>2344.0</ele>
      </trkpt>
      <trkpt lat="37.351959" lon="-107.930305">
        <ele>2339.0</ele>
      </trkpt>
      <trkpt lat="37.353054" lon="-107.929634">
        <ele>2332.0</ele>
      </trkpt>
      <trkpt lat="37.353233" lon="-107.92939">
        <ele>2326.0</ele>
      </trkpt>
      <trkpt lat="37.353584" lon="-107.929184">
        <ele>2322.0</ele>
      </trkpt>
      <trkpt lat="37.353065" lon="-107.92939">
        <ele>2321.0</ele>
      </trkpt>
      <trkpt lat="37.35144" lon="-107.929588">
        <ele>2310.0</ele>
      </trkpt>
      <trkpt lat="37.351257" lon="-107.929527">
        <ele>2305.0</ele>
      </trkpt>
      <trkpt lat="37.351288" lon="-107.929398">
        <ele>2302.0</ele>
      </trkpt>
      <trkpt lat="37.352867" lon="-107.928764">
        <ele>2282.0</ele>
      </trkpt>
      <trkpt lat="37.353359" lon="-107.928375">
        <ele>2275.0</ele>
      </trkpt>
      <trkpt lat="37.353466" lon="-107.928391">
        <ele>2278.0</ele>
      </trkpt>
      <trkpt lat="37.353725" lon="-107.928131">
        <ele>2266.0</ele>
      </trkpt>
      <trkpt lat="37.354717" lon="-107.927994">
        <ele>2265.0</ele>
      </trkpt>
      <trkpt lat="37.354557" lon="-107.927826">
        <ele>2258.0</ele>
      </trkpt>
      <trkpt lat="37.354763" lon="-107.927826">
        <ele>2261.0</ele>
      </trkpt>
      <trkpt lat="37.354984" lon="-107.927521">
        <ele>2265.9</ele>
      </trkpt>
      <trkpt lat="37.354271" lon="-107.927292">
        <ele>2277.0</ele>
      </trkpt>
      <trkpt lat="37.353127" lon="-107.9272">
        <ele>2273.0</ele>
      </trkpt>
      <trkpt lat="37.352802" lon="-107.927536">
        <ele>2276.0</ele>
      </trkpt>
      <trkpt lat="37.352409" lon="-107.927551">
        <ele>2272.0</ele>
      </trkpt>
      <trkpt lat="37.351646" lon="-107.926971">
        <ele>2278.0</ele>
      </trkpt>
      <trkpt lat="37.351288" lon="-107.926865">
        <ele>2280.0</ele>
      </trkpt>
      <trkpt lat="37.350677" lon="-107.926941">
        <ele>2282.0</ele>
      </trkpt>
      <trkpt lat="37.350399" lon="-107.927094">
        <ele>2284.0</ele>
      </trkpt>
      <trkpt lat="37.349957" lon="-107.927689">
        <ele>2285.0</ele>
      </trkpt>
      <trkpt lat="37.349426" lon="-107.927681">
        <ele>2292.0</ele>
      </trkpt>
      <trkpt lat="37.348949" lon="-107.928154">
        <ele>2280.0</ele>
      </trkpt>
      <trkpt lat="37.348022" lon="-107.927818">
        <ele>2278.0</ele>
      </trkpt>
      <trkpt lat="37.347504" lon="-107.927834">
        <ele>2270.0</ele>
      </trkpt>
      <trkpt lat="37.347294" lon="-107.92762">
        <ele>2270.0</ele>
      </trkpt>
      <trkpt lat="37.346912" lon="-107.926872">
        <ele>2270.0</ele>
      </trkpt>
      <trkpt lat="37.346867" lon="-107.92659">
        <ele>2272.0</ele>
      </trkpt>
      <trkpt lat="37.346272" lon="-107.926338">
        <ele>2256.0</ele>
      </trkpt>
      <trkpt lat="37.345795" lon="-107.925667">
        <ele>2258.0</ele>
      </trkpt>
      <trkpt lat="37.345142" lon="-107.925201">
        <ele>2254.0</ele>
      </trkpt>
      <trkpt lat="37.343422" lon="-107.924919">
        <ele>2235.0</ele>
      </trkpt>
      <trkpt lat="37.343189" lon="-107.924675">
        <ele>2239.0</ele>
      </trkpt>
      <trkpt lat="37.342236" lon="-107.924332">
        <ele>2222.0</ele>
      </trkpt>
      <trkpt lat="37.339958" lon="-107.922409">
        <ele>2206.0</ele>
      </trkpt>
      <trkpt lat="37.339298" lon="-107.921051">
        <ele>2202.0</ele>
      </trkpt>
      <trkpt lat="37.338909" lon="-107.920593">
        <ele>2194.0</ele>
      </trkpt>
      <trkpt lat="37.338341" lon="-107.920219">
        <ele>2199.0</ele>
      </trkpt>
      <trkpt lat="37.33757" lon="-107.919983">
        <ele>2197.0</ele>
      </trkpt>
      <trkpt lat="37.337475" lon="-107.919846">
        <ele>2197.0</ele>
      </trkpt>
      <trkpt lat="37.337318" lon="-107.91983">
        <ele>2194.0</ele>
      </trkpt>
      <trkpt lat="37.336887" lon="-107.919472">
        <ele>2188.0</ele>
      </trkpt>
      <trkpt lat="37.336613" lon="-107.919441">
        <ele>2185.0</ele>
      </trkpt>
      <trkpt lat="37.336239" lon="-107.918831">
        <ele>2182.0</ele>
      </trkpt>
      <trkpt lat="37.336044" lon="-107.917267">
        <ele>2181.0</ele>
      </trkpt>
      <trkpt lat="37.336075" lon="-107.916328">
        <ele>2182.0</ele>
      </trkpt>
      <trkpt lat="37.335957" lon="-107.916023">
        <ele>2181.0</ele>
      </trkpt>
      <trkpt lat="37.335609" lon="-107.915741">
        <ele>2174.0</ele>
      </trkpt>
      <trkpt lat="37.335461" lon="-107.915375">
        <ele>2174.0</ele>
      </trkpt>
      <trkpt lat="37.335396" lon="-107.914566">
        <ele>2170.0</ele>
      </trkpt>
      <trkpt lat="37.335533" lon="-107.913673">
        <ele>2170.0</ele>
      </trkpt>
      <trkpt lat="37.335381" lon="-107.912659">
        <ele>2170.0</ele>
      </trkpt>
      <trkpt lat="37.33466" lon="-107.910973">
        <ele>2160.0</ele>
      </trkpt>
      <trkpt lat="37.334541" lon="-107.910164">
        <ele>2161.0</ele>
      </trkpt>
      <trkpt lat="37.33424" lon="-107.909599">
        <ele>2156.0</ele>
      </trkpt>
      <trkpt lat="37.333626" lon="-107.906479">
        <ele>2146.0</ele>
      </trkpt>
      <trkpt lat="37.333485" lon="-107.906113">
        <ele>2143.0</ele>
      </trkpt>
      <trkpt lat="37.333027" lon="-107.905792">
        <ele>2138.0</ele>
      </trkpt>
      <trkpt lat="37.33279" lon="-107.905228">
        <ele>2135.0</ele>
      </trkpt>
      <trkpt lat="37.33205" lon="-107.904335">
        <ele>2132.0</ele>
      </trkpt>
      <trkpt lat="37.331703" lon="-107.903343">
        <ele>2132.0</ele>
      </trkpt>
      <trkpt lat="37.33139" lon="-107.903053">
        <ele>2130.0</ele>
      </trkpt>
    </trkseg>
  </trk>
</gpx>
